time,input_angle,output_angle,input_velocity,output_velocity,input_acceleration,input_torque,output_torque,static_reference_torque,deflection_m,span_error_m,closure_m,kinetic_J,input_power_W,output_power_W,equality_power_W,rows,q0,q1
0,1.57079633,1.9085072,0,0,0,0,-0,0,0,0,0,0,0,-0,0,1,0,0
0.002,1.57079633,1.9085072,1.52679958e-08,7.02035723e-09,7.77126817e-05,1.7038639e-07,-7.02035723e-09,3.28282363e-09,-1.41220369e-14,1.40998324e-14,1.40998324e-14,2.48387037e-19,2.60145868e-15,-4.92854156e-17,-2.35670694e-17,1,9.05774068e-12,4.16480636e-12
0.004,1.57079633,1.9085072,6.63846378e-07,3.05295183e-07,0.00108948714,2.48574189e-06,-3.05295183e-07,1.42760576e-07,-9.40225675e-13,9.39914813e-13,9.39914813e-13,4.69655774e-16,1.65015075e-12,-9.3205149e-14,-1.52832664e-14,1,6.07240245e-10,2.79253576e-10
0.006,1.57079633,1.9085072,4.96292079e-06,2.28286533e-06,0.0045702966,1.08975632e-05,-2.28286533e-06,1.06750184e-06,-9.72786296e-12,9.72477654e-12,9.72477654e-12,2.62551876e-14,5.40837431e-11,-5.2114741e-12,-5.11422232e-13,1,6.34744576e-09,2.91952099e-09
0.008,1.57079636,1.90850722,1.87062044e-05,8.60663821e-06,0.0114161209,2.85835364e-05,-8.60663821e-06,4.0245923e-06,-4.76324313e-11,4.7617521e-11,4.7617521e-11,3.73098026e-13,5.34689474e-10,-7.40742213e-11,-5.15480373e-12,1,3.14442511e-08,1.44656383e-08
0.01,1.57079643,1.90850725,4.85282457e-05,2.23338137e-05,0.0212479773,5.61634546e-05,-2.23338137e-05,1.04436245e-05,-1.54220103e-10,1.54171897e-10,1.54171897e-10,2.51170368e-12,2.72551392e-09,-4.98799235e-10,-2.67404351e-11,1,1.03152758e-07,4.74646668e-08
0.012,1.57079659,1.90850732,9.95764338e-05,4.58417435e-05,0.0329094683,9.2266857e-05,-4.58417435e-05,2.14362845e-05,-3.83676868e-10,3.83556908e-10,3.83556908e-10,1.05788095e-11,9.18760458e-09,-2.10146545e-09,-9.14710619e-11,1,2.60419879e-07,1.19857838e-07
0.014,1.57079688,1.90850746,0.000174716742,8.04617439e-05,0.0454891667,0.000135559124,-8.04617439e-05,3.76251187e-05,-7.96744493e-10,7.96495425e-10,7.96495425e-10,3.25800793e-11,2.36844485e-08,-6.47409223e-09,-2.38214977e-10,1,5.49595298e-07,2.53015256e-07
0.016,1.57079735,1.90850767,0.000275614315,0.000126974576,0.0589523941,0.000186331984,-0.000126974576,5.93752286e-05,-1.45451033e-09,1.45405571e-09,1.45405571e-09,8.11066443e-11,5.13557622e-08,-1.6122543e-08,-5.18778621e-10,1,1.02099093e-06,4.70158118e-07
0.018,1.57079806,1.908508,0.000404466805,0.000186406655,0.073949669,0.000246465106,-0.000186406655,8.71665914e-05,-2.41767988e-09,2.41692427e-09,2.41692427e-09,1.74739937e-10,9.96869537e-08,-3.4747441e-08,-1.00533331e-09,1,1.72867631e-06,7.96266684e-07
0.02,1.57079906,1.90850846,0.000564873603,0.000260429827,0.091108309,0.0003180907,-0.000260429827,0.000121781005,-3.74995781e-09,3.74878584e-09,3.74878584e-09,3.40957124e-10,1.7968104e-07,-6.78236948e-08,-1.80073229e-09,1,2.73284687e-06,1.25917084e-06
0.022,1.57080043,1.90850909,0.000761297807,0.000351114507,0.11047024,0.000402269194,-0.000351114507,0.000164186653,-5.52119594e-09,5.5194706e-09,5.5194706e-09,6.19541899e-10,3.06246655e-07,-1.23281397e-07,-3.04226202e-09,1,4.10214986e-06,1.89062204e-06
0.024,1.57080224,1.90850993,0.000997805049,0.000460350008,0.131498822,0.000498732091,-0.000460350008,0.00021526705,-7.80702627e-09,7.80458681e-09,7.80458681e-09,1.06465868e-09,4.97637399e-07,-2.1192213e-07,-4.89544603e-09,1,5.9138565e-06,2.72637566e-06
0.026,1.57080458,1.90851101,0.00127721509,0.000589454026,0.15354363,0.000606698034,-0.000589454026,0.000275638428,-1.06851851e-08,1.06818467e-08,1.06818467e-08,1.74501631e-09,7.74883887e-07,-3.47456049e-07,-7.54490539e-09,1,8.25186925e-06,3.80527767e-06
0.028,1.57080753,1.90851237,0.00160126104,0.000739245027,0.176306368,0.000725908386,-0.000739245027,0.000345683594,-1.42314081e-08,1.42269625e-08,1.42269625e-08,2.74375214e-09,1.16236882e-06,-5.4648321e-07,-1.11934599e-08,1,1.12042726e-05,5.16813991e-06
0.03,1.57081119,1.90851406,0.00197143453,0.000910430217,0.199935104,0.000857011807,-0.000910430217,0.000425733357,-1.85176421e-08,1.85118586e-08,1.85118586e-08,4.16037105e-09,1.68954267e-06,-8.2888318e-07,-1.60725048e-08,1,1.48621691e-05,6.85720491e-06
0.032,1.57081565,1.90851612,0.00238970677,0.00110393685,0.224740737,0.00100111012,-0.00110393685,0.000516221454,-2.36130118e-08,2.36056384e-08,2.36056384e-08,6.11505648e-09,2.39235964e-06,-1.21867657e-06,-2.24534114e-08,1,1.93201778e-05,8.9163741e-06
0.034,1.570821,1.90851859,0.00285856535,0.00132092937,0.250832974,0.00115898383,-0.00132092937,0.000617692574,-2.95857459e-08,2.95765098e-08,2.95765098e-08,8.75281512e-09,3.31303101e-06,-1.7448544e-06,-3.06464479e-08,1,2.46775578e-05,1.1391724e-05
0.036,1.57082737,1.90852153,0.00338045906,0.00156255431,0.277982254,0.00133067567,-0.00156255431,0.000730683079,-3.65038793e-08,3.6492487e-08,3.6492487e-08,1.22444429e-08,4.49829463e-06,-2.44157596e-06,-4.09849567e-08,1,3.10386033e-05,1.43316873e-05
0.038,1.57083484,1.90852499,0.00395719962,0.00182966513,0.305776298,0.00151569817,-0.00182966513,0.00085559234,-4.44339772e-08,4.4420115e-08,4.4420115e-08,1.67840124e-08,5.99792022e-06,-3.34767449e-06,-5.38067039e-08,1,3.85117775e-05,1.77866548e-05
0.04,1.57084353,1.90852901,0.00458980225,0.00212274856,0.33389147,0.00171358244,-0.00212274856,0.000992648287,-5.34388882e-08,5.34222236e-08,5.34222236e-08,2.25858566e-08,7.86500455e-06,-4.50606145e-06,-6.94471756e-08,1,4.72081528e-05,2.18082572e-05
0.042,1.57085357,1.90853365,0.00527880658,0.00244207172,0.362240695,0.00192426526,-0.00244207172,0.00114197623,-6.35761595e-08,6.35563432e-08,6.35563432e-08,2.9884491e-08,1.01578241e-05,-5.96371427e-06,-8.82480164e-08,1,5.72401641e-05,2.64487904e-05
0.044,1.57086505,1.90853896,0.00602472799,0.00278788941,0.390902764,0.00214803431,-0.00278788941,0.00130369578,-7.48979461e-08,7.48746136e-08,7.48746136e-08,3.89378716e-08,1.29413224e-05,-7.77232738e-06,-1.105686e-07,1,6.87212366e-05,3.17610423e-05
0.046,1.57087809,1.908545,0.00682825034,0.00316053283,0.419930452,0.00238515725,-0.00316053283,0.00147796236,-8.74519256e-08,8.74246993e-08,8.74246993e-08,5.00306726e-08,1.62864508e-05,-9.98896776e-06,-1.36784818e-07,1,8.17660374e-05,3.77984059e-05
0.048,1.57089282,1.90855182,0.00769005106,0.00356032917,0.449213728,0.00263555007,-0.00356032917,0.00166492959,-1.01282045e-07,1.01250535e-07,1.01250535e-07,6.3473611e-08,2.02675146e-05,-1.26759438e-05,-1.67270644e-07,1,9.64906425e-05,4.46149546e-05
0.05,1.57090934,1.90855947,0.0086104641,0.00398744679,0.478497493,0.00289874247,-0.00398744679,0.00186467692,-1.16428301e-07,1.16392108e-07,1.16392108e-07,7.95980397e-08,2.4959518e-05,-1.58997319e-05,-2.02373779e-07,1,0.000113012103,5.226524e-05
0.052,1.57092777,1.90856801,0.00958927858,0.00444180237,0.507511141,0.00317411303,-0.00444180237,0.0020771662,-1.32925705e-07,1.3288442e-07,1.3288442e-07,9.87490723e-08,3.04374541e-05,-1.97296083e-05,-2.42401727e-07,1,0.000131447467,6.08038409e-05
0.054,1.57094824,1.90857749,0.0106258071,0.00492309223,0.536085729,0.00346115565,-0.00492309223,0.00230225631,-1.5080322e-07,1.50756429e-07,1.50756429e-07,1.21281506e-07,3.67775724e-05,-2.42368371e-05,-2.87624671e-07,1,0.000151912736,7.02848804e-05
0.056,1.57097085,1.90858796,0.0117191179,0.00543089879,0.564167536,0.00375955874,-0.00543089879,0.00253975299,-1.7008337e-07,1.70030654e-07,1.70030654e-07,1.47559789e-07,4.40587121e-05,-2.94946616e-05,-3.3828597e-07,1,0.000174522194,8.07617145e-05
0.058,1.57099571,1.90859949,0.0128682135,0.00596477277,0.591736658,0.00406906875,-0.00596477277,0.00278944724,-1.90782546e-07,1.90723485e-07,1.90723485e-07,1.77959086e-07,5.23616454e-05,-3.55785141e-05,-3.94604544e-07,1,0.000199388163,9.22868176e-05
0.06,1.57102295,1.90861211,0.0140720229,0.00652422964,0.618713666,0.00438928783,-0.00652422964,0.00305111368,-2.12911522e-07,2.12845696e-07,2.12845696e-07,2.12863055e-07,6.1766159e-05,-4.25655723e-05,-4.56761285e-07,1,0.000226620895,0.000104911729
0.062,1.57105266,1.90862589,0.0153292484,0.00710867907,0.644931438,0.00471958016,-0.00710867907,0.00332447757,-2.36475601e-07,2.36402594e-07,2.36402594e-07,2.52656633e-07,7.23476164e-05,-5.05333181e-05,-5.24876353e-07,1,0.000256328245,0.000118686899
0.064,1.57108494,1.90864086,0.0166382163,0.00771735659,0.670182833,0.00505914242,-0.00771735659,0.0036091828,-2.61474256e-07,2.61393657e-07,2.61393657e-07,2.97716292e-07,8.41751057e-05,-5.95575928e-05,-5.98992032e-07,1,0.000288615018,0.000133661388
0.066,1.57111991,1.90865708,0.0179968528,0.00834931208,0.694292163,0.00540715202,-0.00834931208,0.00390478655,-2.87900558e-07,2.87811962e-07,2.87811962e-07,3.48402115e-07,9.73117191e-05,-6.97110121e-05,-6.79070378e-07,1,0.000323582164,0.00014988249
0.068,1.57115765,1.9086746,0.0194027814,0.00900345443,0.717149098,0.00576286095,-0.00900345443,0.00421078016,-3.15740823e-07,3.15643837e-07,3.15643837e-07,4.05053951e-07,0.000111815531,-8.10621918e-05,-7.6500174e-07,1,0.000361326087,0.000167395415
0.07,1.57119826,1.90869345,0.0208534431,0.0096786071,0.738685085,0.00612557111,-0.0096786071,0.00452661508,-3.44974667e-07,3.44868908e-07,3.44868908e-07,4.67989891e-07,0.000127739249,-9.36754355e-05,-8.56611592e-07,1,0.000401938194,0.000186243077
0.072,1.57124183,1.90871367,0.0223461426,0.010373529,0.758822053,0.00649453386,-0.010373529,0.00485171264,-3.75575301e-07,3.75460404e-07,3.75460404e-07,5.37503144e-07,0.00014512778,-0.000107610104,-9.53656057e-07,1,0.000445504605,0.000206465956
0.074,1.57128843,1.9087353,0.0238779989,0.011086892,0.77743982,0.0068688693,-0.011086892,0.0051854535,-4.07509772e-07,4.07385386e-07,4.07385386e-07,6.13854848e-07,0.000164014854,-0.000122919173,-1.05580763e-06,1,0.000492105829,0.000228101945
0.076,1.57133814,1.90875839,0.0254458612,0.011817242,0.794385007,0.0072475673,-0.011817242,0.00552715955,-4.40738933e-07,4.40604728e-07,4.40604728e-07,6.97263964e-07,0.000184420592,-0.000139647209,-1.16264151e-06,1,0.000541816291,0.000251186133
0.078,1.57139103,1.90878295,0.0270462679,0.0125629806,0.809506827,0.00762955551,-0.0125629806,0.00587608503,-4.7521723e-07,4.75072898e-07,4.75072898e-07,7.87897871e-07,0.000206351002,-0.000157828481,-1.27363216e-06,1,0.000594703722,0.000275750518
0.08,1.57144716,1.90880903,0.0286754771,0.0133223783,0.822686314,0.00801376879,-0.0133223783,0.00623142304,-5.10892516e-07,5.10737771e-07,5.10737771e-07,8.85866416e-07,0.000229798644,-0.000177485762,-1.38816094e-06,1,0.000650828572,0.000301823732
0.082,1.57150657,1.90883663,0.0303295356,0.0140936066,0.833837046,0.00839916555,-0.0140936066,0.00659232032,-5.47706044e-07,5.47540629e-07,5.47540629e-07,9.91219061e-07,0.000254742791,-0.000198629746,-1.50552706e-06,1,0.000710243534,0.000329430823
0.084,1.57156932,1.9088658,0.0320043291,0.014874761,0.842882282,0.00878468935,-0.014874761,0.00695788802,-5.85592669e-07,5.85416351e-07,5.85416351e-07,1.10394229e-06,0.000281148089,-0.000221258515,-1.62495285e-06,1,0.000772993186,0.00035859308
0.086,1.57163544,1.90889653,0.0336955818,0.0156638609,0.849731383,0.00916921821,-0.0156638609,0.00732720161,-6.24481075e-07,6.24293654e-07,6.24293654e-07,1.22395464e-06,0.000308962142,-0.000245356539,-1.74558138e-06,1,0.000839113682,0.000389327895
0.088,1.57170496,1.90892885,0.0353988214,0.0164588334,0.854274703,0.00955154591,-0.0164588334,0.00769929332,-6.6429392e-07,6.64095227e-07,6.64095227e-07,1.3510994e-06,0.000338113468,-0.000270893198,-1.86647157e-06,1,0.000908632382,0.000421648582
0.09,1.57177789,1.90896277,0.0371093498,0.0172574996,0.856397786,0.00993040615,-0.0172574996,0.00807314572,-7.04947851e-07,7.0473775e-07,7.0473775e-07,1.4851372e-06,0.000368510915,-0.000297821293,-1.98659885e-06,1,0.000981567425,0.00045556418
0.092,1.57185425,1.90899828,0.0388222477,0.0180575771,0.856000093,0.0103045139,-0.0180575771,0.00844769281,-7.46353483e-07,7.46131875e-07,7.46131875e-07,1.62574131e-06,0.000400044391,-0.000326076091,-2.10486442e-06,1,0.00105792727,0.000491079238
0.094,1.57193404,1.9090354,0.0405324113,0.0188566963,0.853002617,0.0106725894,-0.0188566963,0.00882182767,-7.88415457e-07,7.88182277e-07,7.88182277e-07,1.77249609e-06,0.000432585783,-0.000355574997,-2.22010996e-06,1,0.0011377103,0.00052819363
0.096,1.57201723,1.9090741,0.0422345911,0.0196524189,0.847340534,0.011033351,-0.0196524189,0.00919441097,-8.31032612e-07,8.30787834e-07,8.30787834e-07,1.92489713e-06,0.000465989066,-0.000386217568,-2.33113122e-06,1,0.00122090452,0.0005669024
0.098,1.57210381,1.9091144,0.0439234108,0.0204422457,0.838949698,0.0113854897,-0.0204422457,0.00956427478,-8.74098225e-07,8.73841861e-07,8.73841861e-07,2.0823508e-06,0.000500089541,-0.000417885409,-2.43668695e-06,1,0.00130748724,0.000607195641
0.1,1.57219375,1.90915626,0.0455933605,0.0212236144,0.8277591,0.011727652,-0.0212236144,0.00993022131,-9.17500233e-07,9.17232335e-07,9.17232335e-07,2.24417253e-06,0.000534703067,-0.000450441808,-2.53550475e-06,1,0.00139742488,0.000649058368
0.102,1.572287,1.90919967,0.0472387849,0.0219938935,0.813694349,0.0120584444,-0.0219938935,0.0102910201,-9.61121397e-07,9.60842058e-07,9.60842058e-07,2.40958491e-06,0.000569626262,-0.000483731349,-2.62628859e-06,1,0.00149067266,0.000692470387
0.104,1.5723835,1.90924461,0.0488538828,0.0227503822,0.796687477,0.0123764544,-0.0227503822,0.0106454081,-1.00483943e-06,1.00454878e-06,1.00454878e-06,2.57771767e-06,0.000604637853,-0.00051757989,-2.70773185e-06,1,0.0015871743,0.000737406154
0.106,1.57248319,1.90929104,0.050432727,0.0234903198,0.776684188,0.0126802704,-0.0234903198,0.0109920937,-1.04852714e-06,1.04822536e-06,1.04822536e-06,2.74761054e-06,0.000639500614,-0.000551795124,-2.77853511e-06,1,0.00168686176,0.000783834645
0.108,1.57258598,1.90933892,0.0519692922,0.0242108982,0.753643363,0.0129684866,-0.0242108982,0.0113297629,-1.09205265e-06,1.09173996e-06,1.09173996e-06,2.91821843e-06,0.000673963067,-0.000586167589,-2.83742523e-06,1,0.001789655,0.000831719254
0.11,1.57269179,1.90938822,0.053457477,0.0249092721,0.727530756,0.0132396942,-0.0249092721,0.0116570837,-1.13527964e-06,1.13495629e-06,1.13495629e-06,3.08841723e-06,0.000707760649,-0.000620471836,-2.88317223e-06,1,0.00189546185,0.000881017711
0.112,1.5728005,1.90943888,0.0548911131,0.0255825634,0.698313137,0.0134924709,-0.0255825634,0.0119727087,-1.17806765e-06,1.17773394e-06,1.17773394e-06,3.25700959e-06,0.000740616747,-0.00065446755,-2.91460362e-06,1,0.00200417786,0.000931682015
0.114,1.57291201,1.90949086,0.0562639654,0.0262278612,0.665957571,0.0137253791,-0.0262278612,0.0122752742,-1.22027234e-06,1.21992861e-06,1.21992861e-06,3.4227306e-06,0.000772244255,-0.000687900702,-2.93061818e-06,1,0.00211568614,0.000983658367
0.116,1.57302618,1.90954409,0.0575697356,0.0268422233,0.630435548,0.0139369756,-0.0268422233,0.0125634018,-1.2617457e-06,1.26139234e-06,1.26139234e-06,3.58425494e-06,0.000802348,-0.000720504949,-2.93020214e-06,1,0.00222985726,0.00103688711
0.118,1.57314288,1.9095985,0.0588020746,0.0274226821,0.591727847,0.014125825,-0.0274226821,0.0128357007,-1.30233635e-06,1.30197377e-06,1.30197377e-06,3.74020612e-06,0.000830627813,-0.000752003493,-2.91244826e-06,1,0.00234654913,0.00109130266
0.12,1.57326193,1.90965404,0.0599546033,0.0279662543,0.549826189,0.0142905073,-0.0279662543,0.0130907719,-1.34188975e-06,1.34151841e-06,1.34151841e-06,3.88916802e-06,0.000856781699,-0.000782111377,-2.87657628e-06,1,0.00246560691,0.00114683348
0.122,1.57338319,1.9097106,0.061020933,0.02846995,0.504731017,0.0144296183,-0.02846995,0.0133272132,-1.38024853e-06,1.37986893e-06,1.37986893e-06,4.02969771e-06,0.000880508771,-0.000810538055,-2.82195246e-06,1,0.00258686299,0.00120340208
0.124,1.57350646,1.90976813,0.0619946802,0.0289307802,0.45644797,0.0145417644,-0.0289307802,0.0135436221,-1.41725282e-06,1.4168655e-06,1.4168655e-06,4.16033873e-06,0.000901512031,-0.000836990045,-2.74810701e-06,1,0.00271013701,0.00126092494
0.126,1.57363156,1.90982651,0.0628694756,0.0293457602,0.404986152,0.0146255612,-0.0293457602,0.0137385976,-1.45274061e-06,1.45234613e-06,1.45234613e-06,4.27963461e-06,0.000919501365,-0.000861173642,-2.65474991e-06,1,0.00283523582,0.00131931263
0.128,1.57375828,1.90988567,0.0636389709,0.0297119134,0.350359304,0.014679638,-0.0297119134,0.0139107421,-1.48654801e-06,1.48614698e-06,1.48614698e-06,4.38614319e-06,0.000934197058,-0.000882797797,-2.54178663e-06,1,0.00296195359,0.0013784697
0.13,1.5738864,1.9099455,0.0642968505,0.0300262766,0.292588415,0.0147026453,-0.0300262766,0.0140586636,-1.51850964e-06,1.5181027e-06,1.5181027e-06,4.47845244e-06,0.000945333787,-0.000901577286,-2.40933453e-06,1,0.00309007181,0.0014382948
0.132,1.57401569,1.91000588,0.0648368474,0.0302859074,0.231703467,0.0146932624,-0.0302859074,0.0141809796,-1.54845891e-06,1.54804672e-06,1.54804672e-06,4.55519773e-06,0.000952664809,-0.000917236187,-2.25773951e-06,1,0.00321935941,0.00149868068
0.134,1.5741459,1.91006672,0.0652527612,0.0304878927,0.167743069,0.0146502005,-0.0304878927,0.0142763204,-1.57622841e-06,1.57581165e-06,1.57581165e-06,4.61508034e-06,0.000955966033,-0.0009295116,-2.08759169e-06,1,0.00334957287,0.00155951421
0.136,1.57427678,1.91012788,0.0655384741,0.0306293561,0.100752703,0.0145722028,-0.0306293561,0.0143433335,-1.60165025e-06,1.60122966e-06,1.60122966e-06,4.65688634e-06,0.000955039934,-0.000938157456,-1.89973891e-06,1,0.00348045635,0.0016206765
0.138,1.57440807,1.91018924,0.0656879637,0.030707464,0.0307832144,0.0144580436,-0.030707464,0.0143806856,-1.62455647e-06,1.62413279e-06,1.62413279e-06,4.67950564e-06,0.000949719443,-0.000942948345,-1.69529803e-06,1,0.00361174191,0.00168204296
0.14,1.57453948,1.91025069,0.0656953128,0.0307194302,-0.0421092868,0.0143065309,-0.0307194302,0.0143870656,-1.64477942e-06,1.64435342e-06,1.64435342e-06,4.68195117e-06,0.000939872022,-0.000943683395,-1.47566438e-06,1,0.00374314969,0.0017434834
0.142,1.57467071,1.91031206,0.0655547212,0.0306625218,-0.117862324,0.014116511,-0.0306625218,0.0143611865,-1.66215213e-06,1.6617246e-06,1.6617246e-06,4.66337858e-06,0.000925403942,-0.000940190243,-1.24252003e-06,1,0.00387438814,0.0018048621
0.144,1.57480148,1.91037324,0.065260519,0.030534065,-0.196405883,0.0138868743,-0.030534065,0.0143017892,-1.67650866e-06,1.67608042e-06,1.67608042e-06,4.62310643e-06,0.000906264626,-0.000932329126,-9.97840727e-07,1,0.00400515427,0.00186603796
0.146,1.57493146,1.91043407,0.0648071825,0.0303314531,-0.277662161,0.0136165594,-0.0303314531,0.0142076453,-1.68768456e-06,1.68725643e-06,1.68725643e-06,4.56063686e-06,0.000882450852,-0.000919997046,-7.43901069e-07,1,0.00413513392,0.00192686461
0.148,1.57506033,1.91049439,0.0641893487,0.0300521531,-0.361546303,0.0133045549,-0.0300521531,0.0140775611,-1.69551721e-06,1.69509004e-06,1.69509004e-06,4.475676e-06,0.000854010713,-0.000903131908,-4.83277175e-07,1,0.00426400211,0.00198719056
0.15,1.57518775,1.91055406,0.0634018293,0.0296937127,-0.447967418,0.0129499001,-0.0296937127,0.0139103803,-1.69984626e-06,1.69942092e-06,1.69942092e-06,4.36815398e-06,0.000821047356,-0.000881716572,-2.18846576e-07,1,0.00439142332,0.00204685937
0.152,1.57531338,1.91061291,0.0624396217,0.0292537651,-0.536829071,0.0125516871,-0.0292537651,0.0137049866,-1.70051405e-06,1.7000914e-06,1.7000914e-06,4.23824424e-06,0.000783722593,-0.000855782775,4.6214661e-08,1,0.00451705189,0.00210570978
0.154,1.57543686,1.91067078,0.0612979207,0.0287300353,-0.628029026,0.0121090635,-0.0287300353,0.0134603069,-1.69736596e-06,1.69694689e-06,1.69694689e-06,4.0863823e-06,0.000742260412,-0.000825414929,3.08437345e-07,1,0.00464053242,0.00216357591
0.156,1.57555783,1.91072749,0.05997213,0.0281203451,-0.721458672,0.0116212368,-0.0281203451,0.0131753132,-1.69025089e-06,1.6898363e-06,1.6898363e-06,3.91328385e-06,0.000696950321,-0.000790753809,5.64066996e-07,1,0.00476150013,0.00222028747
0.158,1.57567591,1.91078287,0.0584578756,0.0274226199,-0.817002733,0.0110874779,-0.0274226199,0.0128490266,-1.67902161e-06,1.67861241e-06,1.67861241e-06,3.71996215e-06,0.000648150404,-0.000752000083,8.09074265e-07,1,0.00487958135,0.00227566991
0.16,1.57579072,1.91083675,0.0567510191,0.0266348949,-0.914539546,0.0105071238,-0.0266348949,0.0124805195,-1.66353519e-06,1.66313229e-06,1.66313229e-06,3.50774429e-06,0.000596289983,-0.000709417628,1.03916818e-06,1,0.00499439394,0.00232954471
0.162,1.57590187,1.91088893,0.0548476697,0.0257553212,-1.01394168,0.00987957889,-0.0257553212,0.0120689193,-1.6436534e-06,1.64325773e-06,1.64325773e-06,3.27828612e-06,0.000541871879,-0.00066333657,1.2498124e-06,1,0.00510554779,0.00238172952
0.164,1.57600897,1.91093924,0.0527441953,0.0247821709,-1.11507644,0.00920431677,-0.0247821709,0.0116134104,-1.61924313e-06,1.61885562e-06,1.61885562e-06,3.03358551e-06,0.000485474282,-0.000614155997,1.43624451e-06,1,0.00521264532,0.00243203847
0.166,1.57611161,1.91098748,0.0504372334,0.0237138428,-1.21780606,0.00848088226,-0.0237138428,0.0111132369,-1.59017679e-06,1.58979837e-06,1.58979837e-06,2.77599401e-06,0.000427752238,-0.00056234634,1.59349825e-06,1,0.00531528205,0.0024802824
0.168,1.57620937,1.91103347,0.0479237006,0.0225488667,-1.32198749,0.00770889428,-0.0225488667,0.0105677054,-1.55633266e-06,1.55596429e-06,1.55596429e-06,2.50822665e-06,0.000369438742,-0.000508451389,1.71642847e-06,1,0.00541304711,0.00252626907
0.17,1.57630185,1.91107701,0.0452008038,0.0212859093,-1.42747232,0.00688804868,-0.0212859093,0.00997618716,-1.51759533e-06,1.51723797e-06,1.51723797e-06,2.23336992e-06,0.000311345337,-0.000453089933,1.79973892e-06,1,0.00550552381,0.00256980351
0.172,1.57638862,1.91111789,0.0422660507,0.019923779,-1.5341069,0.00601812049,-0.019923779,0.00933812065,-1.47385608e-06,1.47351068e-06,1.47351068e-06,1.95488762e-06,0.000254362185,-0.000396956968,1.83801259e-06,1,0.00559229025,0.00261068825
0.174,1.57646925,1.91115593,0.0391172597,0.0184614311,-1.64173274,0.00509896562,-0.0184614311,0.00865301435,-1.4250132e-06,1.42468074e-06,1.42468074e-06,1.67662438e-06,0.000199457562,-0.00034082444,1.82574474e-06,1,0.00567291996,0.00264872361
0.176,1.57654331,1.91119091,0.0357525701,0.0168979728,-1.75018692,0.00413052214,-0.0168979728,0.00792044883,-1.37097241e-06,1.37065388e-06,1.37065388e-06,1.4028067e-06,0.000147676783,-0.000285541486,1.7573784e-06,1,0.00574698249,0.00268370801
0.178,1.57661037,1.91122264,0.0321704498,0.0152326668,-1.85930243,0.00311281176,-0.0152326668,0.00714007888,-1.31164721e-06,1.3113436e-06,1.3113436e-06,1.13804145e-06,0.000100140554,-0.000232034137,1.62734217e-06,1,0.00581404405,0.00271543828
0.18,1.57667,1.91125091,0.0283697035,0.0134649357,-1.96890831,0.00204594157,-0.0134649357,0.00631163557,-1.24695919e-06,1.24667152e-06,1.24667152e-06,8.87311572e-07,5.80427557e-05,-0.000181304494,1.43009023e-06,1,0.00587366826,0.00274371
0.182,1.57672174,1.91127552,0.0243494814,0.0115943662,-2.07882961,0.000930105871,-0.0115943662,0.00543492821,-1.1768384e-06,1.17656769e-06,1.17656769e-06,6.55969215e-07,2.26475956e-05,-0.000134429328,1.16014419e-06,1,0.00592541673,0.00276831775
0.184,1.57676518,1.91129626,0.0201092859,0.00962071271,-2.18888764,-0.000234412152,-0.00962071271,0.00450984624,-1.10122363e-06,1.10097094e-06,1.10097094e-06,4.49725846e-07,-4.71386097e-06,-9.25581131e-05,8.12136628e-07,1,0.00596884984,0.00278905553
0.186,1.57679985,1.91131292,0.0156489797,0.00754390101,-2.29890018,-0.0014472393,-0.00754390101,0.00353636115,-1.02006277e-06,1.01982916e-06,1.01982916e-06,2.74639503e-07,-2.26478183e-05,-5.69104425e-05,3.80856073e-07,1,0.00600352741,0.00280571706
0.188,1.57682534,1.9113253,0.0109687923,0.0053640319,-2.40868191,-0.00270791148,-0.0053640319,0.00251452811,-9.33313019e-07,9.33099586e-07,9.33099586e-07,1.37098987e-07,-2.97025187e-05,-2.87728383e-05,-1.38706969e-07,1,0.00602900946,0.00281809611
0.19,1.57684118,1.91133319,0.00606932611,0.00308138407,-2.51804475,-0.004015873,-0.00308138407,0.00144448748,-8.40941247e-07,8.40749113e-07,8.40749113e-07,4.38049875e-08,-2.43736428e-05,-9.49492777e-06,-7.51313141e-07,1,0.00604485691,0.00282598689
0.192,1.57684696,1.91133639,0.000951561365,0.000696416828,-2.62679808,-0.00537047577,-0.000696416828,0.000326466202,-7.42924188e-07,7.42754507e-07,7.42754507e-07,1.74815362e-09,-5.11033725e-06,-4.84996398e-07,-1.46142686e-06,1,0.00605063237,0.00282918439
0.194,1.57684223,1.91133469,-0.00438313854,-0.00179022735,-2.73474898,-0.00677097847,0.00179022735,-0.000839220956,-6.39248704e-07,6.39102667e-07,6.39102667e-07,1.81840939e-08,2.96781367e-05,-3.20491396e-06,-2.27316871e-06,1,0.00604590088,0.00282748475
0.196,1.57682656,1.91132789,-0.00993302274,-0.00437772053,-2.84170237,-0.0082165459,0.00437772053,-0.00205217027,-5.29911999e-07,5.29790836e-07,5.29790836e-07,1.00605329e-07,8.16151373e-05,-1.9164437e-05,-3.19026809e-06,1,0.00603023072,0.00282068561
0.198,1.57679952,1.91131579,-0.0156959488,-0.00706504725,-2.94746132,-0.00970624854,0.00706504725,-0.003311888,-4.14921821e-07,4.14826809e-07,4.14826809e-07,2.56710221e-07,0.00015234878,-4.99148927e-05,-4.21601625e-06,1,0.00600319412,0.00280858652
0.2,1.57676069,1.91129819,-0.0216693792,-0.00985100271,-3.05182739,-0.0112390625,0.00985100271,-0.00461778952,-2.94296639e-07,2.94229104e-07,2.94229104e-07,4.94368927e-07,0.000243543506,-9.70422543e-05,-5.35322049e-06,1,0.0059643681,0.00279098929
0.202,1.57670966,1.9112749,-0.0278503786,-0.0127341913,-3.15460097,-0.0128138694,0.0127341913,-0.00596919859,-1.68065802e-07,1.68027125e-07,1.68027125e-07,8.21586478e-07,0.000356871114,-0.000162159629,-6.60415954e-06,1,0.00591333528,0.00276769837
0.204,1.57664601,1.91124572,-0.0342356119,-0.0157130257,-3.25558157,-0.014429457,0.0157130257,-0.00736534684,-3.62696774e-08,3.62613012e-08,3.62613012e-08,1.24646309e-06,0.000494001288,-0.000246899177,-7.97054073e-06,1,0.00584968461,0.00273852126
0.206,1.57656934,1.91121047,-0.0408213422,-0.0187857257,-3.35456814,-0.0160845189,0.0187857257,-0.00880537335,1.01040236e-07,-1.01016802e-07,1.01016802e-07,1.77715181e-06,0.000656591651,-0.000352903491,-9.45345929e-06,1,0.00577301224,0.00270326885
0.208,1.57647925,1.91116896,-0.0476034306,-0.0219503182,-3.45135929,-0.0177776554,0.0219503182,-0.0102883244,2.43801218e-07,-2.43744392e-07,2.43744392e-07,2.4218137e-06,0.000846277387,-0.000481816467,-1.105336e-05,1,0.00568292228,0.00266175585
0.21,1.57637535,1.911121,-0.0545773352,-0.0252046363,-3.54575355,-0.0195073738,0.0252046363,-0.0118131536,3.9193926e-07,-3.9184738e-07,3.9184738e-07,3.18857065e-06,0.00106466048,-0.00063527369,-1.27700017e-05,1,0.00557902764,0.00261380116
0.212,1.57625728,1.91106643,-0.061738111,-0.02854632,-3.63754973,-0.021272089,0.02854632,-0.0133787213,5.4536902e-07,-5.45240339e-07,5.45240339e-07,4.085456e-06,0.0013132986,-0.000814892386,-1.46024252e-05,1,0.00546095079,0.00255922824
0.214,1.57612465,1.91100507,-0.0690804116,-0.0319728163,-3.72654725,-0.0230701252,0.0319728163,-0.0149837957,7.03993806e-07,-7.03826484e-07,7.03826484e-07,5.12036333e-06,0.00159369374,-0.00102226098,-1.65489246e-05,1,0.00532832462,0.00249786552
0.216,1.57597712,1.91093675,-0.0765984895,-0.0354813799,-3.81254646,-0.0248997163,0.0354813799,-0.0166270526,8.6770558e-07,-8.67497676e-07,8.67497676e-07,6.30099345e-06,0.00190728066,-0.00125892832,-1.86070229e-05,1,0.0051807932,0.00242954678
0.218,1.57581434,1.91086131,-0.0842861992,-0.0390690743,-3.89534895,-0.0267590079,0.0390690743,-0.0183070763,1.03638499e-06,-1.03613446e-06,1.03613446e-06,7.6348e-06,0.00225541507,-0.00152639257,-2.07734515e-05,1,0.00501801258,0.00235411153
0.22,1.57563598,1.91077861,-0.0921369993,-0.0427327734,-3.97475783,-0.0286460581,0.0427327734,-0.0200223601,1.20990142e-06,-1.2096061e-06,1.2096061e-06,9.12893386e-06,0.00263936184,-0.00182608992,-2.30441348e-05,1,0.00483965164,0.00227140538
0.222,1.57544172,1.91068848,-0.100143956,-0.0464691628,-4.05057803,-0.0305588397,0.0464691628,-0.0217713076,1.3881131e-06,-1.38777071e-06,1.38777071e-06,1.07901867e-05,0.0030602831,-0.00215938309,-2.5414179e-05,1,0.00464539278,0.00218128044
0.224,1.57523126,1.9105908,-0.108299747,-0.0502747423,-4.12261661,-0.0324952417,0.0502747423,-0.0235522333,1.57086716e-06,-1.57047528e-06,1.57047528e-06,1.26249337e-05,0.00351922645,-0.00252754972,-2.78778668e-05,1,0.0044349328,0.00208359567
0.226,1.57500431,1.91048542,-0.116596665,-0.054145828,-4.19068306,-0.0344530714,0.054145828,-0.0253633642,1.7579998e-06,-1.7575559e-06,1.7575559e-06,1.46390765e-05,0.00401711323,-0.00293177069,-3.04286567e-05,1,0.00420798358,0.00197821726
0.228,1.5747606,1.91037222,-0.125026626,-0.0580785547,-4.25458966,-0.0364300565,0.0580785547,-0.0272028411,1.94933647e-06,-1.94883785e-06,1.94883785e-06,1.68379856e-05,0.00455472704,-0.00337311852,-3.30591887e-05,1,0.00396427294,0.00186501902
0.23,1.57449987,1.91025108,-0.13358117,-0.0620688796,-4.31415178,-0.0384238475,0.0620688796,-0.0290687203,2.14469199e-06,-2.14413581e-06,2.14413581e-06,1.92264439e-05,0.0051327025,-0.00385254581,-3.57612948e-05,1,0.0037035453,0.00174388268
0.232,1.57422189,1.9101219,-0.142251472,-0.066112585,-4.36918815,-0.0404320204,0.066112585,-0.0309589751,2.3438708e-06,-2.34325406e-06,2.34325406e-06,2.18085898e-05,0.00575151442,-0.0043708739,-3.85260166e-05,1,0.00342556246,0.00161469829
0.234,1.57392643,1.90998457,-0.151028346,-0.0702052825,-4.41952117,-0.0424520791,0.0702052825,-0.0328714982,2.54666719e-06,-2.54598671e-06,2.54598671e-06,2.45878633e-05,0.00641146731,-0.00492878169,-4.13436273e-05,1,0.00313010434,0.00147736455
0.236,1.5736133,1.90983899,-0.159902256,-0.0743424165,-4.4649772,-0.0444814581,0.0743424165,-0.0348041032,2.75286554e-06,-2.75211799e-06,2.75211799e-06,2.75669515e-05,0.0071126855,-0.00552679489,-4.42036607e-05,1,0.00281696966,0.00133178915
0.238,1.5732823,1.90968509,-0.168863319,-0.0785192688,-4.50538688,-0.0465175257,0.0785192688,-0.0367545274,2.96224062e-06,-2.96142248e-06,2.96142248e-06,3.07477377e-05,0.0078551038,-0.00616527557,-4.70949459e-05,1,0.00248597665,0.00117788908
0.24,1.57293329,1.90952279,-0.177901319,-0.0827309631,-4.54058538,-0.0485575872,0.0827309631,-0.038720434,3.17455785e-06,-3.17366541e-06,3.17366541e-06,3.41312516e-05,0.00863845881,-0.00684441225,-5.00056477e-05,1,0.00213696371,0.00101559098
0.242,1.57256612,1.90935203,-0.187005712,-0.0869724699,-4.57041275,-0.050598888,0.0869724699,-0.0406994146,3.3895737e-06,-3.38860307e-06,3.38860307e-06,3.77176228e-05,0.00946228107,-0.00756421052,-5.29233132e-05,1,0.00176979012,0.000844831429
0.244,1.57218066,1.90917276,-0.196165638,-0.0912386118,-4.59471417,-0.0526386172,0.0912386118,-0.0426889921,3.60703595e-06,-3.60598303e-06,3.60598303e-06,4.1506037e-05,0.0103258879,-0.00832448429,-5.58349234e-05,1,0.0013843366,0.00066555725
0.246,1.57177683,1.90898493,-0.205369935,-0.0955240691,-4.61334022,-0.0546739107,0.0955240691,-0.0446866237,3.82668412e-06,-3.82554461e-06,3.82554461e-06,4.54946958e-05,0.0112283775,-0.00912484778,-5.87269508e-05,1,0.000980506001,0.0004777258
0.248,1.57135455,1.90878851,-0.21460714,-0.0998233853,-4.62614718,-0.0567018556,0.0998233853,-0.0466897035,4.04824983e-06,-4.04701923e-06,4.04701923e-06,4.96807801e-05,0.0121686231,-0.00996470825,-6.15854222e-05,1,0.000558223858,0.000281305249
0.25,1.57091377,1.90858348,-0.223865514,-0.104130973,-4.63299724,-0.0587194934,0.104130973,-0.0486955662,4.2714572e-06,-4.27013079e-06,4.27013079e-06,5.40604172e-05,0.0131452695,-0.0108432596,-6.43959861e-05,1,0.000117438987,7.62748433e-05
0.252,1.57045445,1.90836983,-0.23313304,-0.108441122,-4.63375884,-0.0607238243,0.108441122,-0.0507014902,4.49602328e-06,-4.49459614e-06,4.49459614e-06,5.86286536e-05,0.0141567298,-0.011759477,-6.71439846e-05,1,-0.00034187597,-0.000137374842
0.254,1.5699766,1.90814756,-0.242397449,-0.112748003,-4.62830684,-0.0627118111,0.112748003,-0.052704701,4.7216585e-06,-4.7201255e-06,4.7201255e-06,6.33794309e-05,0.0152011831,-0.0127121123,-6.98145302e-05,1,-0.000819724021,-0.000359641659
0.256,1.56948024,1.90791669,-0.251646223,-0.117045677,-4.61652287,-0.0646803834,0.117045677,-0.054702375,4.94806712e-06,-4.9464229e-06,4.9464229e-06,6.83055684e-05,0.0162765742,-0.0136996906,-7.23925858e-05,1,-0.00131608332,-0.000590511666
0.258,1.56896542,1.90767724,-0.260866614,-0.121328101,-4.59829547,-0.0666264419,0.121328101,-0.0566916428,5.17494768e-06,-5.17318667e-06,5.17318667e-06,7.33987497e-05,0.0173806143,-0.0147205081,-7.48630484e-05,1,-0.0018309067,-0.00082995891
0.26,1.56843221,1.90742926,-0.270045654,-0.125589136,-4.57352039,-0.0685468625,0.125589136,-0.0586695936,5.4019935e-06,-5.40010994e-06,5.40010994e-06,7.86495162e-05,0.0185107823,-0.015772631,-7.7210835e-05,1,-0.00236412121,-0.00107794523
0.262,1.5678807,1.90717278,-0.279170176,-0.129822554,-4.5421008,-0.0704385012,0.129822554,-0.0606332788,5.62889318e-06,-5.62688107e-06,5.62688107e-06,8.40472656e-05,0.0196643288,-0.0168538956,-7.94209722e-05,1,-0.00291562773,-0.00133442008
0.264,1.56731103,1.90690788,-0.288226821,-0.134022048,-4.50394746,-0.0722981983,0.134022048,-0.062579716,5.85533107e-06,-5.85318424e-06,5.85318424e-06,8.95802571e-05,0.0208382799,-0.0179619092,-8.1478686e-05,1,-0.00348530054,-0.00159932035
0.266,1.56672334,1.90663463,-0.29720206,-0.138181235,-4.45897901,-0.0741227829,0.138181235,-0.0645058932,6.08098783e-06,-6.0786999e-06,6.0786999e-06,9.52356226e-05,0.0220294438,-0.0190940537,-8.33694939e-05,1,-0.00407298702,-0.00187257023
0.268,1.56611782,1.90635312,-0.306082207,-0.142293671,-4.40712209,-0.0759090778,0.142293671,-0.0664087732,6.3055409e-06,-6.3031053e-06,6.3031053e-06,0.000100999385,0.0232344181,-0.0202474889,-8.50792975e-05,1,-0.00467850726,-0.00215408106
0.27,1.56549467,1.90606345,-0.314853435,-0.146352855,-4.34831161,-0.0776539042,0.146352855,-0.0682852976,6.52866505e-06,-6.52607504e-06,6.52607504e-06,0.000106856481,0.0244495985,-0.0214191581,-8.65944746e-05,1,-0.00530165381,-0.00244375121
0.272,1.56485414,1.90576574,-0.323501792,-0.150352236,-4.28249085,-0.079354086,0.150352236,-0.0701323914,6.75003291e-06,-6.7472816e-06,6.7472816e-06,0.000112790797,0.025671189,-0.022605795,-8.79019713e-05,1,-0.00594219142,-0.00274146601
0.274,1.56419647,1.9054601,-0.332013221,-0.154285228,-4.2096117,-0.0810064552,0.154285228,-0.0719469674,6.96931549e-06,-6.96639582e-06,6.96639582e-06,0.000118785201,0.0268952141,-0.0238039316,-8.89893928e-05,1,-0.00659985679,-0.00304709761
0.276,1.56352197,1.9051467,-0.340373573,-0.158145212,-4.12963476,-0.0826078562,0.158145212,-0.0737259304,7.1861827e-06,-7.18308749e-06,7.18308749e-06,0.000124821593,0.0281175311,-0.0250099079,-8.98450915e-05,1,-0.00727435839,-0.00336050497
0.278,1.56283095,1.90482567,-0.348568629,-0.161925548,-4.04252953,-0.0841551507,0.161925548,-0.0754661824,7.4003039e-06,-7.39702586e-06,7.39702586e-06,0.000130880954,0.0293338455,-0.0262198831,-9.0458254e-05,1,-0.00796537629,-0.00368153378
0.28,1.56212376,1.90449719,-0.356584115,-0.165619587,-3.94827455,-0.0856452227,0.165619587,-0.0771646263,7.61134841e-06,-7.60788016e-06,7.60788016e-06,0.000136943405,0.030539726,-0.0274298476,-9.08189842e-05,1,-0.00867256208,-0.00401001643
0.282,1.56140079,1.90416143,-0.364405721,-0.169220674,-3.84685752,-0.0870749833,0.169220674,-0.0788181711,7.81898602e-06,-7.81532012e-06,7.81532012e-06,0.000142988275,0.0317306221,-0.0286356366,-9.09183823e-05,1,-0.00939553874,-0.004345772
0.284,1.56066243,1.9038186,-0.372019119,-0.172722163,-3.73827539,-0.0884413749,0.172722163,-0.0804237365,8.02288753e-06,-8.01901649e-06,8.01901649e-06,0.000148994171,0.0329018824,-0.0298329456,-9.07486208e-05,1,-0.0101339006,-0.0046886063
0.286,1.55990911,1.90346889,-0.379409982,-0.176117422,-3.62253451,-0.0897413769,0.176117422,-0.0819782571,8.22272524e-06,-8.21864158e-06,8.21864158e-06,0.000154939057,0.0340487742,-0.0310173462,-9.03030144e-05,1,-0.0108872133,-0.00503831181
0.288,1.55914131,1.90311253,-0.386564002,-0.179399844,-3.49965073,-0.0909720095,0.179399844,-0.0834786874,8.41817344e-06,-8.41386968e-06,8.41386968e-06,0.000160800339,0.0351665041,-0.032184304,-8.95760855e-05,1,-0.0116550139,-0.00539466783
0.29,1.55835952,1.90274976,-0.393466912,-0.182562859,-3.36964941,-0.092130339,0.182562859,-0.0849220062,8.60890888e-06,-8.60437762e-06,8.60437762e-06,0.00016655496,0.03625024,-0.0333291973,-8.85636234e-05,1,-0.0124368109,-0.00575744045
0.292,1.55756424,1.90238082,-0.400104502,-0.185599938,-3.23256559,-0.0932134821,0.185599938,-0.0863052212,8.79461128e-06,-8.7898452e-06,8.7898452e-06,0.000172179489,0.0372951338,-0.0344473369,-8.72627374e-05,1,-0.0132320843,-0.0061263827
0.294,1.55675604,1.90200597,-0.406462638,-0.188504608,-3.08844397,-0.0942186105,0.188504608,-0.0876253737,8.97496373e-06,-8.96995565e-06,8.96995565e-06,0.000177650234,0.0382963449,-0.0355339871,-8.56719034e-05,1,-0.0140402857,-0.00650123461
0.296,1.55593549,1.90162548,-0.412527283,-0.191270457,-2.93733901,-0.0951429554,0.191270457,-0.0888795427,9.14965316e-06,-9.1443961e-06,9.1443961e-06,0.00018294334,0.0392490649,-0.0365843876,-8.37910035e-05,1,-0.0148608387,-0.00688172332
0.298,1.55510319,1.90123964,-0.418284519,-0.193891145,-2.77931492,-0.0959838117,0.193891145,-0.09006485,9.31837077e-06,-9.31285793e-06,9.31285793e-06,0.000188034907,0.0401485425,-0.0375937763,-8.16213582e-05,1,-0.015693139,-0.00726756327
0.3,1.55425977,1.90084875,-0.42372056,-0.196360417,-2.61444572,-0.0967385426,0.196360417,-0.0911784638,9.48081237e-06,-9.47503726e-06,9.47503726e-06,0.000192901106,0.0409901094,-0.0385574132,-7.91657517e-05,1,-0.0165365543,-0.00765845629
0.302,1.5534059,1.90045311,-0.428821778,-0.198672103,-2.44281524,-0.0974045835,0.198672103,-0.0922176035,9.63667881e-06,-9.63063524e-06,9.63063524e-06,0.0001975183,0.0417692067,-0.0394706045,-7.64284487e-05,1,-0.0173904253,-0.00805409183
0.304,1.55254226,1.90005305,-0.433574719,-0.200820138,-2.26451709,-0.0979794459,0.200820138,-0.093179544,9.78567632e-06,-9.77935847e-06,9.77935847e-06,0.000201863167,0.0424814107,-0.0403287277,-7.34152048e-05,1,-0.0182540655,-0.00845414712
0.306,1.55166957,1.89964891,-0.437966123,-0.202798563,-2.07965468,-0.098460722,0.202798563,-0.0940616194,9.92751681e-06,-9.9209193e-06,9.9209193e-06,0.000205912826,0.0431224607,-0.041127257,-7.01332676e-05,1,-0.0191267617,-0.00885828739
0.308,1.55078855,1.89924104,-0.441982946,-0.204601537,-1.88834119,-0.0988460875,0.204601537,-0.0948612276,1.00619182e-05,-1.00550361e-05,1.00550361e-05,0.000209644972,0.043688285,-0.041861789,-6.65913721e-05,1,-0.0200077745,-0.0092661661
0.31,1.54989999,1.89882978,-0.445612376,-0.206223348,-1.69069949,-0.0991333063,0.206223348,-0.0955758336,1.01886048e-05,-1.01814337e-05,1.01814337e-05,0.000213038001,0.0441750281,-0.0425280694,-6.27997265e-05,1,-0.0208963387,-0.00967742518
0.312,1.54900466,1.89841551,-0.448841854,-0.207658418,-1.48686213,-0.099320233,0.207658418,-0.0962029737,1.03073072e-05,-1.02998435e-05,1.02998435e-05,0.000216071144,0.0445790775,-0.0431220185,-5.87699926e-05,1,-0.0217916638,-0.0100916953
0.314,1.54810339,1.89799861,-0.451659095,-0.208901311,-1.27697124,-0.099404817,0.208901311,-0.0967402594,1.04177631e-05,-1.04100035e-05,1.04100035e-05,0.000218724603,0.0448970896,-0.0436397579,-5.45152573e-05,1,-0.0226929344,-0.0105085962
0.316,1.54719702,1.89757947,-0.454052102,-0.209946747,-1.06117848,-0.0993851054,0.209946747,-0.0971853804,1.05197168e-05,-1.05116589e-05,1.05116589e-05,0.00022097968,0.0451260161,-0.0440776367,-5.0049999e-05,1,-0.0235993111,-0.0109277369
0.318,1.5462864,1.89715849,-0.456009193,-0.210789604,-0.839644912,-0.099259246,0.210789604,-0.0975361083,1.061292e-05,-1.06045622e-05,1.06045622e-05,0.000222818914,0.0452631287,-0.044432257,-4.5390046e-05,1,-0.0245099306,-0.011348716
0.32,1.54537242,1.89673608,-0.457519012,-0.211424927,-0.612540938,-0.0990254901,0.211424927,-0.0977903001,1.06971315e-05,-1.06884729e-05,1.06884729e-05,0.000224226204,0.0453060444,-0.0447004999,-4.05525303e-05,1,-0.0254239071,-0.0117711222
0.322,1.54445599,1.89631267,-0.45857055,-0.211847941,-0.380046141,-0.0986821953,0.211847941,-0.0979459008,1.07721175e-05,-1.07631583e-05,1.07631583e-05,0.000225186946,0.0452527486,-0.0448795502,-3.55558347e-05,1,-0.0263403319,-0.0121945343
0.324,1.54353805,1.89588868,-0.459153167,-0.212054052,-0.142349176,-0.0982278279,0.212054052,-0.0980009468,1.08376516e-05,-1.08283929e-05,1.08283929e-05,0.000225688154,0.0451016183,-0.0449669208,-3.04195357e-05,1,-0.0272582754,-0.0126185221
0.326,1.54261954,1.89546456,-0.459256606,-0.212038856,0.100352381,-0.097660965,0.212038856,-0.0979535687,1.08935151e-05,-1.08839588e-05,1.08839588e-05,0.000225718585,0.0448514433,-0.0449604763,-2.51643415e-05,1,-0.0281767867,-0.0130426461
0.328,1.54170143,1.89504074,-0.458871009,-0.211798149,0.347852188,-0.0969802972,0.211798149,-0.0978019936,1.09394966e-05,-1.09296458e-05,1.09296458e-05,0.000225268855,0.0445014468,-0.0448584557,-1.98120261e-05,1,-0.0290948951,-0.0134664585
0.33,1.54078472,1.8946177,-0.457986941,-0.21132793,0.599935301,-0.0961846297,0.21132793,-0.0975445478,1.09753922e-05,-1.09652513e-05,1.09652513e-05,0.000224331555,0.0440513044,-0.0446594939,-1.43853609e-05,1,-0.0300116106,-0.0138895032
0.332,1.5398704,1.89419589,-0.456595402,-0.21062441,0.856378361,-0.0952728846,0.21062441,-0.097179659,1.10010057e-05,-1.099058e-05,1.099058e-05,0.000222901359,0.043501161,-0.044362642,-8.90804216e-06,1,-0.030925925,-0.0143113164
0.334,1.53895951,1.89377578,-0.454687843,-0.209684017,1.11694978,-0.0942441023,0.209684017,-0.0967058588,1.10161481e-05,-1.10054442e-05,1.10054442e-05,0.000220975124,0.0428516476,-0.0439673868,-3.40461827e-06,1,-0.0318368127,-0.014731427
0.336,1.5380531,1.89335784,-0.452256187,-0.208503401,1.38140997,-0.0930974426,0.208503401,-0.096121784,1.10206379e-05,-1.10096637e-05,1.10096637e-05,0.000218551987,0.0421038944,-0.0434736682,2.0995859e-06,1,-0.0327432313,-0.015149357
0.338,1.5371522,1.89294258,-0.44929284,-0.207079443,1.6495115,-0.0918321861,0.207079443,-0.0954261787,1.10143008e-05,-1.10030655e-05,1.10030655e-05,0.000215633454,0.0412595437,-0.0428818956,7.57854444e-06,1,-0.0336441231,-0.0155646221
0.34,1.53625791,1.89253047,-0.44579071,-0.205409256,1.9209994,-0.090447735,0.205409256,-0.094617896,1.09969695e-05,-1.09854837e-05,1.09854837e-05,0.000212223477,0.04032076,-0.0421929623,1.30056064e-05,1,-0.0345384158,-0.015976732
0.342,1.5353713,1.89212201,-0.44174322,-0.203490192,2.19561134,-0.0889436139,0.203490192,-0.0936958992,1.09684838e-05,-1.09567595e-05,1.09567595e-05,0.000208328528,0.0392902384,-0.0414082584,1.83535713e-05,1,-0.0354250236,-0.0163851907
0.344,1.53449348,1.8917177,-0.437144322,-0.20131985,2.47307792,-0.0873194704,0.20131985,-0.0926592633,1.09286904e-05,-1.09167408e-05,1.09167408e-05,0.000203957662,0.0381712107,-0.0405296818,2.35947636e-05,1,-0.036302848,-0.0167894976
0.346,1.53362555,1.89131805,-0.431988513,-0.198896072,2.7531229,-0.0855750753,0.198896072,-0.0915071755,1.08774424e-05,-1.08652824e-05,1.08652824e-05,0.000199122567,0.0369674495,-0.0395596474,2.8701106e-05,1,-0.0371707793,-0.0171891474
0.348,1.53276863,1.89092357,-0.426270848,-0.196216956,3.0354635,-0.0837103229,0.196216956,-0.0902389368,1.08145995e-05,-1.08022453e-05,1.08022453e-05,0.000193837608,0.0356832703,-0.0385010938,3.36441905e-05,1,-0.0380276974,-0.0175836307
0.35,1.53192385,1.89053477,-0.419986951,-0.193280855,3.31981065,-0.0817252311,0.193280855,-0.0888539623,1.07400276e-05,-1.07274968e-05,1.07274968e-05,0.000188119859,0.0343235307,-0.0373574888,3.83953479e-05,1,-0.038872473,-0.0179724347
0.352,1.53109236,1.89015216,-0.41313303,-0.19008638,3.60586931,-0.0796199413,0.19008638,-0.0873517816,1.06535986e-05,-1.06409105e-05,1.06409105e-05,0.000181989124,0.0328936276,-0.0361328319,4.2925714e-05,1,-0.0397039689,-0.0183550438
0.354,1.53027529,1.88977626,-0.405705886,-0.186632407,3.89333875,-0.0773947178,0.186632407,-0.0857320398,1.05551905e-05,-1.05423656e-05,1.05423656e-05,0.00017546795,0.0313994926,-0.0348316553,4.72062938e-05,1,-0.0405210408,-0.0187309397
0.356,1.52947379,1.8894076,-0.397702926,-0.182918074,4.18191289,-0.0750499475,0.182918074,-0.0839944969,1.04446865e-05,-1.04317469e-05,1.04317469e-05,0.00016858162,0.0298475838,-0.0334590218,5.12080229e-05,1,-0.041322539,-0.0190996023
0.358,1.52868902,1.88904669,-0.389122174,-0.17894279,4.47128059,-0.0725861395,0.17894279,-0.0821390287,1.03219756e-05,-1.03089448e-05,1.03089448e-05,0.000161358141,0.0282448764,-0.032020522,5.49018254e-05,1,-0.0421073093,-0.0194605102
0.36,1.52792213,1.88869406,-0.379962279,-0.174706231,4.76112596,-0.070003924,0.174706231,-0.0801656263,1.01869517e-05,-1.01738545e-05,1.01738545e-05,0.00015382822,0.0265988505,-0.030522267,5.82586701e-05,1,-0.0428741944,-0.0198131409
0.362,1.52717429,1.88835023,-0.370222524,-0.170208346,5.05112877,-0.0673040516,0.170208346,-0.0780743959,1.00395139e-05,-1.00263767e-05,1.00263767e-05,0.000146025226,0.0249174759,-0.028970881,6.12496233e-05,1,-0.0436220348,-0.0201569718
0.364,1.52644666,1.88801572,-0.359902838,-0.165449358,5.34096472,-0.0644873922,0.165449358,-0.0758655585,9.87956611e-06,-9.86641639e-06,9.86641639e-06,0.000137985138,0.0232091955,-0.02737349,6.38458992e-05,1,-0.0443496709,-0.0204914806
0.366,1.52574038,1.88769106,-0.3490038,-0.160429763,5.63030582,-0.061554934,0.160429763,-0.0735394499,9.70701691e-06,-9.69388354e-06,9.69388354e-06,0.000129746479,0.0214829059,-0.0257377087,6.60189097e-05,1,-0.0450559432,-0.0208161455
0.368,1.52505663,1.88737676,-0.337526647,-0.155150333,5.91882075,-0.0585077824,0.155150333,-0.0710965195,9.52177936e-06,-9.50869238e-06,9.50869238e-06,0.000121350247,0.0197479356,-0.0240716258,6.77403107e-05,1,-0.0457396946,-0.0211304462
0.37,1.52439656,1.88707334,-0.325473282,-0.149612117,6.20617523,-0.0553471582,0.149612117,-0.06853733,9.32377094e-06,-9.31076154e-06,9.31076154e-06,0.000112839823,0.0180140212,-0.0223837854,6.89820489e-05,1,-0.046399771,-0.0214338644
0.372,1.5237613,1.88678132,-0.312846278,-0.143816439,6.49203237,-0.0520743969,0.143816439,-0.0658625567,9.11291339e-06,-9.10001381e-06,9.10001381e-06,0.00010426087,0.0162912812,-0.0206831681,6.97164079e-05,1,-0.0470350232,-0.0217258842
0.374,1.52315202,1.88650121,-0.299648884,-0.137764901,6.77605306,-0.0486909465,0.137764901,-0.0630729866,8.8891327e-06,-8.87637614e-06,8.87637614e-06,9.56612197e-05,0.0145901878,-0.0189791679,6.9916054e-05,1,-0.0476443079,-0.0220059925
0.376,1.52256984,1.88623352,-0.285885029,-0.131459381,7.05789638,-0.0451983667,0.131459381,-0.0601695175,8.65235903e-06,-8.63977955e-06,8.63977955e-06,8.70907513e-05,0.0129215364,-0.0172815689,6.95540844e-05,1,-0.048226489,-0.0222736799
0.378,1.52201589,1.88597876,-0.271559323,-0.124902034,7.33721991,-0.0415983267,0.124902034,-0.057153157,8.4025267e-06,-8.39015913e-06,8.39015913e-06,7.86012504e-05,0.0112964134,-0.0156005181,6.86040756e-05,1,-0.0487804393,-0.0225284412
0.38,1.52149129,1.88573743,-0.256677064,-0.118095289,7.61368022,-0.0378926043,0.118095289,-0.0540250217,8.13957426e-06,-8.12745404e-06,8.12745404e-06,7.02462629e-05,0.0097261624,-0.0139464973,6.70401363e-05,1,-0.0493050416,-0.0227697756
0.382,1.52099714,1.88551001,-0.241244235,-0.111041852,7.88693317,-0.0340830835,0.111041852,-0.0507863359,7.86344451e-06,-7.85160761e-06,7.85160761e-06,6.20809343e-05,0.00822234741,-0.0123302928,6.48369626e-05,1,-0.0497991902,-0.0229971877
0.384,1.52053453,1.88529701,-0.225267511,-0.1037447,8.15663439,-0.0301717533,0.1037447,-0.0474384308,7.57408466e-06,-7.56256742e-06,7.56256742e-06,5.41618396e-05,0.00679671578,-0.0107629628,6.19698985e-05,1,-0.0502617922,-0.0232101878
0.386,1.52010456,1.88509891,-0.208754253,-0.0962070857,8.42243963,-0.0261607062,0.0962070857,-0.043982743,7.27144647e-06,-7.26028546e-06,7.26028546e-06,4.65468025e-05,0.00546115868,-0.00925580335,5.84150017e-05,1,-0.0506917689,-0.0234082925
0.388,1.51970827,1.88491618,-0.19171251,-0.0884325308,8.68400517,-0.0220521362,0.0884325308,-0.0404208138,6.95548649e-06,-6.94471833e-06,6.94471833e-06,3.9294704e-05,0.00422767038,-0.0078203125,5.41491157e-05,1,-0.0510880572,-0.0235910252
0.39,1.51934672,1.88474929,-0.17415102,-0.0804248271,8.94098824,-0.0178483372,0.0804248271,-0.0367542881,6.62616625e-06,-6.61582751e-06,6.61582751e-06,3.24652826e-05,0.00310830613,-0.00646815281,4.91499488e-05,1,-0.0514496108,-0.0237579167
0.392,1.51902092,1.8845987,-0.156079203,-0.0721880341,9.19304743,-0.0135517017,0.0721880341,-0.0329849128,6.28345265e-06,-6.27357964e-06,6.27357964e-06,2.61189251e-05,0.00211513881,-0.00521111226,4.33961617e-05,1,-0.051775402,-0.0239085058
0.394,1.5187319,1.88446486,-0.137507163,-0.063726477,9.43984308,-0.00916471906,0.063726477,-0.0291145365,5.92731827e-06,-5.91794686e-06,5.91794686e-06,2.03164496e-05,0.00126021451,-0.00406106387,3.68674635e-05,1,-0.0520644227,-0.0240423397
0.396,1.51848064,1.88434823,-0.118445679,-0.0550447449,9.6810377,-0.00468997376,0.0550447449,-0.0251451075,5.5577418e-06,-5.54890725e-06,5.54890725e-06,1.51188801e-05,0.000555507126,-0.00302992394,2.95447166e-05,1,-0.0523156858,-0.0241589746
0.398,1.5182681,1.88424923,-0.0989062062,-0.0461476879,9.91629637,-0.00013014427,0.0461476879,-0.0210786738,5.17470848e-06,-5.16644529e-06,5.16644529e-06,1.0587216e-05,1.2872076e-05,-0.0021296091,2.14100522e-05,1,-0.0525282266,-0.024257976
0.4,1.51809522,1.88416828,-0.0789008652,-0.0370404155,10.1452872,0.00451199857,0.0370404155,-0.0169173812,4.77821066e-06,-4.77055233e-06,4.77055233e-06,6.78219341e-06,-0.000356000591,-0.00137199238,1.24469958e-05,1,-0.0527011041,-0.0243389197
0.402,1.51796292,1.88410581,-0.0584424389,-0.0277282934,10.3676816,0.00923359287,0.0277282934,-0.012663473,4.36824835e-06,-4.36122721e-06,4.36122721e-06,3.76404291e-06,-0.000539633687,-0.000768858257,2.64060267e-06,1,-0.0528334026,-0.0244013919
0.404,1.51787209,1.88406221,-0.0375443643,-0.0182169415,10.5831548,0.014031687,0.0182169415,-0.00831928871,3.94482982e-06,-3.93847682e-06,3.93847682e-06,1.59224181e-06,-0.000526810769,-0.000331856959,-8.02239493e-06,1,-0.0529242325,-0.02444499
0.406,1.51782359,1.88403788,-0.0162207247,-0.00851223073,10.7913863,0.0189032409,0.00851223073,-0.00388726364,3.50797229e-06,-3.50231683e-06,3.50231683e-06,3.25263106e-07,-0.000306624267,-7.2458072e-05,-1.95534312e-05,1,-0.052972732,-0.0244693228
0.408,1.51781826,1.88403319,0.00551375857,0.00137971977,10.9920601,0.023845127,-0.00137971977,0.000630072294,3.05770266e-06,-3.05277238e-06,3.05277238e-06,2.03215731e-08,0.000131476274,-1.90362665e-06,-3.19619391e-05,1,-0.0529780684,-0.024474011
0.41,1.51785689,1.88404851,0.0276437363,0.0114525453,11.1848654,0.0288541317,-0.0114525453,0.005230095,2.59405825e-06,-2.5898788e-06,2.5898788e-06,7.33117924e-07,0.000797636007,-0.000131160795,-4.52551734e-05,1,-0.052939439,-0.0244586883
0.412,1.51794025,1.8840842,0.0501532412,0.021699639,11.3694964,0.0339269558,-0.021699639,0.00991008693,2.11708762e-06,-2.11368252e-06,2.11368252e-06,2.51758198e-06,0.0017015468,-0.000470874331,-5.94380243e-05,1,-0.0528560726,-0.0244230011
0.414,1.5180691,1.88414059,0.073025699,0.0321141545,11.5456535,0.0390602161,-0.0321141545,0.0146672376,1.62685142e-06,-1.62424182e-06,1.62424182e-06,5.42561573e-06,0.00285239958,-0.00103131892,-7.45128228e-05,1,-0.052727231,-0.0243666093
0.416,1.51824412,1.88421802,0.0962439408,0.0426890095,11.713043,0.0442504458,-0.0426890095,0.0194986442,1.12342323e-06,-1.12162778e-06,1.12162778e-06,9.50683731e-06,0.00425883728,-0.00182235154,-9.04791392e-05,1,-0.0525522094,-0.0242891869
0.418,1.51846599,1.88431678,0.119790215,0.0534168893,11.8713778,0.0494940954,-0.0534168893,0.0244013118,6.06890566e-07,-6.05925152e-07,6.05925152e-07,1.48083268e-05,0.00592890832,-0.00285336406,-0.000107333575,1,-0.0523303385,-0.0241904223
0.42,1.51873534,1.88443718,0.143646201,0.0642902493,12.0203778,0.0547875336,-0.0642902493,0.029372154,7.73557211e-08,-7.72333658e-08,7.72333658e-08,2.13743746e-05,0.00787002104,-0.00413323616,-0.000125069554,1,-0.0520609851,-0.024070019
0.422,1.51905277,1.88457951,0.167793023,0.0753013195,12.1597701,0.0601270476,-0.0753013195,0.0344079928,-4.65063202e-07,4.64332539e-07,4.64332539e-07,2.92462342e-05,0.0100888991,-0.00567028872,-0.000143677101,1,-0.0517435531,-0.0239276955
0.424,1.51941884,1.88474402,0.192211265,0.0864421075,12.2892894,0.0655088441,-0.0864421075,0.0395055595,-1.02023133e-06,1.0186409e-06,1.0186409e-06,3.84618791e-05,0.0125915378,-0.00747223795,-0.000163142637,1,-0.0513774851,-0.0237631866
0.426,1.51983406,1.88493096,0.216880988,0.0977044021,12.4086785,0.0709290496,-0.0977044021,0.0446614942,-1.58799604e-06,1.58554244e-06,1.58554244e-06,4.90557655e-05,0.0153831624,-0.00954615018,-0.000183448758,1,-0.0509622631,-0.0235762428
0.428,1.52029892,1.88514057,0.241781744,0.109079777,12.5176885,0.0763837108,-0.109079777,0.0498723464,-2.1681859e-06,2.16486922e-06,2.16486922e-06,6.10586026e-05,0.0184681868,-0.0118983978,-0.00020457403,1,-0.0504974097,-0.0233666318
0.43,1.52081384,1.88537306,0.266892591,0.120559596,12.6160793,0.0818687955,-0.120559596,0.0551345748,-2.76060976e-06,2.75643367e-06,2.75643367e-06,7.44971294e-05,0.021850175,-0.0145346163,-0.000226492783,1,-0.0499824888,-0.0231341381
0.432,1.52137922,1.88562864,0.292192118,0.132135015,12.7036197,0.0873801927,-0.132135015,0.0604445477,-3.36505565e-06,3.36002751e-06,3.36002751e-06,8.93939016e-05,0.0255318036,-0.0174596622,-0.000249174924,1,-0.049417107,-0.0228785639
0.434,1.52199541,1.88590747,0.317658456,0.143796987,12.7800879,0.0929137132,-0.143796987,0.0657985427,-3.98128989e-06,3.97542083e-06,3.97542083e-06,0.000105767087,0.0295148267,-0.0206775734,-0.000272585749,1,-0.0488009142,-0.0225997292
0.436,1.52266272,1.88620973,0.343269299,0.155536266,12.8452716,0.0984650898,-0.155536266,0.071192747,-4.60905606e-06,4.60236102e-06,4.60236102e-06,0.000123630273,0.0338000423,-0.02419153,-0.000296685781,1,-0.0481336045,-0.0222974724
0.438,1.52338141,1.88653555,0.369001925,0.167343413,12.8989688,0.104029978,-0.167343413,0.0766232574,-5.24807411e-06,5.24057189e-06,5.24057189e-06,0.000142992284,0.0383872622,-0.0280038178,-0.000321430618,1,-0.0474149174,-0.0219716508
0.44,1.52415169,1.88688506,0.394833216,0.179208797,12.9409875,0.109603957,-0.179208797,0.0820860802,-5.89803941e-06,5.88975269e-06,5.88975269e-06,0.000163857013,0.0432752828,-0.032115793,-0.000346770811,1,-0.046644638,-0.0216221406
0.442,1.52497373,1.88725836,0.420739677,0.191122605,12.9711462,0.115182528,-0.191122605,0.0875771314,-6.55862194e-06,6.54957723e-06,6.54957723e-06,0.000186223268,0.0484618597,-0.0365278501,-0.000372651753,1,-0.0458225984,-0.0212488376
0.444,1.52584765,1.88765554,0.446697458,0.203074841,12.9892745,0.120761119,-0.203074841,0.0930922371,-7.22946544e-06,7.21969308e-06,7.21969308e-06,0.000210084627,0.0539436849,-0.0412393911,-0.000399013611,1,-0.0449486779,-0.0208516573
0.446,1.52677352,1.88807667,0.472682377,0.215055335,12.9952129,0.126335081,-0.215055335,0.0986271331,-7.91018664e-06,7.89972072e-06,7.89972072e-06,0.000235429317,0.0597163662,-0.0462487973,-0.000425791271,1,-0.0440228042,-0.0204305356
0.448,1.52775137,1.88852177,0.498669942,0.227053748,12.9888132,0.13189969,-0.227053748,0.104177466,-8.60037462e-06,8.58925289e-06,8.58925289e-06,0.000262240104,0.0657744107,-0.0515534044,-0.000452914331,1,-0.0430449535,-0.0199854289
0.45,1.52878118,1.88899089,0.524635372,0.239059574,12.969939,0.13745015,-0.239059574,0.109738792,-9.29959012e-06,9.28785386e-06,9.28785386e-06,0.000290494196,0.0721112108,-0.05714948,-0.000480307119,1,-0.0420151514,-0.0195163144
0.452,1.52986285,1.88948401,0.550553623,0.251062151,12.9384654,0.142981593,-0.251062151,0.115306579,-1.0007365e-05,9.99505889e-06,9.99505889e-06,0.000320163178,0.0787190343,-0.0630322038,-0.000507888752,1,-0.0409334735,-0.0190231907
0.454,1.53099628,1.89000112,0.576399409,0.263050663,12.8942797,0.148489078,-0.263050663,0.120876207,-1.07232018e-05,1.07103737e-05,1.07103737e-05,0.000351212947,0.085589017,-0.0691956513,-0.000535573236,1,-0.0398000457,-0.0185060777
0.456,1.53218128,1.89054218,0.602147229,0.275014147,12.8372816,0.153967595,-0.275014147,0.126442968,-1.14465734e-05,1.14332742e-05,1.14332742e-05,0.000383603683,0.0927111605,-0.0756327811,-0.00056326961,1,-0.0386150448,-0.0179650173
0.458,1.53341763,1.89110713,0.62777139,0.286941501,12.7673831,0.159412063,-0.286941501,0.132002067,-1.21769224e-05,1.21632058e-05,1.21632058e-05,0.000417289827,0.100074333,-0.0823354251,-0.00059088213,1,-0.0373786988,-0.0174000733
0.46,1.53470504,1.89169587,0.653246033,0.298821489,12.6845086,0.164817337,-0.298821489,0.137548624,-1.29136616e-05,1.28995836e-05,1.28995836e-05,0.000452220092,0.107666272,-0.0892942825,-0.000618310499,1,-0.0360912874,-0.016811332
0.462,1.53604318,1.8923083,0.678545157,0.31064275,12.5885957,0.170178206,-0.31064275,0.143077674,-1.36561731e-05,1.36417922e-05,1.36417922e-05,0.000488337483,0.115473597,-0.0964989182,-0.00064545015,1,-0.0347531419,-0.0161989024
0.464,1.53743168,1.89294429,0.703642646,0.322393803,12.4795946,0.175489393,-0.322393803,0.148584169,-1.4403809e-05,1.43891855e-05,1.43891855e-05,0.000525579348,0.123481821,-0.103937764,-0.000672192564,1,-0.0333646462,-0.0155629162
0.466,1.53887009,1.89360367,0.728512294,0.334063056,12.3574689,0.180745565,-0.334063056,0.154062979,-1.51558912e-05,1.51410868e-05,1.51410868e-05,0.000563877444,0.131675366,-0.111598125,-0.000698425648,1,-0.0319262362,-0.0149035283
0.468,1.54035793,1.89428629,0.753127832,0.345638815,12.2221951,0.185941326,-0.345638815,0.159508896,-1.59117116e-05,1.58967892e-05,1.58967892e-05,0.000603158034,0.140037588,-0.11946619,-0.000724034151,1,-0.0304384004,-0.014220917
0.47,1.54189465,1.89499192,0.777462954,0.357109291,12.0737632,0.191071228,-0.357109291,0.164916633,-1.66705327e-05,1.66555562e-05,1.66555562e-05,0.000643341998,0.148550801,-0.127527046,-0.000748900131,1,-0.02890168,-0.0135152839
0.472,1.54347966,1.89572035,0.801491345,0.36846261,11.9121768,0.196129768,-0.36846261,0.170280831,-1.74315879e-05,1.74166213e-05,1.74166213e-05,0.000684344975,0.157196312,-0.135764695,-0.000772903471,1,-0.0273166686,-0.0127868544
0.474,1.54511231,1.89647132,0.825186706,0.379686821,11.7374526,0.201111397,-0.379686821,0.175596056,-1.81940822e-05,1.81791896e-05,1.81791896e-05,0.00072607752,0.165954451,-0.144162082,-0.000795922425,1,-0.0256840126,-0.0120358778
0.476,1.54679192,1.89724457,0.848522783,0.390769906,11.5496215,0.206010518,-0.390769906,0.180856806,-1.89571929e-05,1.89424377e-05,1.89424377e-05,0.000768445292,0.174804618,-0.15270112,-0.000817834226,1,-0.0240044109,-0.0112626273
0.478,1.54851771,1.8980398,0.871473393,0.401699792,11.3487274,0.210821494,-0.401699792,0.186057514,-1.97200703e-05,1.97055153e-05,1.97055153e-05,0.000811349263,0.183725323,-0.161362723,-0.000838515714,1,-0.0222786148,-0.0104674003
0.48,1.5502889,1.89885668,0.89401245,0.412464356,11.1348286,0.215538652,-0.412464356,0.191192549,-2.04818392e-05,2.04675454e-05,2.04675454e-05,0.000854685945,0.192694238,-0.170126845,-0.00085784401,1,-0.0205074279,-0.0096505182
0.482,1.55210462,1.89969488,0.916113998,0.423051444,10.9079965,0.220156285,-0.423051444,0.196256223,-2.12415993e-05,2.1227626e-05,2.1227626e-05,0.000898347651,0.201688254,-0.178972524,-0.000875697226,1,-0.0186917057,-0.00881232694
0.484,1.55396397,1.90055401,0.937752231,0.433448872,10.6683168,0.224668659,-0.433448872,0.201242795,-2.19984269e-05,2.1984831e-05,2.1984831e-05,0.000942222766,0.210683536,-0.187877925,-0.000891955191,1,-0.0168323555,-0.00795319668
0.486,1.55586599,1.90143368,0.958901527,0.443644448,10.4158887,0.22907002,-0.443644448,0.206146473,-2.2751376e-05,2.27382117e-05,2.27382117e-05,0.000986196052,0.219655592,-0.196820397,-0.000906500211,1,-0.014930336,-0.00707352197
0.488,1.55780967,1.90233348,0.979536472,0.453625977,10.1508252,0.233354597,-0.453625977,0.210961423,-2.34994802e-05,2.34867982e-05,2.34867982e-05,0.00103014897,0.228579338,-0.205776527,-0.000919217848,1,-0.0129866569,-0.00617372177
0.49,1.55979395,1.90325296,0.999631887,0.463381273,9.87325304,0.237516607,-0.463381273,0.21568177,-2.42417535e-05,2.42296007e-05,2.42296007e-05,0.00107396001,0.237429174,-0.214722204,-0.000929997705,1,-0.0110023785,-0.0052542394
0.492,1.56181772,1.90419166,1.01916286,0.472898178,9.58331278,0.241550267,-0.472898178,0.220301608,-2.49771926e-05,2.4965612e-05,2.4965612e-05,0.00111750507,0.24617906,-0.223632687,-0.00093873423,1,-0.00897861085,-0.00431554252
0.494,1.56387981,1.90514908,1.03810476,0.482164569,9.28115852,0.245449792,-0.482164569,0.224815002,-2.57047785e-05,2.56938082e-05,2.56938082e-05,0.00116065785,0.254802599,-0.232482671,-0.000945327512,1,-0.0069165138,-0.00335812309
0.496,1.56597903,1.9061247,1.0564333,0.491168373,8.96695799,0.249209412,-0.491168373,0.229215997,-2.64234782e-05,2.64131515e-05,2.64131515e-05,0.00120329023,0.263273122,-0.241246371,-0.000949684082,1,-0.00481729589,-0.00238249723
0.498,1.56811411,1.907118,1.0741245,0.499897584,8.64089242,0.252823371,-0.499897584,0.233498625,-2.71322469e-05,2.71225916e-05,2.71225916e-05,0.00124527268,0.271563779,-0.249897594,-0.000951717698,1,-0.00268221384,-0.00138920513
0.5,1.57028375,1.90812839,1.0911548,0.508340271,8.30315647,0.25628594,-0.508340271,0.237656911,-2.783003e-05,2.78210683e-05,2.78210683e-05,0.00128647475,0.279647632,-0.258409831,-0.000951350118,1,-0.000512571879,-0.000378810905
0.502,1.57248661,1.9091553,1.10750098,0.5164846,7.95395808,0.259591419,-0.5164846,0.24168488,-2.8515765e-05,2.8507513e-05,2.8507513e-05,0.00132676547,0.287497752,-0.266756342,-0.000948511847,1,0.00169027913,0.000648097586
0.504,1.57472127,1.91019811,1.12314031,0.524318841,7.59351841,0.262734155,-0.524318841,0.245576566,-2.91883839e-05,2.91808516e-05,2.91808516e-05,0.00136601386,0.29508732,-0.274910247,-0.000943142857,1,0.00392494246,0.00169090895
0.506,1.5769863,1.91125619,1.13805046,0.531831389,7.22207164,0.265708539,-0.531831389,0.249326019,-2.98468155e-05,2.98400063e-05,2.98400063e-05,0.00140408935,0.302389726,-0.282844627,-0.000935193268,1,0.00618997642,0.00274898848
0.508,1.57928022,1.91232888,1.15220961,0.539010777,6.83986485,0.268509025,-0.539010777,0.252927315,-3.04899875e-05,3.04838982e-05,3.04838982e-05,0.00144086234,0.309378679,-0.290532618,-0.000924623993,1,0.0084838953,0.00382167844
0.51,1.5816015,1.9134155,1.16559643,0.545845692,6.44715785,0.271130131,-0.545845692,0.256374562,-3.11168289e-05,3.11114495e-05,3.11114495e-05,0.00147620467,0.316028312,-0.297947519,-0.000911407327,1,0.0108051704,0.00490829834
0.512,1.58394856,1.91451535,1.17819012,0.552324988,6.04422299,0.273566453,-0.552324988,0.259661911,-3.17262724e-05,3.17215861e-05,3.17215861e-05,0.00150999012,0.322313292,-0.305062892,-0.000895527486,1,0.0131522309,0.00600814527
0.514,1.58631979,1.9156277,1.18997044,0.558437706,5.631345,0.275812672,-0.558437706,0.262783566,-3.2317257e-05,3.23132402e-05,3.23132402e-05,0.00154209492,0.328208927,-0.311852671,-0.000876981087,1,0.0155234651,0.00712049426
0.516,1.58871355,1.9167518,1.20091772,0.564173089,5.20882075,0.277863567,-0.564173089,0.26573379,-3.28887299e-05,3.28853522e-05,3.28853522e-05,0.00157239831,0.333691281,-0.318291274,-0.000855777563,1,0.0179172218,0.00824459869
0.518,1.59112814,1.91788689,1.2110129,0.569520596,4.77695903,0.27971402,-0.569520596,0.268506917,-3.34396496e-05,3.34368738e-05,3.34368738e-05,0.00160078303,0.338737286,-0.324353709,-0.000831939502,1,0.0203318108,0.00937969067
0.52,1.59356183,1.91903218,1.22023754,0.574469919,4.33608034,0.281359029,-0.574469919,0.271097363,-3.39689877e-05,3.39667702e-05,3.39667702e-05,0.00162713581,0.343324849,-0.330015688,-0.000805502924,1,0.0227655048,0.0105249815
0.522,1.59601287,1.92018686,1.22857386,0.579011002,3.88651662,0.282793715,-0.579011002,0.273499634,-3.44757316e-05,3.44740225e-05,3.44740225e-05,0.00165134798,0.347432966,-0.33525374,-0.000776517465,1,0.0252165405,0.0116796623
0.524,1.59847945,1.92135011,1.23600474,0.583134053,3.428611,0.284013338,-0.583134053,0.275708333,-3.4958887e-05,3.49576303e-05,3.49576303e-05,0.00167331588,0.351041832,-0.340045324,-0.000745046494,1,0.0276831196,0.0128429042
0.526,1.60095974,1.92252106,1.24251376,0.586829563,2.96271754,0.2850133,-0.586829563,0.277718179,-3.54174801e-05,3.54166141e-05,3.54166141e-05,0.00169294144,0.354132947,-0.344368936,-0.000711167138,1,0.0301634106,0.0140138592
0.528,1.60345188,1.92369886,1.24808522,0.590088322,2.4892009,0.285789158,-0.590088322,0.279524007,-3.58505598e-05,3.58500176e-05,3.58500176e-05,0.00171013265,0.356689225,-0.348204227,-0.00067497022,1,0.0326555501,0.0151916607
0.53,1.60595397,1.92488263,1.25270415,0.592901432,2.0084361,0.286336636,-0.592901432,0.281120787,-3.62572002e-05,3.62569101e-05,3.62569101e-05,0.00172480407,0.358695093,-0.351532108,-0.000636560118,1,0.0351576442,0.0163754241
0.532,1.6084641,1.92607145,1.25635635,0.595260328,1.52080816,0.286651631,-0.595260328,0.282503627,-3.66365027e-05,3.66363885e-05,3.66363885e-05,0.00173687727,0.360136595,-0.354334859,-0.000596054531,1,0.0376677699,0.0175642472
0.534,1.6109803,1.92726441,1.25902837,0.59715679,1.0267118,0.286730226,-0.59715679,0.28366779,-3.6987598e-05,3.69875799e-05,3.69875799e-05,0.00174628133,0.361001488,-0.356596232,-0.000553584155,1,0.0401839768,0.0187572113
0.536,1.61350062,1.92846058,1.26070759,0.598582958,0.526551122,0.286568697,-0.598582958,0.284608698,-3.73096487e-05,3.73096435e-05,3.73096435e-05,0.00175295324,0.361279331,-0.358301558,-0.00050929228,1,0.0427042886,0.0199533816
0.538,1.61602303,1.92965901,1.26138218,0.599531351,0.0207392088,0.286163527,-0.599531351,0.285321947,-3.76018505e-05,3.76017728e-05,3.76017728e-05,0.00175683837,0.360961574,-0.359437841,-0.000463334294,1,0.0452267049,0.0211518083
0.54,1.61854553,1.93085873,1.26104116,0.599994877,-0.490302181,0.285511409,-0.599994877,0.285803314,-3.78634348e-05,3.7863197e-05,3.7863197e-05,0.00175789081,0.36004164,-0.359993853,-0.000415877112,1,0.0477492025,0.0223515267
0.542,1.62106606,1.93205876,1.25967439,0.599966851,-1.00614301,0.284609262,-0.599966851,0.28604877,-3.80936703e-05,3.80931838e-05,3.80931838e-05,0.0017560738,0.358515,-0.359960223,-0.000367098518,1,0.0502697374,0.0235515587
0.544,1.62358257,1.93325812,1.2572726,0.599441009,-1.52634532,0.283454234,-0.599441009,0.286054486,-3.82918643e-05,3.82910401e-05,3.82910401e-05,0.00175136005,0.356379243,-0.359329524,-0.000317186437,1,0.0527862463,0.0247509134
0.546,1.62609298,1.93445579,1.2538274,0.598411519,-2.05046367,0.282043714,-0.598411519,0.285816845,-3.84573651e-05,3.84561146e-05,3.84561146e-05,0.00174373205,0.353634137,-0.358096347,-0.000266338127,1,0.0552966487,0.0259485876
0.548,1.62859517,1.93565077,1.24933129,0.596872998,-2.57804547,0.280375341,-0.596872998,0.285332451,-3.8589563e-05,3.85877984e-05,3.85877984e-05,0.00173318239,0.350281687,-0.356257376,-0.000214759316,1,0.0577988481,0.0271435675
0.55,1.63108706,1.93684203,1.24377769,0.594820522,-3.10863145,0.278447008,-0.594820522,0.284598138,-3.86878915e-05,3.86855273e-05,3.86855273e-05,0.00171971397,0.346326177,-0.353811453,-0.000162663264,1,0.0602907343,0.0283348285
0.552,1.63356651,1.93802854,1.23716095,0.592249638,-3.64175606,0.276256874,-0.592249638,0.283610979,-3.87518293e-05,3.87487824e-05,3.87487824e-05,0.00170334026,0.341774217,-0.350759634,-0.000110269777,1,0.0627701853,0.0295213373
0.554,1.6360314,1.93920925,1.22947633,0.58915638,-4.17694788,0.273803371,-0.58915638,0.282368294,-3.87809007e-05,3.87770916e-05,3.87770916e-05,0.00168408546,0.336634763,-0.34710524,-5.7804168e-05,1,0.0652350686,0.0307020519
0.556,1.63847957,1.94038313,1.22072006,0.585537274,-4.71373008,0.271085206,-0.585537274,0.280867656,-3.87746771e-05,3.87700305e-05,3.87700305e-05,0.00166198464,0.330919148,-0.342853899,-5.49617771e-06,1,0.0676832436,0.0318759232
0.558,1.64090889,1.9415491,1.21088931,0.581389354,-5.25162089,0.268101374,-0.581389354,0.279106904,-3.87327779e-05,3.87272233e-05,3.87272233e-05,0.00163708388,0.324641088,-0.338013581,4.64211457e-05,1,0.0701125634,0.0330418957
0.56,1.6433172,1.94270611,1.19998225,0.576710168,-5.790134,0.264851159,-0.576710168,0.277084147,-3.86548711e-05,3.86483438e-05,3.86483438e-05,0.00160944029,0.317816689,-0.332594618,9.77125925e-05,1,0.0725208764,0.0341989086
0.562,1.64570236,1.9438531,1.18799798,0.57149779,-6.32877906,0.261334144,-0.57149779,0.274797769,-3.85406742e-05,3.85331158e-05,3.85331158e-05,0.00157912206,0.310464434,-0.326609723,0.000148141961,1,0.0749060289,0.0353458969
0.564,1.64806219,1.94498899,1.17493661,0.565750825,-6.86706214,0.257550211,-0.565750825,0.272246442,-3.83899546e-05,3.83813136e-05,3.83813136e-05,0.00154620845,0.302605172,-0.320073997,0.000197473239,1,0.0772658664,0.0364817924
0.566,1.65039456,1.94611273,1.16079924,0.559468424,-7.4044862,0.25349955,-0.559468424,0.269429124,-3.820253e-05,3.81927628e-05,3.81927628e-05,0.0015107897,0.294262086,-0.313004917,0.000245471799,1,0.0795982359,0.0376055247
0.568,1.65269731,1.94722322,1.14558797,0.55265028,-7.9405516,0.24918266,-0.55265028,0.266345071,-3.79782691e-05,3.79673398e-05,3.79673398e-05,0.00147296692,0.285460658,-0.305422332,0.000291905583,1,0.0819009879,0.0387160226
0.57,1.65496831,1.94831942,1.12930588,0.545296647,-8.47475654,0.244600356,-0.545296647,0.26299384,-3.77170915e-05,3.7704973e-05,3.7704973e-05,0.00143285197,0.276228622,-0.297348433,0.000336546292,1,0.0841719782,0.0398122147
0.572,1.6572054,1.94940023,1.11195708,0.537408334,-9.0065976,0.239753769,-0.537408334,0.259375292,-3.74189677e-05,3.7405642e-05,3.7405642e-05,0.00139056725,0.266595901,-0.288807717,0.000379170547,1,0.0864090703,0.0408930311
0.574,1.65940646,1.95046461,1.09354667,0.528986719,-9.5355702,0.234644348,-0.528986719,0.255489599,-3.70839193e-05,3.70693777e-05,3.70693777e-05,0.00134624543,0.256594545,-0.279826948,0.000419561045,1,0.0886101369,0.0419574039
0.576,1.66156939,1.95151147,1.07408076,0.520033747,-10.0611691,0.229273865,-0.520033747,0.251337246,-3.67120191e-05,3.66962624e-05,3.66962624e-05,0.00130002921,0.246258649,-0.270435098,0.000457507671,1,0.0907730622,0.043004269
0.578,1.66369207,1.95253977,1.05356649,0.510551937,-10.582889,0.223644416,-0.510551937,0.246919034,-3.63033903e-05,3.62864293e-05,3.62864293e-05,0.00125207095,0.235624263,-0.26066328,0.000492808587,1,0.0928957441,0.0440325666
0.58,1.66577242,1.95354844,1.03201199,0.500544382,-11.100225,0.217758419,-0.500544382,0.242236083,-3.58582069e-05,3.58400623e-05,3.58400623e-05,0.00120253231,0.224729298,-0.250544678,0.000525271276,1,0.0949760958,0.0450412429
0.582,1.66780837,1.95453645,1.0094264,0.490014753,-11.6126728,0.211618616,-0.490014753,0.237289837,-3.53766925e-05,3.53573951e-05,3.53573951e-05,0.00115158383,0.213613417,-0.240114459,0.000554713543,1,0.0970120482,0.0460292509
0.584,1.66979788,1.95550275,0.985819877,0.478967299,-12.1197298,0.205228074,-0.478967299,0.232082058,-3.48591208e-05,3.48387112e-05,3.48387112e-05,0.00109940447,0.202317915,-0.229409674,0.000580964464,1,0.0990015515,0.0469955517
0.586,1.6717389,1.95644632,0.961203584,0.467406845,-12.6208952,0.198590184,-0.467406845,0.226614836,-3.43058141e-05,3.42843428e-05,3.42843428e-05,0.00104618111,0.190885596,-0.218469159,0.00060386528,1,0.100942578,0.0479391154
0.588,1.67362945,1.95736612,0.935589675,0.455338795,-13.1156706,0.191708657,-0.455338795,0.220890582,-3.37171432e-05,3.36946703e-05,3.36946703e-05,0.000992108029,0.17936064,-0.207333418,0.000623270239,1,0.102833122,0.0488589229
0.59,1.67546753,1.95826117,0.908991302,0.442769128,-13.6035606,0.184587526,-0.442769128,0.214912033,-3.30935267e-05,3.30701216e-05,3.30701216e-05,0.000937386267,0.167788455,-0.196044501,0.000639047363,1,0.104671207,0.0497539663
0.592,1.67725121,1.95913045,0.881422605,0.429704397,-14.0840732,0.17723114,-0.429704397,0.20868225,-3.24354301e-05,3.2411171e-05,3.2411171e-05,0.000882223074,0.156215533,-0.184645869,0.000651079162,1,0.106454879,0.0506232505
0.594,1.67897854,1.959973,0.852898706,0.416151725,-14.5567203,0.169644166,-0.416151725,0.202204616,-3.17433648e-05,3.17183385e-05,3.17183385e-05,0.000826831225,0.14468929,-0.173182258,0.000659263276,1,0.108182217,0.0514657941
0.596,1.68064766,1.96078783,0.8234357,0.402118803,-15.0210184,0.161831581,-0.402118803,0.195482834,-3.10178876e-05,3.09921887e-05,3.09921887e-05,0.000771428348,0.133257901,-0.161699531,0.000663513048,1,0.109851331,0.0522806308
0.598,1.68225669,1.96157401,0.793050644,0.387613882,-15.4764889,0.15379867,-0.387613882,0.188520927,-3.02595997e-05,3.023333e-05,3.023333e-05,0.000716236213,0.121970134,-0.150244521,0.000663758024,1,0.111460364,0.0530668103
0.6,1.68380382,1.9623306,0.761761549,0.372645771,-15.9226587,0.145551023,-0.372645771,0.181323234,-2.94691455e-05,2.94424135e-05,2.94424135e-05,0.000661479987,0.110875173,-0.138864871,0.000659944388,1,0.113007494,0.0538233996
0.602,1.68528726,1.96305669,0.729587368,0.357223833,-16.3590607,0.137094527,-0.357223833,0.173894409,-2.86472118e-05,2.86201318e-05,2.86201318e-05,0.000607387472,0.100022435,-0.127608867,0.000652035316,1,0.114490936,0.0545494839
0.604,1.68670527,1.96375137,0.696547982,0.34135797,-16.7852343,0.128435366,-0.34135797,0.166239413,-2.77945269e-05,2.77672182e-05,2.77672182e-05,0.000554188319,0.0894613952,-0.116525264,0.000640011266,1,0.115908945,0.0552441678
0.606,1.68805614,1.96441378,0.662664191,0.325058624,-17.2007257,0.119580011,-0.325058624,0.158363513,-2.69118592e-05,2.68844452e-05,2.68844452e-05,0.000502113217,0.079241391,-0.105663109,0.00062387019,1,0.117259816,0.0559065764
0.608,1.68933822,1.96504306,0.627957694,0.308336767,-17.6050888,0.110535214,-0.308336767,0.15027228,-2.60000165e-05,2.59726238e-05,2.59726238e-05,0.000451393072,0.069411438,-0.0950715616,0.000603627676,1,0.118541888,0.0565358565
0.61,1.69054987,1.96563838,0.592451078,0.291203887,-17.9978853,0.101308006,-0.291203887,0.14197158,-2.50598447e-05,2.50326022e-05,2.50326022e-05,0.00040225817,0.0600200371,-0.0847997037,0.00057931702,1,0.119753544,0.0571311772
0.612,1.69168954,1.96619893,0.5561678,0.273671986,-18.3786854,0.0919056841,-0.273671986,0.133467568,-2.40922268e-05,2.40652645e-05,2.40652645e-05,0.000354937326,0.0511149821,-0.074896356,0.00055098923,1,0.120893211,0.0576917315
0.614,1.69275569,1.96672394,0.519132169,0.255753566,-18.7470681,0.0823358106,-0.255753566,0.124766689,-2.30980817e-05,2.30715301e-05,2.30715301e-05,0.000309657029,0.042743168,-0.0654098863,0.000518712954,1,0.121959368,0.0582167368
0.616,1.69374687,1.96721264,0.481369332,0.237461617,-19.1026218,0.0726062003,-0.237461617,0.115875664,-2.20783633e-05,2.20523518e-05,2.20523518e-05,0.000266640584,0.0349503981,-0.0563880195,0.000482574349,1,0.12295054,0.0587054364
0.618,1.69466163,1.9676643,0.442905248,0.21880961,-19.4449446,0.0627249155,-0.21880961,0.106801487,-2.10340589e-05,2.10087152e-05,2.10087152e-05,0.000226107253,0.0277811943,-0.0478776455,0.000442676878,1,0.123865306,0.0591570998
0.62,1.69549862,1.96807823,0.403766675,0.199811482,-19.773645,0.0527002569,-0.199811482,0.0975514211,-1.99661888e-05,1.99416376e-05,1.99416376e-05,0.000188271391,0.0212786075,-0.0399246283,0.000399141046,1,0.124702297,0.0595710243
0.622,1.69625652,1.96845374,0.363981145,0.180481623,-20.088342,0.0425407551,-0.180481623,0.0881329852,-1.88758043e-05,1.88521667e-05,1.88521667e-05,0.000153341597,0.0154840327,-0.0325736164,0.000352104071,1,0.125460197,0.0599465356
0.624,1.69693408,1.96879019,0.323576943,0.160834867,-20.3886659,0.0322551621,-0.160834867,0.078553951,-1.77639875e-05,1.77413792e-05,1.77413792e-05,0.000121519875,0.0104370268,-0.0258678546,0.000301719491,1,0.126137749,0.0602829888
0.626,1.69753008,1.96908697,0.282583088,0.140886475,-20.6742581,0.0218524419,-0.140886475,0.0688223337,-1.66318492e-05,1.66103803e-05,1.66103803e-05,9.30007943e-05,0.00617513051,-0.0198489988,0.000248156713,1,0.12673375,0.0605797689
0.628,1.69804339,1.96934349,0.241029304,0.12065212,-20.9447724,0.011341761,-0.12065212,0.0589463837,-1.54805285e-05,1.54603021e-05,1.54603021e-05,6.79706843e-05,0.00273369676,-0.014556934,0.000191600505,1,0.127247059,0.0608362924
0.63,1.69847292,1.96955921,0.198945999,0.100147877,-21.1998745,0.000732479099,-0.100147877,0.0489345783,-1.43111913e-05,1.42923029e-05,1.42923029e-05,4.66068335e-05,0.000145723786,-0.0100295973,0.000132250422,1,0.127676594,0.0610520072
0.632,1.69881766,1.9697336,0.156364241,0.0793902047,-21.4392431,-0.00996586121,-0.0793902047,0.0387956129,-1.31250293e-05,1.31075655e-05,1.31075655e-05,2.90767191e-05,-0.00155830432,-0.00630280461,7.03201813e-05,1,0.128021334,0.0612263942
0.634,1.69907665,1.96986617,0.11331573,0.058395931,-21.6625696,-0.0207435445,-0.058395931,0.0285383918,-1.19232585e-05,1.19072968e-05,1.19072968e-05,1.55372594e-05,-0.00235056988,-0.00341008476,6.03698231e-06,1,0.128280323,0.0613589674
0.636,1.69924899,1.96995648,0.0698327734,0.0371822367,-21.869559,-0.0315906931,-0.0371822367,0.0181720187,-1.07071183e-05,1.0692726e-05,1.0692726e-05,6.1340967e-06,-0.00220606572,-0.00138251873,-6.0359236e-05,1,0.128452666,0.061449275
0.638,1.69933386,1.9700041,0.0259482593,0.0157666398,-22.05993,-0.0424972776,-0.0157666398,0.00770578749,-9.47787036e-06,9.46510396e-06,9.46510396e-06,1.00091099e-06,-0.00110273038,-0.000248586932,-0.000128616586,1,0.128537536,0.0614969002
0.64,1.6993305,1.97000866,-0.0183043732,-0.0058330217,-22.2334154,-0.0534531281,0.0058330217,-0.00285082834,-8.2367971e-06,8.22570186e-06,8.22570186e-06,2.58769646e-07,0.000978426007,-3.40241422e-05,-0.000198472078,1,0.128534171,0.0615014612
0.642,1.69923821,1.96996981,-0.062891161,-0.0275986069,-22.3897622,-0.064447945,0.0275986069,-0.0134881854,-6.98520056e-06,6.97581e-06,6.97581e-06,4.01551469e-06,0.00405320609,-0.000761683105,-0.000269652522,1,0.128441879,0.0614626127
0.644,1.69905636,1.96988725,-0.107777646,-0.0495116896,-22.5287324,-0.0754713109,0.0495116896,-0.0241964811,-5.72440116e-06,5.71673671e-06,5.71673671e-06,1.23651911e-05,0.00813412024,-0.0024514074,-0.00034187548,1,0.128260032,0.0613800457
0.646,1.6987844,1.96976069,-0.152928905,-0.0715535758,-22.6501025,-0.0865127019,0.0715535758,-0.0349657644,-4.45573633e-06,4.44980704e-06,4.44980704e-06,2.53875182e-05,0.0132302928,-0.00511991421,-0.000414850269,1,0.127988077,0.0612534886
0.648,1.69842185,1.96958991,-0.19830958,-0.0937053229,-22.7536647,-0.0975614996,0.0937053229,-0.0457859468,-3.18055916e-06,3.17636158e-06,3.17636158e-06,4.31474077e-05,0.01934738,-0.00878068754,-0.000488279019,1,0.127625526,0.0610827075
0.65,1.69796829,1.96937471,-0.243883907,-0.115947758,-22.8392265,-0.108607003,0.115947758,-0.0566468133,-1.90023699e-06,1.89775512e-06,1.89775512e-06,6.56945296e-05,0.0264875003,-0.0134438825,-0.00056185778,1,0.127171966,0.0608675065
0.652,1.69742338,1.96911493,-0.289615752,-0.138261496,-22.9066109,-0.119638441,0.138261496,-0.0675380345,-6.16149985e-07,6.15355326e-07,6.15355326e-07,9.30629286e-05,0.0346491772,-0.0191162412,-0.00063527767,1,0.126627055,0.0606077284
0.654,1.69678685,1.96881046,-0.335468635,-0.160626961,-22.9556572,-0.130644986,0.160626961,-0.0784491778,6.70310407e-07,-6.69458646e-07,6.69458646e-07,0.000125270694,0.0438272952,-0.0258010206,-0.000708226087,1,0.125990524,0.0603032551
0.656,1.6960585,1.96846121,-0.381405771,-0.183024405,-22.9862207,-0.141615764,0.183024405,-0.0893697194,1.95774298e-06,-1.9552976e-06,1.9552976e-06,0.000162319683,0.0540130695,-0.0334979328,-0.000780387946,1,0.125262176,0.0599540078
0.658,1.69523821,1.96806715,-0.427390094,-0.205433927,-22.9981731,-0.152539869,0.205433927,-0.100289057,3.24473842e-06,-3.24076382e-06,3.24076382e-06,0.000204195302,0.0651940288,-0.0422030985,-0.000851446979,1,0.124441888,0.0595599474
0.66,1.69432594,1.96762828,-0.473384296,-0.227835497,-22.9914026,-0.163406377,0.227835497,-0.111196522,4.52988095e-06,-4.52445263e-06,4.52445263e-06,0.000250866343,0.0773540126,-0.0519090135,-0.000921087061,1,0.123529614,0.0591210748
0.662,1.69332171,1.96714463,-0.519350857,-0.25020897,-22.9658142,-0.174204359,0.25020897,-0.122081391,5.81175014e-06,-5.80495402e-06,5.80495402e-06,0.000302284884,0.090473183,-0.0626045289,-0.000988993581,1,0.12252538,0.058637431
0.664,1.69222562,1.9666163,-0.565252079,-0.272534116,-22.9213296,-0.184922893,0.272534116,-0.132932902,7.08892271e-06,-7.08085444e-06,7.08085444e-06,0.000358386242,0.10452805,-0.0742748446,-0.00105485485,1,0.121429288,0.0581090975
0.666,1.69103784,1.9660434,-0.611050123,-0.294790634,-22.8578876,-0.195551079,0.294790634,-0.143740263,8.35997441e-06,-8.35073852e-06,8.35073852e-06,0.000419088996,0.119491511,-0.0869015178,-0.00111836352,1,0.120241517,0.0575361963
0.668,1.68975865,1.96542609,-0.656707037,-0.316958176,-22.7754441,-0.206078053,0.316958176,-0.15449267,9.62348202e-06,-9.61319098e-06,9.61319098e-06,0.000484295066,0.135332908,-0.100462485,-0.00117921807,1,0.118962321,0.0569188901
0.67,1.68838836,1.96476458,-0.702184796,-0.33901637,-22.6739721,-0.216493001,0.33901637,-0.165179317,1.08780254e-05,-1.08667986e-05,1.08667986e-05,0.000553889855,0.152018094,-0.114932099,-0.00123712424,1,0.117592029,0.0562573823
0.672,1.68692737,1.96405912,-0.747445332,-0.360944842,-22.5534619,-0.226785171,0.360944842,-0.17578941,1.21221897e-05,-1.21101524e-05,1.21101524e-05,0.000627742456,0.169509518,-0.130281179,-0.00129179659,1,0.116131047,0.0555519171
0.674,1.68537618,1.96330998,-0.792450573,-0.382723236,-22.4139213,-0.236943893,0.382723236,-0.186312185,1.33545674e-05,-1.33418494e-05,1.33418494e-05,0.000705705919,0.187766324,-0.146477076,-0.00134295991,1,0.114579857,0.0548027794
0.676,1.68373534,1.9625175,-0.837162472,-0.404331241,-22.2553753,-0.246958586,0.404331241,-0.196736917,1.45737607e-05,-1.45604953e-05,1.45604953e-05,0.000787617581,0.20674446,-0.163483752,-0.00139035079,1,0.112939017,0.0540102947
0.678,1.68200549,1.96168203,-0.88154305,-0.425748608,-22.0778664,-0.256818778,0.425748608,-0.207052936,1.57783841e-05,-1.57647066e-05,1.57647066e-05,0.00087329946,0.226396808,-0.181261877,-0.00143371907,1,0.111209161,0.0531748292
0.68,1.68018733,1.96080399,-0.925554422,-0.446955178,-21.8814545,-0.266514119,0.446955178,-0.217249645,1.69670664e-05,-1.69531128e-05,1.69531128e-05,0.000962558705,0.246673321,-0.199768931,-0.00147282932,1,0.109391,0.0522967893
0.682,1.67828165,1.95988382,-0.969158837,-0.467930903,-21.6662171,-0.276034397,0.467930903,-0.227316529,1.81384534e-05,-1.81243594e-05,1.81243594e-05,0.00105518811,0.267521175,-0.21895933,-0.00150746227,1,0.107485319,0.0513766216
0.684,1.67628931,1.95892201,-1.01231871,-0.488655871,-21.4322489,-0.285369549,0.488655871,-0.237243173,1.92912109e-05,-1.92771098e-05,1.92771098e-05,0.00115096669,0.288884935,-0.23878456,-0.00153741621,1,0.10549298,0.0504148129
0.686,1.67421124,1.95791909,-1.05499667,-0.509110326,-21.1796621,-0.294509683,0.509110326,-0.247019277,2.04240267e-05,-2.04100485e-05,2.04100485e-05,0.00124966031,0.310706735,-0.259193324,-0.00156250836,1,0.103414916,0.0494118893
0.688,1.67204847,1.95687562,-1.09715557,-0.529274697,-20.9085864,-0.303445084,0.529274697,-0.256634669,2.15356134e-05,-2.15218833e-05,2.15218833e-05,0.00135102235,0.332926463,-0.280131704,-0.00158257616,1,0.101252141,0.0483684163
0.69,1.66980206,1.9557922,-1.13875853,-0.549129614,-20.6191684,-0.312166237,0.549129614,-0.266079322,2.26247116e-05,-2.26113486e-05,2.26113486e-05,0.00145479447,0.355481965,-0.301543333,-0.00159747847,1,0.099005736,0.0472849984
0.692,1.66747319,1.95466948,-1.179769,-0.568655941,-20.3115723,-0.320663836,0.568655941,-0.275343369,2.36900922e-05,-2.36772078e-05,2.36772078e-05,0.00156070739,0.378309252,-0.323369579,-0.00160709671,1,0.0966768604,0.0461622784
0.694,1.66506307,1.95350814,-1.22015074,-0.587834791,-19.9859791,-0.328928803,0.587834791,-0.284417115,2.47305595e-05,-2.4718256e-05,2.4718256e-05,0.00166848172,0.401342723,-0.345549741,-0.00161133595,1,0.0942667442,0.0450009372
0.696,1.66257302,1.9523089,-1.25986792,-0.606647556,-19.642587,-0.336952299,0.606647556,-0.293291055,2.57449537e-05,-2.57333236e-05,2.57333236e-05,0.00177782886,0.424515393,-0.368021257,-0.00161012579,1,0.0917766896,0.0438016931
0.698,1.6600044,1.9510725,-1.29888509,-0.625075926,-19.2816109,-0.344725742,0.625075926,-0.301955891,2.67321541e-05,-2.67212784e-05,2.67212784e-05,0.0018884519,0.447759128,-0.390719914,-0.00160342121,1,0.0892080702,0.042565301
0.7,1.65735866,1.94979975,-1.33716726,-0.643101918,-18.9032824,-0.35224082,0.643101918,-0.31040254,2.76910817e-05,-2.76810288e-05,2.76810288e-05,0.00200004661,0.471004892,-0.413580077,-0.00159120328,1,0.0865623297,0.0412925524
0.702,1.65463731,1.94849148,-1.3746799,-0.660707892,-18.5078497,-0.359489501,0.660707892,-0.318622155,2.8620702e-05,-2.86115271e-05,2.86115271e-05,0.00211230245,0.494182993,-0.436534919,-0.00157347966,1,0.0838409815,0.0399842741
0.704,1.65184193,1.94714853,-1.41138901,-0.677876581,-18.0955774,-0.366464055,0.677876581,-0.326606136,2.95200278e-05,-2.95117715e-05,2.95117715e-05,0.00222490358,0.51722334,-0.459516659,-0.00155028506,1,0.0810456071,0.0386413278
0.706,1.64897418,1.94577181,-1.4472611,-0.69459111,-17.6667462,-0.373157062,0.69459111,-0.334346149,3.0388122e-05,-3.03808098e-05,3.03808098e-05,0.00233752993,0.540055701,-0.48245681,-0.00152168146,1,0.0781778556,0.0372646092
0.708,1.64603577,1.94436225,-1.48226329,-0.710835019,-17.2216527,-0.379561424,0.710835019,-0.341834131,3.12241004e-05,-3.12177417e-05,3.12177417e-05,0.00244985831,0.562609967,-0.505286424,-0.00148775819,1,0.0752394422,0.0358550473
0.71,1.64302847,1.94292081,-1.51636328,-0.726592287,-16.7606093,-0.385670383,0.726592287,-0.349062315,3.20271338e-05,-3.20217218e-05,3.20217218e-05,0.00256156349,0.584816408,-0.527936352,-0.00144863183,1,0.0722321472,0.0344136034
0.712,1.63995414,1.94144847,-1.54952942,-0.741847354,-16.283944,-0.391477527,0.741847354,-0.356023235,3.27964509e-05,-3.27919619e-05,3.27919619e-05,0.00267231938,0.606605945,-0.550337496,-0.00140444597,1,0.0691578146,0.0329412704
0.714,1.63681468,1.93994627,-1.58173071,-0.756585138,-15.7919998,-0.396976809,0.756585138,-0.362709742,3.35313407e-05,-3.35277338e-05,3.35277338e-05,0.00278180009,0.627910409,-0.572421071,-0.00135537069,1,0.066018351,0.0314390715
0.716,1.63361205,1.93841526,-1.61293686,-0.770791064,-15.2851348,-0.402162551,0.770791064,-0.369115017,3.42311548e-05,-3.42283718e-05,3.42283718e-05,0.00288968116,0.648662803,-0.594118864,-0.00130160196,1,0.0628157241,0.0299080596
0.718,1.63034829,1.93685652,-1.64311831,-0.784451075,-14.7637216,-0.40702946,0.784451075,-0.375232583,3.48953089e-05,-3.48932745e-05,3.48932745e-05,0.00299564064,0.66879756,-0.615363489,-0.00124336081,1,0.0595519611,0.028349316
0.72,1.62702547,1.93527115,-1.67224626,-0.797551661,-14.2281474,-0.411572634,0.797551661,-0.381056316,3.55232858e-05,-3.55219074e-05,3.55219074e-05,0.00309936029,0.688250797,-0.636088652,-0.00118089226,1,0.0562291478,0.0267639497
0.722,1.62364575,1.9336603,-1.70029267,-0.810079872,-13.6788134,-0.415787574,0.810079872,-0.386580455,3.61146364e-05,-3.61138048e-05,3.61138048e-05,0.0032005267,0.706960565,-0.656229398,-0.00111446414,1,0.0528494261,0.0251530957
0.724,1.62021132,1.93202512,-1.72723034,-0.822023337,-13.1161342,-0.419670192,0.822023337,-0.391799614,3.66689815e-05,-3.66685714e-05,3.66685714e-05,0.00329883242,0.724867089,-0.675722366,-0.00104436571,1,0.0494149933,0.0235179143
0.726,1.61672443,1.93036679,-1.7530329,-0.833370285,-12.5405381,-0.423216819,0.833370285,-0.396708793,3.71860134e-05,-3.71858837e-05,3.71858837e-05,0.00339397708,0.741913005,-0.694506032,-0.000970906037,1,0.0459281001,0.0218595899
0.728,1.61318738,1.92868653,-1.77767483,-0.844109559,-11.9524663,-0.426424209,0.844109559,-0.401303382,3.76654968e-05,-3.76654917e-05,3.76654917e-05,0.00348566847,0.758043584,-0.712520947,-0.000894412299,1,0.0423910486,0.0201793294
0.73,1.60960252,1.92698556,-1.80113154,-0.854230633,-11.3523727,-0.429289549,0.854230633,-0.405579173,3.81072701e-05,-3.81072197e-05,3.81072197e-05,0.00357362365,0.773206946,-0.729709974,-0.000815227864,1,0.038806191,0.0184783616
0.732,1.60597225,1.92526514,-1.82337931,-0.863723626,-10.7407231,-0.431810463,0.863723626,-0.409532368,3.85112457e-05,-3.85109672e-05,3.85109672e-05,0.00365756993,0.787354265,-0.746018502,-0.000733710243,1,0.0351759275,0.0167579352
0.734,1.60229903,1.92352652,-1.84439541,-0.872579317,-10.1179956,-0.433985013,0.872579317,-0.413159581,3.88774105e-05,-3.88767095e-05,3.88767095e-05,0.00373724591,0.800439964,-0.761394664,-0.000650228903,1,0.0315027045,0.0150193181
0.736,1.59858534,1.921771,-1.86415803,-0.880789157,-9.48467931,-0.435811706,0.880789157,-0.416457848,3.92058264e-05,-3.92044981e-05,3.92044981e-05,0.00381240247,0.81242189,-0.775789539,-0.000565162966,1,0.0277890129,0.0132637956
0.738,1.59483371,1.91999987,-1.88264637,-0.888345283,-8.84127456,-0.437289495,0.888345283,-0.419424629,3.94966296e-05,-3.94944601e-05,3.94944601e-05,0.00388280362,0.82326148,-0.789157341,-0.000478898803,1,0.0240373858,0.0114926694
0.74,1.59104672,1.91821446,-1.89984064,-0.895240524,-8.18829209,-0.438417779,0.895240524,-0.422057814,3.97500309e-05,-3.97467986e-05,3.97467986e-05,0.00394822745,0.832923912,-0.801455595,-0.000391827537,1,0.0202503965,0.00970725599
0.742,1.58722698,1.91641609,-1.91572207,-0.901468415,-7.52625277,-0.439196403,0.901468415,-0.42435572,3.99663141e-05,-3.99617915e-05,3.99617915e-05,0.00400846691,0.84137824,-0.812645303,-0.000304342495,1,0.0164306569,0.00790888534
0.744,1.58337714,1.9146061,-1.93027294,-0.907023202,-6.85568705,-0.439625658,0.907023202,-0.4263171,4.01458358e-05,-4.01397909e-05,4.01397909e-05,0.00406333059,0.84859751,-0.822691089,-0.000216836608,1,0.0125808149,0.00609889944
0.746,1.57949988,1.91278585,-1.9434766,-0.911899852,-6.1771345,-0.439706278,0.911899852,-0.427941139,4.02890234e-05,-4.02812215e-05,4.02812215e-05,0.00411264346,0.854558863,-0.831561341,-0.00012969979,1,0.00870355274,0.0042786509
0.748,1.57559791,1.9109567,-1.9553175,-0.916094055,-5.49114336,-0.439439436,0.916094055,-0.429227452,4.03963739e-05,-4.0386579e-05,4.0386579e-05,0.00415624746,0.859243618,-0.839228317,-4.33163243e-05,1,0.00480158432,0.00244950151
0.75,1.57167398,1.90912002,-1.96578116,-0.919602228,-4.79826994,-0.43882674,0.919602228,-0.430176086,4.04684514e-05,-4.04564283e-05,4.04564283e-05,0.00419400214,0.862637339,-0.845668258,4.19377257e-05,1,0.00087765348,0.000612820751
0.752,1.56773086,1.90727719,-1.97485425,-0.922421522,-4.09907821,-0.437870228,0.922421522,-0.430787515,4.05058854e-05,-4.04914011e-05,4.04914011e-05,0.00422578518,0.864729881,-0.850861465,0.000125697059,1,-0.00306546847,-0.00123001565
0.754,1.56377134,1.90542957,-1.98252455,-0.924549818,-3.39413919,-0.43657236,0.924549818,-0.431062636,4.05093677e-05,-4.04921931e-05,4.04921931e-05,0.00425149279,0.865515423,-0.854792367,0.000207609603,1,-0.00702498493,-0.00307762716
0.756,1.55979825,1.90357857,-1.98878101,-0.92598573,-2.68403049,-0.434936008,0.92598573,-0.431002763,4.04796494e-05,-4.04595612e-05,4.04595612e-05,0.00427104015,0.864992474,-0.857449572,0.000287338879,1,-0.0109980763,-0.00492862994
0.758,1.55581442,1.90172556,-1.99361372,-0.926728601,-1.96933569,-0.432964451,0.926728601,-0.430609625,4.0417538e-05,-4.039432e-05,4.039432e-05,0.00428436169,0.863163872,-0.858825899,0.000364566253,1,-0.0149819024,-0.00678163829
0.76,1.55182272,1.89987194,-1.99701396,-0.9267785,-1.25064385,-0.430661364,0.9267785,-0.429885351,4.03238936e-05,-4.02973386e-05,4.02973386e-05,0.00429141135,0.860036754,-0.858918389,0.000438993036,1,-0.0189736046,-0.00863526611
0.762,1.54782602,1.89801907,-1.99897416,-0.926136222,-0.528548907,-0.428030803,0.926136222,-0.428832469,4.01996251e-05,-4.01695359e-05,4.01695359e-05,0.00429216268,0.855622514,-0.857728301,0.000510342425,1,-0.0229703083,-0.0104881283
0.764,1.5438272,1.89616836,-1.99948797,-0.924803272,0.196350863,-0.425077197,0.924803272,-0.42745389,4.00456862e-05,-4.00118774e-05,4.00118774e-05,0.00428660902,0.849936742,-0.855261092,0.000578361249,1,-0.0269691253,-0.0123388423
0.766,1.53982917,1.89432117,-1.99855024,-0.922781867,0.923453448,-0.42180533,0.922781867,-0.425752905,3.98630707e-05,-3.98253699e-05,3.98253699e-05,0.00427476345,0.842999144,-0.851526374,0.000642821525,1,-0.0309671562,-0.0141860295
0.768,1.53583483,1.89247889,-1.99615701,-0.920074921,1.65215367,-0.418220333,0.920074921,-0.423733163,3.96528079e-05,-3.96110569e-05,3.96110569e-05,0.00425665873,0.834833449,-0.84653786,0.000703521774,1,-0.0349614929,-0.0160283164
0.77,1.53184711,1.89064287,-1.99230554,-0.916686035,2.38184376,-0.414327662,0.916686035,-0.42139867,3.94159583e-05,-3.93700139e-05,3.93700139e-05,0.00423234721,0.825467297,-0.840313286,0.000760288121,1,-0.0389492205,-0.0178643364
0.772,1.52786891,1.88881447,-1.98699431,-0.912619486,3.11191398,-0.410133087,0.912619486,-0.418753765,3.91536076e-05,-3.91033431e-05,3.91033431e-05,0.00420190057,0.814932111,-0.832874326,0.000812975128,1,-0.0429274207,-0.0196927308
0.774,1.52390315,1.88699505,-1.98022302,-0.907880213,3.8417532,-0.405642672,0.907880213,-0.415803111,3.88668623e-05,-3.88121679e-05,3.88121679e-05,0.0041654096,0.803262958,-0.824246482,0.000861466378,1,-0.0468931734,-0.0215121503
0.776,1.51995277,1.88518595,-1.97199259,-0.902473803,4.57074951,-0.400862759,0.902473803,-0.412551681,3.85568436e-05,-3.84976273e-05,3.84976273e-05,0.0041229838,0.790498389,-0.814458965,0.000905674792,1,-0.0508435592,-0.0233212565
0.778,1.51602066,1.88338848,-1.96230516,-0.896406471,5.2982908,-0.395799948,0.896406471,-0.409004735,3.82246822e-05,-3.81608704e-05,3.81608704e-05,0.00407475101,0.776680281,-0.803544562,0.00094554267,1,-0.0547756625,-0.0251187227
0.78,1.51210975,1.88160397,-1.9511641,-0.889685047,6.0237654,-0.390461082,0.889685047,-0.405167813,3.78715127e-05,-3.78030505e-05,3.78030505e-05,0.00402085691,0.761853646,-0.791539483,0.000981041465,1,-0.0586865733,-0.0269032355
0.782,1.50822294,1.87983371,-1.93857401,-0.882316954,6.74656266,-0.384853222,0.882316954,-0.401046707,3.74984674e-05,-3.74253193e-05,3.74253193e-05,0.00396146447,0.746066452,-0.778483208,0.00101217128,1,-0.0625733899,-0.0286734959
0.784,1.50436311,1.87807898,-1.92454069,-0.87431019,7.46607359,-0.378983631,0.87431019,-0.39664745,3.71066712e-05,-3.70288207e-05,3.70288207e-05,0.00389675341,0.729369417,-0.764418308,0.00103896008,1,-0.0664332213,-0.0304282205
0.786,1.50053314,1.87634106,-1.90907117,-0.865673304,8.18169142,-0.372859752,0.865673304,-0.391976297,3.66972351e-05,-3.66146852e-05,3.66146852e-05,0.00382691946,0.711815803,-0.749390269,0.00106146272,1,-0.0702631895,-0.0321661426
0.788,1.49673589,1.87462119,-1.8921737,-0.856415377,8.89281223,-0.366489189,0.856415377,-0.387039702,3.62712507e-05,-3.6184024e-05,3.6184024e-05,0.00375217375,0.693461204,-0.733447299,0.00107975956,1,-0.0740604324,-0.0338860131
0.79,1.49297422,1.8729206,-1.87385771,-0.846546,9.59883558,-0.359879686,0.846546,-0.381844302,3.58297847e-05,-3.57379228e-05,3.57379228e-05,0.00367274198,0.674363325,-0.716640131,0.00109395506,1,-0.0778221057,-0.0355866019
0.792,1.48925094,1.8712405,-1.85413386,-0.836075246,10.2991651,-0.353039104,0.836075246,-0.376396896,3.53738728e-05,-3.52774365e-05,3.52774365e-05,0.00358886364,0.654581756,-0.699021816,0.00110417594,1,-0.0815453854,-0.0372666986
0.794,1.48556886,1.86958209,-1.83301397,-0.825013646,10.993209,-0.345975404,0.825013646,-0.370704426,3.49045143e-05,-3.4803583e-05,3.4803583e-05,0.00350079123,0.634177747,-0.680647515,0.00111056928,1,-0.0852274704,-0.0389251135
0.796,1.48193074,1.86794652,-1.81051105,-0.813372167,11.6803807,-0.338696621,0.813372167,-0.364773955,3.4422667e-05,-3.43173385e-05,3.43173385e-05,0.00340878928,0.613213975,-0.661574282,0.00111330037,1,-0.0888655847,-0.0405606787
0.798,1.47833935,1.86633495,-1.78663929,-0.801162185,12.3600997,-0.33121085,0.801162185,-0.35861265,3.39292416e-05,-3.38196314e-05,3.38196314e-05,0.00331313356,0.591754318,-0.641860847,0.0011125504,1,-0.0924569798,-0.0421722485
0.8,1.47479739,1.8647485,-1.76141402,-0.788395457,13.0317917,-0.323526221,0.788395457,-0.352227762,3.3425097e-05,-3.33113379e-05,3.33113379e-05,0.00321411004,0.569863622,-0.621567397,0.00110851404,1,-0.0959989371,-0.0437587005
0.802,1.47130756,1.86318827,-1.73485173,-0.775084096,13.6948893,-0.315650879,0.775084096,-0.345626603,3.29110354e-05,-3.2793277e-05,3.2793277e-05,0.00311201401,0.547607474,-0.600755355,0.00110139688,1,-0.0994887698,-0.0453189364
0.804,1.4678725,1.86165532,-1.70697002,-0.761240542,14.348833,-0.307592968,0.761240542,-0.33881653,3.23877979e-05,-3.2266206e-05,3.2266206e-05,0.00300714906,0.525051975,-0.579487163,0.0010914128,1,-0.102923826,-0.0468518823
0.806,1.46449484,1.86015071,-1.67778762,-0.74687754,14.993071,-0.299360609,0.74687754,-0.331804923,3.18560608e-05,-3.17308164e-05,3.17308164e-05,0.0028998261,0.502263522,-0.557826059,0.00107878126,1,-0.10630149,-0.0483564898
0.808,1.46117714,1.85867547,-1.64732434,-0.732008106,15.6270605,-0.290961881,0.732008106,-0.324599171,3.1316431e-05,-3.11877303e-05,3.11877303e-05,0.00279036235,0.479308588,-0.535835867,0.00106372462,1,-0.109619184,-0.0498317361
0.81,1.45792195,1.85723058,-1.61560109,-0.716645506,16.2502676,-0.282404806,0.716645506,-0.317206649,3.07694435e-05,-3.06374966e-05,3.06374966e-05,0.00267908036,0.456253512,-0.513580782,0.00104646537,1,-0.112874374,-0.0512766251
0.812,1.45473176,1.85581701,-1.58263982,-0.700803228,16.8621684,-0.273697332,0.700803228,-0.309634703,3.0215558e-05,-3.00805887e-05,3.00805887e-05,0.00256630694,0.433164296,-0.491125164,0.00102722349,1,-0.116064566,-0.0526901872
0.814,1.45160901,1.85443572,-1.54846353,-0.684494953,17.462249,-0.264847313,0.684494953,-0.301890632,2.96551563e-05,-2.95174011e-05,2.95174011e-05,0.00245237221,0.410106406,-0.46853334,0.00100621382,1,-0.119187314,-0.05407148
0.816,1.44855611,1.85308761,-1.51309625,-0.667734531,18.0500064,-0.255862497,0.667734531,-0.293981673,2.90885406e-05,-2.89482484e-05,2.89482484e-05,0.00233760855,0.387144586,-0.445869404,0.000983643474,1,-0.122240216,-0.055419589
0.818,1.4455754,1.85177357,-1.47656299,-0.650535959,18.6249487,-0.246750512,0.650535959,-0.285914984,2.85159314e-05,-2.83733627e-05,2.83733627e-05,0.00222234964,0.364342675,-0.423197033,0.000959709504,1,-0.125220922,-0.0567336272
0.82,1.44266919,1.85049447,-1.43888975,-0.632913348,19.1865958,-0.23751885,0.632913348,-0.277697634,2.79374669e-05,-2.77928933e-05,2.77928933e-05,0.00210692942,0.341763438,-0.400579306,0.000934596567,1,-0.128127132,-0.058012736
0.822,1.43983973,1.84925112,-1.40010346,-0.614880908,19.7344798,-0.228174857,0.614880908,-0.269336581,2.73532021e-05,-2.72069056e-05,2.72069056e-05,0.00199168119,0.319468406,-0.378078531,0.000908474842,1,-0.130956601,-0.059256085
0.824,1.43708919,1.84804433,-1.36023199,-0.59645292,20.2681452,-0.218725722,0.59645292,-0.26083867,2.67631087e-05,-2.66153814e-05,2.66153814e-05,0.0018769366,0.297517725,-0.355756085,0.000881498121,1,-0.133707136,-0.0604628725
0.826,1.43441972,1.84687488,-1.31930412,-0.577643714,20.7871496,-0.209178465,0.577643714,-0.252210612,2.61670758e-05,-2.60182192e-05,2.60182192e-05,0.00176302475,0.275970011,-0.333672261,0.000853802102,1,-0.136376603,-0.0616323253
0.828,1.4318334,1.8457435,-1.2773495,-0.558467651,21.2910643,-0.199539929,0.558467651,-0.24345898,2.55649107e-05,-2.54152354e-05,2.54152354e-05,0.00165027127,0.254882227,-0.311886118,0.000825502926,1,-0.138962926,-0.0627636989
0.83,1.42933224,1.84465092,-1.23439861,-0.5389391,21.7794742,-0.189816773,0.5389391,-0.234590196,2.49563403e-05,-2.48061653e-05,2.48061653e-05,0.00153899744,0.23430956,-0.290455354,0.000796695956,1,-0.141464089,-0.0638562774
0.832,1.42691819,1.84359783,-1.19048276,-0.519072421,22.2519785,-0.180015465,0.519072421,-0.225610525,2.43410137e-05,-2.41906661e-05,2.41906661e-05,0.00142951935,0.214305308,-0.269436178,0.000767454817,1,-0.14387814,-0.064909374
0.834,1.42459314,1.84258487,-1.14563407,-0.498881944,22.7081908,-0.170142277,0.498881944,-0.216526066,2.3718504e-05,-2.35683185e-05,2.35683185e-05,0.00132214707,0.19492079,-0.248883194,0.000737830711,1,-0.146203188,-0.0659223302
0.836,1.42235892,1.84161269,-1.0998854,-0.478381959,23.1477401,-0.160203281,0.478381959,-0.207342749,2.30883119e-05,-2.29386305e-05,2.29386305e-05,0.00121718383,0.176205249,-0.228849299,0.000707852004,1,-0.148437408,-0.0668945164
0.838,1.42021728,1.84068187,-1.05327033,-0.457586698,23.5702702,-0.150204345,0.457586698,-0.198066328,2.24498694e-05,-2.23010405e-05,2.23010405e-05,0.00111492531,0.15820578,-0.209385586,0.000677524105,1,-0.150579043,-0.0678253312
0.84,1.41816992,1.839793,-1.00582318,-0.436510319,23.9754407,-0.140151134,0.436510319,-0.188702376,2.18025436e-05,-2.16549219e-05,2.16549219e-05,0.0010156589,0.140967258,-0.190541258,0.000646829623,1,-0.152626402,-0.068714202
0.842,1.41621846,1.83894662,-0.957578893,-0.415166899,24.362927,-0.130049106,0.415166899,-0.179256289,2.11456411e-05,-2.09995872e-05,2.09995872e-05,0.000919662959,0.124532279,-0.172363554,0.000615728812,1,-0.154577865,-0.069560584
0.844,1.41436445,1.83814324,-0.908573084,-0.393570421,24.7324208,-0.119903519,0.393570421,-0.169733276,2.04784135e-05,-2.03342928e-05,2.03342928e-05,0.000827206242,0.10894111,-0.154897676,0.000584160293,1,-0.156431881,-0.0703639606
0.846,1.41260935,1.83738336,-0.858841957,-0.371734765,25.0836299,-0.109719424,0.371734765,-0.16013837,1.98000627e-05,-1.96582452e-05,1.96582452e-05,0.000738547223,0.0942316447,-0.138186735,0.000552042049,1,-0.158186974,-0.0711238432
0.848,1.41095459,1.83666743,-0.808422289,-0.349673701,25.4162789,-0.0995016775,0.349673701,-0.150476417,1.91097463e-05,-1.89706057e-05,1.89706057e-05,0.000653933535,0.0804393739,-0.122271697,0.000519272679,1,-0.159841738,-0.0718397705
0.85,1.40940148,1.83599589,-0.757351399,-0.327400885,25.7301093,-0.0892549399,0.327400885,-0.140752089,1.84065842e-05,-1.82704974e-05,1.82704974e-05,0.000573601421,0.0675973536,-0.107191339,0.000485732905,1,-0.161394843,-0.072511309
0.852,1.40795129,1.83536915,-0.705667107,-0.30492985,26.0248796,-0.0789836827,0.30492985,-0.130969882,1.76896651e-05,-1.75570111e-05,1.75570111e-05,0.000497775225,0.0557361869,-0.0929822137,0.000451287304,1,-0.162845033,-0.0731380519
0.854,1.4066052,1.83478758,-0.653407703,-0.28227401,26.3003653,-0.0686921953,0.28227401,-0.121134121,1.69580529e-05,-1.68292119e-05,1.68292119e-05,0.000426666917,0.0448840095,-0.0796786165,0.000415786264,1,-0.16419113,-0.0737196196
0.856,1.4053643,1.83425154,-0.600611916,-0.25944665,26.5563597,-0.0583845915,0.25944665,-0.111248968,1.62107942e-05,-1.60861466e-05,1.60861466e-05,0.000360475662,0.0350664813,-0.0673125641,0.000379068128,1,-0.165432031,-0.0742556592
0.858,1.40422961,1.83376136,-0.547318872,-0.236460934,26.7926732,-0.0480648184,0.236460934,-0.101318426,1.54469252e-05,-1.53268505e-05,1.53268505e-05,0.000299387417,0.0263067822,-0.0559137733,0.000340961513,1,-0.166566714,-0.074745844
0.86,1.4032021,1.83331733,-0.493568066,-0.213329901,27.009134,-0.0377366656,0.213329901,-0.0913463477,1.46654793e-05,-1.45503549e-05,1.45503549e-05,0.000243574566,0.018625613,-0.0455096468,0.000301287778,1,-0.167594231,-0.0751898738
0.862,1.40228261,1.83291973,-0.43939932,-0.190066472,27.205588,-0.0274037746,0.190066472,-0.0813364445,1.38654943e-05,-1.3755694e-05,1.3755694e-05,0.00019319559,0.0120411999,-0.0361252636,0.000259863617,1,-0.168513719,-0.075587474
0.864,1.40147194,1.83256881,-0.384852754,-0.166683447,27.381899,-0.0170696502,0.166683447,-0.0712922946,1.30460205e-05,-1.2941913e-05,1.2941913e-05,0.000148394772,0.00656930189,-0.0277833714,0.000216503743,1,-0.16932439,-0.0759383959
0.866,1.40077079,1.83226479,-0.329968744,-0.143193517,27.5379485,-0.00673767137,0.143193517,-0.0612173538,1.22061277e-05,-1.21080753e-05,1.21080753e-05,0.000109301937,0.00222322096,-0.0205043834,0.000171023653,1,-0.17002554,-0.0762424161
0.868,1.40017978,1.83200787,-0.274787893,-0.119609268,27.6736361,0.00358889662,0.119609268,-0.0511149659,1.13449133e-05,-1.125327e-05,1.125327e-05,7.60322199e-05,-0.00098618534,-0.0143063771,0.000123242422,1,-0.170616545,-0.0764993366
0.87,1.39969947,1.83179822,-0.219350989,-0.0959431864,27.788879,0.0139068897,0.0959431864,-0.0409883742,1.04615095e-05,-1.03766192e-05,1.03766192e-05,4.86858724e-05,-0.00305049,-0.00920509502,7.2985517e-05,1,-0.171096861,-0.0767089843
0.872,1.3993303,1.83163599,-0.163698972,-0.0722076666,27.8836128,0.024213232,0.0722076666,-0.0308407331,9.55509089e-06,-9.47728574e-06,9.47728574e-06,2.73480972e-05,-0.00396368119,-0.00521394712,2.00875965e-05,1,-0.171466028,-0.0768712112
0.874,1.39907266,1.83152131,-0.107872898,-0.0484150224,27.9577906,0.0345049229,0.0484150224,-0.0206751211,8.62488144e-06,-8.55447972e-06,8.55447972e-06,1.20889147e-05,-0.00372214604,-0.0023440144,-3.56047402e-05,1,-0.171723668,-0.0769858937
0.876,1.39892684,1.83145427,-0.0519139045,-0.0245774947,28.0113835,0.044779023,0.0245774947,-0.0104945529,7.67016185e-06,-7.60746602e-06,7.60746602e-06,2.96306102e-06,-0.00232465392,-0.000604053247,-9.42302708e-05,1,-0.171869482,-0.0770529329
0.878,1.39889307,1.83143495,0.00413682846,-0.000707261555,28.0443806,0.0550326405,0.000707261555,-0.000301992907,6.69027613e-06,-6.63557081e-06,6.63557081e-06,9.91459536e-09,0.000227660594,-5.00218908e-07,-0.00015591057,1,-0.171903258,-0.0770722542
0.88,1.39897146,1.83146339,0.0602381112,0.0231835513,28.0567885,0.0652629175,-0.0231835513,0.00989963133,5.68463816e-06,-5.63818804e-06,5.63818804e-06,3.25345326e-06,0.00393131488,-0.000537477049,-0.000220747556,1,-0.171824862,-0.0770438075
0.882,1.39916208,1.83153964,0.116348781,0.0470828594,28.0486315,0.0754670155,-0.0470828594,0.0201074157,4.65273787e-06,-4.61478561e-06,4.61478561e-06,1.27022397e-05,0.00878049526,-0.00221679565,-0.000288821187,1,-0.171634246,-0.0769675666
0.884,1.39946489,1.83166367,0.172427737,0.0709786089,28.0199517,0.0856421021,-0.0709786089,0.0303184657,3.59414702e-06,-3.56491121e-06,3.56491121e-06,2.83494356e-05,0.0147670738,-0.00503796293,-0.000360187337,1,-0.171331442,-0.0768435297
0.886,1.39987976,1.83183548,0.228433975,0.0948587655,27.9708084,0.0957853365,-0.0948587655,0.0405298831,2.50852464e-06,-2.4881977e-06,2.4881977e-06,5.0172844e-05,0.0218806251,-0.00899818538,-0.000434875864,1,-0.170916564,-0.0766717189
0.888,1.40040652,1.83205502,0.284326622,0.118711303,27.9012782,0.105893856,-0.118711303,0.0507387515,1.39562194e-06,-1.38436818e-06,1.38436818e-06,7.81349789e-05,0.0301084425,-0.0140923734,-0.000512888907,1,-0.170389809,-0.0764521805
0.89,1.40104487,1.83232222,0.340064974,0.142524192,27.8114548,0.115964764,-0.142524192,0.060942124,2.55286883e-07,-2.53240558e-07,2.53240558e-07,0.000112183164,0.0394355544,-0.0203131452,-0.000594199407,1,-0.169751456,-0.0761849846
0.892,1.40179446,1.83263698,0.395608523,0.16628539,27.701449,0.125995114,-0.16628539,0.0711370086,-9.12531865e-07,9.05268343e-07,9.05268343e-07,0.000152249655,0.0498447409,-0.0276508308,-0.000678749893,1,-0.169001863,-0.0758702257
0.894,1.40265486,1.83299918,0.450916999,0.189982831,27.5713884,0.135981899,-0.189982831,0.0813203561,-2.10778138e-06,2.09113915e-06,2.09113915e-06,0.000198251798,0.0613165497,-0.036093476,-0.000766451533,1,-0.16814147,-0.0755080223
0.896,1.40362553,1.83340869,0.505950396,0.213604414,27.4214168,0.14592204,-0.213604414,0.0914890473,-3.33030155e-06,3.3042468e-06,3.3042468e-06,0.0002500922,0.0738293137,-0.0456268459,-0.000857183461,1,-0.167170798,-0.0750985168
0.898,1.40470588,1.83386533,0.56066901,0.237137997,27.2516946,0.155812372,-0.237137997,0.10163988,-4.57982262e-06,4.544358e-06,4.544358e-06,0.000307658943,0.0873591683,-0.0562344298,-0.000950792396,1,-0.166090447,-0.0746418763
0.9,1.40589523,1.83436891,0.615033471,0.260571384,27.0623984,0.165649635,-0.260571384,0.111769559,-5.85596335e-06,5.81112911e-06,5.81112911e-06,0.000370825817,0.10188007,-0.0678974463,-0.00104709256,1,-0.164901095,-0.074138292
0.902,1.40719283,1.83491922,0.669004772,0.28389232,26.8537204,0.175430464,-0.28389232,0.121874683,-7.15822975e-06,7.10410467e-06,7.10410467e-06,0.000439452577,0.117363817,-0.0805948493,-0.00114586588,1,-0.163603499,-0.0735879795
0.904,1.40859783,1.83551602,0.722544303,0.307088482,26.6258684,0.185151376,-0.307088482,0.131951735,-8.48601431e-06,8.42271645e-06,8.42271645e-06,0.000513385238,0.133780072,-0.0943033358,-0.00124686251,1,-0.162198495,-0.0729911792
0.906,1.41010933,1.83615905,0.77561388,0.330147475,26.3790655,0.194808765,-0.330147475,0.141997072,-9.83859591e-06,9.76628305e-06,9.76628305e-06,0.000592456384,0.151096382,-0.108997356,-0.00134980165,1,-0.160686993,-0.0723481561
0.908,1.41172635,1.836848,0.828175779,0.353056827,26.11355,0.204398893,-0.353056827,0.152006917,-1.12151402e-05,1.11340101e-05,1.11340101e-05,0.000676485521,0.169278213,-0.124649123,-0.00145437263,1,-0.159069981,-0.0716592001
0.91,1.41344781,1.83758258,0.880192761,0.37580398,25.8295745,0.213917883,-0.37580398,0.16197735,-1.26147008e-05,1.25249908e-05,1.25249908e-05,0.000765279442,0.188288972,-0.141228632,-0.00156023633,1,-0.15734852,-0.0709246262
0.912,1.41527258,1.83836243,0.931628105,0.398376295,25.5274063,0.223361711,-0.398376295,0.1719043,-1.40362205e-05,1.39382077e-05,1.39382077e-05,0.000858632629,0.208090047,-0.158703672,-0.00166702681,1,-0.155523746,-0.0701447745
0.914,1.41719946,1.83918719,0.982445634,0.420761043,25.2073266,0.232726203,-0.420761043,0.18178354,-1.54785338e-05,1.53725338e-05,1.53725338e-05,0.000956327683,0.228640842,-0.177039855,-0.00177435329,1,-0.153596869,-0.0693200107
0.916,1.41922716,1.84005648,1.03260974,0.442945409,24.8696302,0.242007031,-0.442945409,0.191610681,-1.69403691e-05,1.68267355e-05,1.68267355e-05,0.00105813578,0.249898818,-0.196200636,-0.0018818023,1,-0.151569168,-0.0684507258
0.918,1.42135433,1.84096987,1.08208543,0.464916493,24.5146254,0.251199709,-0.464916493,0.201381165,-1.84203525e-05,1.8299475e-05,1.8299475e-05,0.00116381715,0.271819545,-0.216147345,-0.0019889401,1,-0.149441993,-0.0675373368
0.92,1.42357956,1.84192692,1.13083832,0.486661307,24.1426332,0.26029959,-0.486661307,0.211090264,-1.99170106e-05,1.97893142e-05,1.97893142e-05,0.00127312161,0.29435675,-0.236839228,-0.00209531534,1,-0.147216766,-0.0665802864
0.922,1.42590135,1.84292716,1.17883467,0.508166786,23.7539875,0.269301868,-0.508166786,0.22073308,-2.14287755e-05,2.1294718e-05,2.1294718e-05,0.00138578906,0.317462379,-0.258233482,-0.00220046185,1,-0.144894973,-0.0655800435
0.924,1.42831816,1.8439701,1.22604145,0.529419787,23.3490341,0.278201575,-0.529419787,0.230304537,-2.29539888e-05,2.28140587e-05,2.28140587e-05,0.00150155012,0.341086663,-0.280285311,-0.00230390161,1,-0.142478169,-0.0645371032
0.926,1.43082835,1.84505522,1.27242631,0.550407097,22.928131,0.286993584,-0.550407097,0.239799385,-2.44909066e-05,2.4345621e-05,2.4345621e-05,0.00162012666,0.365178187,-0.302947973,-0.00240514794,1,-0.139967974,-0.063451987
0.928,1.43343026,1.84618196,1.31795761,0.571115442,22.491647,0.295672613,-0.571115442,0.249212201,-2.60377053e-05,2.58876066e-05,2.58876066e-05,0.00174123247,0.389683972,-0.326172849,-0.00250370872,1,-0.137366072,-0.0623252427
0.93,1.43612212,1.84734976,1.36260449,0.591531495,22.0399625,0.304233225,-0.591531495,0.258537391,-2.75924867e-05,2.74381402e-05,2.74381402e-05,0.00186457389,0.414549558,-0.349909509,-0.00259908972,1,-0.134674207,-0.061157445
0.932,1.43890214,1.84855801,1.40633682,0.611641882,21.5734681,0.312669833,-0.611641882,0.267769188,-2.91532844e-05,2.89952749e-05,2.89952749e-05,0.00198985048,0.439719101,-0.374105792,-0.00269079802,1,-0.131894188,-0.0599491953
0.934,1.44176845,1.84980608,1.4491253,0.631433202,21.0925646,0.32097671,-0.631433202,0.276901664,-3.07180702e-05,3.05569984e-05,3.05569984e-05,0.00211675573,0.465135472,-0.398707888,-0.00277834545,1,-0.129027879,-0.0587011215
0.936,1.44471912,1.85109332,1.49094141,0.650892031,20.5976625,0.329147989,-0.650892031,0.285928729,-3.22847603e-05,3.21212395e-05,3.21212395e-05,0.00224497782,0.490740367,-0.423660436,-0.00286125202,1,-0.126077204,-0.0574138785
0.938,1.44775218,1.85241905,1.53175746,0.670004942,20.0891817,0.337177677,-0.670004942,0.294844139,-3.38512223e-05,3.36858746e-05,3.36858746e-05,0.0023742003,0.516474423,-0.448906622,-0.00293904932,1,-0.123044143,-0.0560881482
0.94,1.4508656,1.85378256,1.57154662,0.688758515,19.5675507,0.345059661,-0.688758515,0.303641506,-3.5415282e-05,3.52487345e-05,3.52487345e-05,0.00250410292,0.542277345,-0.474388292,-0.00301128394,1,-0.119930729,-0.0547246392
0.942,1.45405728,1.85518312,1.61028292,0.707139358,19.0332065,0.352787716,-0.707139358,0.312314302,-3.69747304e-05,3.68076114e-05,3.68076114e-05,0.00263436238,0.568088033,-0.500046072,-0.00307752069,1,-0.116739049,-0.0533240868
0.944,1.45732509,1.85661995,1.64794125,0.72513412,18.4865941,0.360355519,-0.72513412,0.32085587,-3.85273312e-05,3.83602661e-05,3.83602661e-05,0.00276465318,0.593844725,-0.525819492,-0.00313734579,1,-0.113471239,-0.0518872533
0.946,1.46066684,1.85809227,1.68449743,0.742729509,17.9281656,0.367756658,-0.742729509,0.329259437,-4.00708276e-05,3.99044349e-05,3.99044349e-05,0.00289464843,0.619485146,-0.551647124,-0.00319036992,1,-0.110129488,-0.0504149274
0.948,1.4640803,1.85959928,1.71992816,0.759912315,17.3583804,0.374984647,-0.759912315,0.33751812,-4.16029496e-05,4.14378372e-05,4.14378372e-05,0.00302402066,0.644946654,-0.577466726,-0.00323623108,1,-0.106716027,-0.0489079243
0.95,1.46756319,1.86114012,1.75421108,0.776669422,16.7777044,0.382032935,-0.776669422,0.345624944,-4.31214215e-05,4.29581825e-05,4.29581825e-05,0.00315244272,0.670166408,-0.603215392,-0.00327459729,1,-0.103233136,-0.0473670858
0.952,1.47111319,1.86271392,1.78732476,0.792987838,16.1866093,0.388894924,-0.792987838,0.353572849,-4.46239687e-05,4.44631777e-05,4.44631777e-05,0.00327958864,0.695081526,-0.628829711,-0.00330516905,1,-0.0996831372,-0.0457932794
0.954,1.47472793,1.8643198,1.81924872,0.808854706,15.5855726,0.395563981,-0.808854706,0.361354708,-4.6108325e-05,4.59505345e-05,4.59505345e-05,0.00340513446,0.719629265,-0.654245935,-0.00332768162,1,-0.0960683953,-0.0441873986
0.956,1.47840501,1.86595684,1.84996343,0.82425733,14.9750768,0.402033454,-0.82425733,0.368963339,-4.75722395e-05,4.74179761e-05,4.74179761e-05,0.00352875918,0.743747188,-0.679400146,-0.00334190701,1,-0.092391314,-0.0425503623
0.958,1.48214199,1.86762409,1.87945035,0.839183197,14.3556091,0.408296688,-0.839183197,0.376391521,-4.90134832e-05,4.88632446e-05,4.88632446e-05,0.00365014557,0.767373351,-0.704228439,-0.00334765575,1,-0.0886543353,-0.0408831149
0.96,1.48593639,1.86932058,1.90769189,0.853619999,13.7276605,0.414347037,-0.853619999,0.38363201,-5.04298563e-05,5.02841078e-05,5.02841078e-05,0.00376898109,0.790446483,-0.728667102,-0.00334477837,1,-0.0848599367,-0.0391866251
0.962,1.4897857,1.87104532,1.93467147,0.86755565,13.0917261,0.420177889,-0.86755565,0.390677554,-5.18191937e-05,5.16783654e-05,5.16783654e-05,0.00388495876,0.812906173,-0.752652806,-0.00333316655,1,-0.08101063,-0.0374618863
0.964,1.49368737,1.87279729,1.96037349,0.880978316,12.4483038,0.425782672,-0.880978316,0.397520909,-5.31793719e-05,5.30438563e-05,5.30438563e-05,0.00399777804,0.83469306,-0.776122794,-0.00331275409,1,-0.0771089588,-0.0357099156
0.966,1.49763883,1.87457545,1.98478334,0.893876431,11.7978945,0.431154879,-0.893876431,0.404154857,-5.45083149e-05,5.43784639e-05,5.43784639e-05,0.00410714569,0.85574902,-0.799015074,-0.00328351746,1,-0.0731574965,-0.0339317535
0.968,1.50163748,1.87637874,2.00788743,0.906238722,11.1410009,0.436288081,-0.906238722,0.410572225,-5.58039995e-05,5.5680123e-05,5.5680123e-05,0.00421277658,0.876017354,-0.821268621,-0.00324547615,1,-0.0691588447,-0.0321284632
0.97,1.5056807,1.87820607,2.02967317,0.918054229,10.4781278,0.441175946,-0.918054229,0.416765896,-5.70644609e-05,5.69468248e-05,5.69468248e-05,0.00431439461,0.895442982,-0.842823567,-0.00319869262,1,-0.0651156307,-0.0303011301
0.972,1.50976582,1.88005634,2.05012898,0.929312328,9.80978105,0.445812254,-0.929312328,0.422728834,-5.82877981e-05,5.81766225e-05,5.81766225e-05,0.00441173344,0.913972625,-0.863621403,-0.00314327207,1,-0.061030506,-0.0284508611
0.974,1.51389018,1.88192842,2.0692443,0.940002753,9.13646722,0.450190917,-0.940002753,0.428454096,-5.9472178e-05,5.93676368e-05,5.93676368e-05,0.00450453733,0.931554987,-0.883605175,-0.00307936184,1,-0.0569061436,-0.0265787839
0.976,1.51805109,1.88382116,2.08700956,0.950115612,8.45869323,0.45430599,-0.950115612,0.433934854,-6.06158403e-05,6.05180601e-05,6.05180601e-05,0.00459256189,0.948140944,-0.902719677,-0.00300715052,1,-0.0527452368,-0.0246860463
0.978,1.52224583,1.88573339,2.10341623,0.959641415,7.77696576,0.458151695,-0.959641415,0.439164407,-6.17171015e-05,6.16261612e-05,6.16261612e-05,0.00467557483,0.963683711,-0.920911646,-0.00292686684,1,-0.0485504964,-0.0227738154
0.98,1.52647168,1.88766393,2.11845678,0.968571085,7.09179085,0.461722432,-0.968571085,0.444136203,-6.27743583e-05,6.26902893e-05,6.26902893e-05,0.00475335666,0.978139015,-0.938129946,-0.00283877827,1,-0.0443246493,-0.0208432767
0.982,1.53072589,1.88961157,2.13212469,0.976895982,6.40367334,0.465012795,-0.976895982,0.448843852,-6.37860914e-05,6.37088778e-05,6.37088778e-05,0.00482570137,0.991465263,-0.954325759,-0.00274318935,1,-0.0400704359,-0.0188956332
0.984,1.53500572,1.8915751,2.14441446,0.98460792,5.7131165,0.468017591,-0.98460792,0.453281146,-6.47508681e-05,6.46804475e-05,6.46804475e-05,0.00489241705,1.00362369,-0.969452755,-0.00264043984,1,-0.0357906086,-0.0169321049
0.986,1.5393084,1.89355327,2.15532159,0.991699182,5.02062148,0.470731849,-0.991699182,0.457442075,-6.56673452e-05,6.56036096e-05,6.56036096e-05,0.0049533265,1.01457852,-0.983467268,-0.0025309026,1,-0.0314879294,-0.0149539275
0.988,1.54363116,1.89554485,2.16484257,0.99816254,4.32668692,0.473150841,-0.99816254,0.461320838,-6.65342708e-05,6.64770681e-05,6.64770681e-05,0.00500826778,1.02429708,-0.996328457,-0.00241498135,1,-0.0271651682,-0.0129623513
0.99,1.54797123,1.89754856,2.17297489,1.00399127,3.63180844,0.475270088,-1.00399127,0.464911864,-6.73504866e-05,6.72996222e-05,6.72996222e-05,0.00505709469,1.03274997,-1.00799846,-0.00229310817,1,-0.0228251006,-0.0109586406
0.992,1.55232582,1.89956313,2.17971704,1.00917915,2.93647823,0.477085381,-1.00917915,0.468209823,-6.81149291e-05,6.80701681e-05,6.80701681e-05,0.00509967728,1.03991114,-1.01844256,-0.0021657409,1,-0.0184705058,-0.00894407263
0.994,1.55669216,1.90158727,2.18506848,1.01372051,2.24118457,0.478592786,-1.01372051,0.471209643,-6.88266311e-05,6.87877001e-05,6.87877001e-05,0.0051359022,1.04575801,-1.02762927,-0.00203336045,1,-0.0141041651,-0.0069199362
0.996,1.56106747,1.90361967,2.18902965,1.0176102,1.54641143,0.479788658,-1.0176102,0.47390652,-6.94847218e-05,6.94513119e-05,6.94513119e-05,0.00516567308,1.0502716,-1.03553052,-0.00189646788,1,-0.00972885956,-0.00488753087
0.998,1.56544896,1.90565904,2.19160195,1.02084363,0.852637978,0.480669654,-1.02084363,0.476295931,-7.00884278e-05,7.00601972e-05,7.00601972e-05,0.00518891085,1.05343655,-1.04212172,-0.00175558156,1,-0.00534736803,-0.00284816581
1,1.56983386,1.90770404,2.19278774,1.02341678,0.160338233,0.481232738,-1.02341678,0.478373648,-7.06370732e-05,7.06136499e-05,7.06136499e-05,0.00520555396,1.05524125,-1.04738191,-0.00161123413,1,-0.000962465477,-0.00080315865
1.002,1.57421941,1.90975337,2.19259029,1.02532617,-0.530097484,0.481475022,-1.02532617,0.480135743,-7.11300789e-05,7.11110642e-05,7.11110642e-05,0.00521555851,1.05567746,-1.05129376,-0.00146396909,1,0.00342307902,0.00124616561
1.004,1.57860283,1.91180568,2.19101322,1.02656864,-1.21907209,0.48139211,-1.02656864,0.481578473,-7.15669613e-05,7.1551933e-05,7.1551933e-05,0.00521889559,1.05473648,-1.05384318,-0.00131433017,1,0.00780650361,0.00329847551
1.006,1.58298138,1.91385963,2.18805863,1.02714047,-1.90770369,0.48097786,-1.02714047,0.482697884,-7.19473259e-05,7.19358415e-05,7.19358415e-05,0.0052155427,1.05240776,-1.05501755,-0.00116284256,1,0.012185052,0.00535243271
1.008,1.5873523,1.91591389,2.18372661,1.02703718,-2.59651886,0.480227091,-1.02703718,0.483489715,-7.22708554e-05,7.22624559e-05,7.22624559e-05,0.00520548164,1.04868468,-1.05480538,-0.00101001009,1,0.0165559695,0.00740669039
1.01,1.59171283,1.91796709,2.17801717,1.0262544,-3.28480353,0.47913741,-1.0262544,0.483949799,-7.25373017e-05,7.25315151e-05,7.25315151e-05,0.00518870746,1.04356951,-1.05319808,-0.000856331414,1,0.0209165011,0.00945989274
1.012,1.59606022,1.92001788,2.17093243,1.02478888,-3.97106799,0.47770873,-1.02478888,0.484074566,-7.27464855e-05,7.27428305e-05,7.27428305e-05,0.00516523929,1.03707337,-1.05019224,-0.000702318515,1,0.025263894,0.0115106765
1.014,1.60039173,1.92206488,2.16247749,1.02263895,-4.65403786,0.475941323,-1.02263895,0.48386124,-7.28983026e-05,7.28962919e-05,7.28962919e-05,0.00513512433,1.0292124,-1.04579041,-0.000548501547,1,0.0295954038,0.0135576738
1.016,1.60470463,1.92410672,2.15265941,1.01980401,-5.33328159,0.473834243,-1.01980401,0.483307629,-7.29927286e-05,7.2991873e-05,7.2991873e-05,0.00509843301,1.02000374,-1.04000022,-0.000395417743,1,0.0339082986,0.0155995151
1.018,1.60899619,1.92614203,2.14148551,1.01628379,-6.00904943,0.471385295,-1.01628379,0.482411768,-7.30298194e-05,7.30296312e-05,7.30296312e-05,0.00505525089,1.00946478,-1.03283274,-0.000243594563,1,0.0381998614,0.01763483
1.02,1.61326372,1.92816945,2.12896249,1.01207792,-6.68160642,0.468592287,-1.01207792,0.481171723,-7.3009706e-05,7.30097025e-05,7.30097025e-05,0.00500567448,0.997615401,-1.02430172,-9.35395644e-05,1,0.0424673889,0.0196622474
1.022,1.61750452,1.9301876,2.11509687,1.00718614,-7.35068574,0.465454323,-1.00718614,0.479585692,-7.29325885e-05,7.29322957e-05,7.29322957e-05,0.00494981319,0.984480983,-1.01442391,5.4258329e-05,1,0.0467081911,0.0216803956
1.024,1.62171592,1.93219511,2.09989616,1.00160884,-8.01546949,0.461972123,-1.00160884,0.477652265,-7.27987333e-05,7.27976888e-05,7.27976888e-05,0.00488779469,0.970093489,-1.00322026,0.000199321183,1,0.0509195919,0.0236879033
1.026,1.62589526,1.9341906,2.08336969,0.995347477,-8.67500822,0.458147295,-0.995347477,0.475370619,-7.26084736e-05,7.26062303e-05,7.26062303e-05,0.00481976843,0.954490188,-0.990716599,0.000341176884,1,0.0550989325,0.025683401
1.028,1.6300399,1.93617273,2.06552848,0.988404514,-9.32866351,0.453981352,-0.988404514,0.4727405,-7.23622115e-05,7.23583405e-05,7.23583405e-05,0.00474590473,0.937711413,-0.976943483,0.000479361503,1,0.0592435748,0.0276655235
1.03,1.63414723,1.93814011,2.04638453,0.980783064,-9.97622232,0.449475281,-0.980783064,0.469762059,-7.2060418e-05,7.20545113e-05,7.20545113e-05,0.00466639081,0.919799262,-0.961935419,0.000613427347,1,0.0633509045,0.0296329115
1.032,1.63821466,1.94009141,2.02595005,0.972486565,-10.6176586,0.444629906,-0.972486565,0.466435689,-7.17036296e-05,7.16953031e-05,7.16953031e-05,0.00458142714,0.90079798,-0.945730119,0.000742950861,1,0.0674183311,0.0315842122
1.034,1.64223962,1.94202528,2.00423736,0.963518718,-11.2527986,0.439446599,-0.963518718,0.462762007,-7.1292444e-05,7.12813396e-05,7.12813396e-05,0.00449122653,0.880755293,-0.928368321,0.000867535733,1,0.0714432891,0.0335180801
1.036,1.64621956,1.94394038,1.98125938,0.953883706,-11.8811697,0.433927713,-0.953883706,0.45874195,-7.08275154e-05,7.08133039e-05,7.08133039e-05,0.00439601579,0.859723352,-0.909894126,0.000986811099,1,0.075423238,0.0354331777
1.038,1.65015199,1.94583538,1.95703012,0.943586446,-12.5021149,0.42807646,-0.943586446,0.454376901,-7.03095532e-05,7.02919357e-05,7.02919357e-05,0.00429603756,0.837758526,-0.890355381,0.00110042831,1,0.0793556645,0.0373281766
1.04,1.65403441,1.94770896,1.93156491,0.932632679,-13.1150316,0.421896429,-0.932632679,0.449668734,-6.97393204e-05,6.97180303e-05,6.97180303e-05,0.0041915505,0.814920339,-0.869803714,0.00120805998,1,0.0832380851,0.0392017593
1.042,1.65786437,1.94955982,1.90488014,0.921028858,-13.7195246,0.415391185,-0.921028858,0.444619761,-6.91176329e-05,6.90924376e-05,6.90924376e-05,0.00408282743,0.79127042,-0.848294158,0.00130940228,1,0.0870680482,0.041052621
1.044,1.66163946,1.95138667,1.87699284,0.908781942,-14.3153716,0.408564247,-0.908781942,0.43923263,-6.84453571e-05,6.8416059e-05,6.8416059e-05,0.00397015283,0.766872168,-0.825884619,0.00140417884,1,0.0908431359,0.0428794699
1.046,1.66535729,1.95318823,1.84792045,0.895899285,-14.9023661,0.401419376,-0.895899285,0.433510274,-6.77234059e-05,6.76898437e-05,6.76898437e-05,0.00385382114,0.741791075,-0.802635529,0.0014921435,1,0.0945609649,0.0446810292
1.048,1.66901551,1.95496324,1.81768089,0.882388669,-15.4801826,0.393960894,-0.882388669,0.427455924,-6.69527353e-05,6.69147844e-05,6.69147844e-05,0.00373413646,0.716095187,-0.778609763,0.00157308047,1,0.0982191873,0.046456037
1.05,1.67261182,1.95671045,1.78629284,0.86825843,-16.0483649,0.386193765,-0.86825843,0.42107317,-6.61343408e-05,6.60919139e-05,6.60919139e-05,0.00361141287,0.689855158,-0.7538727,0.00164680286,1,0.101815492,0.0482032477
1.052,1.67614393,1.95842864,1.75377595,0.853517545,-16.6064217,0.378123432,-0.853517545,0.414366001,-6.52692554e-05,6.52223028e-05,6.52223028e-05,0.00348597443,0.663143782,-0.7284922,0.00171315093,1,0.105347606,0.0499214331
1.054,1.67960963,1.96011659,1.7201508,0.838175627,-17.1539352,0.36975556,-0.838175627,0.407338801,-6.43585481e-05,6.43070576e-05,6.43070576e-05,0.00335815418,0.636035321,-0.702538382,0.00177199173,1,0.108813298,0.051609384
1.056,1.6830067,1.96177311,1.68543872,0.822242823,-17.6905967,0.361095911,-0.822242823,0.3999963,-6.34033215e-05,6.33473179e-05,6.33473179e-05,0.00322829243,0.608605028,-0.67608326,0.00182321993,1,0.112210378,0.0532659107
1.058,1.68633303,1.96339705,1.6496616,0.805729722,-18.2161562,0.352150405,-0.805729722,0.392343527,-6.24047089e-05,6.23442537e-05,6.23442537e-05,0.00309673515,0.580928999,-0.649200385,0.00186675876,1,0.115536699,0.0548898448
1.06,1.68958649,1.96498724,1.61284185,0.788647323,-18.730342,0.342925281,-0.788647323,0.384385789,-6.13638717e-05,6.12990618e-05,6.12990618e-05,0.00296383291,0.553084243,-0.6219646,0.00190256027,1,0.118790158,0.0564800393
1.062,1.69276503,1.96654257,1.57500245,0.771007067,-19.2328186,0.333427208,-0.771007067,0.37612869,-6.02819958e-05,6.02129629e-05,6.02129629e-05,0.00282994028,0.525148669,-0.594451897,0.00193060441,1,0.1219687,0.0580353699
1.064,1.69586664,1.96806194,1.5361671,0.75282089,-19.7232068,0.323663262,-0.75282089,0.367578149,-5.91602897e-05,5.9087199e-05,5.9087199e-05,0.00269541533,0.497200854,-0.566739292,0.00195089752,1,0.125070315,0.0595547357
1.066,1.69888937,1.96954426,1.49636026,0.734101242,-20.2011391,0.313640804,-0.734101242,0.35874041,-5.79999828e-05,5.79230311e-05,5.79230311e-05,0.00256061885,0.469319635,-0.538904634,0.00196347104,1,0.12809304,0.0610370602
1.068,1.70183129,1.97098849,1.4556071,0.71486105,-20.6663014,0.303367371,-0.71486105,0.349622019,-5.6802323e-05,5.67217374e-05,5.67217374e-05,0.00242591308,0.441583698,-0.511026321,0.00196838069,1,0.131034965,0.0624812928
1.07,1.70469056,1.97239361,1.41393334,0.695113658,-21.1184315,0.292850645,-0.695113658,0.340229797,-5.55685755e-05,5.54846113e-05,5.54846113e-05,0.0022916604,0.41407129,-0.483182997,0.00196570609,1,0.133894229,0.0638864088
1.072,1.70746535,1.97375861,1.37136524,0.674872783,-21.5572843,0.282098504,-0.674872783,0.330570809,-5.43000199e-05,5.42129588e-05,5.42129588e-05,0.00215822206,0.386860083,-0.455453273,0.00195555033,1,0.136669023,0.0652514111
1.074,1.71015392,1.97508253,1.32792955,0.654152504,-21.9825975,0.271119095,-0.654152504,0.320652361,-5.29979485e-05,5.29080961e-05,5.29080961e-05,0.00202595728,0.360027058,-0.427915499,0.00193803914,1,0.139357592,0.0665753301
1.076,1.71275456,1.97636443,1.28365356,0.632967281,-22.3940833,0.259920854,-0.632967281,0.310482003,-5.16636646e-05,5.15713482e-05,5.15713482e-05,0.00189522242,0.33364833,-0.400647578,0.00191331967,1,0.141958236,0.0678572251
1.078,1.71526563,1.97760339,1.23856514,0.611331962,-22.7914482,0.24851247,-0.611331962,0.300067534,-5.02984804e-05,5.02040466e-05,5.02040466e-05,0.00176637019,0.307798883,-0.373726768,0.00188155907,1,0.144469307,0.0690961846
1.08,1.71768554,1.97879853,1.19269275,0.58926178,-23.1744191,0.236902812,-0.58926178,0.289416991,-4.89037163e-05,4.88075286e-05,4.88075286e-05,0.00163974859,0.282552266,-0.347229445,0.00184294325,1,0.146889217,0.0702913276
1.082,1.72001276,1.97994901,1.14606535,0.566772313,-23.5427568,0.225100884,-0.566772313,0.278538634,-4.74806996e-05,4.73831354e-05,4.73831354e-05,0.0015156999,0.257980324,-0.321230855,0.00179767585,1,0.149216434,0.0714418036
1.084,1.72224581,1.981054,1.09871239,0.543879453,-23.896247,0.213115821,-0.543879453,0.267440923,-4.6030763e-05,4.59322113e-05,4.59322113e-05,0.00139455954,0.234152992,-0.29580486,0.00174597741,1,0.151449485,0.0725467939
1.086,1.72438328,1.98211271,1.0506637,0.52059938,-24.2346819,0.200956922,-0.52059938,0.256132502,-4.45552437e-05,4.44561021e-05,4.44561021e-05,0.00127665511,0.211138142,-0.271023715,0.00168808445,1,0.153586955,0.0736055119
1.088,1.72642382,1.98312441,1.00194956,0.496948556,-24.5578475,0.188633665,-0.496948556,0.244622198,-4.30554819e-05,4.29561542e-05,4.29561542e-05,0.00116230556,0.189001417,-0.246957868,0.00162424844,1,0.155627491,0.0746172038
1.09,1.72836613,1.98408835,0.952600665,0.472943726,-24.8655255,0.176155709,-0.472943726,0.232919014,-4.15328205e-05,4.14337133e-05,4.14337133e-05,0.0010518204,0.167806046,-0.223675768,0.00155473474,1,0.157569801,0.0755811489
1.092,1.73020898,1.98500386,0.902648161,0.448601911,-25.1575053,0.163532856,-0.448601911,0.221032127,-3.99886036e-05,3.98901244e-05,3.98901244e-05,0.000945498832,0.147612632,-0.201243674,0.00147982138,1,0.159412653,0.0764966603
1.094,1.73195121,1.98587029,0.852123586,0.423940394,-25.4335955,0.150775015,-0.423940394,0.208970874,-3.84241769e-05,3.83267308e-05,3.83267308e-05,0.00084362895,0.128478946,-0.179725457,0.00139979802,1,0.161154881,0.0773630859
1.096,1.73359171,1.98668701,0.80105885,0.398976692,-25.6936263,0.137892184,-0.398976692,0.19674474,-3.68408866e-05,3.67448737e-05,3.67448737e-05,0.000746486859,0.110459755,-0.159182401,0.00131496507,1,0.162795379,0.0781798079
1.098,1.73512943,1.98745345,0.74948619,0.373728534,-25.9374426,0.124894452,-0.373728534,0.184363341,-3.52400789e-05,3.51458919e-05,3.51458919e-05,0.0006543359,0.0936066668,-0.139673017,0.0012256328,1,0.164333108,0.0789462441
1.1,1.73656342,1.98816905,0.697438147,0.348213846,-26.1648949,0.111792005,-0.348213846,0.171836419,-3.36231e-05,3.35311215e-05,3.35311215e-05,0.000567425926,0.0779680088,-0.121252882,0.00113212055,1,0.165767092,0.079661848
1.102,1.73789275,1.98883331,0.64494756,0.322450738,-26.3758362,0.0985951336,-0.322450738,0.159173828,-3.19912954e-05,3.19018956e-05,3.19018956e-05,0.000485992651,0.0635886909,-0.103974479,0.00103475584,1,0.167096421,0.0803261092
1.104,1.73911658,1.98944576,0.592047559,0.296457505,-26.5701252,0.0853142174,-0.296457505,0.146385537,-3.03460099e-05,3.02595439e-05,3.02595439e-05,0.000410257028,0.0505100741,-0.0878870524,0.000933873576,1,0.168320253,0.0809385537
1.106,1.74023414,1.99000595,0.538771547,0.270252608,-26.747632,0.0719597032,-0.270252608,0.133481616,-2.86885874e-05,2.86053935e-05,2.86053935e-05,0.000340424652,0.0387698406,-0.0730364723,0.000829815135,1,0.169437809,0.0814987442
1.108,1.74124471,1.99051348,0.485153176,0.243854661,-26.9082432,0.0585420856,-0.243854661,0.120472227,-2.70203709e-05,2.69407683e-05,2.69407683e-05,0.000276685183,0.0284018787,-0.0594650958,0.000722927601,1,0.17044838,0.0820062807
1.11,1.74214765,1.990968,0.431226314,0.21728241,-27.0518607,0.0450718975,-0.21728241,0.107367614,-2.53427026e-05,2.52669893e-05,2.52669893e-05,0.000219211811,0.0194361882,-0.0472116458,0.000613563026,1,0.171351323,0.0824608005
1.112,1.74294239,1.99136918,0.377025015,0.190554717,-27.1783978,0.0315597093,-0.190554717,0.0941780932,-2.36569237e-05,2.35853749e-05,2.35853749e-05,0.000168160791,0.0118987999,-0.0363111002,0.000502077735,1,0.172146065,0.0828619785
1.114,1.74362842,1.99171673,0.322583499,0.163690546,-27.2877752,0.0180161297,-0.163690546,0.0809140421,-2.19643744e-05,2.18972408e-05,2.18972408e-05,0.000123671021,0.00581170615,-0.0267945949,0.000388831658,1,0.172832098,0.0832095275
1.116,1.74420531,1.9920104,0.267936142,0.136708955,-27.3799211,0.00445179997,-0.136708955,0.0675858954,-2.0266394e-05,2.02039004e-05,2.02039004e-05,8.58636806e-05,0.00119279811,-0.0186893384,0.000274187642,1,0.173408985,0.0835031985
1.118,1.74467268,1.99224998,0.213117454,0.109629083,-27.4547731,-0.00912261739,-0.109629083,0.0542041372,-1.8564321e-05,1.85066651e-05,1.85066651e-05,5.48419025e-05,-0.00194418899,-0.0120185358,0.000158510751,1,0.173876358,0.0837427804
1.12,1.74503024,1.9924353,0.158162064,0.0824701389,-27.5122811,-0.0226964539,-0.0824701389,0.0407792934,-1.6859493e-05,1.6806844e-05,1.6806844e-05,3.06904956e-05,-0.00358971798,-0.0068013238,4.2167566e-05,1,0.174233917,0.0839281008
1.122,1.74527776,1.99256623,0.103104688,0.055251385,-27.5524091,-0.0362590466,-0.055251385,0.0273219221,-1.51532468e-05,1.51057449e-05,1.51057449e-05,1.34757092e-05,-0.00373847767,-0.00305271554,-7.44745201e-05,1,0.174481433,0.0840590254
1.124,1.74541507,1.99264266,0.0479801053,0.0279921216,-27.5751336,-0.0497997449,-0.0279921216,0.0138426046,-1.34469183e-05,1.34046739e-05,1.34046739e-05,3.2450538e-06,-0.00238939701,-0.000783558871,-0.00019104799,1,0.174618744,0.0841354589
1.126,1.74544209,1.99266455,-0.00717686486,0.000711673047,-27.5804417,-0.0633079135,-0.000711673047,0.000351937264,-1.17418426e-05,1.17049357e-05,1.17049357e-05,2.71747506e-08,0.000454352339,-5.06478525e-07,-0.00030718589,1,0.174645761,0.0841573444
1.128,1.74535879,1.99263187,-0.0623313857,-0.0265706243,-27.5683294,-0.0767729369,0.0265706243,-0.0131394762,-1.00393538e-05,1.00078338e-05,1.00078338e-05,3.83177817e-06,0.00478536355,-0.000705998074,-0.000422522538,1,0.174562461,0.0841246637
1.13,1.74516522,1.99254464,-0.117448619,-0.0538354332,-27.5388024,-0.0901842272,0.0538354332,-0.0266210314,-8.34078477e-06,8.3146704e-06,8.3146704e-06,1.46496051e-05,0.010592013,-0.00289825387,-0.000536694256,1,0.174368893,0.0840374372
1.132,1.7448615,1.99240293,-0.172493747,-0.0810634278,-27.4918772,-0.103531234,0.0810634278,-0.040082131,-6.64746685e-06,6.62674629e-06,6.62674629e-06,3.24524542e-05,0.0178584904,-0.00657127932,-0.000649340151,1,0.174065175,0.0838957241
1.134,1.74444782,1.99220682,-0.227431991,-0.108235307,-27.4275822,-0.116803456,0.108235307,-0.0535121921,-4.96072981e-06,4.94536099e-06,4.94536099e-06,5.71932555e-05,0.0265648425,-0.0117148816,-0.000760102919,1,0.173651495,0.0836996221
1.136,1.74392444,1.99195647,-0.282228641,-0.135331807,-27.3459583,-0.129990448,0.135331807,-0.0669006555,-3.28190124e-06,3.27181238e-06,3.27181238e-06,8.88061957e-05,0.0366870276,-0.018314698,-0.000868629689,1,0.173128111,0.0834492676
1.138,1.74329167,1.99165204,-0.336849077,-0.162333719,-27.2470574,-0.143081832,0.162333719,-0.0802369935,-1.61230615e-06,1.60739649e-06,1.60739649e-06,0.000127206896,0.0481969831,-0.0263522364,-0.000974572883,1,0.172495348,0.0831448353
1.14,1.74254993,1.99129374,-0.39125879,-0.189221899,-27.1309419,-0.156067297,0.189221899,-0.0935107182,4.67336683e-08,-4.65929414e-08,4.65929414e-08,0.000172292637,0.0610627017,-0.0358049271,-0.00107759111,1,0.171753602,0.0827865384
1.142,1.74169966,1.99088183,-0.445423402,-0.215977281,-26.997684,-0.168936609,0.215977281,-0.106711389,1.6939003e-06,-1.68886498e-06,1.68886498e-06,0.000223942639,0.0752483192,-0.0466461858,-0.00117735008,1,0.170903338,0.0823746281
1.144,1.74074141,1.9904166,-0.499308691,-0.242580889,-26.8473661,-0.181679621,0.242580889,-0.11982862,3.32788051e-06,-3.31813207e-06,3.31813207e-06,0.000282018374,0.0907142135,-0.0588454878,-0.00127352359,1,0.169945088,0.0819093938
1.146,1.73967578,1.98989836,-0.552880603,-0.269013852,-26.6800816,-0.194286278,0.269013852,-0.13285209,4.94736668e-06,-4.93311082e-06,4.93311082e-06,0.000346363948,0.107417115,-0.0723684525,-0.00136579453,1,0.168879454,0.0813911627
1.148,1.73850343,1.9893275,-0.606105282,-0.295257414,-26.495935,-0.206746633,0.295257414,-0.145771547,6.55105777e-06,-6.53252281e-06,6.53252281e-06,0.000416806507,0.125310227,-0.0871769406,-0.00145385592,1,0.167707105,0.0808202995
1.15,1.7372251,1.98870441,-0.658949089,-0.321292952,-26.2950418,-0.219050851,0.321292952,-0.158576821,8.1376605e-06,-8.11509562e-06,8.11509562e-06,0.000493156715,0.144343359,-0.103229161,-0.00153741198,1,0.166428778,0.0801972063
1.152,1.7358416,1.98802952,-0.711378624,-0.347101986,-26.0775283,-0.231189216,0.347101986,-0.171257832,9.70589059e-06,-9.67956394e-06,9.67956394e-06,0.000575209255,0.164463066,-0.120479789,-0.00161617924,1,0.165045275,0.0795223223
1.154,1.73435379,1.98730333,-0.763360747,-0.372666196,-25.8435306,-0.243152142,0.372666196,-0.183804594,1.12544742e-05,-1.12246708e-05,1.12246708e-05,0.000662743387,0.185612801,-0.138880094,-0.00168988763,1,0.163557468,0.0787961234
1.156,1.73276262,1.98652632,-0.814862597,-0.397967431,-25.5931946,-0.254930182,0.397967431,-0.196207232,1.27821492e-05,-1.27491691e-05,1.27491691e-05,0.000755523545,0.20773307,-0.158378076,-0.00175828161,1,0.161966291,0.0780191219
1.158,1.73106907,1.98569907,-0.865851614,-0.422987727,-25.3266764,-0.266514032,0.422987727,-0.208455982,1.42876672e-05,-1.42518227e-05,1.42518227e-05,0.000853299968,0.230761605,-0.178918617,-0.00182112131,1,0.160272747,0.0771918664
1.16,1.72927423,1.98482214,-0.916295555,-0.447709317,-25.0441425,-0.277894547,0.447709317,-0.220541208,1.57697948e-05,-1.57314088e-05,1.57314088e-05,0.000955809381,0.254633538,-0.200443633,-0.00187818365,1,0.158477901,0.0763149409
1.162,1.72737921,1.98389617,-0.966162521,-0.472114648,-24.7457695,-0.289062747,0.472114648,-0.232453403,1.72273158e-05,-1.71867187e-05,1.71867187e-05,0.00106277571,0.279281593,-0.222892241,-0.0019292635,1,0.156582884,0.0753889648
1.164,1.72538522,1.98292179,-1.01542097,-0.496186393,-24.4317443,-0.300009829,0.496186393,-0.244183208,1.86590327e-05,-1.86165606e-05,1.86165606e-05,0.00117391083,0.304636272,-0.246200937,-0.00197417476,1,0.154588888,0.0744145924
1.166,1.7232935,1.98189971,-1.06403975,-0.519907467,-24.1022632,-0.310727172,0.519907467,-0.255721413,2.00637693e-05,-2.00197612e-05,2.00197612e-05,0.00128891535,0.330626062,-0.270303775,-0.00201275145,1,0.152497171,0.0733925122
1.168,1.72110538,1.98083065,-1.11198809,-0.543261041,-23.7575323,-0.32120635,0.543261041,-0.267058971,2.14403723e-05,-2.13951677e-05,2.13951677e-05,0.00140747945,0.357177637,-0.295132559,-0.00204484878,1,0.150309048,0.0723234465
1.17,1.71882223,1.97971535,-1.15923567,-0.566230554,-23.3977669,-0.33143914,0.566230554,-0.278187008,2.27877137e-05,-2.274165e-05,2.274165e-05,0.00152928372,0.384216072,-0.320617041,-0.00207034411,1,0.148025901,0.0712081513
1.172,1.71644549,1.97855462,-1.20575256,-0.58879973,-23.0231917,-0.341417533,0.58879973,-0.28909683,2.4104693e-05,-2.40581033e-05,2.40581033e-05,0.001654,0.411665065,-0.346685122,-0.00208913788,1,0.145649167,0.0700474149
1.174,1.71397667,1.97734926,-1.25150934,-0.610952591,-22.6340407,-0.35113374,0.610952591,-0.299779935,2.53902396e-05,-2.53434501e-05,2.53434501e-05,0.00178129235,0.439447156,-0.373263069,-0.00210115454,1,0.143180345,0.0688420581
1.176,1.71141732,1.97610014,-1.29647703,-0.632673472,-22.2305574,-0.36058021,0.632673472,-0.310228022,2.66433154e-05,-2.65966429e-05,2.65966429e-05,0.00191081792,0.46748396,-0.400275722,-0.00210634328,1,0.140620991,0.0675929331
1.178,1.70876905,1.97480813,-1.34062715,-0.653947035,-21.8129942,-0.369749631,0.653947035,-0.320433003,2.78629165e-05,-2.78166665e-05,2.78166665e-05,0.00204222794,0.495696395,-0.427646724,-0.00210467875,1,0.137972719,0.0663009231
1.18,1.70603353,1.97347414,-1.38393174,-0.674758283,-21.3816124,-0.378634944,0.674758283,-0.33038701,2.90480765e-05,-2.90025406e-05,2.90025406e-05,0.00217516866,0.524004918,-0.455298741,-0.00209616168,1,0.1352372,0.0649669416
1.182,1.70321249,1.97209913,-1.42636337,-0.695092579,-20.9366817,-0.387229352,0.695092579,-0.340082407,3.01978684e-05,-3.01533224e-05,3.01533224e-05,0.00230928234,0.552329762,-0.483153693,-0.00208081931,1,0.132416159,0.0635919315
1.184,1.7003077,1.97068407,-1.46789513,-0.714935652,-20.4784803,-0.395526331,0.714935652,-0.3495118,3.13114074e-05,-3.12681092e-05,3.12681092e-05,0.00244420826,0.580591175,-0.511132986,-0.00205870581,1,0.129511374,0.0621768646
1.186,1.69732101,1.96922994,-1.50850071,-0.734273618,-20.0072951,-0.403519634,0.734273618,-0.358668044,3.23878529e-05,-3.23460408e-05,3.23460408e-05,0.00257958369,0.608709654,-0.539157746,-0.00202990245,1,0.12652468,0.0607227409
1.188,1.69425429,1.96773779,-1.54815435,-0.753092993,-19.5234209,-0.411203309,0.753092993,-0.367544259,3.34264115e-05,-3.33863024e-05,3.33863024e-05,0.00271504495,0.636606192,-0.567149056,-0.00199451776,1,0.123457961,0.0592305874
1.19,1.69110948,1.96620866,-1.58683091,-0.771380704,-19.0271608,-0.4185717,0.771380704,-0.376133833,3.44263389e-05,-3.43881268e-05,3.43881268e-05,0.0028502284,0.664202511,-0.59502819,-0.00195268742,1,0.120313152,0.0577014577
1.192,1.68788857,1.96464363,-1.62450584,-0.789124106,-18.5188257,-0.425619459,0.789124106,-0.384430435,3.53869427e-05,-3.53507973e-05,3.53507973e-05,0.00298477146,0.691421298,-0.622716855,-0.00190457409,1,0.117092238,0.056136431
1.194,1.68459358,1.96304381,-1.66115524,-0.806310995,-17.9987342,-0.432341558,0.806310995,-0.392428023,3.6307584e-05,-3.62736497e-05,3.62736497e-05,0.00311831363,0.718186442,-0.650137421,-0.00185036702,1,0.113797253,0.0545366113
1.196,1.6812266,1.96141033,-1.69675582,-0.82292962,-17.4672122,-0.43873329,0.82292962,-0.400120856,3.71876804e-05,-3.71560751e-05,3.71560751e-05,0.00325049753,0.744423264,-0.67721316,-0.00179028155,1,0.110430276,0.0529031263
1.198,1.67778976,1.95974433,-1.73128499,-0.838968699,-16.9245931,-0.444790283,0.838968699,-0.407503498,3.80267075e-05,-3.79975218e-05,3.79975218e-05,0.00338096985,0.77005874,-0.703868478,-0.0017245584,1,0.106993434,0.0512371268
1.2,1.67428522,1.95804699,-1.7647208,-0.854417426,-16.3712174,-0.450508504,0.854417426,-0.414570831,3.88242009e-05,-3.87974979e-05,3.87974979e-05,0.00350938239,0.795021727,-0.730029138,-0.00165346283,1,0.103488896,0.0495397855
1.202,1.6707152,1.9563195,-1.79704199,-0.869265491,-15.8074323,-0.455884269,0.869265491,-0.421318059,3.95797583e-05,-3.95555729e-05,3.95555729e-05,0.00363539304,0.819243175,-0.755622494,-0.00157728359,1,0.0999188776,0.0478122959
1.204,1.66708196,1.95456307,-1.82822802,-0.883503086,-15.2335922,-0.460914246,0.883503086,-0.427740719,4.02930411e-05,-4.027138e-05,4.027138e-05,0.0037586667,0.84265634,-0.780577703,-0.00149633178,1,0.0962856321,0.0460558718
1.206,1.66338778,1.95277895,-1.85825904,-0.897120919,-14.6500576,-0.465595465,0.897120919,-0.433834688,4.09637758e-05,-4.09446174e-05,4.09446174e-05,0.00387887626,0.865196982,-0.804825943,-0.00141093948,1,0.0925914553,0.0442717458
1.208,1.65963501,1.95096837,-1.88711594,-0.910110224,-14.0571954,-0.46992532,0.910110224,-0.439596187,4.15917557e-05,-4.15750506e-05,4.15750506e-05,0.00399570351,0.886803561,-0.82830062,-0.00132145823,1,0.0888386812,0.0424611685
1.21,1.65582601,1.94913261,-1.91478034,-0.922462773,-13.4553786,-0.473901576,0.922462773,-0.44502179,4.21768415e-05,-4.2162513e-05,4.2162513e-05,0.00410884002,0.907417419,-0.850937567,-0.00122825743,1,0.0850296811,0.0406254072
1.212,1.65196319,1.94727295,-1.94123461,-0.934170884,-12.8449862,-0.477522373,0.934170884,-0.45010843,4.27189631e-05,-4.27069077e-05,4.27069077e-05,0.00421798802,0.926982958,-0.87267524,-0.00113172251,1,0.0811668622,0.0387657453
1.214,1.64804899,1.94539068,-1.96646189,-0.945227431,-12.2264025,-0.480786229,0.945227431,-0.454853402,4.32181197e-05,-4.32082081e-05,4.32082081e-05,0.00432286121,0.945447799,-0.893454896,-0.00103225303,1,0.0772526659,0.0368834805
1.216,1.64408589,1.94348713,-1.9904461,-0.955625853,-11.6000177,-0.483692045,0.955625853,-0.459254368,4.36743806e-05,-4.3666459e-05,4.3666459e-05,0.00442318555,0.962762943,-0.913220771,-0.000930260636,1,0.0732895664,0.0349799243
1.218,1.6400764,1.9415636,-2.01317192,-0.965360162,-10.9662268,-0.486239102,0.965360162,-0.463309363,4.40878858e-05,-4.40817768e-05,4.40817768e-05,0.00451870005,0.978882904,-0.931920243,-0.000826166908,1,0.0692800691,0.0330564005
1.22,1.63602304,1.93962145,-2.03462484,-0.974424949,-10.3254299,-0.488427069,0.974424949,-0.467016795,4.44588456e-05,-4.44543499e-05,4.44543499e-05,0.00460915743,0.993765845,-0.949503981,-0.000720401119,1,0.0652267092,0.0311142442
1.222,1.63192838,1.937662,-2.05479115,-0.98281539,-9.67803185,-0.490256001,0.98281539,-0.470375451,4.47875411e-05,-4.4784439e-05,4.4784439e-05,0.00469432483,1.00737369,-0.96592609,-0.000613397915,1,0.0611320495,0.0291548005
1.224,1.62779501,1.93568663,-2.07365795,-0.990527253,-9.02444179,-0.491726336,0.990527253,-0.473384495,4.50743232e-05,-4.50723763e-05,4.50723763e-05,0.00477398443,1.01967223,-0.981144239,-0.000505594926,1,0.0569986797,0.0271794236
1.226,1.62362554,1.93369668,-2.09121318,-0.997556903,-8.36507321,-0.492838901,0.997556903,-0.476043472,4.53196123e-05,-4.53185654e-05,4.53185654e-05,0.00484793401,1.0306312,-0.995119774,-0.000397430341,1,0.0528292139,0.0251894751
1.228,1.61942262,1.93169353,-2.10744558,-1.0039013,-7.70034354,-0.4935949,1.0039013,-0.478352305,4.55238973e-05,-4.55234805e-05,4.55234805e-05,0.00491598751,1.04022439,-1.00781783,-0.000289340443,1,0.0486262895,0.0231863236
1.23,1.61518889,1.92967854,-2.12234476,-1.00955802,-7.0306739,-0.493995923,1.00955802,-0.480311297,4.56877344e-05,-4.5687665e-05,4.5687665e-05,0.00497797546,1.04842966,-1.01920739,-0.000181757143,1,0.0443925653,0.0211713424
1.232,1.61092705,1.92765311,-2.13590114,-1.01452522,-6.35648887,-0.494043933,1.01452522,-0.481921129,4.58117458e-05,-4.58117306e-05,4.58117306e-05,0.00503374544,1.055229,-1.02926143,-7.51055195e-05,1,0.0401307198,0.0191459096
1.234,1.60663978,1.92561861,-2.14810602,-1.01880169,-5.67821617,-0.493741267,1.01880169,-0.483182855,4.58966179e-05,-4.5896355e-05,4.5896355e-05,0.00508316245,1.06060859,-1.03795688,3.01986132e-05,1,0.0358434496,0.0171114055
1.236,1.60232979,1.92357641,-2.15895154,-1.0223868,-4.99628645,-0.493090627,1.0223868,-0.484097904,4.59430992e-05,-4.59422807e-05,4.59422807e-05,0.00512610918,1.06455877,-1.04527476,0.00013375109,1,0.0315334677,0.0150692127
1.238,1.59799983,1.92152792,-2.16843072,-1.02528053,-4.31113298,-0.492095079,1.02528053,-0.48466807,4.59519983e-05,-4.59503123e-05,4.59503123e-05,0.00516248633,1.06707409,-1.05120017,0.000235161709,1,0.0272035017,0.013020714
1.24,1.59365262,1.91947449,-2.17653743,-1.02748348,-3.62319139,-0.49075804,1.02748348,-0.484895508,4.5924181e-05,-4.5921314e-05,4.5921314e-05,0.00519221275,1.06815324,-1.05572231,0.000334056463,1,0.022856292,0.0109672914
1.242,1.58929092,1.91741753,-2.18326643,-1.02899683,-2.93289942,-0.489083275,1.02899683,-0.484782734,4.58605681e-05,-4.5856207e-05,4.5856207e-05,0.00521522564,1.06779909,-1.05883448,0.000430079665,1,0.0184945902,0.00891032508
1.244,1.58491748,1.91535839,-2.18861334,-1.02982236,-2.24069659,-0.487074883,1.02982236,-0.484332609,4.57621319e-05,-4.57559662e-05,4.57559662e-05,0.00523148057,1.06601858,-1.06053409,0.000522895944,1,0.0141211575,0.00685119221
1.246,1.58053509,1.91329847,-2.19257467,-1.02996243,-1.54702392,-0.484737294,1.02996243,-0.48354834,4.5629893e-05,-4.56216173e-05,4.56216173e-05,0.00524095156,1.06282271,-1.0608226,0.000612192111,1,0.00973876241,0.00479126552
1.248,1.57614651,1.91123911,-2.19514782,-1.02941999,-0.852323684,-0.482075252,1.02941999,-0.482433465,4.54649172e-05,-4.54542328e-05,4.54542328e-05,0.00524363103,1.05822644,-1.05970552,0.000697678858,1,0.00535017957,0.00273191233
1.25,1.57175451,1.9091817,-2.19633106,-1.02819857,-0.15703906,-0.47909381,1.02819857,-0.480991846,4.52683111e-05,-4.52549282e-05,4.52549282e-05,0.0052395297,1.05224861,-1.0571923,0.000779092292,1,0.000958187619,0.000674493336
1.252,1.56736189,1.90712756,-2.19612356,-1.02630226,0.538386114,-0.475798311,1.02630226,-0.479227662,4.50412186e-05,-4.50248582e-05,4.50248582e-05,0.00522867646,1.04491188,-1.05329632,0.000856195276,1,-0.00343443245,-0.00137963852
1.254,1.56297143,1.90507806,-2.19452536,-1.0237357,1.23350765,-0.472194382,1.0237357,-0.477145392,4.47848169e-05,-4.47652122e-05,4.47652122e-05,0.00521111818,1.03624255,-1.04803478,0.000928778577,1,-0.00782489906,-0.00342913917
1.256,1.55858589,1.90303453,-2.19153741,-1.02050408,1.92788131,-0.468287917,1.02050408,-0.474749807,4.45003116e-05,-4.44772102e-05,4.44772102e-05,0.00518691942,1.02627049,-1.04142859,0.000996661802,1,-0.0122104319,-0.00547267454
1.258,1.55420807,1.90099828,-2.18716154,-1.01661314,2.62106311,-0.464085062,1.01661314,-0.47204596,4.41889327e-05,-4.41620977e-05,4.41620977e-05,0.00515616215,1.015029,-1.03350228,0.00105969412,1,-0.0165882535,-0.00750892157
1.26,1.54984074,1.89897063,-2.18140047,-1.01206911,3.31260958,-0.459592203,1.01206911,-0.469039165,4.38519297e-05,-4.3821141e-05,4.3821141e-05,0.00511894541,1.00255465,-1.02428389,0.00111775474,1,-0.0209555915,-0.00953656935
1.262,1.54548665,1.89695288,-2.17425779,-1.00687876,4.00207815,-0.45481595,1.00687876,-0.465734992,4.34905668e-05,-4.34556226e-05,4.34556226e-05,0.00507538485,0.988887122,-1.01380483,0.00117075321,1,-0.0253096796,-0.0115543201
1.264,1.54114857,1.89494631,-2.16573799,-1.00104932,4.68902736,-0.44976312,1.00104932,-0.462139247,4.31061183e-05,-4.30668359e-05,4.30668359e-05,0.00502561233,0.974069077,-1.00209973,0.00121862939,1,-0.0296477602,-0.0135608901
1.266,1.53682924,1.89295219,-2.15584645,-0.994588517,5.37301721,-0.444440723,0.994588517,-0.458257961,4.2699863e-05,-4.26560797e-05,4.26560797e-05,0.0049697754,0.958145953,-0.989206318,0.00126135332,1,-0.0339670856,-0.0155550107
1.268,1.53253141,1.89097177,-2.1445894,-0.98750454,6.05360944,-0.43885594,0.98750454,-0.45409737,4.22730798e-05,-4.22246536e-05,4.22246536e-05,0.00490803674,0.941165799,-0.975165217,0.00129892472,1,-0.0382649201,-0.0175354295
1.27,1.52825779,1.88900629,-2.13197398,-0.979806015,6.73036786,-0.433016115,0.979806015,-0.449663902,4.18270419e-05,-4.17738523e-05,4.17738523e-05,0.00484057361,0.923179092,-0.960019827,0.00133137233,1,-0.0425385412,-0.0195009107
1.272,1.52401108,1.88705697,-2.11800818,-0.971501993,7.40285863,-0.426928729,0.971501993,-0.444964163,4.13630124e-05,-4.13049605e-05,4.13049605e-05,0.00476757723,0.904238541,-0.943816122,0.00135875307,1,-0.0467852423,-0.0214502366
1.274,1.51979399,1.88512499,-2.10270085,-0.962601932,8.07065055,-0.420601389,0.962601932,-0.440004915,4.08822384e-05,-4.08192473e-05,4.08192473e-05,0.00468925209,0.884398897,-0.92660248,0.00138115088,1,-0.0510023334,-0.0233822079
1.276,1.51560918,1.88321156,-2.08606172,-0.95311568,8.73331541,-0.414041803,0.95311568,-0.434793064,4.03859463e-05,-4.03179614e-05,4.03179614e-05,0.00460581531,0.863716755,-0.908429499,0.00139867541,1,-0.0551871434,-0.0252956448
1.278,1.5114593,1.88131781,-2.06810135,-0.943053448,9.39042822,-0.407257772,0.943053448,-0.429335639,3.98753368e-05,-3.98023253e-05,3.98023253e-05,0.00451749591,0.842250349,-0.889349805,0.00141146053,1,-0.059337022,-0.0271893875
1.28,1.50734699,1.8794449,-2.04883117,-0.932425795,10.0415675,-0.400257164,0.932425795,-0.423639779,3.93515795e-05,-3.92735306e-05,3.92735306e-05,0.00442453408,0.820059355,-0.869417862,0.00141966262,1,-0.0634493407,-0.0290622973
1.282,1.50327483,1.87759395,-2.02826345,-0.921243605,10.6863158,-0.3930479,0.921243605,-0.417712712,3.88158082e-05,-3.8732733e-05,3.8732733e-05,0.00432718039,0.797204688,-0.84868978,0.00142345872,1,-0.0675214951,-0.030913257
1.284,1.49924542,1.87576603,-2.00641126,-0.909518067,11.3242596,-0.385637935,0.909518067,-0.411561739,3.82691163e-05,-3.81810469e-05,3.81810469e-05,0.00422569506,0.773748295,-0.827223114,0.0014230445,1,-0.0715509064,-0.0327411713
1.286,1.4952613,1.87396223,-1.98328854,-0.89726065,11.9549898,-0.378035241,0.89726065,-0.405194217,3.77125518e-05,-3.76195413e-05,3.76195413e-05,0.00412034711,0.74975296,-0.805076674,0.00141863215,1,-0.0755350229,-0.0345449678
1.288,1.491325,1.8721836,-1.95891,-0.884483084,12.5781021,-0.370247792,0.884483084,-0.398617544,3.71471133e-05,-3.70492348e-05,3.70492348e-05,0.00401141362,0.725282102,-0.782310327,0.00141044807,1,-0.0794713219,-0.0363235975
1.29,1.48743902,1.87043117,-1.93329119,-0.871197337,13.1931972,-0.362283543,0.871197337,-0.391839135,3.6573745e-05,-3.64710914e-05,3.64710914e-05,0.00389917883,0.700399582,-0.7589848,0.00139873057,1,-0.0833573109,-0.038076035
1.292,1.4836058,1.86870592,-1.90644844,-0.857415591,13.7998811,-0.354150415,0.857415591,-0.384866415,3.59933336e-05,-3.58860166e-05,3.58860166e-05,0.00378393341,0.675169506,-0.735161495,0.00138372742,1,-0.0871905297,-0.039801279
1.294,1.47982777,1.86700885,-1.87839886,-0.84315022,14.3977653,-0.345856283,0.84315022,-0.377706795,3.54067039e-05,-3.52948535e-05,3.52948535e-05,0.00366597353,0.649656046,-0.710902294,0.0013656934,1,-0.0909685518,-0.041498353
1.296,1.47610734,1.8653409,-1.84916034,-0.828413772,14.9864669,-0.337408952,0.828413772,-0.370367658,3.48146154e-05,-3.46983789e-05,3.46983789e-05,0.00354560012,0.623923251,-0.686269378,0.00134488777,1,-0.0946889857,-0.0431663055
1.298,1.47244685,1.86370299,-1.81875152,-0.81321894,15.5656095,-0.32881615,0.81321894,-0.362856345,3.42177593e-05,-3.40973006e-05,3.40973006e-05,0.003423118,0.598034874,-0.661325045,0.0013215718,1,-0.0983494768,-0.0448042102
1.3,1.46884862,1.86209604,-1.78719181,-0.797578545,16.1348227,-0.32008551,0.797578545,-0.35518014,3.36167554e-05,-3.34922541e-05,3.34922541e-05,0.00329883506,0.572054203,-0.636131535,0.00129600625,1,-0.101947708,-0.0464111662
1.302,1.46531492,1.8605209,-1.75450134,-0.781505511,16.6937429,-0.311224554,0.781505511,-0.347346252,3.30121496e-05,-3.28838005e-05,3.28838005e-05,0.00317306147,0.546043899,-0.610750864,0.00126844897,1,-0.105481404,-0.0479862986
1.304,1.461848,1.85897844,-1.72070096,-0.765012847,17.2420131,-0.302240687,0.765012847,-0.339361804,3.24044117e-05,-3.22724236e-05,3.22724236e-05,0.00304610886,0.520065841,-0.585244657,0.00123915247,1,-0.108948328,-0.0495287583
1.306,1.45845004,1.85746948,-1.68581224,-0.748113624,17.7792837,-0.293141176,0.748113624,-0.33123382,3.17939336e-05,-3.16585289e-05,3.16585289e-05,0.0029182895,0.494180982,-0.559673995,0.00120836164,1,-0.112346287,-0.0510377225
1.308,1.45512319,1.85599481,-1.64985743,-0.730820955,18.3052121,-0.283933144,0.730820955,-0.32296921,3.1181028e-05,-3.10424416e-05,3.10424416e-05,0.0027899156,0.468449206,-0.534099268,0.00117631158,1,-0.115673133,-0.0525123943
1.31,1.45186957,1.8545552,-1.61285946,-0.713147974,18.8194635,-0.274623558,0.713147974,-0.31457476,3.05659268e-05,-3.04244056e-05,3.04244056e-05,0.00266129847,0.442929205,-0.508580033,0.00114322547,1,-0.118926762,-0.0539520034
1.312,1.44869121,1.8531514,-1.57484195,-0.695107822,19.3217108,-0.26521922,0.695107822,-0.306057121,2.99487814e-05,-2.98045835e-05,2.98045835e-05,0.00253274783,0.417678353,-0.483174884,0.0011093127,1,-0.122105116,-0.0553558055
1.314,1.44559014,1.85178412,-1.53582913,-0.676713622,19.8116349,-0.255726755,0.676713622,-0.297422797,2.93296614e-05,-2.91830557e-05,2.91830557e-05,0.00240457107,0.392752601,-0.457941326,0.00107476704,1,-0.125206188,-0.0567230827
1.316,1.44256831,1.85045406,-1.4958459,-0.657978465,20.2889248,-0.246152608,0.657978465,-0.288678139,2.87085557e-05,-2.85598208e-05,2.85598208e-05,0.00227707256,0.368206369,-0.432935661,0.00103976509,1,-0.128228017,-0.0580531433
1.318,1.43962763,1.84916188,-1.45491774,-0.638915396,20.7532781,-0.236503032,0.638915396,-0.279829331,2.80853726e-05,-2.79347968e-05,2.79347968e-05,0.00215055295,0.344092457,-0.408212884,0.00100446484,1,-0.131168694,-0.0593453216
1.32,1.43676996,1.84790822,-1.41307075,-0.619537394,21.2044008,-0.226784085,0.619537394,-0.27088239,2.7459941e-05,-2.73078214e-05,2.73078214e-05,0.00202530855,0.320461958,-0.383826582,0.000969004456,1,-0.134026362,-0.0605989781
1.322,1.43399711,1.8466937,-1.37033161,-0.599857358,21.6420078,-0.217001625,0.599857358,-0.261843152,2.68320119e-05,-2.66786542e-05,2.66786542e-05,0.0019016307,0.297364186,-0.35982885,0.000933501282,1,-0.136799217,-0.061813499
1.324,1.43131082,1.84551891,-1.32672756,-0.579888097,22.065823,-0.207161303,0.579888097,-0.252717272,2.62012605e-05,-2.60469781e-05,2.60469781e-05,0.00177980512,0.27484661,-0.336270205,0.000898051047,1,-0.139485508,-0.0629882963
1.326,1.42871279,1.84438439,-1.28228638,-0.559642314,22.4755794,-0.197268565,0.559642314,-0.243510213,2.55672882e-05,-2.54124022e-05,2.54124022e-05,0.0016601114,0.252954794,-0.313199519,0.0008627273,1,-0.14208354,-0.0641228075
1.328,1.42620465,1.84329071,-1.23703638,-0.539132597,22.8710193,-0.187328645,0.539132597,-0.234227252,2.49296254e-05,-2.47744642e-05,2.47744642e-05,0.00154282244,0.231732349,-0.290663957,0.000827581066,1,-0.144591675,-0.0652164952
1.33,1.423788,1.84223835,-1.19100639,-0.518371407,23.2518946,-0.177346567,0.518371407,-0.224873466,2.4287735e-05,-2.41326334e-05,2.41326334e-05,0.00142820387,0.211220895,-0.268708916,0.000792640741,1,-0.14700833,-0.0662688473
1.332,1.42146435,1.84122783,-1.14422572,-0.497371072,23.6179667,-0.167327143,0.497371072,-0.21545374,2.36410155e-05,-2.34863149e-05,2.34863149e-05,0.00131651364,0.19146002,-0.247377984,0.000757912199,1,-0.149331981,-0.0672793761
1.334,1.41923516,1.84025958,-1.09672414,-0.476143777,23.9690067,-0.157274976,0.476143777,-0.20597276,2.29888051e-05,-2.28348527e-05,2.28348527e-05,0.00120800151,0.172487262,-0.226712897,0.000723379141,1,-0.151561166,-0.0682476186
1.336,1.41710185,1.83933407,-1.04853188,-0.454701558,24.3047958,-0.14719446,0.454701558,-0.196435015,2.2330386e-05,-2.21775347e-05,2.21775347e-05,0.00110290861,0.154338085,-0.206753507,0.000689003656,1,-0.15369448,-0.0691731361
1.338,1.41506575,1.83845169,-0.999679614,-0.433056296,24.6251251,-0.137089786,0.433056296,-0.1868448,2.1664989e-05,-2.15135966e-05,2.15135966e-05,0.00100146705,0.137045864,-0.187537756,0.000654726998,1,-0.155730579,-0.0700555134
1.34,1.41312814,1.83761284,-0.950198399,-0.411219719,24.9297959,-0.126964941,0.411219719,-0.177206217,2.09917983e-05,-2.08422273e-05,2.08422273e-05,0.000903899519,0.120641884,-0.169101657,0.00062047058,1,-0.157668182,-0.0708943593
1.342,1.41129026,1.8368179,-0.900119699,-0.38920339,25.2186197,-0.116823716,0.38920339,-0.167523175,2.03099569e-05,-2.01625737e-05,2.01625737e-05,0.000810418934,0.105155328,-0.151479279,0.000586137151,1,-0.159506072,-0.0716893055
1.344,1.40955324,1.8360672,-0.849475343,-0.367018715,25.4914185,-0.106669711,0.367018715,-0.1577994,1.9618572e-05,-1.94737466e-05,1.94737466e-05,0.000721228114,0.0906132894,-0.134702737,0.000551612178,1,-0.161243092,-0.0724400068
1.346,1.40791818,1.83536106,-0.798297509,-0.344676935,25.7480245,-0.0965063418,0.344676935,-0.148038435,1.89167206e-05,-1.87748256e-05,1.87748256e-05,0.000636519466,0.0770407723,-0.11880219,0.000516765382,1,-0.162878151,-0.0731461407
1.348,1.4063861,1.8346998,-0.746618701,-0.322189135,25.9882808,-0.086336846,0.322189135,-0.138243648,1.82034556e-05,-1.80648659e-05,1.80648659e-05,0.000556474706,0.0644607038,-0.103805839,0.000481452457,1,-0.164410223,-0.0738074068
1.35,1.40495798,1.83408368,-0.694471731,-0.299566239,26.2120409,-0.0761642916,0.299566239,-0.128418238,1.74778119e-05,-1.73429034e-05,1.73429034e-05,0.000481264602,0.0528939474,-0.0897399316,0.000445516911,1,-0.165838347,-0.0744235267
1.352,1.4036347,1.83351296,-0.641889695,-0.276819019,26.419169,-0.0659915859,0.276819019,-0.118565242,1.67388126e-05,-1.66079616e-05,1.66079616e-05,0.000411048737,0.0423593189,-0.0766287695,0.000408792053,1,-0.167161629,-0.0749942437
1.354,1.40241709,1.83298788,-0.588905951,-0.253958098,26.6095402,-0.0558214844,0.253958098,-0.108687543,1.59854754e-05,-1.58590575e-05,1.58590575e-05,0.000345975302,0.0328736043,-0.0644947155,0.000371103081,1,-0.168379238,-0.0755193226
1.356,1.40130591,1.83250865,-0.535554101,-0.230993954,26.7830403,-0.045656601,0.230993954,-0.0987878793,1.52168191e-05,-1.5095208e-05,1.5095208e-05,0.000286180898,0.0244515799,-0.0533582066,0.000332269268,1,-0.169490415,-0.0759985489
1.358,1.40030186,1.83207547,-0.481867966,-0.207936928,26.9395661,-0.0354994188,0.207936928,-0.0888688539,1.44318701e-05,-1.43154365e-05,1.43154365e-05,0.000231790372,0.0171060327,-0.0432377661,0.000292106214,1,-0.170494465,-0.0764317292
1.36,1.39940556,1.83168851,-0.427881566,-0.184797235,27.0790252,-0.0253523003,0.184797235,-0.078932944,1.36296689e-05,-1.35187791e-05,1.35187791e-05,0.000182916663,0.010847782,-0.0341500179,0.000250428161,1,-0.171390763,-0.0768186906
1.362,1.39861758,1.83134792,-0.373629098,-0.161584965,27.2013361,-0.0152175001,0.161584965,-0.0689825116,1.28092767e-05,-1.27042912e-05,1.27042912e-05,0.000139660676,0.00568570082,-0.026109701,0.00020705034,1,-0.172178749,-0.0771592803
1.364,1.39793839,1.83105384,-0.319144911,-0.138310101,27.3064287,-0.00509717578,0.138310101,-0.0590198149,1.19697819e-05,-1.1871054e-05,1.1871054e-05,0.000102111164,0.00162673771,-0.0191296841,0.000161791327,1,-0.172857936,-0.0774533657
1.366,1.39736843,1.83080637,-0.264463489,-0.114982523,27.3942432,0.00500659897,0.114982523,-0.0490470197,1.11103062e-05,-1.10181802e-05,1.10181802e-05,7.03446349e-05,-0.00132406263,-0.0132209807,0.0001144754,1,-0.173427902,-0.0777008339
1.368,1.39690803,1.83060561,-0.209619425,-0.0916120222,27.4647316,0.0150918222,0.0916120222,-0.039066211,1.02300114e-05,-1.01448211e-05,1.01448211e-05,4.44252784e-05,-0.0031635391,-0.0083927626,6.49348669e-05,1,-0.173888296,-0.0779015917
1.37,1.39655749,1.83045164,-0.154647403,-0.0682083096,27.5178562,0.0251565507,0.0682083096,-0.0290794056,9.328105e-06,-9.2501717e-06,9.2501717e-06,2.44048996e-05,-0.00389039524,-0.00465237349,1.30123513e-05,1,-0.174238837,-0.0780555656
1.372,1.39631701,1.8303445,-0.0995821713,-0.044781031,27.5535908,0.0351988868,0.044781031,-0.0190885647,8.40384638e-06,-8.33347728e-06,8.33347728e-06,1.03228768e-05,-0.00350518158,-0.00200534074,-4.14369893e-05,1,-0.174479313,-0.078162701
1.374,1.39618675,1.83028424,-0.0444585225,-0.0213397776,27.57192,0.0452169654,0.0213397776,-0.00909560624,7.45655251e-06,-7.3940387e-06,7.3940387e-06,2.20613112e-06,-0.00201027947,-0.00045538611,-9.85433266e-05,1,-0.174609579,-0.0782229629
1.376,1.39616676,1.83027087,0.0106887273,0.00210590091,27.5728396,0.0552089405,-0.00210590091,0.000897581619,6.4856034e-06,-6.43121798e-06,6.43121798e-06,6.91128473e-08,0.000590113309,-4.43481863e-06,-0.000158420125,1,-0.174629563,-0.0782363353
1.378,1.39625707,1.83030438,0.065824762,0.0255464837,27.5563561,0.0651729719,-0.0255464837,0.0108891278,5.49044733e-06,-5.44444344e-06,5.44444344e-06,3.91380132e-06,0.00428999536,-0.000652622827,-0.000221162227,1,-0.174539261,-0.0782028213
1.38,1.39645759,1.83038476,0.120914787,0.0489724652,27.522487,0.0751072121,-0.0489724652,0.020877165,4.47060572e-06,-4.43321463e-06,4.43321463e-06,1.37297202e-05,0.00908157255,-0.00239830234,-0.000286844065,1,-0.174338739,-0.0781224428
1.382,1.39676819,1.83051196,0.175924051,0.0723743424,27.471261,0.0850097931,-0.0723743424,0.0308598165,3.42567773e-06,-3.39710692e-06,3.39710692e-06,2.9493967e-05,0.0149552672,-0.00523804544,-0.000355518035,1,-0.174028132,-0.077995241
1.384,1.39718868,1.83068593,0.230817867,0.0957426017,27.4027173,0.0948788134,-0.0957426017,0.0408351833,2.35534453e-06,-2.33577577e-06,2.33577577e-06,5.11712564e-05,0.0218997253,-0.00916664578,-0.000427213024,1,-0.173607646,-0.077821276
1.386,1.39771877,1.83090658,0.285561637,0.119067706,27.3169061,0.104712325,-0.119067706,0.050801331,1.25937313e-06,-1.24896068e-06,1.24896068e-06,7.87139789e-05,0.0299018229,-0.0141771185,-0.00050193312,1,-0.173077555,-0.0776006269
1.388,1.39835813,1.83117381,0.340120869,0.142340081,27.2138883,0.114508321,-0.142340081,0.0607562767,1.37619896e-07,-1.36488735e-07,1.36488735e-07,0.000112062273,0.0389466696,-0.0202606986,-0.000579656509,1,-0.172438201,-0.0773333921
1.39,1.39910633,1.83148751,0.394461202,0.165550105,27.0937356,0.124264724,-0.165550105,0.0706979772,-1.00996638e-06,1.0017222e-06,1.0017222e-06,0.000151144111,0.0490176122,-0.0274068372,-0.000660334571,1,-0.171689997,-0.0770196889
1.392,1.3999629,1.83184755,0.448548427,0.188688094,26.9565302,0.133979372,-0.188688094,0.0806243158,-2.18334182e-06,2.1656607e-06,2.1656607e-06,0.000195875404,0.0600962366,-0.035603197,-0.000743891184,1,-0.170833423,-0.0766596542
1.394,1.4009273,1.83225376,0.502348506,0.211744294,26.802365,0.143650012,-0.211744294,0.0905330909,-3.3823652e-06,3.35521942e-06,3.35521942e-06,0.000246160116,0.0721623689,-0.0448356462,-0.000830222246,1,-0.169869029,-0.0762534442
1.396,1.4019989,1.83270597,0.555827595,0.234708866,26.6313432,0.153274283,-0.234708866,0.100422004,-4.60679616e-06,4.57019309e-06,4.57019309e-06,0.000301890396,0.0851940761,-0.0550882517,-0.00091919541,1,-0.16879743,-0.0758012348
1.398,1.40317702,1.83320398,0.608952064,0.257571877,26.4435786,0.16284971,-0.257571877,0.11028865,-5.85629387e-06,5.81027702e-06,5.81027702e-06,0.000362946728,0.0991676669,-0.0663432719,-0.00101065005,1,-0.167619311,-0.0753032217
1.4,1.4044609,1.83374758,0.66168852,0.280323293,26.2391952,0.172373691,-0.280323293,0.120130503,-7.13041612e-06,7.07506601e-06,7.07506601e-06,0.000429198097,0.114057693,-0.0785811485,-0.00110439745,1,-0.166335423,-0.0747596204
1.402,1.40584974,1.83433654,0.714003824,0.302952966,26.018327,0.181843493,-0.302952966,0.129944912,-8.42861884e-06,8.36405364e-06,8.36405364e-06,0.000500502167,0.129836949,-0.0917804998,-0.00120022124,1,-0.164946584,-0.0741706669
1.404,1.40734265,1.83497058,0.765865113,0.325450631,25.7811185,0.191256236,-0.325450631,0.139729084,-9.75025615e-06,9.67663207e-06,9.67663207e-06,0.000576705482,0.146476479,-0.105918113,-0.00129787801,1,-0.163453676,-0.0735366175
1.406,1.40893868,1.83564945,0.817239821,0.347805894,25.5277239,0.200608892,-0.347805894,0.149480083,-1.10945808e-05,1.10120923e-05,1.10120923e-05,0.000657643685,0.163945575,-0.12096894,-0.00139709819,1,-0.161857649,-0.072857749
1.408,1.41063681,1.83637284,0.868095697,0.370008228,25.2583075,0.209898275,-0.370008228,0.159194814,-1.2460745e-05,1.23696246e-05,1.23696246e-05,0.000743141751,0.18221179,-0.136906089,-0.00149758717,1,-0.160159516,-0.0721343596
1.41,1.41243597,1.83714043,0.918400825,0.392046972,24.973043,0.219121035,-0.392046972,0.168870023,-1.38478018e-05,1.374832e-05,1.374832e-05,0.000833014245,0.201240939,-0.153700828,-0.00159902655,1,-0.158360354,-0.0713667683
1.412,1.41433502,1.83795189,0.968123648,0.413911319,24.6721141,0.228273652,-0.413911319,0.178502285,-1.52547071e-05,1.51471713e-05,1.51471713e-05,0.000927065599,0.22099712,-0.17132258,-0.00170107567,1,-0.156461306,-0.0705553159
1.414,1.41633275,1.83880684,1.01723298,0.435590322,24.3557139,0.237352432,-0.435590322,0.188087999,-1.66803212e-05,1.65650753e-05,1.65650753e-05,0.0010250904,0.241442721,-0.189738929,-0.00180337332,1,-0.154463573,-0.0697003646
1.416,1.4184279,1.8397049,1.06569802,0.457072886,24.0240449,0.246353506,-0.457072886,0.197623385,-1.81234121e-05,1.8000835e-05,1.8000835e-05,0.00112687373,0.262538444,-0.208915623,-0.00190553961,1,-0.152368423,-0.0688022992
1.418,1.42061915,1.84064568,1.1134884,0.478347771,23.6773186,0.255272821,-0.478347771,0.207104478,-1.95826581e-05,1.94531623e-05,1.94531623e-05,0.00123219146,0.284243326,-0.22881659,-0.00200717803,1,-0.150177181,-0.0678615265
1.42,1.42290509,1.84162873,1.16057417,0.49940359,23.3157559,0.264106145,-0.49940359,0.216527125,-2.1056651e-05,2.0920681e-05,2.0920681e-05,0.00134081068,0.30651477,-0.249403946,-0.00210787766,1,-0.147891235,-0.0668784761
1.422,1.4252843,1.8426536,1.20692582,0.520228816,22.9395866,0.272849061,-0.520228816,0.225886982,-2.25439002e-05,2.24019305e-05,2.24019305e-05,0.00145249001,0.329308576,-0.270638021,-0.00220721555,1,-0.14551203,-0.0658536004
1.424,1.42775526,1.84371983,1.25251431,0.540811779,22.5490491,0.28149697,-0.540811779,0.235179513,-2.40428363e-05,2.38953691e-05,2.38953691e-05,0.00156698006,0.352578985,-0.292477381,-0.00230475916,1,-0.143041071,-0.0647873753
1.426,1.43031641,1.8448269,1.29731111,0.561140677,22.1443907,0.290045092,-0.561140677,0.244399991,-2.55518158e-05,2.53993784e-05,2.53993784e-05,0.00168402386,0.376278719,-0.31487886,-0.00240006899,1,-0.140479921,-0.0636803
1.428,1.43296613,1.8459743,1.34128814,0.581203576,21.7258671,0.298488464,-0.581203576,0.253543495,-2.70691255e-05,2.69122679e-05,2.69122679e-05,0.00180335729,0.400359037,-0.337797597,-0.00249270126,1,-0.137830197,-0.0625328975
1.43,1.43570275,1.84716149,1.38441788,0.600988421,21.2937423,0.306821949,-0.600988421,0.262604913,-2.85929871e-05,2.84322791e-05,2.84322791e-05,0.00192470956,0.424769793,-0.361187082,-0.00258221065,1,-0.135093574,-0.0613457149
1.432,1.43852455,1.84838788,1.42667334,0.620483041,20.8482884,0.315040235,-0.620483041,0.271578946,-3.01215632e-05,2.99575907e-05,2.99575907e-05,0.00204780374,0.449459504,-0.384999204,-0.00266815308,1,-0.13227178,-0.0601193235
1.434,1.44142973,1.84965288,1.46802806,0.639675162,20.3897857,0.323137843,-0.639675162,0.280460107,-3.16529614e-05,3.1486324e-05,3.1486324e-05,0.00217235728,0.474375419,-0.409184312,-0.00275008859,1,-0.129366597,-0.058854319
1.436,1.44441647,1.85095588,1.50845615,0.658552414,19.9185222,0.33110913,-0.658552414,0.289242729,-3.3185241e-05,3.30165478e-05,3.30165478e-05,0.00229808255,0.499463604,-0.433691282,-0.00282758418,1,-0.126379859,-0.057551322
1.438,1.44748288,1.85229622,1.54793232,0.677102346,19.4347934,0.338948299,-0.677102346,0.29792097,-3.47164176e-05,3.45462843e-05,3.45462843e-05,0.00242468744,0.524669028,-0.458467587,-0.0029002166,1,-0.123313451,-0.0562109776
1.44,1.45062702,1.85367325,1.58643187,0.695312435,18.9389026,0.346649404,-0.695312435,0.306488816,-3.62444698e-05,3.60735145e-05,3.60735145e-05,0.00255187592,0.549935662,-0.483459383,-0.0029675752,1,-0.120169308,-0.0548339562
1.442,1.45384691,1.85508625,1.62393069,0.713170104,18.4311602,0.35420636,-0.713170104,0.31494009,-3.77673443e-05,3.75961844e-05,3.75961844e-05,0.0026793487,0.57520658,-0.508611598,-0.00302926463,1,-0.116949412,-0.0534209532
1.444,1.45714053,1.85653451,1.66040533,0.730662733,17.9118838,0.361612951,-0.730662733,0.323268462,-3.92829626e-05,3.91122105e-05,3.91122105e-05,0.00280680385,0.600424072,-0.533868029,-0.00308490758,1,-0.113655796,-0.0519726892
1.446,1.46050579,1.85801729,1.69583296,0.747777676,17.3813977,0.368862841,-0.747777676,0.331467453,-4.07892264e-05,4.06194861e-05,4.06194861e-05,0.0029339375,0.625529765,-0.559171453,-0.00313414729,1,-0.110290535,-0.0504899101
1.448,1.46394057,1.85953382,1.73019141,0.764502278,16.8400333,0.375949588,-0.764502278,0.339530448,-4.22840239e-05,4.21158874e-05,4.21158874e-05,0.00306044446,0.650464746,-0.584463734,-0.00317665008,1,-0.106855752,-0.048973387
1.45,1.46744271,1.86108329,1.76345917,0.780823894,16.2881283,0.382866648,-0.780823894,0.347450708,-4.37652359e-05,4.35992793e-05,4.35992793e-05,0.00318601897,0.6751697,-0.609685954,-0.00321210765,1,-0.103353613,-0.0474239164
1.452,1.47101,1.86266488,1.79561541,0.796729903,15.7260267,0.389607397,-0.796729903,0.355221376,-4.52307419e-05,4.50675218e-05,4.50675218e-05,0.00331035544,0.699585047,-0.634778538,-0.00324023928,1,-0.0997863239,-0.0458423202
1.454,1.47464019,1.86427776,1.82664002,0.812207729,15.1540788,0.396165137,-0.812207729,0.362835493,-4.66784254e-05,4.65184758e-05,4.65184758e-05,0.00343314912,0.723651092,-0.659681395,-0.00326079388,1,-0.0961561339,-0.0442294453
1.456,1.478331,1.86592104,1.85651355,0.827244863,14.5726408,0.402533114,-0.827244863,0.37028601,-4.81061808e-05,4.79500094e-05,4.79500094e-05,0.00355409688,0.74730818,-0.684334063,-0.0032735518,1,-0.0924653306,-0.0425861635
1.458,1.48208009,1.86759383,1.8852173,0.841828878,13.9820748,0.408704529,-0.841828878,0.377565802,-4.95119183e-05,4.93600036e-05,4.93600036e-05,0.00367289801,0.770496851,-0.708675859,-0.00327832652,1,-0.0887162396,-0.040913372
1.46,1.4858851,1.86929521,1.9127333,0.855947453,13.3827481,0.414672556,-0.855947453,0.384667679,-5.08935699e-05,5.07463581e-05,5.07463581e-05,0.00378925492,0.793158006,-0.732646042,-0.00327496608,1,-0.0849112231,-0.0392119924
1.462,1.48974365,1.87102423,1.93904429,0.869588394,12.7750337,0.420430356,-0.869588394,0.391584405,-5.22490951e-05,5.21069975e-05,5.21069975e-05,0.00390287397,0.815233081,-0.756183974,-0.00326335431,1,-0.0810526781,-0.0374829707
1.464,1.49365329,1.87277992,1.96413379,0.882739651,12.1593094,0.425971091,-0.882739651,0.398308708,-5.35764857e-05,5.34398764e-05,5.34398764e-05,0.00401346622,0.836664212,-0.779229292,-0.00324341187,1,-0.0771430356,-0.0357272774
1.466,1.49761157,1.8745613,1.98798605,0.895389346,11.5359582,0.431287944,-0.895389346,0.404833301,-5.48737716e-05,5.47429849e-05,5.47429849e-05,0.00412074825,0.857394419,-0.801722081,-0.00321509699,1,-0.0731847582,-0.0339459067
1.468,1.50161599,1.87636733,2.01058613,0.907525789,10.9053677,0.436374133,-0.907525789,0.411150894,-5.61390254e-05,5.60143541e-05,5.60143541e-05,0.00422444291,0.877367778,-0.823603057,-0.00317840605,1,-0.0691803392,-0.0321398764
1.47,1.50566403,1.87819697,2.03191982,0.9191375,10.2679299,0.441222924,-0.9191375,0.41725421,-5.73703672e-05,5.72520609e-05,5.72520609e-05,0.00432428015,0.896529607,-0.844813745,-0.00313337387,1,-0.0651323009,-0.0303102273
1.472,1.50975313,1.88004918,2.05197374,0.930213236,9.62404103,0.445827657,-0.930213236,0.423136005,-5.8565969e-05,5.8454233e-05,5.8454233e-05,0.00441999774,0.914826647,-0.865296665,-0.00308007376,1,-0.0610431928,-0.028458023
1.474,1.51388074,1.88192285,2.07073529,0.940742007,8.97410157,0.450181754,-0.940742007,0.428789081,-5.97240595e-05,5.96190534e-05,5.96190534e-05,0.00451134209,0.932207243,-0.884995523,-0.00301861737,1,-0.0569155906,-0.0265843492
1.476,1.51804423,1.88381689,2.08819265,0.950713097,8.31851562,0.454278739,-0.950713097,0.434206306,-6.08429275e-05,6.0744765e-05,6.0744765e-05,0.004598069,0.948621523,-0.903855393,-0.00294915424,1,-0.0527520936,-0.0246903134
1.478,1.522241,1.88573016,2.10433485,0.960116092,7.65769092,0.458112255,-0.960116092,0.439380628,-6.19209262e-05,6.18296742e-05,6.18296742e-05,0.00467994439,0.964021583,-0.921822909,-0.00287187121,1,-0.0485553243,-0.0227770439
1.48,1.5264684,1.88766151,2.11915171,0.968940892,6.99203855,0.461676082,-0.968940892,0.444305094,-6.29564761e-05,6.28721554e-05,6.28721554e-05,0.00475674504,0.97836166,-0.938846452,-0.00278699148,1,-0.0443279256,-0.0208456896
1.482,1.53072377,1.88960978,2.1326339,0.977177739,6.32197272,0.464964151,-0.977177739,0.448972865,-6.39480691e-05,6.38706542e-05,6.38706542e-05,0.00482825931,0.99159831,-0.954876334,-0.00269477354,1,-0.0400725602,-0.0188974192
1.484,1.53500442,1.89157378,2.14477289,0.984817234,5.64791049,0.467970562,-0.984817234,0.453377238,-6.48942705e-05,6.48236906e-05,6.48236906e-05,0.00489428782,1.00369057,-0.969864984,-0.00259550987,1,-0.0357919082,-0.0169334203
1.486,1.53930766,1.8935523,2.15556101,0.991850355,4.97027159,0.470689598,-0.991850355,0.457511654,-6.57937226e-05,6.57298622e-05,6.57298622e-05,0.00495464411,1.01460014,-0.983767126,-0.00248952541,1,-0.0314886657,-0.014954899
1.488,1.54363078,1.89554412,2.16499141,0.998268479,4.28947811,0.473115745,-0.998268479,0.461369722,-6.66451462e-05,6.65878468e-05,6.65878468e-05,0.00500915527,1.02429153,-0.996539956,-0.00237717591,1,-0.027165543,-0.0129630788
1.49,1.54797106,1.897548,2.17305812,1.0040634,3.60595433,0.475243702,-1.0040634,0.464945232,-6.74473433e-05,6.73964049e-05,6.73964049e-05,0.00505766256,1.03273219,-1.00814331,-0.00225884597,1,-0.0228252633,-0.0109592002
1.492,1.55232577,1.89956268,2.17975599,1.00922734,2.92012641,0.477068399,-1.00922734,0.468232172,-6.81991986e-05,6.81543816e-05,6.81543816e-05,0.00510002198,1.0398927,-1.01853983,-0.0021349471,1,-0.0184705605,-0.00894451933
1.494,1.55669215,1.90158689,2.18508072,1.01375299,2.23242216,0.47858501,-1.01375299,0.471224741,-6.88996812e-05,6.88607084e-05,6.88607084e-05,0.00513610475,1.04574688,-1.02769513,-0.0020059155,1,-0.0141041777,-0.0069203073
1.496,1.56106746,1.90361935,2.18902889,1.01763349,1.54327083,0.479788969,-1.01763349,0.473917366,-6.95478455e-05,6.9514405e-05,6.9514405e-05,0.00516579791,1.05027192,-1.03557792,-0.00187220973,1,-0.00972886576,-0.00488784937
1.498,1.56544895,1.90565876,2.19159793,1.02086247,0.853102776,0.48067598,-1.02086247,0.476304716,-7.01428327e-05,7.01145798e-05,7.01145798e-05,0.00518900464,1.05344849,-1.04216018,-0.00173430836,1,-0.00534738103,-0.0028484439
1.5,1.56983384,1.9077038,2.19278613,1.02343405,0.162349284,0.481242033,-1.02343405,0.478381719,-7.06838706e-05,7.06604315e-05,7.06604315e-05,0.00520564479,1.05526086,-1.04741726,-0.00159270741,1,-0.000962484066,-0.000803401326
1.502,1.57421939,1.90975316,2.19259264,1.02534289,-0.52855774,0.481483411,-1.02534289,0.480143567,-7.1170275e-05,7.11512494e-05,7.11512494e-05,0.00521565514,1.05569698,-1.05132804,-0.00144791777,1,0.00342306225,0.00124595677
1.504,1.57860282,1.9118055,2.19101748,1.02658413,-1.21918601,0.481396705,-1.02658413,0.481585737,-7.1601449e-05,7.15864132e-05,7.15864132e-05,0.0052189898,1.05474859,-1.05387498,-0.00130046259,1,0.00780649442,0.00329829876
1.506,1.58298138,1.91385949,2.18806152,1.02715349,-1.90910313,0.480978826,-1.02715349,0.482704001,-7.19768831e-05,7.19653939e-05,7.19653939e-05,0.00521562041,1.05241126,-1.05504429,-0.00115087458,1,0.0121850501,0.00535228402
1.508,1.5873523,1.91591377,2.18372652,1.0270472,-2.59787685,0.480227008,-1.0270472,0.483494433,-7.22961551e-05,7.22877526e-05,7.22877526e-05,0.00520553637,1.04868445,-1.05482596,-0.000999693326,1,0.0165559697,0.00740656397
1.51,1.59171283,1.91796699,2.17801509,1.02626209,-3.28507532,0.479138823,-1.02626209,0.483953426,-7.2558929e-05,7.25531407e-05,7.25531407e-05,0.00518874503,1.04357159,-1.05321387,-0.000847462596,1,0.0209164982,0.00945978327
1.512,1.59606021,1.92001778,2.1709307,1.0247955,-3.97026741,0.477712187,-1.0247955,0.484077696,-7.27649545e-05,7.27612985e-05,7.27612985e-05,0.00516527176,1.03708005,-1.05020583,-0.000694727653,1,0.0252638871,0.0115105809
1.514,1.60039172,1.92206479,2.16247768,1.02264541,-4.65302289,0.475945366,-1.02264541,0.483864294,-7.29140657e-05,7.29120545e-05,7.29120545e-05,0.00513516,1.02922123,-1.04580363,-0.000542032619,1,0.0295953957,0.0135575912
1.516,1.60470462,1.92410665,2.15266124,1.01981032,-5.33291279,0.473836982,-1.01981032,0.483310616,-7.30061797e-05,7.30053239e-05,7.30053239e-05,0.00509847127,1.0200105,-1.04001308,-0.000389917888,1,0.0339082931,0.0155994453
1.518,1.60899619,1.92614197,2.14148742,1.01628935,-6.00950961,0.471386021,-1.01628935,0.482414405,-7.30412955e-05,7.30411073e-05,7.30411073e-05,0.00505528512,1.00946723,-1.03284404,-0.000238917598,1,0.0381998599,0.0176347719
1.52,1.61326372,1.9281694,2.12896313,1.01208221,-6.68238761,0.468591836,-1.01208221,0.481173761,-7.3019492e-05,7.30194885e-05,7.30194885e-05,0.00500569899,0.997614739,-1.02431039,-8.9557198e-05,1,0.0424673898,0.0196621989
1.522,1.61750452,1.93018756,2.11509612,1.00718919,-7.35112309,0.465454149,-1.00718919,0.479587147,-7.29409261e-05,7.29406332e-05,7.29406332e-05,0.00494982802,0.984480263,-1.01443007,5.7648899e-05,1,0.0467081914,0.0216803541
1.524,1.62171592,1.93219507,2.099895,1.0016112,-8.01529463,0.461973057,-1.0016112,0.477653392,-7.28058309e-05,7.28047863e-05,7.28047863e-05,0.00488780487,0.970094911,-1.003225,0.000202199544,1,0.05091959,0.0236878669
1.526,1.62589526,1.93419057,2.08336921,0.995349732,-8.67448341,0.458149031,-0.995349732,0.475371696,-7.26145133e-05,7.26122699e-05,7.26122699e-05,0.0048197794,0.954493583,-0.990721089,0.000343608963,1,0.055098929,0.0256833692
1.528,1.6300399,1.9361727,2.06552902,0.988406881,-9.32827345,0.453982919,-0.988406881,0.472741632,-7.23673521e-05,7.23634808e-05,7.23634808e-05,0.00474591833,0.937714895,-0.976948163,0.000481408734,1,0.0592435717,0.0276654963
1.53,1.63414723,1.93814009,2.04638555,0.980785345,-9.97625188,0.449475947,-0.980785345,0.469763151,-7.2064795e-05,7.2058888e-05,7.2058888e-05,0.00466640484,0.919801082,-0.961939893,0.000615149622,1,0.0633509031,0.029632889
1.532,1.63821466,1.9400914,2.02595072,0.972488419,-10.6180092,0.444629713,-0.972488419,0.466436578,-7.17073567e-05,7.16990297e-05,7.16990297e-05,0.00458143813,0.900797888,-0.945733724,0.000744403266,1,0.0674183315,0.0315841937
1.534,1.64223962,1.94202527,2.00423729,0.963519992,-11.2531396,0.439446192,-0.963519992,0.462762619,-7.12956157e-05,7.12845109e-05,7.12845109e-05,0.00449123293,0.880754446,-0.928370775,0.00086876371,1,0.0714432899,0.0335180646
1.536,1.64621956,1.94394037,1.98125881,0.953884549,-11.8812412,0.433927733,-0.953884549,0.458742355,-7.08302121e-05,7.0816e-05,7.0816e-05,0.00439601893,0.859723142,-0.909895732,0.000987848769,1,0.0754232379,0.0354331642
1.538,1.65015199,1.94583537,1.95702963,0.94358716,-12.5019163,0.428077051,-0.94358716,0.454377244,-7.03118445e-05,7.02942265e-05,7.02942265e-05,0.00429604018,0.83775947,-0.890356728,0.00110130124,1,0.0793556633,0.0373281645
1.54,1.65403441,1.94770895,1.9315649,0.93263348,-13.1147717,0.421897228,-0.93263348,0.44966912,-6.97412677e-05,6.9719977e-05,6.9719977e-05,0.00419155446,0.814921876,-0.869805208,0.00120878996,1,0.0832380835,0.0392017488
1.542,1.65786437,1.94955981,1.90488056,0.921029741,-13.7194187,0.415391707,-0.921029741,0.444620187,-6.91192892e-05,6.90940933e-05,6.90940933e-05,0.00408283256,0.791271587,-0.848295784,0.00131001062,1,0.0870680472,0.0410526122
1.544,1.66163946,1.95138666,1.87699331,0.908782746,-14.3154739,0.408564289,-0.908782746,0.439233019,-6.84467667e-05,6.8417468e-05,6.8417468e-05,0.0039701576,0.766872436,-0.82588608,0.00140468654,1,0.0908431358,0.0428794629
1.546,1.66535729,1.95318823,1.84792061,0.89589986,-14.902559,0.401419123,-0.89589986,0.433510552,-6.77246055e-05,6.76910426e-05,6.76910426e-05,0.0038538242,0.741790673,-0.802636559,0.00149256921,1,0.0945609654,0.0446810235
1.548,1.66901551,1.95496323,1.8176807,0.882389003,-15.4803011,0.393960704,-0.882389003,0.427456086,-6.6953755e-05,6.69158035e-05,6.69158035e-05,0.00373413769,0.716094769,-0.778610352,0.0015734386,1,0.0982191877,0.0464560321
1.55,1.67261182,1.95671045,1.78629253,0.86825864,-16.0483332,0.386193864,-0.86825864,0.421073272,-6.61352067e-05,6.60927792e-05,6.60927792e-05,0.00361141328,0.689855214,-0.753873066,0.00164710349,1,0.101815492,0.0482032433
1.552,1.67614393,1.95842863,1.75377579,0.853517774,-16.6062943,0.378123765,-0.853517774,0.414366112,-6.52699905e-05,6.52230374e-05,6.52230374e-05,0.00348597519,0.663144305,-0.728492591,0.00171340146,1,0.105347606,0.0499214291
1.554,1.67960962,1.96011658,1.72015089,0.838175933,-17.1538294,0.369755891,-0.838175933,0.407338949,-6.43591727e-05,6.43076818e-05,6.43076818e-05,0.00335815571,0.636035928,-0.702538894,0.0017721989,1,0.108813298,0.0516093805
1.556,1.6830067,1.96177311,1.68543895,0.822243158,-17.6905904,0.361096042,-0.822243158,0.399996463,-6.34038529e-05,6.33478489e-05,6.33478489e-05,0.0032282943,0.608605336,-0.67608381,0.00182339075,1,0.112210378,0.0532659079
1.558,1.68633303,1.96339704,1.64966178,0.805729995,-18.2162355,0.352150321,-0.805729995,0.392343659,-6.24051614e-05,6.23447057e-05,6.23447057e-05,0.00309673662,0.580928924,-0.649200825,0.00186690021,1,0.115536699,0.0548898426
1.56,1.68958649,1.96498724,1.61284184,0.788647482,-18.7304301,0.342925128,-0.788647482,0.384385867,-6.13642565e-05,6.12994462e-05,6.12994462e-05,0.00296383358,0.553083996,-0.621964851,0.00190267828,1,0.118790159,0.0564800376
1.562,1.69276503,1.96654257,1.57500231,0.771007136,-19.2328468,0.333427151,-0.771007136,0.376128723,-6.02823226e-05,6.02132894e-05,6.02132894e-05,0.00282994034,0.525148531,-0.594452003,0.00193070319,1,0.1219687,0.0580353683
1.564,1.69586664,1.96806194,1.53616696,0.752820938,-19.7231655,0.323663354,-0.752820938,0.367578172,-5.9160567e-05,5.90874759e-05,5.90874759e-05,0.00269541531,0.497200951,-0.566739365,0.0019509798,1,0.125070314,0.0595547342
1.566,1.69888937,1.96954426,1.49636023,0.734101326,-20.2010737,0.313640972,-0.734101326,0.35874045,-5.80002181e-05,5.79232661e-05,5.79232661e-05,0.00256061913,0.469319878,-0.538904757,0.00196353879,1,0.12809304,0.0610370589
1.568,1.70183129,1.97098849,1.45560718,0.714861174,-20.6662668,0.303367492,-0.714861174,0.34962208,-5.68025231e-05,5.67219372e-05,5.67219372e-05,0.00242591368,0.4415839,-0.511026498,0.00196843589,1,0.131034965,0.0624812917
1.57,1.70469056,1.97239361,1.41393346,0.695113784,-21.1184483,0.292850654,-0.695113784,0.340229858,-5.55687458e-05,5.54847814e-05,5.54847814e-05,0.00229166103,0.414071337,-0.483183173,0.00196575097,1,0.133894229,0.063886408
1.572,1.70746535,1.97375861,1.3713653,0.674872869,-21.5573299,0.28209843,-0.674872869,0.330570851,-5.4300165e-05,5.42131036e-05,5.42131036e-05,0.00215822245,0.386859998,-0.455453389,0.00195558713,1,0.136669023,0.0652514104
1.574,1.71015392,1.97508253,1.32792952,0.654152539,-21.9826317,0.271119024,-0.654152539,0.320652378,-5.29980719e-05,5.29082192e-05,5.29082192e-05,0.00202595735,0.360026954,-0.427915544,0.00193806966,1,0.139357593,0.0665753295
1.576,1.71275456,1.97636443,1.28365348,0.632967287,-22.3940825,0.25992085,-0.632967287,0.310482006,-5.16637692e-05,5.15714526e-05,5.15714526e-05,0.00189522234,0.333648304,-0.400647586,0.00191334506,1,0.141958236,0.0678572245
1.578,1.71526563,1.97760339,1.23856509,0.611331974,-22.7914198,0.248512533,-0.611331974,0.30006754,-5.0298569e-05,5.02041351e-05,5.02041351e-05,0.00176637016,0.307798947,-0.373726782,0.00188157999,1,0.144469307,0.0690961841
1.58,1.71768554,1.97879853,1.19269276,0.589261816,-23.1743903,0.236902889,-0.589261816,0.289417009,-4.89037916e-05,4.88076037e-05,4.88076037e-05,0.00163974872,0.282552359,-0.347229488,0.00184296016,1,0.146889217,0.0702913271
1.582,1.72001276,1.97994901,1.14606541,0.566772365,-23.5427495,0.22510092,-0.566772365,0.27853866,-4.74807637e-05,4.73831994e-05,4.73831994e-05,0.00151570012,0.257980377,-0.321230914,0.00179768931,1,0.149216434,0.0714418032
1.584,1.72224581,1.981054,1.09871243,0.543879499,-23.8962627,0.213115804,-0.543879499,0.267440945,-4.60308177e-05,4.59322658e-05,4.59322658e-05,0.00139455973,0.234152983,-0.29580491,0.00174598811,1,0.151449485,0.0725467936
1.586,1.72438328,1.98211271,1.05066371,0.520599404,-24.2347042,0.200956879,-0.520599404,0.256132514,-4.45552902e-05,4.44561486e-05,4.44561486e-05,0.00127665518,0.211138099,-0.27102374,0.00168809307,1,0.153586955,0.0736055117
1.588,1.72642382,1.98312441,1.00194953,0.496948559,-24.5578583,0.188633639,-0.496948559,0.244622199,-4.30555214e-05,4.29561936e-05,4.29561936e-05,0.00116230554,0.189001385,-0.24695787,0.00162425553,1,0.155627491,0.0746172036
1.59,1.72836613,1.98408835,0.952600628,0.472943722,-24.8655189,0.17615572,-0.472943722,0.232919012,-4.15328539e-05,4.14337467e-05,4.14337467e-05,0.00105182035,0.167806049,-0.223675764,0.00155474059,1,0.157569801,0.0755811487
1.592,1.73020898,1.98500386,0.902648145,0.448601915,-25.1574896,0.163532891,-0.448601915,0.221032129,-3.99886319e-05,3.98901527e-05,3.98901527e-05,0.000945498829,0.147612661,-0.201243678,0.00147982611,1,0.159412653,0.0764966602
1.594,1.73195121,1.98587029,0.8521236,0.423940411,-25.4335845,0.150775046,-0.423940411,0.208970883,-3.8424201e-05,3.83267548e-05,3.83267548e-05,0.000843629,0.128478975,-0.179725472,0.00139980172,1,0.161154881,0.0773630857
1.596,1.73359171,1.98668701,0.801058878,0.398976714,-25.6936274,0.137892191,-0.398976714,0.196744751,-3.68409071e-05,3.67448941e-05,3.67448941e-05,0.000746486928,0.110459764,-0.159182418,0.00131496788,1,0.162795379,0.0781798078
1.598,1.73512943,1.98745345,0.749486208,0.37372855,-25.9374525,0.124894435,-0.37372855,0.184363349,-3.52400964e-05,3.51459094e-05,3.51459094e-05,0.000654335945,0.0936066567,-0.139673029,0.00122563492,1,0.164333108,0.078946244
1.6,1.73656342,1.98816905,0.697438144,0.34821385,-26.1649045,0.111791984,-0.34821385,0.171836421,-3.36231149e-05,3.35311364e-05,3.35311364e-05,0.000567425932,0.0779679937,-0.121252885,0.00113212219,1,0.165767092,0.079661848
1.602,1.73789275,1.98883331,0.644947542,0.322450735,-26.3758384,0.098595126,-0.322450735,0.159173827,-3.19913081e-05,3.19019082e-05,3.19019082e-05,0.000485992633,0.0635886842,-0.103974476,0.00103475717,1,0.167096421,0.0803261092
1.604,1.73911658,1.98944576,0.592047543,0.296457502,-26.5701196,0.0853142275,-0.296457502,0.146385536,-3.03460206e-05,3.02595546e-05,3.02595546e-05,0.000410257014,0.0505100788,-0.0878870506,0.000933874656,1,0.168320253,0.0809385536
1.606,1.74023414,1.99000595,0.538771545,0.270252611,-26.7476245,0.0719597209,-0.270252611,0.133481617,-2.86885964e-05,2.86054026e-05,2.86054026e-05,0.000340424655,0.03876985,-0.0730364738,0.00082981598,1,0.169437809,0.0814987441
1.608,1.74124471,1.99051348,0.485153187,0.24385467,-26.9082398,0.0585420968,-0.24385467,0.120472231,-2.70203786e-05,2.6940776e-05,2.6940776e-05,0.000276685199,0.0284018848,-0.0594650999,0.000722928207,1,0.17044838,0.0820062806
1.61,1.74214765,1.990968,0.431226327,0.217282419,-27.0518632,0.0450718957,-0.217282419,0.107367619,-2.53427092e-05,2.52669959e-05,2.52669959e-05,0.000219211827,0.0194361881,-0.0472116497,0.000613563414,1,0.171351323,0.0824608004
1.612,1.74294239,1.99136918,0.37702502,0.190554722,-27.1784031,0.031559699,-0.190554722,0.0941780955,-2.36569293e-05,2.35853805e-05,2.35853805e-05,0.000168160798,0.0118987962,-0.036311102,0.000502077964,1,0.172146065,0.0828619785
1.614,1.74362842,1.99171673,0.322583494,0.163690546,-27.2877789,0.0180161207,-0.163690546,0.0809140419,-2.19643792e-05,2.18972456e-05,2.18972456e-05,0.00012367102,0.00581170318,-0.0267945948,0.000388831799,1,0.172832098,0.0832095275
1.616,1.74420531,1.9920104,0.267936132,0.136708952,-27.3799207,0.00445179929,-0.136708952,0.067585894,-2.02663981e-05,2.02039045e-05,2.02039045e-05,8.58636761e-05,0.00119279789,-0.0186893376,0.000274187745,1,0.173408985,0.0835031985
1.618,1.74467268,1.99224998,0.213117448,0.109629082,-27.4547696,-0.00912261054,-0.109629082,0.0542041366,-1.85643244e-05,1.85066684e-05,1.85066684e-05,5.48419006e-05,-0.00194418748,-0.0120185355,0.000158510835,1,0.173876358,0.0837427804
1.62,1.74503024,1.9924353,0.158162065,0.0824701408,-27.5122779,-0.0226964458,-0.0824701408,0.0407792944,-1.68594959e-05,1.68068469e-05,1.68068469e-05,3.06904967e-05,-0.00358971674,-0.00680132413,4.21676195e-05,1,0.174233917,0.0839281007
1.622,1.74527776,1.99256623,0.103104694,0.055251389,-27.5524085,-0.0362590434,-0.055251389,0.0273219241,-1.51532493e-05,1.51057473e-05,1.51057473e-05,1.34757111e-05,-0.00373847757,-0.00305271599,-7.44745147e-05,1,0.174481433,0.0840590254
1.624,1.74541507,1.99264266,0.0479801107,0.0279921251,-27.5751356,-0.0497997478,-0.0279921251,0.0138426063,-1.34469204e-05,1.3404676e-05,1.3404676e-05,3.24505458e-06,-0.00238939741,-0.000783559065,-0.000191048035,1,0.174618744,0.0841354589
1.626,1.74544209,1.99266455,-0.00717686421,0.000711674108,-27.5804442,-0.0633079189,-0.000711674108,0.000351937789,-1.17418444e-05,1.17049375e-05,1.17049375e-05,2.717475e-08,0.000454352337,-5.06480036e-07,-0.000307185968,1,0.174645761,0.0841573444
1.628,1.74535879,1.99263187,-0.0623313893,-0.0265706254,-27.5683305,-0.0767729402,0.0265706254,-0.0131394767,-1.00393554e-05,1.00078354e-05,1.00078354e-05,3.83177856e-06,0.00478536402,-0.000705998133,-0.000422522622,1,0.174562461,0.0841246637
1.63,1.74516522,1.99254464,-0.117448624,-0.0538354347,-27.5388015,-0.0901842261,0.0538354347,-0.0266210322,-8.34078605e-06,8.31467168e-06,8.31467168e-06,1.4649606e-05,0.0105920132,-0.00289825403,-0.000536694327,1,0.174368893,0.0840374372
1.632,1.7448615,1.99240293,-0.172493748,-0.0810634281,-27.4918753,-0.10353123,0.0810634281,-0.0400821311,-6.64746793e-06,6.62674737e-06,6.62674737e-06,3.24524546e-05,0.0178584899,-0.00657127938,-0.000649340205,1,0.174065175,0.083895724
1.634,1.74444782,1.99220682,-0.227431989,-0.108235305,-27.427581,-0.116803452,0.108235305,-0.0535121915,-4.96073073e-06,4.94536191e-06,4.94536191e-06,5.71932544e-05,0.0265648415,-0.0117148813,-0.000760102968,1,0.173651495,0.0836996221
1.636,1.74392444,1.99195647,-0.282228638,-0.135331805,-27.3459585,-0.129990448,0.135331805,-0.0669006546,-3.28190203e-06,3.27181317e-06,3.27181317e-06,8.88061935e-05,0.0366870271,-0.0183146975,-0.000868629746,1,0.173128111,0.0834492676
1.638,1.74329167,1.99165204,-0.336849075,-0.162333718,-27.2470585,-0.143081834,0.162333718,-0.0802369929,-1.61230683e-06,1.60739717e-06,1.60739717e-06,0.000127206894,0.0481969836,-0.026352236,-0.000974572953,1,0.172495348,0.0831448353
1.64,1.74254993,1.99129374,-0.39125879,-0.189221899,-27.1309429,-0.156067299,0.189221899,-0.0935107182,4.67330882e-08,-4.65923631e-08,4.65923631e-08,0.000172292638,0.0610627028,-0.0358049271,-0.00107759118,1,0.171753602,0.0827865384
1.642,1.74169966,1.99088183,-0.445423405,-0.215977282,-26.9976842,-0.16893661,0.215977282,-0.106711389,1.69389981e-06,-1.68886449e-06,1.68886449e-06,0.00022394264,0.07524832,-0.0466461862,-0.00117735015,1,0.170903338,0.0823746281
1.644,1.74074141,1.9904166,-0.499308692,-0.24258089,-26.8473655,-0.18167962,0.24258089,-0.119828621,3.32788011e-06,-3.31813166e-06,3.31813166e-06,0.000282018376,0.0907142133,-0.0588454881,-0.00127352364,1,0.169945088,0.0819093938
1.646,1.73967578,1.98989836,-0.552880603,-0.269013852,-26.6800808,-0.194286276,0.269013852,-0.13285209,4.94736634e-06,-4.93311047e-06,4.93311047e-06,0.000346363948,0.107417114,-0.0723684524,-0.00136579457,1,0.168879454,0.0813911627
1.648,1.73850343,1.9893275,-0.606105281,-0.295257413,-26.4959346,-0.206746632,0.295257413,-0.145771547,6.55105748e-06,-6.53252251e-06,6.53252251e-06,0.000416806505,0.125310226,-0.0871769402,-0.00145385595,1,0.167707105,0.0808202995
1.65,1.7372251,1.98870441,-0.658949088,-0.321292951,-26.2950421,-0.219050851,0.321292951,-0.158576821,8.13766024e-06,-8.11509536e-06,8.11509536e-06,0.000493156713,0.144343359,-0.10322916,-0.00153741201,1,0.166428778,0.0801972063
1.652,1.7358416,1.98802952,-0.711378624,-0.347101986,-26.0775289,-0.231189217,0.347101986,-0.171257832,9.70589037e-06,-9.67956372e-06,9.67956372e-06,0.000575209254,0.164463067,-0.120479789,-0.00161617928,1,0.165045275,0.0795223223
1.654,1.73435379,1.98730333,-0.763360748,-0.372666196,-25.843531,-0.243152144,0.372666196,-0.183804594,1.1254474e-05,-1.12246706e-05,1.12246706e-05,0.000662743388,0.185612802,-0.138880094,-0.00168988767,1,0.163557468,0.0787961234
1.656,1.73276262,1.98652632,-0.814862598,-0.397967431,-25.5931945,-0.254930182,0.397967431,-0.196207232,1.2782149e-05,-1.27491689e-05,1.27491689e-05,0.000755523546,0.207733071,-0.158378077,-0.00175828165,1,0.161966291,0.0780191219
1.658,1.73106907,1.98569907,-0.865851614,-0.422987727,-25.326676,-0.266514031,0.422987727,-0.208455982,1.42876671e-05,-1.42518226e-05,1.42518226e-05,0.000853299969,0.230761604,-0.178918617,-0.00182112134,1,0.160272747,0.0771918664
1.66,1.72927423,1.98482214,-0.916295555,-0.447709317,-25.0441422,-0.277894546,0.447709317,-0.220541208,1.57697947e-05,-1.57314086e-05,1.57314086e-05,0.00095580938,0.254633537,-0.200443632,-0.00187818367,1,0.158477901,0.0763149409
1.662,1.72737921,1.98389617,-0.96616252,-0.472114647,-24.7457695,-0.289062747,0.472114647,-0.232453403,1.72273157e-05,-1.71867186e-05,1.71867186e-05,0.00106277571,0.279281592,-0.22289224,-0.00192926352,1,0.156582884,0.0753889648
1.664,1.72538522,1.98292179,-1.01542097,-0.496186393,-24.4317445,-0.300009829,0.496186393,-0.244183208,1.86590327e-05,-1.86165606e-05,1.86165606e-05,0.00117391082,0.304636272,-0.246200936,-0.00197417478,1,0.154588888,0.0744145924
1.666,1.7232935,1.98189971,-1.06403975,-0.519907467,-24.1022635,-0.310727172,0.519907467,-0.255721413,2.00637693e-05,-2.00197612e-05,2.00197612e-05,0.00128891535,0.330626062,-0.270303775,-0.00201275147,1,0.152497171,0.0733925122
1.668,1.72110538,1.98083065,-1.11198809,-0.543261041,-23.7575325,-0.32120635,0.543261041,-0.267058971,2.14403723e-05,-2.13951676e-05,2.13951676e-05,0.00140747945,0.357177637,-0.295132559,-0.0020448488,1,0.150309048,0.0723234465
1.67,1.71882223,1.97971535,-1.15923567,-0.566230554,-23.3977668,-0.33143914,0.566230554,-0.278187008,2.27877136e-05,-2.27416499e-05,2.27416499e-05,0.00152928372,0.384216072,-0.320617041,-0.00207034412,1,0.148025901,0.0712081513
1.672,1.71644549,1.97855462,-1.20575256,-0.58879973,-23.0231914,-0.341417532,0.58879973,-0.28909683,2.41046929e-05,-2.40581032e-05,2.40581032e-05,0.001654,0.411665065,-0.346685122,-0.00208913789,1,0.145649167,0.0700474149
1.674,1.71397667,1.97734926,-1.25150934,-0.610952591,-22.6340405,-0.35113374,0.610952591,-0.299779935,2.53902396e-05,-2.53434501e-05,2.53434501e-05,0.00178129235,0.439447156,-0.373263069,-0.00210115454,1,0.143180345,0.0688420581
1.676,1.71141732,1.97610014,-1.29647703,-0.632673472,-22.2305574,-0.36058021,0.632673472,-0.310228022,2.66433153e-05,-2.65966429e-05,2.65966429e-05,0.00191081792,0.46748396,-0.400275722,-0.00210634328,1,0.140620991,0.0675929331
1.678,1.70876905,1.97480813,-1.34062715,-0.653947035,-21.8129943,-0.369749631,0.653947035,-0.320433003,2.78629165e-05,-2.78166665e-05,2.78166665e-05,0.00204222794,0.495696395,-0.427646724,-0.00210467876,1,0.137972719,0.0663009231
1.68,1.70603353,1.97347414,-1.38393174,-0.674758283,-21.3816125,-0.378634944,0.674758283,-0.33038701,2.90480765e-05,-2.90025406e-05,2.90025406e-05,0.00217516866,0.524004918,-0.455298741,-0.00209616169,1,0.1352372,0.0649669416
1.682,1.70321249,1.97209913,-1.42636337,-0.695092579,-20.9366817,-0.387229352,0.695092579,-0.340082407,3.01978684e-05,-3.01533224e-05,3.01533224e-05,0.00230928234,0.552329763,-0.483153693,-0.00208081932,1,0.132416159,0.0635919315
1.684,1.7003077,1.97068407,-1.46789513,-0.714935652,-20.4784803,-0.395526331,0.714935652,-0.3495118,3.13114074e-05,-3.12681092e-05,3.12681092e-05,0.00244420826,0.580591175,-0.511132986,-0.00205870582,1,0.129511374,0.0621768646
1.686,1.69732101,1.96922994,-1.50850071,-0.734273618,-20.007295,-0.403519634,0.734273618,-0.358668044,3.23878529e-05,-3.23460408e-05,3.23460408e-05,0.00257958369,0.608709654,-0.539157746,-0.00202990246,1,0.12652468,0.0607227409
1.688,1.69425429,1.96773779,-1.54815435,-0.753092993,-19.5234209,-0.411203309,0.753092993,-0.367544259,3.34264115e-05,-3.33863024e-05,3.33863024e-05,0.00271504495,0.636606192,-0.567149056,-0.00199451776,1,0.123457961,0.0592305874
1.69,1.69110948,1.96620866,-1.58683091,-0.771380704,-19.0271608,-0.4185717,0.771380704,-0.376133833,3.44263389e-05,-3.43881268e-05,3.43881268e-05,0.0028502284,0.664202511,-0.59502819,-0.00195268742,1,0.120313152,0.0577014577
1.692,1.68788857,1.96464363,-1.62450584,-0.789124106,-18.5188258,-0.425619459,0.789124106,-0.384430435,3.53869426e-05,-3.53507973e-05,3.53507973e-05,0.00298477146,0.691421298,-0.622716854,-0.00190457409,1,0.117092238,0.056136431
1.694,1.68459358,1.96304381,-1.66115524,-0.806310995,-17.9987342,-0.432341558,0.806310995,-0.392428023,3.6307584e-05,-3.62736497e-05,3.62736497e-05,0.00311831363,0.718186443,-0.650137421,-0.00185036702,1,0.113797253,0.0545366113
1.696,1.6812266,1.96141033,-1.69675582,-0.82292962,-17.4672122,-0.43873329,0.82292962,-0.400120856,3.71876804e-05,-3.71560751e-05,3.71560751e-05,0.00325049753,0.744423264,-0.67721316,-0.00179028155,1,0.110430276,0.0529031263
1.698,1.67778976,1.95974433,-1.73128499,-0.838968699,-16.9245931,-0.444790283,0.838968699,-0.407503498,3.80267075e-05,-3.79975218e-05,3.79975218e-05,0.00338096985,0.77005874,-0.703868478,-0.0017245584,1,0.106993434,0.0512371268
1.7,1.67428522,1.95804699,-1.7647208,-0.854417426,-16.3712173,-0.450508504,0.854417426,-0.414570831,3.88242009e-05,-3.87974979e-05,3.87974979e-05,0.00350938239,0.795021727,-0.730029138,-0.00165346283,1,0.103488896,0.0495397855
1.702,1.6707152,1.9563195,-1.79704199,-0.869265491,-15.8074323,-0.455884269,0.869265491,-0.421318059,3.95797583e-05,-3.95555729e-05,3.95555729e-05,0.00363539304,0.819243175,-0.755622494,-0.00157728359,1,0.0999188776,0.0478122959
1.704,1.66708196,1.95456307,-1.82822802,-0.883503086,-15.2335922,-0.460914246,0.883503086,-0.427740719,4.02930411e-05,-4.027138e-05,4.027138e-05,0.0037586667,0.84265634,-0.780577703,-0.00149633178,1,0.0962856321,0.0460558718
1.706,1.66338778,1.95277895,-1.85825904,-0.897120919,-14.6500576,-0.465595465,0.897120919,-0.433834688,4.09637758e-05,-4.09446174e-05,4.09446174e-05,0.00387887626,0.865196982,-0.804825943,-0.00141093948,1,0.0925914553,0.0442717458
1.708,1.65963501,1.95096837,-1.88711594,-0.910110224,-14.0571954,-0.46992532,0.910110224,-0.439596187,4.15917557e-05,-4.15750506e-05,4.15750506e-05,0.00399570351,0.886803561,-0.82830062,-0.00132145823,1,0.0888386812,0.0424611685
1.71,1.65582601,1.94913261,-1.91478034,-0.922462773,-13.4553786,-0.473901576,0.922462773,-0.44502179,4.21768415e-05,-4.2162513e-05,4.2162513e-05,0.00410884002,0.907417419,-0.850937567,-0.00122825743,1,0.0850296811,0.0406254072
1.712,1.65196319,1.94727295,-1.94123461,-0.934170884,-12.8449861,-0.477522373,0.934170884,-0.45010843,4.27189631e-05,-4.27069077e-05,4.27069077e-05,0.00421798802,0.926982958,-0.87267524,-0.00113172251,1,0.0811668622,0.0387657453
1.714,1.64804899,1.94539068,-1.96646189,-0.945227431,-12.2264025,-0.480786229,0.945227431,-0.454853402,4.32181197e-05,-4.32082081e-05,4.32082081e-05,0.00432286121,0.945447799,-0.893454896,-0.00103225303,1,0.0772526659,0.0368834805
1.716,1.64408589,1.94348713,-1.9904461,-0.955625853,-11.6000177,-0.483692045,0.955625853,-0.459254368,4.36743806e-05,-4.3666459e-05,4.3666459e-05,0.00442318555,0.962762943,-0.913220771,-0.000930260636,1,0.0732895664,0.0349799243
1.718,1.6400764,1.9415636,-2.01317192,-0.965360162,-10.9662268,-0.486239102,0.965360162,-0.463309363,4.40878858e-05,-4.40817768e-05,4.40817768e-05,0.00451870005,0.978882904,-0.931920243,-0.000826166909,1,0.0692800691,0.0330564005
1.72,1.63602304,1.93962145,-2.03462484,-0.974424949,-10.3254299,-0.488427069,0.974424949,-0.467016795,4.44588456e-05,-4.44543499e-05,4.44543499e-05,0.00460915743,0.993765845,-0.949503981,-0.00072040112,1,0.0652267092,0.0311142442
1.722,1.63192838,1.937662,-2.05479115,-0.98281539,-9.67803184,-0.490256001,0.98281539,-0.470375451,4.47875411e-05,-4.4784439e-05,4.4784439e-05,0.00469432483,1.00737369,-0.96592609,-0.000613397915,1,0.0611320495,0.0291548005
1.724,1.62779501,1.93568663,-2.07365795,-0.990527253,-9.02444178,-0.491726336,0.990527253,-0.473384495,4.50743232e-05,-4.50723763e-05,4.50723763e-05,0.00477398443,1.01967223,-0.981144239,-0.000505594926,1,0.0569986797,0.0271794236
1.726,1.62362554,1.93369668,-2.09121318,-0.997556903,-8.3650732,-0.492838901,0.997556903,-0.476043472,4.53196123e-05,-4.53185654e-05,4.53185654e-05,0.00484793401,1.0306312,-0.995119774,-0.000397430341,1,0.0528292139,0.0251894751
1.728,1.61942262,1.93169353,-2.10744558,-1.0039013,-7.70034354,-0.4935949,1.0039013,-0.478352305,4.55238973e-05,-4.55234805e-05,4.55234805e-05,0.00491598751,1.04022439,-1.00781783,-0.000289340443,1,0.0486262895,0.0231863236
1.73,1.61518889,1.92967854,-2.12234476,-1.00955802,-7.03067391,-0.493995923,1.00955802,-0.480311297,4.56877344e-05,-4.5687665e-05,4.5687665e-05,0.00497797546,1.04842966,-1.01920739,-0.000181757143,1,0.0443925653,0.0211713424
1.732,1.61092705,1.92765311,-2.13590114,-1.01452522,-6.35648888,-0.494043933,1.01452522,-0.481921129,4.58117458e-05,-4.58117306e-05,4.58117306e-05,0.00503374544,1.055229,-1.02926143,-7.51055196e-05,1,0.0401307198,0.0191459096
1.734,1.60663978,1.92561861,-2.14810602,-1.01880169,-5.67821617,-0.493741267,1.01880169,-0.483182855,4.58966179e-05,-4.5896355e-05,4.5896355e-05,0.00508316245,1.06060859,-1.03795688,3.0198613e-05,1,0.0358434496,0.0171114055
1.736,1.60232979,1.92357641,-2.15895154,-1.0223868,-4.99628644,-0.493090627,1.0223868,-0.484097904,4.59430992e-05,-4.59422807e-05,4.59422807e-05,0.00512610918,1.06455877,-1.04527476,0.000133751089,1,0.0315334677,0.0150692127
1.738,1.59799983,1.92152792,-2.16843072,-1.02528053,-4.31113297,-0.492095079,1.02528053,-0.48466807,4.59519983e-05,-4.59503123e-05,4.59503123e-05,0.00516248633,1.06707409,-1.05120017,0.000235161709,1,0.0272035017,0.013020714
1.74,1.59365262,1.91947449,-2.17653743,-1.02748348,-3.62319139,-0.49075804,1.02748348,-0.484895508,4.5924181e-05,-4.5921314e-05,4.5921314e-05,0.00519221275,1.06815324,-1.05572231,0.000334056463,1,0.022856292,0.0109672914
1.742,1.58929092,1.91741753,-2.18326643,-1.02899683,-2.93289943,-0.489083275,1.02899683,-0.484782734,4.58605681e-05,-4.5856207e-05,4.5856207e-05,0.00521522564,1.06779909,-1.05883448,0.000430079665,1,0.0184945902,0.00891032508
1.744,1.58491748,1.91535839,-2.18861334,-1.02982236,-2.24069659,-0.487074883,1.02982236,-0.484332609,4.57621319e-05,-4.57559662e-05,4.57559662e-05,0.00523148057,1.06601858,-1.06053409,0.000522895944,1,0.0141211575,0.00685119221
1.746,1.58053509,1.91329847,-2.19257467,-1.02996243,-1.54702393,-0.484737294,1.02996243,-0.48354834,4.5629893e-05,-4.56216173e-05,4.56216173e-05,0.00524095156,1.06282271,-1.0608226,0.00061219211,1,0.00973876241,0.00479126552
1.748,1.57614651,1.91123911,-2.19514782,-1.02941999,-0.852323684,-0.482075252,1.02941999,-0.482433465,4.54649172e-05,-4.54542328e-05,4.54542328e-05,0.00524363103,1.05822644,-1.05970552,0.000697678858,1,0.00535017957,0.00273191233
1.75,1.57175451,1.9091817,-2.19633106,-1.02819857,-0.157039057,-0.47909381,1.02819857,-0.480991846,4.52683111e-05,-4.52549282e-05,4.52549282e-05,0.0052395297,1.05224861,-1.0571923,0.000779092292,1,0.000958187619,0.000674493336
1.752,1.56736189,1.90712756,-2.19612356,-1.02630226,0.538386117,-0.475798311,1.02630226,-0.479227662,4.50412186e-05,-4.50248582e-05,4.50248582e-05,0.00522867646,1.04491188,-1.05329632,0.000856195276,1,-0.00343443245,-0.00137963852
1.754,1.56297143,1.90507806,-2.19452536,-1.0237357,1.23350765,-0.472194382,1.0237357,-0.477145392,4.47848169e-05,-4.47652122e-05,4.47652122e-05,0.00521111818,1.03624255,-1.04803478,0.000928778577,1,-0.00782489906,-0.00342913917
1.756,1.55858589,1.90303453,-2.19153741,-1.02050408,1.92788131,-0.468287917,1.02050408,-0.474749807,4.45003116e-05,-4.44772102e-05,4.44772102e-05,0.00518691942,1.02627049,-1.04142859,0.000996661802,1,-0.0122104319,-0.00547267454
1.758,1.55420807,1.90099828,-2.18716154,-1.01661314,2.6210631,-0.464085062,1.01661314,-0.47204596,4.41889327e-05,-4.41620977e-05,4.41620977e-05,0.00515616215,1.015029,-1.03350228,0.00105969412,1,-0.0165882535,-0.00750892157
1.76,1.54984074,1.89897063,-2.18140047,-1.01206911,3.31260958,-0.459592203,1.01206911,-0.469039165,4.38519297e-05,-4.3821141e-05,4.3821141e-05,0.00511894541,1.00255465,-1.02428389,0.00111775474,1,-0.0209555915,-0.00953656935
1.762,1.54548665,1.89695288,-2.17425779,-1.00687876,4.00207815,-0.45481595,1.00687876,-0.465734992,4.34905668e-05,-4.34556226e-05,4.34556226e-05,0.00507538485,0.988887122,-1.01380483,0.00117075321,1,-0.0253096796,-0.0115543201
1.764,1.54114857,1.89494631,-2.16573799,-1.00104932,4.68902736,-0.44976312,1.00104932,-0.462139247,4.31061183e-05,-4.30668359e-05,4.30668359e-05,0.00502561233,0.974069077,-1.00209973,0.00121862939,1,-0.0296477602,-0.0135608901
1.766,1.53682924,1.89295219,-2.15584645,-0.994588517,5.37301721,-0.444440723,0.994588517,-0.458257961,4.2699863e-05,-4.26560797e-05,4.26560797e-05,0.0049697754,0.958145953,-0.989206318,0.00126135332,1,-0.0339670856,-0.0155550107
1.768,1.53253141,1.89097177,-2.1445894,-0.98750454,6.05360944,-0.43885594,0.98750454,-0.45409737,4.22730798e-05,-4.22246536e-05,4.22246536e-05,0.00490803674,0.941165799,-0.975165217,0.00129892472,1,-0.0382649201,-0.0175354295
1.77,1.52825779,1.88900629,-2.13197398,-0.979806015,6.73036786,-0.433016115,0.979806015,-0.449663902,4.18270419e-05,-4.17738523e-05,4.17738523e-05,0.00484057361,0.923179092,-0.960019827,0.00133137233,1,-0.0425385412,-0.0195009107
1.772,1.52401108,1.88705697,-2.11800818,-0.971501993,7.40285863,-0.426928729,0.971501993,-0.444964163,4.13630124e-05,-4.13049605e-05,4.13049605e-05,0.00476757723,0.904238541,-0.943816122,0.00135875307,1,-0.0467852423,-0.0214502366
1.774,1.51979399,1.88512499,-2.10270085,-0.962601932,8.07065055,-0.420601389,0.962601932,-0.440004915,4.08822384e-05,-4.08192473e-05,4.08192473e-05,0.00468925209,0.884398897,-0.92660248,0.00138115088,1,-0.0510023334,-0.0233822079
1.776,1.51560918,1.88321156,-2.08606172,-0.95311568,8.73331541,-0.414041803,0.95311568,-0.434793064,4.03859463e-05,-4.03179614e-05,4.03179614e-05,0.00460581531,0.863716755,-0.908429499,0.00139867541,1,-0.0551871434,-0.0252956448
1.778,1.5114593,1.88131781,-2.06810135,-0.943053448,9.39042822,-0.407257772,0.943053448,-0.429335639,3.98753368e-05,-3.98023253e-05,3.98023253e-05,0.00451749591,0.842250349,-0.889349805,0.00141146053,1,-0.059337022,-0.0271893875
1.78,1.50734699,1.8794449,-2.04883117,-0.932425795,10.0415675,-0.400257164,0.932425795,-0.423639779,3.93515795e-05,-3.92735306e-05,3.92735306e-05,0.00442453408,0.820059355,-0.869417862,0.00141966262,1,-0.0634493407,-0.0290622973
1.782,1.50327483,1.87759395,-2.02826345,-0.921243605,10.6863158,-0.3930479,0.921243605,-0.417712712,3.88158082e-05,-3.8732733e-05,3.8732733e-05,0.00432718039,0.797204688,-0.84868978,0.00142345872,1,-0.0675214951,-0.030913257
1.784,1.49924542,1.87576603,-2.00641126,-0.909518067,11.3242596,-0.385637935,0.909518067,-0.411561739,3.82691163e-05,-3.81810469e-05,3.81810469e-05,0.00422569506,0.773748295,-0.827223114,0.0014230445,1,-0.0715509064,-0.0327411713
1.786,1.4952613,1.87396223,-1.98328854,-0.89726065,11.9549898,-0.378035241,0.89726065,-0.405194217,3.77125518e-05,-3.76195413e-05,3.76195413e-05,0.00412034711,0.74975296,-0.805076674,0.00141863215,1,-0.0755350229,-0.0345449678
1.788,1.491325,1.8721836,-1.95891,-0.884483084,12.5781021,-0.370247792,0.884483084,-0.398617544,3.71471133e-05,-3.70492348e-05,3.70492348e-05,0.00401141362,0.725282102,-0.782310327,0.00141044807,1,-0.0794713219,-0.0363235975
1.79,1.48743902,1.87043117,-1.93329119,-0.871197337,13.1931972,-0.362283543,0.871197337,-0.391839135,3.6573745e-05,-3.64710914e-05,3.64710914e-05,0.00389917883,0.700399582,-0.7589848,0.00139873057,1,-0.0833573109,-0.038076035
1.792,1.4836058,1.86870592,-1.90644844,-0.857415591,13.7998811,-0.354150415,0.857415591,-0.384866415,3.59933336e-05,-3.58860166e-05,3.58860166e-05,0.00378393341,0.675169506,-0.735161495,0.00138372742,1,-0.0871905297,-0.039801279
1.794,1.47982777,1.86700885,-1.87839886,-0.84315022,14.3977653,-0.345856283,0.84315022,-0.377706795,3.54067039e-05,-3.52948535e-05,3.52948535e-05,0.00366597353,0.649656046,-0.710902294,0.0013656934,1,-0.0909685518,-0.041498353
1.796,1.47610734,1.8653409,-1.84916034,-0.828413772,14.9864669,-0.337408952,0.828413772,-0.370367658,3.48146154e-05,-3.46983789e-05,3.46983789e-05,0.00354560012,0.623923251,-0.686269378,0.00134488777,1,-0.0946889857,-0.0431663055
1.798,1.47244685,1.86370299,-1.81875152,-0.81321894,15.5656095,-0.32881615,0.81321894,-0.362856345,3.42177593e-05,-3.40973006e-05,3.40973006e-05,0.003423118,0.598034874,-0.661325045,0.0013215718,1,-0.0983494768,-0.0448042102
1.8,1.46884862,1.86209604,-1.78719181,-0.797578545,16.1348227,-0.32008551,0.797578545,-0.35518014,3.36167554e-05,-3.34922541e-05,3.34922541e-05,0.00329883506,0.572054203,-0.636131535,0.00129600625,1,-0.101947708,-0.0464111662
1.802,1.46531492,1.8605209,-1.75450134,-0.781505511,16.6937429,-0.311224554,0.781505511,-0.347346252,3.30121496e-05,-3.28838005e-05,3.28838005e-05,0.00317306147,0.546043899,-0.610750864,0.00126844897,1,-0.105481404,-0.0479862986
1.804,1.461848,1.85897844,-1.72070096,-0.765012847,17.2420131,-0.302240687,0.765012847,-0.339361804,3.24044117e-05,-3.22724236e-05,3.22724236e-05,0.00304610886,0.520065841,-0.585244657,0.00123915247,1,-0.108948328,-0.0495287583
1.806,1.45845004,1.85746948,-1.68581224,-0.748113624,17.7792837,-0.293141176,0.748113624,-0.33123382,3.17939336e-05,-3.16585289e-05,3.16585289e-05,0.0029182895,0.494180982,-0.559673995,0.00120836164,1,-0.112346287,-0.0510377225
1.808,1.45512319,1.85599481,-1.64985743,-0.730820955,18.3052121,-0.283933144,0.730820955,-0.32296921,3.1181028e-05,-3.10424416e-05,3.10424416e-05,0.0027899156,0.468449206,-0.534099268,0.00117631158,1,-0.115673133,-0.0525123943
1.81,1.45186957,1.8545552,-1.61285946,-0.713147974,18.8194635,-0.274623558,0.713147974,-0.31457476,3.05659268e-05,-3.04244056e-05,3.04244056e-05,0.00266129847,0.442929205,-0.508580033,0.00114322547,1,-0.118926762,-0.0539520034
1.812,1.44869121,1.8531514,-1.57484195,-0.695107822,19.3217108,-0.26521922,0.695107822,-0.306057121,2.99487814e-05,-2.98045835e-05,2.98045835e-05,0.00253274783,0.417678353,-0.483174884,0.0011093127,1,-0.122105116,-0.0553558055
1.814,1.44559014,1.85178412,-1.53582913,-0.676713622,19.8116349,-0.255726755,0.676713622,-0.297422797,2.93296614e-05,-2.91830557e-05,2.91830557e-05,0.00240457107,0.392752601,-0.457941326,0.00107476704,1,-0.125206188,-0.0567230827
1.816,1.44256831,1.85045406,-1.4958459,-0.657978465,20.2889248,-0.246152608,0.657978465,-0.288678139,2.87085557e-05,-2.85598208e-05,2.85598208e-05,0.00227707256,0.368206369,-0.432935661,0.00103976509,1,-0.128228017,-0.0580531433
1.818,1.43962763,1.84916188,-1.45491774,-0.638915396,20.7532781,-0.236503032,0.638915396,-0.279829331,2.80853726e-05,-2.79347968e-05,2.79347968e-05,0.00215055295,0.344092457,-0.408212884,0.00100446484,1,-0.131168694,-0.0593453216
1.82,1.43676996,1.84790822,-1.41307075,-0.619537394,21.2044008,-0.226784085,0.619537394,-0.27088239,2.7459941e-05,-2.73078214e-05,2.73078214e-05,0.00202530855,0.320461958,-0.383826582,0.000969004456,1,-0.134026362,-0.0605989781
1.822,1.43399711,1.8466937,-1.37033161,-0.599857358,21.6420078,-0.217001625,0.599857358,-0.261843152,2.68320119e-05,-2.66786542e-05,2.66786542e-05,0.0019016307,0.297364186,-0.35982885,0.000933501282,1,-0.136799217,-0.061813499
1.824,1.43131082,1.84551891,-1.32672756,-0.579888097,22.065823,-0.207161303,0.579888097,-0.252717272,2.62012605e-05,-2.60469781e-05,2.60469781e-05,0.00177980512,0.27484661,-0.336270205,0.000898051047,1,-0.139485508,-0.0629882963
1.826,1.42871279,1.84438439,-1.28228638,-0.559642314,22.4755794,-0.197268565,0.559642314,-0.243510213,2.55672882e-05,-2.54124022e-05,2.54124022e-05,0.0016601114,0.252954794,-0.313199519,0.0008627273,1,-0.14208354,-0.0641228075
1.828,1.42620465,1.84329071,-1.23703638,-0.539132597,22.8710193,-0.187328645,0.539132597,-0.234227252,2.49296254e-05,-2.47744642e-05,2.47744642e-05,0.00154282244,0.231732349,-0.290663957,0.000827581066,1,-0.144591675,-0.0652164952
1.83,1.423788,1.84223835,-1.19100639,-0.518371407,23.2518946,-0.177346567,0.518371407,-0.224873466,2.4287735e-05,-2.41326334e-05,2.41326334e-05,0.00142820387,0.211220895,-0.268708916,0.000792640741,1,-0.14700833,-0.0662688473
1.832,1.42146435,1.84122783,-1.14422572,-0.497371072,23.6179667,-0.167327143,0.497371072,-0.21545374,2.36410155e-05,-2.34863149e-05,2.34863149e-05,0.00131651364,0.19146002,-0.247377984,0.000757912199,1,-0.149331981,-0.0672793761
1.834,1.41923516,1.84025958,-1.09672414,-0.476143777,23.9690067,-0.157274976,0.476143777,-0.20597276,2.29888051e-05,-2.28348527e-05,2.28348527e-05,0.00120800151,0.172487262,-0.226712897,0.000723379141,1,-0.151561166,-0.0682476186
1.836,1.41710185,1.83933407,-1.04853188,-0.454701558,24.3047958,-0.14719446,0.454701558,-0.196435015,2.2330386e-05,-2.21775347e-05,2.21775347e-05,0.00110290861,0.154338085,-0.206753507,0.000689003656,1,-0.15369448,-0.0691731361
1.838,1.41506575,1.83845169,-0.999679614,-0.433056296,24.6251251,-0.137089786,0.433056296,-0.1868448,2.1664989e-05,-2.15135966e-05,2.15135966e-05,0.00100146705,0.137045864,-0.187537756,0.000654726998,1,-0.155730579,-0.0700555134
1.84,1.41312814,1.83761284,-0.950198399,-0.411219719,24.9297959,-0.126964941,0.411219719,-0.177206217,2.09917983e-05,-2.08422273e-05,2.08422273e-05,0.000903899519,0.120641884,-0.169101657,0.00062047058,1,-0.157668182,-0.0708943593
1.842,1.41129026,1.8368179,-0.900119699,-0.38920339,25.2186197,-0.116823716,0.38920339,-0.167523175,2.03099569e-05,-2.01625737e-05,2.01625737e-05,0.000810418934,0.105155328,-0.151479279,0.000586137151,1,-0.159506072,-0.0716893055
1.844,1.40955324,1.8360672,-0.849475343,-0.367018715,25.4914185,-0.106669711,0.367018715,-0.1577994,1.9618572e-05,-1.94737466e-05,1.94737466e-05,0.000721228114,0.0906132894,-0.134702737,0.000551612178,1,-0.161243092,-0.0724400068
1.846,1.40791818,1.83536106,-0.798297509,-0.344676935,25.7480245,-0.0965063418,0.344676935,-0.148038435,1.89167206e-05,-1.87748256e-05,1.87748256e-05,0.000636519466,0.0770407723,-0.11880219,0.000516765382,1,-0.162878151,-0.0731461407
1.848,1.4063861,1.8346998,-0.746618701,-0.322189135,25.9882808,-0.086336846,0.322189135,-0.138243648,1.82034556e-05,-1.80648659e-05,1.80648659e-05,0.000556474706,0.0644607038,-0.103805839,0.000481452457,1,-0.164410223,-0.0738074068
1.85,1.40495798,1.83408368,-0.694471731,-0.299566239,26.2120409,-0.0761642916,0.299566239,-0.128418238,1.74778119e-05,-1.73429034e-05,1.73429034e-05,0.000481264602,0.0528939474,-0.0897399316,0.000445516911,1,-0.165838347,-0.0744235267
1.852,1.4036347,1.83351296,-0.641889695,-0.276819019,26.419169,-0.0659915859,0.276819019,-0.118565242,1.67388126e-05,-1.66079616e-05,1.66079616e-05,0.000411048737,0.0423593189,-0.0766287695,0.000408792053,1,-0.167161629,-0.0749942437
1.854,1.40241709,1.83298788,-0.588905951,-0.253958098,26.6095402,-0.0558214844,0.253958098,-0.108687543,1.59854754e-05,-1.58590575e-05,1.58590575e-05,0.000345975302,0.0328736043,-0.0644947155,0.000371103081,1,-0.168379238,-0.0755193226
1.856,1.40130591,1.83250865,-0.535554101,-0.230993954,26.7830403,-0.045656601,0.230993954,-0.0987878793,1.52168191e-05,-1.5095208e-05,1.5095208e-05,0.000286180898,0.0244515799,-0.0533582066,0.000332269268,1,-0.169490415,-0.0759985489
1.858,1.40030186,1.83207547,-0.481867966,-0.207936928,26.9395661,-0.0354994188,0.207936928,-0.0888688539,1.44318701e-05,-1.43154365e-05,1.43154365e-05,0.000231790372,0.0171060327,-0.0432377661,0.000292106214,1,-0.170494465,-0.0764317292
1.86,1.39940556,1.83168851,-0.427881566,-0.184797235,27.0790252,-0.0253523003,0.184797235,-0.078932944,1.36296689e-05,-1.35187791e-05,1.35187791e-05,0.000182916663,0.010847782,-0.0341500179,0.000250428161,1,-0.171390763,-0.0768186906
1.862,1.39861758,1.83134792,-0.373629098,-0.161584965,27.2013361,-0.0152175001,0.161584965,-0.0689825116,1.28092767e-05,-1.27042912e-05,1.27042912e-05,0.000139660676,0.00568570082,-0.026109701,0.00020705034,1,-0.172178749,-0.0771592803
1.864,1.39793839,1.83105384,-0.319144911,-0.138310101,27.3064287,-0.00509717578,0.138310101,-0.0590198149,1.19697819e-05,-1.1871054e-05,1.1871054e-05,0.000102111164,0.00162673771,-0.0191296841,0.000161791327,1,-0.172857936,-0.0774533657
1.866,1.39736843,1.83080637,-0.264463489,-0.114982523,27.3942432,0.00500659897,0.114982523,-0.0490470197,1.11103062e-05,-1.10181802e-05,1.10181802e-05,7.03446349e-05,-0.00132406263,-0.0132209807,0.0001144754,1,-0.173427902,-0.0777008339
1.868,1.39690803,1.83060561,-0.209619425,-0.0916120222,27.4647316,0.0150918222,0.0916120222,-0.039066211,1.02300114e-05,-1.01448211e-05,1.01448211e-05,4.44252784e-05,-0.0031635391,-0.0083927626,6.49348669e-05,1,-0.173888296,-0.0779015917
1.87,1.39655749,1.83045164,-0.154647403,-0.0682083096,27.5178562,0.0251565507,0.0682083096,-0.0290794056,9.328105e-06,-9.2501717e-06,9.2501717e-06,2.44048996e-05,-0.00389039524,-0.00465237349,1.30123513e-05,1,-0.174238837,-0.0780555656
1.872,1.39631701,1.8303445,-0.0995821713,-0.044781031,27.5535908,0.0351988868,0.044781031,-0.0190885647,8.40384638e-06,-8.33347728e-06,8.33347728e-06,1.03228768e-05,-0.00350518158,-0.00200534074,-4.14369893e-05,1,-0.174479313,-0.078162701
1.874,1.39618675,1.83028424,-0.0444585225,-0.0213397776,27.57192,0.0452169654,0.0213397776,-0.00909560624,7.45655251e-06,-7.3940387e-06,7.3940387e-06,2.20613112e-06,-0.00201027947,-0.00045538611,-9.85433266e-05,1,-0.174609579,-0.0782229629
1.876,1.39616676,1.83027087,0.0106887273,0.00210590091,27.5728396,0.0552089405,-0.00210590091,0.000897581619,6.4856034e-06,-6.43121798e-06,6.43121798e-06,6.91128473e-08,0.000590113309,-4.43481863e-06,-0.000158420125,1,-0.174629563,-0.0782363353
1.878,1.39625707,1.83030438,0.065824762,0.0255464837,27.5563561,0.0651729719,-0.0255464837,0.0108891278,5.49044733e-06,-5.44444344e-06,5.44444344e-06,3.91380132e-06,0.00428999536,-0.000652622827,-0.000221162227,1,-0.174539261,-0.0782028213
1.88,1.39645759,1.83038476,0.120914787,0.0489724652,27.522487,0.0751072121,-0.0489724652,0.020877165,4.47060572e-06,-4.43321463e-06,4.43321463e-06,1.37297202e-05,0.00908157255,-0.00239830234,-0.000286844065,1,-0.174338739,-0.0781224428
1.882,1.39676819,1.83051196,0.175924051,0.0723743424,27.471261,0.0850097931,-0.0723743424,0.0308598165,3.42567773e-06,-3.39710692e-06,3.39710692e-06,2.9493967e-05,0.0149552672,-0.00523804544,-0.000355518035,1,-0.174028132,-0.077995241
1.884,1.39718868,1.83068593,0.230817867,0.0957426017,27.4027173,0.0948788134,-0.0957426017,0.0408351833,2.35534453e-06,-2.33577577e-06,2.33577577e-06,5.11712564e-05,0.0218997253,-0.00916664578,-0.000427213024,1,-0.173607646,-0.077821276
1.886,1.39771877,1.83090658,0.285561637,0.119067706,27.3169061,0.104712325,-0.119067706,0.050801331,1.25937313e-06,-1.24896068e-06,1.24896068e-06,7.87139789e-05,0.0299018229,-0.0141771185,-0.00050193312,1,-0.173077555,-0.0776006269
1.888,1.39835813,1.83117381,0.340120869,0.142340081,27.2138883,0.114508321,-0.142340081,0.0607562767,1.37619896e-07,-1.36488735e-07,1.36488735e-07,0.000112062273,0.0389466696,-0.0202606986,-0.000579656509,1,-0.172438201,-0.0773333921
1.89,1.39910633,1.83148751,0.394461202,0.165550105,27.0937356,0.124264724,-0.165550105,0.0706979772,-1.00996638e-06,1.0017222e-06,1.0017222e-06,0.000151144111,0.0490176122,-0.0274068372,-0.000660334571,1,-0.171689997,-0.0770196889
1.892,1.3999629,1.83184755,0.448548427,0.188688094,26.9565302,0.133979372,-0.188688094,0.0806243158,-2.18334182e-06,2.1656607e-06,2.1656607e-06,0.000195875404,0.0600962366,-0.035603197,-0.000743891184,1,-0.170833423,-0.0766596542
1.894,1.4009273,1.83225376,0.502348506,0.211744294,26.802365,0.143650012,-0.211744294,0.0905330909,-3.3823652e-06,3.35521942e-06,3.35521942e-06,0.000246160116,0.0721623689,-0.0448356462,-0.000830222246,1,-0.169869029,-0.0762534442
1.896,1.4019989,1.83270597,0.555827595,0.234708866,26.6313432,0.153274283,-0.234708866,0.100422004,-4.60679616e-06,4.57019309e-06,4.57019309e-06,0.000301890396,0.0851940761,-0.0550882517,-0.00091919541,1,-0.16879743,-0.0758012348
1.898,1.40317702,1.83320398,0.608952064,0.257571877,26.4435786,0.16284971,-0.257571877,0.11028865,-5.85629387e-06,5.81027702e-06,5.81027702e-06,0.000362946728,0.0991676669,-0.0663432719,-0.00101065005,1,-0.167619311,-0.0753032217
1.9,1.4044609,1.83374758,0.66168852,0.280323293,26.2391952,0.172373691,-0.280323293,0.120130503,-7.13041612e-06,7.07506601e-06,7.07506601e-06,0.000429198097,0.114057693,-0.0785811485,-0.00110439745,1,-0.166335423,-0.0747596204
1.902,1.40584974,1.83433654,0.714003824,0.302952966,26.018327,0.181843493,-0.302952966,0.129944912,-8.42861884e-06,8.36405364e-06,8.36405364e-06,0.000500502167,0.129836949,-0.0917804998,-0.00120022124,1,-0.164946584,-0.0741706669
1.904,1.40734265,1.83497058,0.765865113,0.325450631,25.7811185,0.191256236,-0.325450631,0.139729084,-9.75025615e-06,9.67663207e-06,9.67663207e-06,0.000576705482,0.146476479,-0.105918113,-0.00129787801,1,-0.163453676,-0.0735366175
1.906,1.40893868,1.83564945,0.817239821,0.347805894,25.5277239,0.200608892,-0.347805894,0.149480083,-1.10945808e-05,1.10120923e-05,1.10120923e-05,0.000657643685,0.163945575,-0.12096894,-0.00139709819,1,-0.161857649,-0.072857749
1.908,1.41063681,1.83637284,0.868095697,0.370008228,25.2583075,0.209898275,-0.370008228,0.159194814,-1.2460745e-05,1.23696246e-05,1.23696246e-05,0.000743141751,0.18221179,-0.136906089,-0.00149758717,1,-0.160159516,-0.0721343596
1.91,1.41243597,1.83714043,0.918400825,0.392046972,24.973043,0.219121035,-0.392046972,0.168870023,-1.38478018e-05,1.374832e-05,1.374832e-05,0.000833014245,0.201240939,-0.153700828,-0.00159902655,1,-0.158360354,-0.0713667683
1.912,1.41433502,1.83795189,0.968123648,0.413911319,24.6721141,0.228273652,-0.413911319,0.178502285,-1.52547071e-05,1.51471713e-05,1.51471713e-05,0.000927065599,0.22099712,-0.17132258,-0.00170107567,1,-0.156461306,-0.0705553159
1.914,1.41633275,1.83880684,1.01723298,0.435590322,24.3557139,0.237352432,-0.435590322,0.188087999,-1.66803212e-05,1.65650753e-05,1.65650753e-05,0.0010250904,0.241442721,-0.189738929,-0.00180337332,1,-0.154463573,-0.0697003646
1.916,1.4184279,1.8397049,1.06569802,0.457072886,24.0240449,0.246353506,-0.457072886,0.197623385,-1.81234121e-05,1.8000835e-05,1.8000835e-05,0.00112687373,0.262538444,-0.208915623,-0.00190553961,1,-0.152368423,-0.0688022992
1.918,1.42061915,1.84064568,1.1134884,0.478347771,23.6773186,0.255272821,-0.478347771,0.207104478,-1.95826581e-05,1.94531623e-05,1.94531623e-05,0.00123219146,0.284243326,-0.22881659,-0.00200717803,1,-0.150177181,-0.0678615265
1.92,1.42290509,1.84162873,1.16057417,0.49940359,23.3157559,0.264106145,-0.49940359,0.216527125,-2.1056651e-05,2.0920681e-05,2.0920681e-05,0.00134081068,0.30651477,-0.249403946,-0.00210787766,1,-0.147891235,-0.0668784761
1.922,1.4252843,1.8426536,1.20692582,0.520228816,22.9395866,0.272849061,-0.520228816,0.225886982,-2.25439002e-05,2.24019305e-05,2.24019305e-05,0.00145249001,0.329308576,-0.270638021,-0.00220721555,1,-0.14551203,-0.0658536004
1.924,1.42775526,1.84371983,1.25251431,0.540811779,22.5490491,0.28149697,-0.540811779,0.235179513,-2.40428363e-05,2.38953691e-05,2.38953691e-05,0.00156698006,0.352578985,-0.292477381,-0.00230475916,1,-0.143041071,-0.0647873753
1.926,1.43031641,1.8448269,1.29731111,0.561140677,22.1443907,0.290045092,-0.561140677,0.244399991,-2.55518158e-05,2.53993784e-05,2.53993784e-05,0.00168402386,0.376278719,-0.31487886,-0.00240006899,1,-0.140479921,-0.0636803
1.928,1.43296613,1.8459743,1.34128814,0.581203576,21.7258671,0.298488464,-0.581203576,0.253543495,-2.70691255e-05,2.69122679e-05,2.69122679e-05,0.00180335729,0.400359037,-0.337797597,-0.00249270126,1,-0.137830197,-0.0625328975
1.93,1.43570275,1.84716149,1.38441788,0.600988421,21.2937423,0.306821949,-0.600988421,0.262604913,-2.85929871e-05,2.84322791e-05,2.84322791e-05,0.00192470956,0.424769793,-0.361187082,-0.00258221065,1,-0.135093574,-0.0613457149
1.932,1.43852455,1.84838788,1.42667334,0.620483041,20.8482884,0.315040235,-0.620483041,0.271578946,-3.01215632e-05,2.99575907e-05,2.99575907e-05,0.00204780374,0.449459504,-0.384999204,-0.00266815308,1,-0.13227178,-0.0601193235
1.934,1.44142973,1.84965288,1.46802806,0.639675162,20.3897857,0.323137843,-0.639675162,0.280460107,-3.16529614e-05,3.1486324e-05,3.1486324e-05,0.00217235728,0.474375419,-0.409184312,-0.00275008859,1,-0.129366597,-0.058854319
1.936,1.44441647,1.85095588,1.50845615,0.658552414,19.9185222,0.33110913,-0.658552414,0.289242729,-3.3185241e-05,3.30165478e-05,3.30165478e-05,0.00229808255,0.499463604,-0.433691282,-0.00282758418,1,-0.126379859,-0.057551322
1.938,1.44748288,1.85229622,1.54793232,0.677102346,19.4347934,0.338948299,-0.677102346,0.29792097,-3.47164176e-05,3.45462843e-05,3.45462843e-05,0.00242468744,0.524669028,-0.458467587,-0.0029002166,1,-0.123313451,-0.0562109776
1.94,1.45062702,1.85367325,1.58643187,0.695312435,18.9389026,0.346649404,-0.695312435,0.306488816,-3.62444698e-05,3.60735145e-05,3.60735145e-05,0.00255187592,0.549935662,-0.483459383,-0.0029675752,1,-0.120169308,-0.0548339562
1.942,1.45384691,1.85508625,1.62393069,0.713170104,18.4311602,0.35420636,-0.713170104,0.31494009,-3.77673443e-05,3.75961844e-05,3.75961844e-05,0.0026793487,0.57520658,-0.508611598,-0.00302926463,1,-0.116949412,-0.0534209532
1.944,1.45714053,1.85653451,1.66040533,0.730662733,17.9118838,0.361612951,-0.730662733,0.323268462,-3.92829626e-05,3.91122105e-05,3.91122105e-05,0.00280680385,0.600424072,-0.533868029,-0.00308490758,1,-0.113655796,-0.0519726892
1.946,1.46050579,1.85801729,1.69583296,0.747777676,17.3813977,0.368862841,-0.747777676,0.331467453,-4.07892264e-05,4.06194861e-05,4.06194861e-05,0.0029339375,0.625529765,-0.559171453,-0.00313414729,1,-0.110290535,-0.0504899101
1.948,1.46394057,1.85953382,1.73019141,0.764502278,16.8400333,0.375949588,-0.764502278,0.339530448,-4.22840239e-05,4.21158874e-05,4.21158874e-05,0.00306044446,0.650464746,-0.584463734,-0.00317665008,1,-0.106855752,-0.048973387
1.95,1.46744271,1.86108329,1.76345917,0.780823894,16.2881283,0.382866648,-0.780823894,0.347450708,-4.37652359e-05,4.35992793e-05,4.35992793e-05,0.00318601897,0.6751697,-0.609685954,-0.00321210765,1,-0.103353613,-0.0474239164
1.952,1.47101,1.86266488,1.79561541,0.796729903,15.7260267,0.389607397,-0.796729903,0.355221376,-4.52307419e-05,4.50675218e-05,4.50675218e-05,0.00331035544,0.699585047,-0.634778538,-0.00324023928,1,-0.0997863239,-0.0458423202
1.954,1.47464019,1.86427776,1.82664002,0.812207729,15.1540788,0.396165137,-0.812207729,0.362835493,-4.66784254e-05,4.65184758e-05,4.65184758e-05,0.00343314912,0.723651092,-0.659681395,-0.00326079388,1,-0.0961561339,-0.0442294453
1.956,1.478331,1.86592104,1.85651355,0.827244863,14.5726408,0.402533114,-0.827244863,0.37028601,-4.81061808e-05,4.79500094e-05,4.79500094e-05,0.00355409688,0.74730818,-0.684334063,-0.0032735518,1,-0.0924653306,-0.0425861635
1.958,1.48208009,1.86759383,1.8852173,0.841828878,13.9820748,0.408704529,-0.841828878,0.377565802,-4.95119183e-05,4.93600036e-05,4.93600036e-05,0.00367289801,0.770496851,-0.708675859,-0.00327832652,1,-0.0887162396,-0.040913372
1.96,1.4858851,1.86929521,1.9127333,0.855947453,13.3827481,0.414672556,-0.855947453,0.384667679,-5.08935699e-05,5.07463581e-05,5.07463581e-05,0.00378925492,0.793158006,-0.732646042,-0.00327496608,1,-0.0849112231,-0.0392119924
1.962,1.48974365,1.87102423,1.93904429,0.869588394,12.7750337,0.420430356,-0.869588394,0.391584405,-5.22490951e-05,5.21069975e-05,5.21069975e-05,0.00390287397,0.815233081,-0.756183974,-0.00326335431,1,-0.0810526781,-0.0374829707
1.964,1.49365329,1.87277992,1.96413379,0.882739651,12.1593094,0.425971091,-0.882739651,0.398308708,-5.35764857e-05,5.34398764e-05,5.34398764e-05,0.00401346622,0.836664212,-0.779229292,-0.00324341187,1,-0.0771430356,-0.0357272774
1.966,1.49761157,1.8745613,1.98798605,0.895389346,11.5359582,0.431287944,-0.895389346,0.404833301,-5.48737716e-05,5.47429849e-05,5.47429849e-05,0.00412074825,0.857394419,-0.801722081,-0.00321509699,1,-0.0731847582,-0.0339459067
1.968,1.50161599,1.87636733,2.01058613,0.907525789,10.9053677,0.436374133,-0.907525789,0.411150894,-5.61390254e-05,5.60143541e-05,5.60143541e-05,0.00422444291,0.877367778,-0.823603057,-0.00317840605,1,-0.0691803392,-0.0321398764
1.97,1.50566403,1.87819697,2.03191982,0.9191375,10.2679299,0.441222924,-0.9191375,0.41725421,-5.73703672e-05,5.72520609e-05,5.72520609e-05,0.00432428015,0.896529607,-0.844813745,-0.00313337387,1,-0.0651323009,-0.0303102273
1.972,1.50975313,1.88004918,2.05197374,0.930213236,9.62404103,0.445827657,-0.930213236,0.423136005,-5.8565969e-05,5.8454233e-05,5.8454233e-05,0.00441999774,0.914826647,-0.865296665,-0.00308007376,1,-0.0610431928,-0.028458023
1.974,1.51388074,1.88192285,2.07073529,0.940742007,8.97410157,0.450181754,-0.940742007,0.428789081,-5.97240595e-05,5.96190534e-05,5.96190534e-05,0.00451134209,0.932207243,-0.884995523,-0.00301861737,1,-0.0569155906,-0.0265843492
1.976,1.51804423,1.88381689,2.08819265,0.950713097,8.31851562,0.454278739,-0.950713097,0.434206306,-6.08429275e-05,6.0744765e-05,6.0744765e-05,0.004598069,0.948621523,-0.903855393,-0.00294915424,1,-0.0527520936,-0.0246903134
1.978,1.522241,1.88573016,2.10433485,0.960116092,7.65769092,0.458112255,-0.960116092,0.439380628,-6.19209262e-05,6.18296742e-05,6.18296742e-05,0.00467994439,0.964021583,-0.921822909,-0.00287187121,1,-0.0485553243,-0.0227770439
1.98,1.5264684,1.88766151,2.11915171,0.968940892,6.99203855,0.461676082,-0.968940892,0.444305094,-6.29564761e-05,6.28721554e-05,6.28721554e-05,0.00475674504,0.97836166,-0.938846452,-0.00278699148,1,-0.0443279256,-0.0208456896
1.982,1.53072377,1.88960978,2.1326339,0.977177739,6.32197272,0.464964151,-0.977177739,0.448972865,-6.39480691e-05,6.38706542e-05,6.38706542e-05,0.00482825931,0.99159831,-0.954876334,-0.00269477354,1,-0.0400725602,-0.0188974192
1.984,1.53500442,1.89157378,2.14477289,0.984817234,5.64791049,0.467970562,-0.984817234,0.453377238,-6.48942705e-05,6.48236906e-05,6.48236906e-05,0.00489428782,1.00369057,-0.969864984,-0.00259550987,1,-0.0357919082,-0.0169334203
1.986,1.53930766,1.8935523,2.15556101,0.991850355,4.97027159,0.470689598,-0.991850355,0.457511654,-6.57937226e-05,6.57298622e-05,6.57298622e-05,0.00495464411,1.01460014,-0.983767126,-0.00248952541,1,-0.0314886657,-0.014954899
1.988,1.54363078,1.89554412,2.16499141,0.998268479,4.28947811,0.473115745,-0.998268479,0.461369722,-6.66451462e-05,6.65878468e-05,6.65878468e-05,0.00500915527,1.02429153,-0.996539956,-0.00237717591,1,-0.027165543,-0.0129630788
1.99,1.54797106,1.897548,2.17305812,1.0040634,3.60595433,0.475243702,-1.0040634,0.464945232,-6.74473433e-05,6.73964049e-05,6.73964049e-05,0.00505766256,1.03273219,-1.00814331,-0.00225884597,1,-0.0228252633,-0.0109592002
1.992,1.55232577,1.89956268,2.17975599,1.00922734,2.92012641,0.477068399,-1.00922734,0.468232172,-6.81991986e-05,6.81543816e-05,6.81543816e-05,0.00510002198,1.0398927,-1.01853983,-0.0021349471,1,-0.0184705605,-0.00894451933
1.994,1.55669215,1.90158689,2.18508072,1.01375299,2.23242216,0.47858501,-1.01375299,0.471224741,-6.88996812e-05,6.88607084e-05,6.88607084e-05,0.00513610475,1.04574688,-1.02769513,-0.0020059155,1,-0.0141041777,-0.0069203073
1.996,1.56106746,1.90361935,2.18902889,1.01763349,1.54327083,0.479788969,-1.01763349,0.473917366,-6.95478455e-05,6.9514405e-05,6.9514405e-05,0.00516579791,1.05027192,-1.03557792,-0.00187220973,1,-0.00972886576,-0.00488784937
1.998,1.56544895,1.90565876,2.19159793,1.02086247,0.853102776,0.48067598,-1.02086247,0.476304716,-7.01428327e-05,7.01145798e-05,7.01145798e-05,0.00518900464,1.05344849,-1.04216018,-0.00173430836,1,-0.00534738103,-0.0028484439
2,1.56983384,1.9077038,2.19278613,1.02343405,0.162349284,0.481242033,-1.02343405,0.478381719,-7.06838706e-05,7.06604315e-05,7.06604315e-05,0.00520564479,1.05526086,-1.04741726,-0.00159270741,1,-0.000962484066,-0.000803401326
2.002,1.57421939,1.90975316,2.19259264,1.02534289,-0.52855774,0.481483411,-1.02534289,0.480143567,-7.1170275e-05,7.11512494e-05,7.11512494e-05,0.00521565514,1.05569698,-1.05132804,-0.00144791777,1,0.00342306225,0.00124595677
2.004,1.57860282,1.9118055,2.19101748,1.02658413,-1.21918601,0.481396705,-1.02658413,0.481585737,-7.1601449e-05,7.15864132e-05,7.15864132e-05,0.0052189898,1.05474859,-1.05387498,-0.00130046259,1,0.00780649442,0.00329829876
2.006,1.58298138,1.91385949,2.18806152,1.02715349,-1.90910313,0.480978826,-1.02715349,0.482704001,-7.19768831e-05,7.19653939e-05,7.19653939e-05,0.00521562041,1.05241126,-1.05504429,-0.00115087458,1,0.0121850501,0.00535228402
2.008,1.5873523,1.91591377,2.18372652,1.0270472,-2.59787685,0.480227008,-1.0270472,0.483494433,-7.22961551e-05,7.22877526e-05,7.22877526e-05,0.00520553637,1.04868445,-1.05482596,-0.000999693326,1,0.0165559697,0.00740656397
2.01,1.59171283,1.91796699,2.17801509,1.02626209,-3.28507532,0.479138823,-1.02626209,0.483953426,-7.2558929e-05,7.25531407e-05,7.25531407e-05,0.00518874503,1.04357159,-1.05321387,-0.000847462596,1,0.0209164982,0.00945978327
2.012,1.59606021,1.92001778,2.1709307,1.0247955,-3.97026741,0.477712187,-1.0247955,0.484077696,-7.27649545e-05,7.27612985e-05,7.27612985e-05,0.00516527176,1.03708005,-1.05020583,-0.000694727653,1,0.0252638871,0.0115105809
2.014,1.60039172,1.92206479,2.16247768,1.02264541,-4.65302289,0.475945366,-1.02264541,0.483864294,-7.29140657e-05,7.29120545e-05,7.29120545e-05,0.00513516,1.02922123,-1.04580363,-0.000542032619,1,0.0295953957,0.0135575912
2.016,1.60470462,1.92410665,2.15266124,1.01981032,-5.33291279,0.473836982,-1.01981032,0.483310616,-7.30061797e-05,7.30053239e-05,7.30053239e-05,0.00509847127,1.0200105,-1.04001308,-0.000389917888,1,0.0339082931,0.0155994453
2.018,1.60899619,1.92614197,2.14148742,1.01628935,-6.00950961,0.471386021,-1.01628935,0.482414405,-7.30412955e-05,7.30411073e-05,7.30411073e-05,0.00505528512,1.00946723,-1.03284404,-0.000238917598,1,0.0381998599,0.0176347719
2.02,1.61326372,1.9281694,2.12896313,1.01208221,-6.68238761,0.468591836,-1.01208221,0.481173761,-7.3019492e-05,7.30194885e-05,7.30194885e-05,0.00500569899,0.997614739,-1.02431039,-8.9557198e-05,1,0.0424673898,0.0196621989
2.022,1.61750452,1.93018756,2.11509612,1.00718919,-7.35112309,0.465454149,-1.00718919,0.479587147,-7.29409261e-05,7.29406332e-05,7.29406332e-05,0.00494982802,0.984480263,-1.01443007,5.7648899e-05,1,0.0467081914,0.0216803541
2.024,1.62171592,1.93219507,2.099895,1.0016112,-8.01529463,0.461973057,-1.0016112,0.477653392,-7.28058309e-05,7.28047863e-05,7.28047863e-05,0.00488780487,0.970094911,-1.003225,0.000202199544,1,0.05091959,0.0236878669
2.026,1.62589526,1.93419057,2.08336921,0.995349732,-8.67448341,0.458149031,-0.995349732,0.475371696,-7.26145133e-05,7.26122699e-05,7.26122699e-05,0.0048197794,0.954493583,-0.990721089,0.000343608963,1,0.055098929,0.0256833692
2.028,1.6300399,1.9361727,2.06552902,0.988406881,-9.32827345,0.453982919,-0.988406881,0.472741632,-7.23673521e-05,7.23634808e-05,7.23634808e-05,0.00474591833,0.937714895,-0.976948163,0.000481408734,1,0.0592435717,0.0276654963
2.03,1.63414723,1.93814009,2.04638555,0.980785345,-9.97625188,0.449475947,-0.980785345,0.469763151,-7.2064795e-05,7.2058888e-05,7.2058888e-05,0.00466640484,0.919801082,-0.961939893,0.000615149622,1,0.0633509031,0.029632889
2.032,1.63821466,1.9400914,2.02595072,0.972488419,-10.6180092,0.444629713,-0.972488419,0.466436578,-7.17073567e-05,7.16990297e-05,7.16990297e-05,0.00458143813,0.900797888,-0.945733724,0.000744403266,1,0.0674183315,0.0315841937
2.034,1.64223962,1.94202527,2.00423729,0.963519992,-11.2531396,0.439446192,-0.963519992,0.462762619,-7.12956157e-05,7.12845109e-05,7.12845109e-05,0.00449123293,0.880754446,-0.928370775,0.00086876371,1,0.0714432899,0.0335180646
2.036,1.64621956,1.94394037,1.98125881,0.953884549,-11.8812412,0.433927733,-0.953884549,0.458742355,-7.08302121e-05,7.0816e-05,7.0816e-05,0.00439601893,0.859723142,-0.909895732,0.000987848769,1,0.0754232379,0.0354331642
2.038,1.65015199,1.94583537,1.95702963,0.94358716,-12.5019163,0.428077051,-0.94358716,0.454377244,-7.03118445e-05,7.02942265e-05,7.02942265e-05,0.00429604018,0.83775947,-0.890356728,0.00110130124,1,0.0793556633,0.0373281645
2.04,1.65403441,1.94770895,1.9315649,0.93263348,-13.1147717,0.421897228,-0.93263348,0.44966912,-6.97412677e-05,6.9719977e-05,6.9719977e-05,0.00419155446,0.814921876,-0.869805208,0.00120878996,1,0.0832380835,0.0392017488
2.042,1.65786437,1.94955981,1.90488056,0.921029741,-13.7194187,0.415391707,-0.921029741,0.444620187,-6.91192892e-05,6.90940933e-05,6.90940933e-05,0.00408283256,0.791271587,-0.848295784,0.00131001062,1,0.0870680472,0.0410526122
2.044,1.66163946,1.95138666,1.87699331,0.908782746,-14.3154739,0.408564289,-0.908782746,0.439233019,-6.84467667e-05,6.8417468e-05,6.8417468e-05,0.0039701576,0.766872436,-0.82588608,0.00140468654,1,0.0908431358,0.0428794629
2.046,1.66535729,1.95318823,1.84792061,0.89589986,-14.902559,0.401419123,-0.89589986,0.433510552,-6.77246055e-05,6.76910426e-05,6.76910426e-05,0.0038538242,0.741790673,-0.802636559,0.00149256921,1,0.0945609654,0.0446810235
2.048,1.66901551,1.95496323,1.8176807,0.882389003,-15.4803011,0.393960704,-0.882389003,0.427456086,-6.6953755e-05,6.69158035e-05,6.69158035e-05,0.00373413769,0.716094769,-0.778610352,0.0015734386,1,0.0982191877,0.0464560321
2.05,1.67261182,1.95671045,1.78629253,0.86825864,-16.0483332,0.386193864,-0.86825864,0.421073272,-6.61352067e-05,6.60927792e-05,6.60927792e-05,0.00361141328,0.689855214,-0.753873066,0.00164710349,1,0.101815492,0.0482032433
2.052,1.67614393,1.95842863,1.75377579,0.853517774,-16.6062943,0.378123765,-0.853517774,0.414366112,-6.52699905e-05,6.52230374e-05,6.52230374e-05,0.00348597519,0.663144305,-0.728492591,0.00171340146,1,0.105347606,0.0499214291
2.054,1.67960962,1.96011658,1.72015089,0.838175933,-17.1538294,0.369755891,-0.838175933,0.407338949,-6.43591727e-05,6.43076818e-05,6.43076818e-05,0.00335815571,0.636035928,-0.702538894,0.0017721989,1,0.108813298,0.0516093805
2.056,1.6830067,1.96177311,1.68543895,0.822243158,-17.6905904,0.361096042,-0.822243158,0.399996463,-6.34038529e-05,6.33478489e-05,6.33478489e-05,0.0032282943,0.608605336,-0.67608381,0.00182339075,1,0.112210378,0.0532659079
2.058,1.68633303,1.96339704,1.64966178,0.805729995,-18.2162355,0.352150321,-0.805729995,0.392343659,-6.24051614e-05,6.23447057e-05,6.23447057e-05,0.00309673662,0.580928924,-0.649200825,0.00186690021,1,0.115536699,0.0548898426
2.06,1.68958649,1.96498724,1.61284184,0.788647482,-18.7304301,0.342925128,-0.788647482,0.384385867,-6.13642565e-05,6.12994462e-05,6.12994462e-05,0.00296383358,0.553083996,-0.621964851,0.00190267828,1,0.118790159,0.0564800376
2.062,1.69276503,1.96654257,1.57500231,0.771007136,-19.2328468,0.333427151,-0.771007136,0.376128723,-6.02823226e-05,6.02132894e-05,6.02132894e-05,0.00282994034,0.525148531,-0.594452003,0.00193070319,1,0.1219687,0.0580353683
2.064,1.69586664,1.96806194,1.53616696,0.752820938,-19.7231655,0.323663354,-0.752820938,0.367578172,-5.9160567e-05,5.90874759e-05,5.90874759e-05,0.00269541531,0.497200951,-0.566739365,0.0019509798,1,0.125070314,0.0595547342
2.066,1.69888937,1.96954426,1.49636023,0.734101326,-20.2010737,0.313640972,-0.734101326,0.35874045,-5.80002181e-05,5.79232661e-05,5.79232661e-05,0.00256061913,0.469319878,-0.538904757,0.00196353879,1,0.12809304,0.0610370589
2.068,1.70183129,1.97098849,1.45560718,0.714861174,-20.6662668,0.303367492,-0.714861174,0.34962208,-5.68025231e-05,5.67219372e-05,5.67219372e-05,0.00242591368,0.4415839,-0.511026498,0.00196843589,1,0.131034965,0.0624812917
2.07,1.70469056,1.97239361,1.41393346,0.695113784,-21.1184483,0.292850654,-0.695113784,0.340229858,-5.55687458e-05,5.54847814e-05,5.54847814e-05,0.00229166103,0.414071337,-0.483183173,0.00196575097,1,0.133894229,0.063886408
2.072,1.70746535,1.97375861,1.3713653,0.674872869,-21.5573299,0.28209843,-0.674872869,0.330570851,-5.4300165e-05,5.42131036e-05,5.42131036e-05,0.00215822245,0.386859998,-0.455453389,0.00195558713,1,0.136669023,0.0652514104
2.074,1.71015392,1.97508253,1.32792952,0.654152539,-21.9826317,0.271119024,-0.654152539,0.320652378,-5.29980719e-05,5.29082192e-05,5.29082192e-05,0.00202595735,0.360026954,-0.427915544,0.00193806966,1,0.139357593,0.0665753295
2.076,1.71275456,1.97636443,1.28365348,0.632967287,-22.3940825,0.25992085,-0.632967287,0.310482006,-5.16637692e-05,5.15714526e-05,5.15714526e-05,0.00189522234,0.333648304,-0.400647586,0.00191334506,1,0.141958236,0.0678572245
2.078,1.71526563,1.97760339,1.23856509,0.611331974,-22.7914198,0.248512533,-0.611331974,0.30006754,-5.0298569e-05,5.02041351e-05,5.02041351e-05,0.00176637016,0.307798947,-0.373726782,0.00188157999,1,0.144469307,0.0690961841
2.08,1.71768554,1.97879853,1.19269276,0.589261816,-23.1743903,0.236902889,-0.589261816,0.289417009,-4.89037916e-05,4.88076037e-05,4.88076037e-05,0.00163974872,0.282552359,-0.347229488,0.00184296016,1,0.146889217,0.0702913271
2.082,1.72001276,1.97994901,1.14606541,0.566772365,-23.5427495,0.22510092,-0.566772365,0.27853866,-4.74807637e-05,4.73831994e-05,4.73831994e-05,0.00151570012,0.257980377,-0.321230914,0.00179768931,1,0.149216434,0.0714418032
2.084,1.72224581,1.981054,1.09871243,0.543879499,-23.8962627,0.213115804,-0.543879499,0.267440945,-4.60308177e-05,4.59322658e-05,4.59322658e-05,0.00139455973,0.234152983,-0.29580491,0.00174598811,1,0.151449485,0.0725467936
2.086,1.72438328,1.98211271,1.05066371,0.520599404,-24.2347042,0.200956879,-0.520599404,0.256132514,-4.45552902e-05,4.44561486e-05,4.44561486e-05,0.00127665518,0.211138099,-0.27102374,0.00168809307,1,0.153586955,0.0736055117
2.088,1.72642382,1.98312441,1.00194953,0.496948559,-24.5578583,0.188633639,-0.496948559,0.244622199,-4.30555214e-05,4.29561936e-05,4.29561936e-05,0.00116230554,0.189001385,-0.24695787,0.00162425553,1,0.155627491,0.0746172036
2.09,1.72836613,1.98408835,0.952600628,0.472943722,-24.8655189,0.17615572,-0.472943722,0.232919012,-4.15328539e-05,4.14337467e-05,4.14337467e-05,0.00105182035,0.167806049,-0.223675764,0.00155474059,1,0.157569801,0.0755811487
2.092,1.73020898,1.98500386,0.902648145,0.448601915,-25.1574896,0.163532891,-0.448601915,0.221032129,-3.99886319e-05,3.98901527e-05,3.98901527e-05,0.000945498829,0.147612661,-0.201243678,0.00147982611,1,0.159412653,0.0764966602
2.094,1.73195121,1.98587029,0.8521236,0.423940411,-25.4335845,0.150775046,-0.423940411,0.208970883,-3.8424201e-05,3.83267548e-05,3.83267548e-05,0.000843629,0.128478975,-0.179725472,0.00139980172,1,0.161154881,0.0773630857
2.096,1.73359171,1.98668701,0.801058878,0.398976714,-25.6936274,0.137892191,-0.398976714,0.196744751,-3.68409071e-05,3.67448941e-05,3.67448941e-05,0.000746486928,0.110459764,-0.159182418,0.00131496788,1,0.162795379,0.0781798078
2.098,1.73512943,1.98745345,0.749486208,0.37372855,-25.9374525,0.124894435,-0.37372855,0.184363349,-3.52400964e-05,3.51459094e-05,3.51459094e-05,0.000654335945,0.0936066567,-0.139673029,0.00122563492,1,0.164333108,0.078946244
2.1,1.73656342,1.98816905,0.697438144,0.34821385,-26.1649045,0.111791984,-0.34821385,0.171836421,-3.36231149e-05,3.35311364e-05,3.35311364e-05,0.000567425932,0.0779679937,-0.121252885,0.00113212219,1,0.165767092,0.079661848
2.102,1.73789275,1.98883331,0.644947542,0.322450735,-26.3758384,0.098595126,-0.322450735,0.159173827,-3.19913081e-05,3.19019082e-05,3.19019082e-05,0.000485992633,0.0635886842,-0.103974476,0.00103475717,1,0.167096421,0.0803261092
2.104,1.73911658,1.98944576,0.592047543,0.296457502,-26.5701196,0.0853142275,-0.296457502,0.146385536,-3.03460206e-05,3.02595546e-05,3.02595546e-05,0.000410257014,0.0505100788,-0.0878870506,0.000933874656,1,0.168320253,0.0809385536
2.106,1.74023414,1.99000595,0.538771545,0.270252611,-26.7476245,0.0719597209,-0.270252611,0.133481617,-2.86885964e-05,2.86054026e-05,2.86054026e-05,0.000340424655,0.03876985,-0.0730364738,0.00082981598,1,0.169437809,0.0814987441
2.108,1.74124471,1.99051348,0.485153187,0.24385467,-26.9082398,0.0585420968,-0.24385467,0.120472231,-2.70203786e-05,2.6940776e-05,2.6940776e-05,0.000276685199,0.0284018848,-0.0594650999,0.000722928207,1,0.17044838,0.0820062806
2.11,1.74214765,1.990968,0.431226327,0.217282419,-27.0518632,0.0450718957,-0.217282419,0.107367619,-2.53427092e-05,2.52669959e-05,2.52669959e-05,0.000219211827,0.0194361881,-0.0472116497,0.000613563414,1,0.171351323,0.0824608004
2.112,1.74294239,1.99136918,0.37702502,0.190554722,-27.1784031,0.031559699,-0.190554722,0.0941780955,-2.36569293e-05,2.35853805e-05,2.35853805e-05,0.000168160798,0.0118987962,-0.036311102,0.000502077964,1,0.172146065,0.0828619785
2.114,1.74362842,1.99171673,0.322583494,0.163690546,-27.2877789,0.0180161207,-0.163690546,0.0809140419,-2.19643792e-05,2.18972456e-05,2.18972456e-05,0.00012367102,0.00581170318,-0.0267945948,0.000388831799,1,0.172832098,0.0832095275
2.116,1.74420531,1.9920104,0.267936132,0.136708952,-27.3799207,0.00445179929,-0.136708952,0.067585894,-2.02663981e-05,2.02039045e-05,2.02039045e-05,8.58636761e-05,0.00119279789,-0.0186893376,0.000274187745,1,0.173408985,0.0835031985
2.118,1.74467268,1.99224998,0.213117448,0.109629082,-27.4547696,-0.00912261054,-0.109629082,0.0542041366,-1.85643244e-05,1.85066684e-05,1.85066684e-05,5.48419006e-05,-0.00194418748,-0.0120185355,0.000158510835,1,0.173876358,0.0837427804
2.12,1.74503024,1.9924353,0.158162065,0.0824701408,-27.5122779,-0.0226964458,-0.0824701408,0.0407792944,-1.68594959e-05,1.68068469e-05,1.68068469e-05,3.06904967e-05,-0.00358971674,-0.00680132413,4.21676195e-05,1,0.174233917,0.0839281007
2.122,1.74527776,1.99256623,0.103104694,0.055251389,-27.5524085,-0.0362590434,-0.055251389,0.0273219241,-1.51532493e-05,1.51057473e-05,1.51057473e-05,1.34757111e-05,-0.00373847757,-0.00305271599,-7.44745147e-05,1,0.174481433,0.0840590254
2.124,1.74541507,1.99264266,0.0479801107,0.0279921251,-27.5751356,-0.0497997478,-0.0279921251,0.0138426063,-1.34469204e-05,1.3404676e-05,1.3404676e-05,3.24505458e-06,-0.00238939741,-0.000783559065,-0.000191048035,1,0.174618744,0.0841354589
2.126,1.74544209,1.99266455,-0.00717686421,0.000711674108,-27.5804442,-0.0633079189,-0.000711674108,0.000351937789,-1.17418444e-05,1.17049375e-05,1.17049375e-05,2.717475e-08,0.000454352337,-5.06480036e-07,-0.000307185968,1,0.174645761,0.0841573444
2.128,1.74535879,1.99263187,-0.0623313893,-0.0265706254,-27.5683305,-0.0767729402,0.0265706254,-0.0131394767,-1.00393554e-05,1.00078354e-05,1.00078354e-05,3.83177856e-06,0.00478536402,-0.000705998133,-0.000422522622,1,0.174562461,0.0841246637
2.13,1.74516522,1.99254464,-0.117448624,-0.0538354347,-27.5388015,-0.0901842261,0.0538354347,-0.0266210322,-8.34078605e-06,8.31467168e-06,8.31467168e-06,1.4649606e-05,0.0105920132,-0.00289825403,-0.000536694327,1,0.174368893,0.0840374372
2.132,1.7448615,1.99240293,-0.172493748,-0.0810634281,-27.4918753,-0.10353123,0.0810634281,-0.0400821311,-6.64746793e-06,6.62674737e-06,6.62674737e-06,3.24524546e-05,0.0178584899,-0.00657127938,-0.000649340205,1,0.174065175,0.083895724
2.134,1.74444782,1.99220682,-0.227431989,-0.108235305,-27.427581,-0.116803452,0.108235305,-0.0535121915,-4.96073073e-06,4.94536191e-06,4.94536191e-06,5.71932544e-05,0.0265648415,-0.0117148813,-0.000760102968,1,0.173651495,0.0836996221
2.136,1.74392444,1.99195647,-0.282228638,-0.135331805,-27.3459585,-0.129990448,0.135331805,-0.0669006546,-3.28190203e-06,3.27181317e-06,3.27181317e-06,8.88061935e-05,0.0366870271,-0.0183146975,-0.000868629746,1,0.173128111,0.0834492676
2.138,1.74329167,1.99165204,-0.336849075,-0.162333718,-27.2470585,-0.143081834,0.162333718,-0.0802369929,-1.61230683e-06,1.60739717e-06,1.60739717e-06,0.000127206894,0.0481969836,-0.026352236,-0.000974572953,1,0.172495348,0.0831448353
2.14,1.74254993,1.99129374,-0.39125879,-0.189221899,-27.1309429,-0.156067299,0.189221899,-0.0935107182,4.67330882e-08,-4.65923631e-08,4.65923631e-08,0.000172292638,0.0610627028,-0.0358049271,-0.00107759118,1,0.171753602,0.0827865384
2.142,1.74169966,1.99088183,-0.445423405,-0.215977282,-26.9976842,-0.16893661,0.215977282,-0.106711389,1.69389981e-06,-1.68886449e-06,1.68886449e-06,0.00022394264,0.07524832,-0.0466461862,-0.00117735015,1,0.170903338,0.0823746281
2.144,1.74074141,1.9904166,-0.499308692,-0.24258089,-26.8473655,-0.18167962,0.24258089,-0.119828621,3.32788011e-06,-3.31813166e-06,3.31813166e-06,0.000282018376,0.0907142133,-0.0588454881,-0.00127352364,1,0.169945088,0.0819093938
2.146,1.73967578,1.98989836,-0.552880603,-0.269013852,-26.6800808,-0.194286276,0.269013852,-0.13285209,4.94736634e-06,-4.93311047e-06,4.93311047e-06,0.000346363948,0.107417114,-0.0723684524,-0.00136579457,1,0.168879454,0.0813911627
2.148,1.73850343,1.9893275,-0.606105281,-0.295257413,-26.4959346,-0.206746632,0.295257413,-0.145771547,6.55105748e-06,-6.53252251e-06,6.53252251e-06,0.000416806505,0.125310226,-0.0871769402,-0.00145385595,1,0.167707105,0.0808202995
2.15,1.7372251,1.98870441,-0.658949088,-0.321292951,-26.2950421,-0.219050851,0.321292951,-0.158576821,8.13766024e-06,-8.11509536e-06,8.11509536e-06,0.000493156713,0.144343359,-0.10322916,-0.00153741201,1,0.166428778,0.0801972063
2.152,1.7358416,1.98802952,-0.711378624,-0.347101986,-26.0775289,-0.231189217,0.347101986,-0.171257832,9.70589037e-06,-9.67956372e-06,9.67956372e-06,0.000575209254,0.164463067,-0.120479789,-0.00161617928,1,0.165045275,0.0795223223
2.154,1.73435379,1.98730333,-0.763360748,-0.372666196,-25.843531,-0.243152144,0.372666196,-0.183804594,1.1254474e-05,-1.12246706e-05,1.12246706e-05,0.000662743388,0.185612802,-0.138880094,-0.00168988767,1,0.163557468,0.0787961234
2.156,1.73276262,1.98652632,-0.814862598,-0.397967431,-25.5931945,-0.254930182,0.397967431,-0.196207232,1.2782149e-05,-1.27491689e-05,1.27491689e-05,0.000755523546,0.207733071,-0.158378077,-0.00175828165,1,0.161966291,0.0780191219
2.158,1.73106907,1.98569907,-0.865851614,-0.422987727,-25.326676,-0.266514031,0.422987727,-0.208455982,1.42876671e-05,-1.42518226e-05,1.42518226e-05,0.000853299969,0.230761604,-0.178918617,-0.00182112134,1,0.160272747,0.0771918664
2.16,1.72927423,1.98482214,-0.916295555,-0.447709317,-25.0441422,-0.277894546,0.447709317,-0.220541208,1.57697947e-05,-1.57314086e-05,1.57314086e-05,0.00095580938,0.254633537,-0.200443632,-0.00187818367,1,0.158477901,0.0763149409
2.162,1.72737921,1.98389617,-0.96616252,-0.472114647,-24.7457695,-0.289062747,0.472114647,-0.232453403,1.72273157e-05,-1.71867186e-05,1.71867186e-05,0.00106277571,0.279281592,-0.22289224,-0.00192926352,1,0.156582884,0.0753889648
2.164,1.72538522,1.98292179,-1.01542097,-0.496186393,-24.4317445,-0.300009829,0.496186393,-0.244183208,1.86590327e-05,-1.86165606e-05,1.86165606e-05,0.00117391082,0.304636272,-0.246200936,-0.00197417478,1,0.154588888,0.0744145924
2.166,1.7232935,1.98189971,-1.06403975,-0.519907467,-24.1022635,-0.310727172,0.519907467,-0.255721413,2.00637693e-05,-2.00197612e-05,2.00197612e-05,0.00128891535,0.330626062,-0.270303775,-0.00201275147,1,0.152497171,0.0733925122
2.168,1.72110538,1.98083065,-1.11198809,-0.543261041,-23.7575325,-0.32120635,0.543261041,-0.267058971,2.14403723e-05,-2.13951676e-05,2.13951676e-05,0.00140747945,0.357177637,-0.295132559,-0.0020448488,1,0.150309048,0.0723234465
2.17,1.71882223,1.97971535,-1.15923567,-0.566230554,-23.3977668,-0.33143914,0.566230554,-0.278187008,2.27877136e-05,-2.27416499e-05,2.27416499e-05,0.00152928372,0.384216072,-0.320617041,-0.00207034412,1,0.148025901,0.0712081513
2.172,1.71644549,1.97855462,-1.20575256,-0.58879973,-23.0231914,-0.341417532,0.58879973,-0.28909683,2.41046929e-05,-2.40581032e-05,2.40581032e-05,0.001654,0.411665065,-0.346685122,-0.00208913789,1,0.145649167,0.0700474149
2.174,1.71397667,1.97734926,-1.25150934,-0.610952591,-22.6340405,-0.35113374,0.610952591,-0.299779935,2.53902396e-05,-2.53434501e-05,2.53434501e-05,0.00178129235,0.439447156,-0.373263069,-0.00210115454,1,0.143180345,0.0688420581
2.176,1.71141732,1.97610014,-1.29647703,-0.632673472,-22.2305574,-0.36058021,0.632673472,-0.310228022,2.66433153e-05,-2.65966429e-05,2.65966429e-05,0.00191081792,0.46748396,-0.400275722,-0.00210634328,1,0.140620991,0.0675929331
2.178,1.70876905,1.97480813,-1.34062715,-0.653947035,-21.8129943,-0.369749631,0.653947035,-0.320433003,2.78629165e-05,-2.78166665e-05,2.78166665e-05,0.00204222794,0.495696395,-0.427646724,-0.00210467876,1,0.137972719,0.0663009231
2.18,1.70603353,1.97347414,-1.38393174,-0.674758283,-21.3816125,-0.378634944,0.674758283,-0.33038701,2.90480765e-05,-2.90025406e-05,2.90025406e-05,0.00217516866,0.524004918,-0.455298741,-0.00209616169,1,0.1352372,0.0649669416
2.182,1.70321249,1.97209913,-1.42636337,-0.695092579,-20.9366817,-0.387229352,0.695092579,-0.340082407,3.01978684e-05,-3.01533224e-05,3.01533224e-05,0.00230928234,0.552329763,-0.483153693,-0.00208081932,1,0.132416159,0.0635919315
2.184,1.7003077,1.97068407,-1.46789513,-0.714935652,-20.4784803,-0.395526331,0.714935652,-0.3495118,3.13114074e-05,-3.12681092e-05,3.12681092e-05,0.00244420826,0.580591175,-0.511132986,-0.00205870582,1,0.129511374,0.0621768646
2.186,1.69732101,1.96922994,-1.50850071,-0.734273618,-20.007295,-0.403519634,0.734273618,-0.358668044,3.23878529e-05,-3.23460408e-05,3.23460408e-05,0.00257958369,0.608709654,-0.539157746,-0.00202990246,1,0.12652468,0.0607227409
2.188,1.69425429,1.96773779,-1.54815435,-0.753092993,-19.5234209,-0.411203309,0.753092993,-0.367544259,3.34264115e-05,-3.33863024e-05,3.33863024e-05,0.00271504495,0.636606192,-0.567149056,-0.00199451776,1,0.123457961,0.0592305874
2.19,1.69110948,1.96620866,-1.58683091,-0.771380704,-19.0271608,-0.4185717,0.771380704,-0.376133833,3.44263389e-05,-3.43881268e-05,3.43881268e-05,0.0028502284,0.664202511,-0.59502819,-0.00195268742,1,0.120313152,0.0577014577
2.192,1.68788857,1.96464363,-1.62450584,-0.789124106,-18.5188258,-0.425619459,0.789124106,-0.384430435,3.53869426e-05,-3.53507973e-05,3.53507973e-05,0.00298477146,0.691421298,-0.622716854,-0.00190457409,1,0.117092238,0.056136431
2.194,1.68459358,1.96304381,-1.66115524,-0.806310995,-17.9987342,-0.432341558,0.806310995,-0.392428023,3.6307584e-05,-3.62736497e-05,3.62736497e-05,0.00311831363,0.718186443,-0.650137421,-0.00185036702,1,0.113797253,0.0545366113
2.196,1.6812266,1.96141033,-1.69675582,-0.82292962,-17.4672122,-0.43873329,0.82292962,-0.400120856,3.71876804e-05,-3.71560751e-05,3.71560751e-05,0.00325049753,0.744423264,-0.67721316,-0.00179028155,1,0.110430276,0.0529031263
2.198,1.67778976,1.95974433,-1.73128499,-0.838968699,-16.9245931,-0.444790283,0.838968699,-0.407503498,3.80267075e-05,-3.79975218e-05,3.79975218e-05,0.00338096985,0.77005874,-0.703868478,-0.0017245584,1,0.106993434,0.0512371268
2.2,1.67428522,1.95804699,-1.7647208,-0.854417426,-16.3712173,-0.450508504,0.854417426,-0.414570831,3.88242009e-05,-3.87974979e-05,3.87974979e-05,0.00350938239,0.795021727,-0.730029138,-0.00165346283,1,0.103488896,0.0495397855
2.202,1.6707152,1.9563195,-1.79704199,-0.869265491,-15.8074323,-0.455884269,0.869265491,-0.421318059,3.95797583e-05,-3.95555729e-05,3.95555729e-05,0.00363539304,0.819243175,-0.755622494,-0.00157728359,1,0.0999188776,0.0478122959
2.204,1.66708196,1.95456307,-1.82822802,-0.883503086,-15.2335922,-0.460914246,0.883503086,-0.427740719,4.02930411e-05,-4.027138e-05,4.027138e-05,0.0037586667,0.84265634,-0.780577703,-0.00149633178,1,0.0962856321,0.0460558718
2.206,1.66338778,1.95277895,-1.85825904,-0.897120919,-14.6500576,-0.465595465,0.897120919,-0.433834688,4.09637758e-05,-4.09446174e-05,4.09446174e-05,0.00387887626,0.865196982,-0.804825943,-0.00141093948,1,0.0925914553,0.0442717458
2.208,1.65963501,1.95096837,-1.88711594,-0.910110224,-14.0571954,-0.46992532,0.910110224,-0.439596187,4.15917557e-05,-4.15750506e-05,4.15750506e-05,0.00399570351,0.886803561,-0.82830062,-0.00132145823,1,0.0888386812,0.0424611685
2.21,1.65582601,1.94913261,-1.91478034,-0.922462773,-13.4553786,-0.473901576,0.922462773,-0.44502179,4.21768415e-05,-4.2162513e-05,4.2162513e-05,0.00410884002,0.907417419,-0.850937567,-0.00122825743,1,0.0850296811,0.0406254072
2.212,1.65196319,1.94727295,-1.94123461,-0.934170884,-12.8449861,-0.477522373,0.934170884,-0.45010843,4.27189631e-05,-4.27069077e-05,4.27069077e-05,0.00421798802,0.926982958,-0.87267524,-0.00113172251,1,0.0811668622,0.0387657453
2.214,1.64804899,1.94539068,-1.96646189,-0.945227431,-12.2264025,-0.480786229,0.945227431,-0.454853402,4.32181197e-05,-4.32082081e-05,4.32082081e-05,0.00432286121,0.945447799,-0.893454896,-0.00103225303,1,0.0772526659,0.0368834805
2.216,1.64408589,1.94348713,-1.9904461,-0.955625853,-11.6000177,-0.483692045,0.955625853,-0.459254368,4.36743806e-05,-4.3666459e-05,4.3666459e-05,0.00442318555,0.962762943,-0.913220771,-0.000930260636,1,0.0732895664,0.0349799243
2.218,1.6400764,1.9415636,-2.01317192,-0.965360162,-10.9662268,-0.486239102,0.965360162,-0.463309363,4.40878858e-05,-4.40817768e-05,4.40817768e-05,0.00451870005,0.978882904,-0.931920243,-0.000826166909,1,0.0692800691,0.0330564005
2.22,1.63602304,1.93962145,-2.03462484,-0.974424949,-10.3254299,-0.488427069,0.974424949,-0.467016795,4.44588456e-05,-4.44543499e-05,4.44543499e-05,0.00460915743,0.993765845,-0.949503981,-0.00072040112,1,0.0652267092,0.0311142442
2.222,1.63192838,1.937662,-2.05479115,-0.98281539,-9.67803184,-0.490256001,0.98281539,-0.470375451,4.47875411e-05,-4.4784439e-05,4.4784439e-05,0.00469432483,1.00737369,-0.96592609,-0.000613397915,1,0.0611320495,0.0291548005
2.224,1.62779501,1.93568663,-2.07365795,-0.990527253,-9.02444178,-0.491726336,0.990527253,-0.473384495,4.50743232e-05,-4.50723763e-05,4.50723763e-05,0.00477398443,1.01967223,-0.981144239,-0.000505594926,1,0.0569986797,0.0271794236
2.226,1.62362554,1.93369668,-2.09121318,-0.997556903,-8.3650732,-0.492838901,0.997556903,-0.476043472,4.53196123e-05,-4.53185654e-05,4.53185654e-05,0.00484793401,1.0306312,-0.995119774,-0.000397430341,1,0.0528292139,0.0251894751
2.228,1.61942262,1.93169353,-2.10744558,-1.0039013,-7.70034354,-0.4935949,1.0039013,-0.478352305,4.55238973e-05,-4.55234805e-05,4.55234805e-05,0.00491598751,1.04022439,-1.00781783,-0.000289340443,1,0.0486262895,0.0231863236
2.23,1.61518889,1.92967854,-2.12234476,-1.00955802,-7.03067391,-0.493995923,1.00955802,-0.480311297,4.56877344e-05,-4.5687665e-05,4.5687665e-05,0.00497797546,1.04842966,-1.01920739,-0.000181757143,1,0.0443925653,0.0211713424
2.232,1.61092705,1.92765311,-2.13590114,-1.01452522,-6.35648888,-0.494043933,1.01452522,-0.481921129,4.58117458e-05,-4.58117306e-05,4.58117306e-05,0.00503374544,1.055229,-1.02926143,-7.51055196e-05,1,0.0401307198,0.0191459096
2.234,1.60663978,1.92561861,-2.14810602,-1.01880169,-5.67821617,-0.493741267,1.01880169,-0.483182855,4.58966179e-05,-4.5896355e-05,4.5896355e-05,0.00508316245,1.06060859,-1.03795688,3.0198613e-05,1,0.0358434496,0.0171114055
2.236,1.60232979,1.92357641,-2.15895154,-1.0223868,-4.99628644,-0.493090627,1.0223868,-0.484097904,4.59430992e-05,-4.59422807e-05,4.59422807e-05,0.00512610918,1.06455877,-1.04527476,0.000133751089,1,0.0315334677,0.0150692127
2.238,1.59799983,1.92152792,-2.16843072,-1.02528053,-4.31113297,-0.492095079,1.02528053,-0.48466807,4.59519983e-05,-4.59503123e-05,4.59503123e-05,0.00516248633,1.06707409,-1.05120017,0.000235161709,1,0.0272035017,0.013020714
2.24,1.59365262,1.91947449,-2.17653743,-1.02748348,-3.62319139,-0.49075804,1.02748348,-0.484895508,4.5924181e-05,-4.5921314e-05,4.5921314e-05,0.00519221275,1.06815324,-1.05572231,0.000334056463,1,0.022856292,0.0109672914
2.242,1.58929092,1.91741753,-2.18326643,-1.02899683,-2.93289943,-0.489083275,1.02899683,-0.484782734,4.58605681e-05,-4.5856207e-05,4.5856207e-05,0.00521522564,1.06779909,-1.05883448,0.000430079665,1,0.0184945902,0.00891032508
2.244,1.58491748,1.91535839,-2.18861334,-1.02982236,-2.24069659,-0.487074883,1.02982236,-0.484332609,4.57621319e-05,-4.57559662e-05,4.57559662e-05,0.00523148057,1.06601858,-1.06053409,0.000522895944,1,0.0141211575,0.00685119221
2.246,1.58053509,1.91329847,-2.19257467,-1.02996243,-1.54702393,-0.484737294,1.02996243,-0.48354834,4.5629893e-05,-4.56216173e-05,4.56216173e-05,0.00524095156,1.06282271,-1.0608226,0.00061219211,1,0.00973876241,0.00479126552
2.248,1.57614651,1.91123911,-2.19514782,-1.02941999,-0.852323684,-0.482075252,1.02941999,-0.482433465,4.54649172e-05,-4.54542328e-05,4.54542328e-05,0.00524363103,1.05822644,-1.05970552,0.000697678858,1,0.00535017957,0.00273191233
2.25,1.57175451,1.9091817,-2.19633106,-1.02819857,-0.157039057,-0.47909381,1.02819857,-0.480991846,4.52683111e-05,-4.52549282e-05,4.52549282e-05,0.0052395297,1.05224861,-1.0571923,0.000779092292,1,0.000958187619,0.000674493336
2.252,1.56736189,1.90712756,-2.19612356,-1.02630226,0.538386117,-0.475798311,1.02630226,-0.479227662,4.50412186e-05,-4.50248582e-05,4.50248582e-05,0.00522867646,1.04491188,-1.05329632,0.000856195276,1,-0.00343443245,-0.00137963852
2.254,1.56297143,1.90507806,-2.19452536,-1.0237357,1.23350765,-0.472194382,1.0237357,-0.477145392,4.47848169e-05,-4.47652122e-05,4.47652122e-05,0.00521111818,1.03624255,-1.04803478,0.000928778577,1,-0.00782489906,-0.00342913917
2.256,1.55858589,1.90303453,-2.19153741,-1.02050408,1.92788131,-0.468287917,1.02050408,-0.474749807,4.45003116e-05,-4.44772102e-05,4.44772102e-05,0.00518691942,1.02627049,-1.04142859,0.000996661802,1,-0.0122104319,-0.00547267454
2.258,1.55420807,1.90099828,-2.18716154,-1.01661314,2.6210631,-0.464085062,1.01661314,-0.47204596,4.41889327e-05,-4.41620977e-05,4.41620977e-05,0.00515616215,1.015029,-1.03350228,0.00105969412,1,-0.0165882535,-0.00750892157
2.26,1.54984074,1.89897063,-2.18140047,-1.01206911,3.31260958,-0.459592203,1.01206911,-0.469039165,4.38519297e-05,-4.3821141e-05,4.3821141e-05,0.00511894541,1.00255465,-1.02428389,0.00111775474,1,-0.0209555915,-0.00953656935
2.262,1.54548665,1.89695288,-2.17425779,-1.00687876,4.00207815,-0.45481595,1.00687876,-0.465734992,4.34905668e-05,-4.34556226e-05,4.34556226e-05,0.00507538485,0.988887122,-1.01380483,0.00117075321,1,-0.0253096796,-0.0115543201
2.264,1.54114857,1.89494631,-2.16573799,-1.00104932,4.68902736,-0.44976312,1.00104932,-0.462139247,4.31061183e-05,-4.30668359e-05,4.30668359e-05,0.00502561233,0.974069077,-1.00209973,0.00121862939,1,-0.0296477602,-0.0135608901
2.266,1.53682924,1.89295219,-2.15584645,-0.994588517,5.37301721,-0.444440723,0.994588517,-0.458257961,4.2699863e-05,-4.26560797e-05,4.26560797e-05,0.0049697754,0.958145953,-0.989206318,0.00126135332,1,-0.0339670856,-0.0155550107
2.268,1.53253141,1.89097177,-2.1445894,-0.98750454,6.05360944,-0.43885594,0.98750454,-0.45409737,4.22730798e-05,-4.22246536e-05,4.22246536e-05,0.00490803674,0.941165799,-0.975165217,0.00129892472,1,-0.0382649201,-0.0175354295
2.27,1.52825779,1.88900629,-2.13197398,-0.979806015,6.73036786,-0.433016115,0.979806015,-0.449663902,4.18270419e-05,-4.17738523e-05,4.17738523e-05,0.00484057361,0.923179092,-0.960019827,0.00133137233,1,-0.0425385412,-0.0195009107
2.272,1.52401108,1.88705697,-2.11800818,-0.971501993,7.40285863,-0.426928729,0.971501993,-0.444964163,4.13630124e-05,-4.13049605e-05,4.13049605e-05,0.00476757723,0.904238541,-0.943816122,0.00135875307,1,-0.0467852423,-0.0214502366
2.274,1.51979399,1.88512499,-2.10270085,-0.962601932,8.07065055,-0.420601389,0.962601932,-0.440004915,4.08822384e-05,-4.08192473e-05,4.08192473e-05,0.00468925209,0.884398897,-0.92660248,0.00138115088,1,-0.0510023334,-0.0233822079
2.276,1.51560918,1.88321156,-2.08606172,-0.95311568,8.73331541,-0.414041803,0.95311568,-0.434793064,4.03859463e-05,-4.03179614e-05,4.03179614e-05,0.00460581531,0.863716755,-0.908429499,0.00139867541,1,-0.0551871434,-0.0252956448
2.278,1.5114593,1.88131781,-2.06810135,-0.943053448,9.39042822,-0.407257772,0.943053448,-0.429335639,3.98753368e-05,-3.98023253e-05,3.98023253e-05,0.00451749591,0.842250349,-0.889349805,0.00141146053,1,-0.059337022,-0.0271893875
2.28,1.50734699,1.8794449,-2.04883117,-0.932425795,10.0415675,-0.400257164,0.932425795,-0.423639779,3.93515795e-05,-3.92735306e-05,3.92735306e-05,0.00442453408,0.820059355,-0.869417862,0.00141966262,1,-0.0634493407,-0.0290622973
2.282,1.50327483,1.87759395,-2.02826345,-0.921243605,10.6863158,-0.3930479,0.921243605,-0.417712712,3.88158082e-05,-3.8732733e-05,3.8732733e-05,0.00432718039,0.797204688,-0.84868978,0.00142345872,1,-0.0675214951,-0.030913257
2.284,1.49924542,1.87576603,-2.00641126,-0.909518067,11.3242596,-0.385637935,0.909518067,-0.411561739,3.82691163e-05,-3.81810469e-05,3.81810469e-05,0.00422569506,0.773748295,-0.827223114,0.0014230445,1,-0.0715509064,-0.0327411713
2.286,1.4952613,1.87396223,-1.98328854,-0.89726065,11.9549898,-0.378035241,0.89726065,-0.405194217,3.77125518e-05,-3.76195413e-05,3.76195413e-05,0.00412034711,0.74975296,-0.805076674,0.00141863215,1,-0.0755350229,-0.0345449678
2.288,1.491325,1.8721836,-1.95891,-0.884483084,12.5781021,-0.370247792,0.884483084,-0.398617544,3.71471133e-05,-3.70492348e-05,3.70492348e-05,0.00401141362,0.725282102,-0.782310327,0.00141044807,1,-0.0794713219,-0.0363235975
2.29,1.48743902,1.87043117,-1.93329119,-0.871197337,13.1931972,-0.362283543,0.871197337,-0.391839135,3.6573745e-05,-3.64710914e-05,3.64710914e-05,0.00389917883,0.700399582,-0.7589848,0.00139873057,1,-0.0833573109,-0.038076035
2.292,1.4836058,1.86870592,-1.90644844,-0.857415591,13.7998811,-0.354150415,0.857415591,-0.384866415,3.59933336e-05,-3.58860166e-05,3.58860166e-05,0.00378393341,0.675169506,-0.735161495,0.00138372742,1,-0.0871905297,-0.039801279
2.294,1.47982777,1.86700885,-1.87839886,-0.84315022,14.3977653,-0.345856283,0.84315022,-0.377706795,3.54067039e-05,-3.52948535e-05,3.52948535e-05,0.00366597353,0.649656046,-0.710902294,0.0013656934,1,-0.0909685518,-0.041498353
2.296,1.47610734,1.8653409,-1.84916034,-0.828413772,14.9864669,-0.337408952,0.828413772,-0.370367658,3.48146154e-05,-3.46983789e-05,3.46983789e-05,0.00354560012,0.623923251,-0.686269378,0.00134488777,1,-0.0946889857,-0.0431663055
2.298,1.47244685,1.86370299,-1.81875152,-0.81321894,15.5656095,-0.32881615,0.81321894,-0.362856345,3.42177593e-05,-3.40973006e-05,3.40973006e-05,0.003423118,0.598034874,-0.661325045,0.0013215718,1,-0.0983494768,-0.0448042102
2.3,1.46884862,1.86209604,-1.78719181,-0.797578545,16.1348227,-0.32008551,0.797578545,-0.35518014,3.36167554e-05,-3.34922541e-05,3.34922541e-05,0.00329883506,0.572054203,-0.636131535,0.00129600625,1,-0.101947708,-0.0464111662
2.302,1.46531492,1.8605209,-1.75450134,-0.781505511,16.6937429,-0.311224554,0.781505511,-0.347346252,3.30121496e-05,-3.28838005e-05,3.28838005e-05,0.00317306147,0.546043899,-0.610750864,0.00126844897,1,-0.105481404,-0.0479862986
2.304,1.461848,1.85897844,-1.72070096,-0.765012847,17.2420131,-0.302240687,0.765012847,-0.339361804,3.24044117e-05,-3.22724236e-05,3.22724236e-05,0.00304610886,0.520065841,-0.585244657,0.00123915247,1,-0.108948328,-0.0495287583
2.306,1.45845004,1.85746948,-1.68581224,-0.748113624,17.7792837,-0.293141176,0.748113624,-0.33123382,3.17939336e-05,-3.16585289e-05,3.16585289e-05,0.0029182895,0.494180982,-0.559673995,0.00120836164,1,-0.112346287,-0.0510377225
2.308,1.45512319,1.85599481,-1.64985743,-0.730820955,18.3052121,-0.283933144,0.730820955,-0.32296921,3.1181028e-05,-3.10424416e-05,3.10424416e-05,0.0027899156,0.468449206,-0.534099268,0.00117631158,1,-0.115673133,-0.0525123943
2.31,1.45186957,1.8545552,-1.61285946,-0.713147974,18.8194635,-0.274623558,0.713147974,-0.31457476,3.05659268e-05,-3.04244056e-05,3.04244056e-05,0.00266129847,0.442929205,-0.508580033,0.00114322547,1,-0.118926762,-0.0539520034
2.312,1.44869121,1.8531514,-1.57484195,-0.695107822,19.3217108,-0.26521922,0.695107822,-0.306057121,2.99487814e-05,-2.98045835e-05,2.98045835e-05,0.00253274783,0.417678353,-0.483174884,0.0011093127,1,-0.122105116,-0.0553558055
2.314,1.44559014,1.85178412,-1.53582913,-0.676713622,19.8116349,-0.255726755,0.676713622,-0.297422797,2.93296614e-05,-2.91830557e-05,2.91830557e-05,0.00240457107,0.392752601,-0.457941326,0.00107476704,1,-0.125206188,-0.0567230827
2.316,1.44256831,1.85045406,-1.4958459,-0.657978465,20.2889248,-0.246152608,0.657978465,-0.288678139,2.87085557e-05,-2.85598208e-05,2.85598208e-05,0.00227707256,0.368206369,-0.432935661,0.00103976509,1,-0.128228017,-0.0580531433
2.318,1.43962763,1.84916188,-1.45491774,-0.638915396,20.7532781,-0.236503032,0.638915396,-0.279829331,2.80853726e-05,-2.79347968e-05,2.79347968e-05,0.00215055295,0.344092457,-0.408212884,0.00100446484,1,-0.131168694,-0.0593453216
2.32,1.43676996,1.84790822,-1.41307075,-0.619537394,21.2044008,-0.226784085,0.619537394,-0.27088239,2.7459941e-05,-2.73078214e-05,2.73078214e-05,0.00202530855,0.320461958,-0.383826582,0.000969004456,1,-0.134026362,-0.0605989781
2.322,1.43399711,1.8466937,-1.37033161,-0.599857358,21.6420078,-0.217001625,0.599857358,-0.261843152,2.68320119e-05,-2.66786542e-05,2.66786542e-05,0.0019016307,0.297364186,-0.35982885,0.000933501282,1,-0.136799217,-0.061813499
2.324,1.43131082,1.84551891,-1.32672756,-0.579888097,22.065823,-0.207161303,0.579888097,-0.252717272,2.62012605e-05,-2.60469781e-05,2.60469781e-05,0.00177980512,0.27484661,-0.336270205,0.000898051047,1,-0.139485508,-0.0629882963
2.326,1.42871279,1.84438439,-1.28228638,-0.559642314,22.4755794,-0.197268565,0.559642314,-0.243510213,2.55672882e-05,-2.54124022e-05,2.54124022e-05,0.0016601114,0.252954794,-0.313199519,0.0008627273,1,-0.14208354,-0.0641228075
2.328,1.42620465,1.84329071,-1.23703638,-0.539132597,22.8710193,-0.187328645,0.539132597,-0.234227252,2.49296254e-05,-2.47744642e-05,2.47744642e-05,0.00154282244,0.231732349,-0.290663957,0.000827581066,1,-0.144591675,-0.0652164952
2.33,1.423788,1.84223835,-1.19100639,-0.518371407,23.2518946,-0.177346567,0.518371407,-0.224873466,2.4287735e-05,-2.41326334e-05,2.41326334e-05,0.00142820387,0.211220895,-0.268708916,0.000792640741,1,-0.14700833,-0.0662688473
2.332,1.42146435,1.84122783,-1.14422572,-0.497371072,23.6179667,-0.167327143,0.497371072,-0.21545374,2.36410155e-05,-2.34863149e-05,2.34863149e-05,0.00131651364,0.19146002,-0.247377984,0.000757912199,1,-0.149331981,-0.0672793761
2.334,1.41923516,1.84025958,-1.09672414,-0.476143777,23.9690067,-0.157274976,0.476143777,-0.20597276,2.29888051e-05,-2.28348527e-05,2.28348527e-05,0.00120800151,0.172487262,-0.226712897,0.000723379141,1,-0.151561166,-0.0682476186
2.336,1.41710185,1.83933407,-1.04853188,-0.454701558,24.3047958,-0.14719446,0.454701558,-0.196435015,2.2330386e-05,-2.21775347e-05,2.21775347e-05,0.00110290861,0.154338085,-0.206753507,0.000689003656,1,-0.15369448,-0.0691731361
2.338,1.41506575,1.83845169,-0.999679614,-0.433056296,24.6251251,-0.137089786,0.433056296,-0.1868448,2.1664989e-05,-2.15135966e-05,2.15135966e-05,0.00100146705,0.137045864,-0.187537756,0.000654726998,1,-0.155730579,-0.0700555134
2.34,1.41312814,1.83761284,-0.950198399,-0.411219719,24.9297959,-0.126964941,0.411219719,-0.177206217,2.09917983e-05,-2.08422273e-05,2.08422273e-05,0.000903899519,0.120641884,-0.169101657,0.00062047058,1,-0.157668182,-0.0708943593
2.342,1.41129026,1.8368179,-0.900119699,-0.38920339,25.2186197,-0.116823716,0.38920339,-0.167523175,2.03099569e-05,-2.01625737e-05,2.01625737e-05,0.000810418934,0.105155328,-0.151479279,0.000586137151,1,-0.159506072,-0.0716893055
2.344,1.40955324,1.8360672,-0.849475343,-0.367018715,25.4914185,-0.106669711,0.367018715,-0.1577994,1.9618572e-05,-1.94737466e-05,1.94737466e-05,0.000721228114,0.0906132894,-0.134702737,0.000551612178,1,-0.161243092,-0.0724400068
2.346,1.40791818,1.83536106,-0.798297509,-0.344676935,25.7480245,-0.0965063418,0.344676935,-0.148038435,1.89167206e-05,-1.87748256e-05,1.87748256e-05,0.000636519466,0.0770407723,-0.11880219,0.000516765382,1,-0.162878151,-0.0731461407
2.348,1.4063861,1.8346998,-0.746618701,-0.322189135,25.9882808,-0.086336846,0.322189135,-0.138243648,1.82034556e-05,-1.80648659e-05,1.80648659e-05,0.000556474706,0.0644607038,-0.103805839,0.000481452457,1,-0.164410223,-0.0738074068
2.35,1.40495798,1.83408368,-0.694471731,-0.299566239,26.2120409,-0.0761642916,0.299566239,-0.128418238,1.74778119e-05,-1.73429034e-05,1.73429034e-05,0.000481264602,0.0528939474,-0.0897399316,0.000445516911,1,-0.165838347,-0.0744235267
2.352,1.4036347,1.83351296,-0.641889695,-0.276819019,26.419169,-0.0659915859,0.276819019,-0.118565242,1.67388126e-05,-1.66079616e-05,1.66079616e-05,0.000411048737,0.0423593189,-0.0766287695,0.000408792053,1,-0.167161629,-0.0749942437
2.354,1.40241709,1.83298788,-0.588905951,-0.253958098,26.6095402,-0.0558214844,0.253958098,-0.108687543,1.59854754e-05,-1.58590575e-05,1.58590575e-05,0.000345975302,0.0328736043,-0.0644947155,0.000371103081,1,-0.168379238,-0.0755193226
2.356,1.40130591,1.83250865,-0.535554101,-0.230993954,26.7830403,-0.045656601,0.230993954,-0.0987878793,1.52168191e-05,-1.5095208e-05,1.5095208e-05,0.000286180898,0.0244515799,-0.0533582066,0.000332269268,1,-0.169490415,-0.0759985489
2.358,1.40030186,1.83207547,-0.481867966,-0.207936928,26.9395661,-0.0354994188,0.207936928,-0.0888688539,1.44318701e-05,-1.43154365e-05,1.43154365e-05,0.000231790372,0.0171060327,-0.0432377661,0.000292106214,1,-0.170494465,-0.0764317292
2.36,1.39940556,1.83168851,-0.427881566,-0.184797235,27.0790252,-0.0253523003,0.184797235,-0.078932944,1.36296689e-05,-1.35187791e-05,1.35187791e-05,0.000182916663,0.010847782,-0.0341500179,0.000250428161,1,-0.171390763,-0.0768186906
2.362,1.39861758,1.83134792,-0.373629098,-0.161584965,27.2013361,-0.0152175001,0.161584965,-0.0689825116,1.28092767e-05,-1.27042912e-05,1.27042912e-05,0.000139660676,0.00568570082,-0.026109701,0.00020705034,1,-0.172178749,-0.0771592803
2.364,1.39793839,1.83105384,-0.319144911,-0.138310101,27.3064287,-0.00509717578,0.138310101,-0.0590198149,1.19697819e-05,-1.1871054e-05,1.1871054e-05,0.000102111164,0.00162673771,-0.0191296841,0.000161791327,1,-0.172857936,-0.0774533657
2.366,1.39736843,1.83080637,-0.264463489,-0.114982523,27.3942432,0.00500659897,0.114982523,-0.0490470197,1.11103062e-05,-1.10181802e-05,1.10181802e-05,7.03446349e-05,-0.00132406263,-0.0132209807,0.0001144754,1,-0.173427902,-0.0777008339
2.368,1.39690803,1.83060561,-0.209619425,-0.0916120222,27.4647316,0.0150918222,0.0916120222,-0.039066211,1.02300114e-05,-1.01448211e-05,1.01448211e-05,4.44252784e-05,-0.0031635391,-0.0083927626,6.49348669e-05,1,-0.173888296,-0.0779015917
2.37,1.39655749,1.83045164,-0.154647403,-0.0682083096,27.5178562,0.0251565507,0.0682083096,-0.0290794056,9.328105e-06,-9.2501717e-06,9.2501717e-06,2.44048996e-05,-0.00389039524,-0.00465237349,1.30123513e-05,1,-0.174238837,-0.0780555656
2.372,1.39631701,1.8303445,-0.0995821713,-0.044781031,27.5535908,0.0351988868,0.044781031,-0.0190885647,8.40384638e-06,-8.33347728e-06,8.33347728e-06,1.03228768e-05,-0.00350518158,-0.00200534074,-4.14369893e-05,1,-0.174479313,-0.078162701
2.374,1.39618675,1.83028424,-0.0444585225,-0.0213397776,27.57192,0.0452169654,0.0213397776,-0.00909560624,7.45655251e-06,-7.3940387e-06,7.3940387e-06,2.20613112e-06,-0.00201027947,-0.00045538611,-9.85433266e-05,1,-0.174609579,-0.0782229629
2.376,1.39616676,1.83027087,0.0106887273,0.00210590091,27.5728396,0.0552089405,-0.00210590091,0.000897581619,6.4856034e-06,-6.43121798e-06,6.43121798e-06,6.91128473e-08,0.000590113309,-4.43481863e-06,-0.000158420125,1,-0.174629563,-0.0782363353
2.378,1.39625707,1.83030438,0.065824762,0.0255464837,27.5563561,0.0651729719,-0.0255464837,0.0108891278,5.49044733e-06,-5.44444344e-06,5.44444344e-06,3.91380132e-06,0.00428999536,-0.000652622827,-0.000221162227,1,-0.174539261,-0.0782028213
2.38,1.39645759,1.83038476,0.120914787,0.0489724652,27.522487,0.0751072121,-0.0489724652,0.020877165,4.47060572e-06,-4.43321463e-06,4.43321463e-06,1.37297202e-05,0.00908157255,-0.00239830234,-0.000286844065,1,-0.174338739,-0.0781224428
2.382,1.39676819,1.83051196,0.175924051,0.0723743424,27.471261,0.0850097931,-0.0723743424,0.0308598165,3.42567773e-06,-3.39710692e-06,3.39710692e-06,2.9493967e-05,0.0149552672,-0.00523804544,-0.000355518035,1,-0.174028132,-0.077995241
2.384,1.39718868,1.83068593,0.230817867,0.0957426017,27.4027173,0.0948788134,-0.0957426017,0.0408351833,2.35534453e-06,-2.33577577e-06,2.33577577e-06,5.11712564e-05,0.0218997253,-0.00916664578,-0.000427213024,1,-0.173607646,-0.077821276
2.386,1.39771877,1.83090658,0.285561637,0.119067706,27.3169061,0.104712325,-0.119067706,0.050801331,1.25937313e-06,-1.24896068e-06,1.24896068e-06,7.87139789e-05,0.0299018229,-0.0141771185,-0.00050193312,1,-0.173077555,-0.0776006269
2.388,1.39835813,1.83117381,0.340120869,0.142340081,27.2138883,0.114508321,-0.142340081,0.0607562767,1.37619896e-07,-1.36488735e-07,1.36488735e-07,0.000112062273,0.0389466696,-0.0202606986,-0.000579656509,1,-0.172438201,-0.0773333921
2.39,1.39910633,1.83148751,0.394461202,0.165550105,27.0937356,0.124264724,-0.165550105,0.0706979772,-1.00996638e-06,1.0017222e-06,1.0017222e-06,0.000151144111,0.0490176122,-0.0274068372,-0.000660334571,1,-0.171689997,-0.0770196889
2.392,1.3999629,1.83184755,0.448548427,0.188688094,26.9565302,0.133979372,-0.188688094,0.0806243158,-2.18334182e-06,2.1656607e-06,2.1656607e-06,0.000195875404,0.0600962366,-0.035603197,-0.000743891184,1,-0.170833423,-0.0766596542
2.394,1.4009273,1.83225376,0.502348506,0.211744294,26.802365,0.143650012,-0.211744294,0.0905330909,-3.3823652e-06,3.35521942e-06,3.35521942e-06,0.000246160116,0.0721623689,-0.0448356462,-0.000830222246,1,-0.169869029,-0.0762534442
2.396,1.4019989,1.83270597,0.555827595,0.234708866,26.6313432,0.153274283,-0.234708866,0.100422004,-4.60679616e-06,4.57019309e-06,4.57019309e-06,0.000301890396,0.0851940761,-0.0550882517,-0.00091919541,1,-0.16879743,-0.0758012348
2.398,1.40317702,1.83320398,0.608952064,0.257571877,26.4435786,0.16284971,-0.257571877,0.11028865,-5.85629387e-06,5.81027702e-06,5.81027702e-06,0.000362946728,0.0991676669,-0.0663432719,-0.00101065005,1,-0.167619311,-0.0753032217
2.4,1.4044609,1.83374758,0.66168852,0.280323293,26.2391952,0.172373691,-0.280323293,0.120130503,-7.13041612e-06,7.07506601e-06,7.07506601e-06,0.000429198097,0.114057693,-0.0785811485,-0.00110439745,1,-0.166335423,-0.0747596204
2.402,1.40584974,1.83433654,0.714003824,0.302952966,26.018327,0.181843493,-0.302952966,0.129944912,-8.42861884e-06,8.36405364e-06,8.36405364e-06,0.000500502167,0.129836949,-0.0917804998,-0.00120022124,1,-0.164946584,-0.0741706669
2.404,1.40734265,1.83497058,0.765865113,0.325450631,25.7811185,0.191256236,-0.325450631,0.139729084,-9.75025615e-06,9.67663207e-06,9.67663207e-06,0.000576705482,0.146476479,-0.105918113,-0.00129787801,1,-0.163453676,-0.0735366175
2.406,1.40893868,1.83564945,0.817239821,0.347805894,25.5277239,0.200608892,-0.347805894,0.149480083,-1.10945808e-05,1.10120923e-05,1.10120923e-05,0.000657643685,0.163945575,-0.12096894,-0.00139709819,1,-0.161857649,-0.072857749
2.408,1.41063681,1.83637284,0.868095697,0.370008228,25.2583075,0.209898275,-0.370008228,0.159194814,-1.2460745e-05,1.23696246e-05,1.23696246e-05,0.000743141751,0.18221179,-0.136906089,-0.00149758717,1,-0.160159516,-0.0721343596
2.41,1.41243597,1.83714043,0.918400825,0.392046972,24.973043,0.219121035,-0.392046972,0.168870023,-1.38478018e-05,1.374832e-05,1.374832e-05,0.000833014245,0.201240939,-0.153700828,-0.00159902655,1,-0.158360354,-0.0713667683
2.412,1.41433502,1.83795189,0.968123648,0.413911319,24.6721141,0.228273652,-0.413911319,0.178502285,-1.52547071e-05,1.51471713e-05,1.51471713e-05,0.000927065599,0.22099712,-0.17132258,-0.00170107567,1,-0.156461306,-0.0705553159
2.414,1.41633275,1.83880684,1.01723298,0.435590322,24.3557139,0.237352432,-0.435590322,0.188087999,-1.66803212e-05,1.65650753e-05,1.65650753e-05,0.0010250904,0.241442721,-0.189738929,-0.00180337332,1,-0.154463573,-0.0697003646
2.416,1.4184279,1.8397049,1.06569802,0.457072886,24.0240449,0.246353506,-0.457072886,0.197623385,-1.81234121e-05,1.8000835e-05,1.8000835e-05,0.00112687373,0.262538444,-0.208915623,-0.00190553961,1,-0.152368423,-0.0688022992
2.418,1.42061915,1.84064568,1.1134884,0.478347771,23.6773186,0.255272821,-0.478347771,0.207104478,-1.95826581e-05,1.94531623e-05,1.94531623e-05,0.00123219146,0.284243326,-0.22881659,-0.00200717803,1,-0.150177181,-0.0678615265
2.42,1.42290509,1.84162873,1.16057417,0.49940359,23.3157559,0.264106145,-0.49940359,0.216527125,-2.1056651e-05,2.0920681e-05,2.0920681e-05,0.00134081068,0.30651477,-0.249403946,-0.00210787766,1,-0.147891235,-0.0668784761
2.422,1.4252843,1.8426536,1.20692582,0.520228816,22.9395866,0.272849061,-0.520228816,0.225886982,-2.25439002e-05,2.24019305e-05,2.24019305e-05,0.00145249001,0.329308576,-0.270638021,-0.00220721555,1,-0.14551203,-0.0658536004
2.424,1.42775526,1.84371983,1.25251431,0.540811779,22.5490491,0.28149697,-0.540811779,0.235179513,-2.40428363e-05,2.38953691e-05,2.38953691e-05,0.00156698006,0.352578985,-0.292477381,-0.00230475916,1,-0.143041071,-0.0647873753
2.426,1.43031641,1.8448269,1.29731111,0.561140677,22.1443907,0.290045092,-0.561140677,0.244399991,-2.55518158e-05,2.53993784e-05,2.53993784e-05,0.00168402386,0.376278719,-0.31487886,-0.00240006899,1,-0.140479921,-0.0636803
2.428,1.43296613,1.8459743,1.34128814,0.581203576,21.7258671,0.298488464,-0.581203576,0.253543495,-2.70691255e-05,2.69122679e-05,2.69122679e-05,0.00180335729,0.400359037,-0.337797597,-0.00249270126,1,-0.137830197,-0.0625328975
2.43,1.43570275,1.84716149,1.38441788,0.600988421,21.2937423,0.306821949,-0.600988421,0.262604913,-2.85929871e-05,2.84322791e-05,2.84322791e-05,0.00192470956,0.424769793,-0.361187082,-0.00258221065,1,-0.135093574,-0.0613457149
2.432,1.43852455,1.84838788,1.42667334,0.620483041,20.8482884,0.315040235,-0.620483041,0.271578946,-3.01215632e-05,2.99575907e-05,2.99575907e-05,0.00204780374,0.449459504,-0.384999204,-0.00266815308,1,-0.13227178,-0.0601193235
2.434,1.44142973,1.84965288,1.46802806,0.639675162,20.3897857,0.323137843,-0.639675162,0.280460107,-3.16529614e-05,3.1486324e-05,3.1486324e-05,0.00217235728,0.474375419,-0.409184312,-0.00275008859,1,-0.129366597,-0.058854319
2.436,1.44441647,1.85095588,1.50845615,0.658552414,19.9185222,0.33110913,-0.658552414,0.289242729,-3.3185241e-05,3.30165478e-05,3.30165478e-05,0.00229808255,0.499463604,-0.433691282,-0.00282758418,1,-0.126379859,-0.057551322
2.438,1.44748288,1.85229622,1.54793232,0.677102346,19.4347934,0.338948299,-0.677102346,0.29792097,-3.47164176e-05,3.45462843e-05,3.45462843e-05,0.00242468744,0.524669028,-0.458467587,-0.0029002166,1,-0.123313451,-0.0562109776
2.44,1.45062702,1.85367325,1.58643187,0.695312435,18.9389026,0.346649404,-0.695312435,0.306488816,-3.62444698e-05,3.60735145e-05,3.60735145e-05,0.00255187592,0.549935662,-0.483459383,-0.0029675752,1,-0.120169308,-0.0548339562
2.442,1.45384691,1.85508625,1.62393069,0.713170104,18.4311602,0.35420636,-0.713170104,0.31494009,-3.77673443e-05,3.75961844e-05,3.75961844e-05,0.0026793487,0.57520658,-0.508611598,-0.00302926463,1,-0.116949412,-0.0534209532
2.444,1.45714053,1.85653451,1.66040533,0.730662733,17.9118838,0.361612951,-0.730662733,0.323268462,-3.92829626e-05,3.91122105e-05,3.91122105e-05,0.00280680385,0.600424072,-0.533868029,-0.00308490758,1,-0.113655796,-0.0519726892
2.446,1.46050579,1.85801729,1.69583296,0.747777676,17.3813977,0.368862841,-0.747777676,0.331467453,-4.07892264e-05,4.06194861e-05,4.06194861e-05,0.0029339375,0.625529765,-0.559171453,-0.00313414729,1,-0.110290535,-0.0504899101
2.448,1.46394057,1.85953382,1.73019141,0.764502278,16.8400333,0.375949588,-0.764502278,0.339530448,-4.22840239e-05,4.21158874e-05,4.21158874e-05,0.00306044446,0.650464746,-0.584463734,-0.00317665008,1,-0.106855752,-0.048973387
2.45,1.46744271,1.86108329,1.76345917,0.780823894,16.2881283,0.382866648,-0.780823894,0.347450708,-4.37652359e-05,4.35992793e-05,4.35992793e-05,0.00318601897,0.6751697,-0.609685954,-0.00321210765,1,-0.103353613,-0.0474239164
2.452,1.47101,1.86266488,1.79561541,0.796729903,15.7260267,0.389607397,-0.796729903,0.355221376,-4.52307419e-05,4.50675218e-05,4.50675218e-05,0.00331035544,0.699585047,-0.634778538,-0.00324023928,1,-0.0997863239,-0.0458423202
2.454,1.47464019,1.86427776,1.82664002,0.812207729,15.1540788,0.396165137,-0.812207729,0.362835493,-4.66784254e-05,4.65184758e-05,4.65184758e-05,0.00343314912,0.723651092,-0.659681395,-0.00326079388,1,-0.0961561339,-0.0442294453
2.456,1.478331,1.86592104,1.85651355,0.827244863,14.5726408,0.402533114,-0.827244863,0.37028601,-4.81061808e-05,4.79500094e-05,4.79500094e-05,0.00355409688,0.74730818,-0.684334063,-0.0032735518,1,-0.0924653306,-0.0425861635
2.458,1.48208009,1.86759383,1.8852173,0.841828878,13.9820748,0.408704529,-0.841828878,0.377565802,-4.95119183e-05,4.93600036e-05,4.93600036e-05,0.00367289801,0.770496851,-0.708675859,-0.00327832652,1,-0.0887162396,-0.040913372
2.46,1.4858851,1.86929521,1.9127333,0.855947453,13.3827481,0.414672556,-0.855947453,0.384667679,-5.08935699e-05,5.07463581e-05,5.07463581e-05,0.00378925492,0.793158006,-0.732646042,-0.00327496608,1,-0.0849112231,-0.0392119924
2.462,1.48974365,1.87102423,1.93904429,0.869588394,12.7750337,0.420430356,-0.869588394,0.391584405,-5.22490951e-05,5.21069975e-05,5.21069975e-05,0.00390287397,0.815233081,-0.756183974,-0.00326335431,1,-0.0810526781,-0.0374829707
2.464,1.49365329,1.87277992,1.96413379,0.882739651,12.1593094,0.425971091,-0.882739651,0.398308708,-5.35764857e-05,5.34398764e-05,5.34398764e-05,0.00401346622,0.836664212,-0.779229292,-0.00324341187,1,-0.0771430356,-0.0357272774
2.466,1.49761157,1.8745613,1.98798605,0.895389346,11.5359582,0.431287944,-0.895389346,0.404833301,-5.48737716e-05,5.47429849e-05,5.47429849e-05,0.00412074825,0.857394419,-0.801722081,-0.00321509699,1,-0.0731847582,-0.0339459067
2.468,1.50161599,1.87636733,2.01058613,0.907525789,10.9053677,0.436374133,-0.907525789,0.411150894,-5.61390254e-05,5.60143541e-05,5.60143541e-05,0.00422444291,0.877367778,-0.823603057,-0.00317840605,1,-0.0691803392,-0.0321398764
2.47,1.50566403,1.87819697,2.03191982,0.9191375,10.2679299,0.441222924,-0.9191375,0.41725421,-5.73703672e-05,5.72520609e-05,5.72520609e-05,0.00432428015,0.896529607,-0.844813745,-0.00313337387,1,-0.0651323009,-0.0303102273
2.472,1.50975313,1.88004918,2.05197374,0.930213236,9.62404103,0.445827657,-0.930213236,0.423136005,-5.8565969e-05,5.8454233e-05,5.8454233e-05,0.00441999774,0.914826647,-0.865296665,-0.00308007376,1,-0.0610431928,-0.028458023
2.474,1.51388074,1.88192285,2.07073529,0.940742007,8.97410157,0.450181754,-0.940742007,0.428789081,-5.97240595e-05,5.96190534e-05,5.96190534e-05,0.00451134209,0.932207243,-0.884995523,-0.00301861737,1,-0.0569155906,-0.0265843492
2.476,1.51804423,1.88381689,2.08819265,0.950713097,8.31851562,0.454278739,-0.950713097,0.434206306,-6.08429275e-05,6.0744765e-05,6.0744765e-05,0.004598069,0.948621523,-0.903855393,-0.00294915424,1,-0.0527520936,-0.0246903134
2.478,1.522241,1.88573016,2.10433485,0.960116092,7.65769092,0.458112255,-0.960116092,0.439380628,-6.19209262e-05,6.18296742e-05,6.18296742e-05,0.00467994439,0.964021583,-0.921822909,-0.00287187121,1,-0.0485553243,-0.0227770439
2.48,1.5264684,1.88766151,2.11915171,0.968940892,6.99203855,0.461676082,-0.968940892,0.444305094,-6.29564761e-05,6.28721554e-05,6.28721554e-05,0.00475674504,0.97836166,-0.938846452,-0.00278699148,1,-0.0443279256,-0.0208456896
2.482,1.53072377,1.88960978,2.1326339,0.977177739,6.32197272,0.464964151,-0.977177739,0.448972865,-6.39480691e-05,6.38706542e-05,6.38706542e-05,0.00482825931,0.99159831,-0.954876334,-0.00269477354,1,-0.0400725602,-0.0188974192
2.484,1.53500442,1.89157378,2.14477289,0.984817234,5.64791049,0.467970562,-0.984817234,0.453377238,-6.48942705e-05,6.48236906e-05,6.48236906e-05,0.00489428782,1.00369057,-0.969864984,-0.00259550987,1,-0.0357919082,-0.0169334203
2.486,1.53930766,1.8935523,2.15556101,0.991850355,4.97027159,0.470689598,-0.991850355,0.457511654,-6.57937226e-05,6.57298622e-05,6.57298622e-05,0.00495464411,1.01460014,-0.983767126,-0.00248952541,1,-0.0314886657,-0.014954899
2.488,1.54363078,1.89554412,2.16499141,0.998268479,4.28947811,0.473115745,-0.998268479,0.461369722,-6.66451462e-05,6.65878468e-05,6.65878468e-05,0.00500915527,1.02429153,-0.996539956,-0.00237717591,1,-0.027165543,-0.0129630788
2.49,1.54797106,1.897548,2.17305812,1.0040634,3.60595433,0.475243702,-1.0040634,0.464945232,-6.74473433e-05,6.73964049e-05,6.73964049e-05,0.00505766256,1.03273219,-1.00814331,-0.00225884597,1,-0.0228252633,-0.0109592002
2.492,1.55232577,1.89956268,2.17975599,1.00922734,2.92012641,0.477068399,-1.00922734,0.468232172,-6.81991986e-05,6.81543816e-05,6.81543816e-05,0.00510002198,1.0398927,-1.01853983,-0.0021349471,1,-0.0184705605,-0.00894451933
2.494,1.55669215,1.90158689,2.18508072,1.01375299,2.23242216,0.47858501,-1.01375299,0.471224741,-6.88996812e-05,6.88607084e-05,6.88607084e-05,0.00513610475,1.04574688,-1.02769513,-0.0020059155,1,-0.0141041777,-0.0069203073
2.496,1.56106746,1.90361935,2.18902889,1.01763349,1.54327083,0.479788969,-1.01763349,0.473917366,-6.95478455e-05,6.9514405e-05,6.9514405e-05,0.00516579791,1.05027192,-1.03557792,-0.00187220973,1,-0.00972886576,-0.00488784937
2.498,1.56544895,1.90565876,2.19159793,1.02086247,0.853102776,0.48067598,-1.02086247,0.476304716,-7.01428327e-05,7.01145798e-05,7.01145798e-05,0.00518900464,1.05344849,-1.04216018,-0.00173430836,1,-0.00534738103,-0.0028484439
2.5,1.56983384,1.9077038,2.19278613,1.02343405,0.162349284,0.481242033,-1.02343405,0.478381719,-7.06838706e-05,7.06604315e-05,7.06604315e-05,0.00520564479,1.05526086,-1.04741726,-0.00159270741,1,-0.000962484066,-0.000803401326
2.502,1.57421939,1.90975316,2.19259264,1.02534289,-0.52855774,0.481483411,-1.02534289,0.480143567,-7.1170275e-05,7.11512494e-05,7.11512494e-05,0.00521565514,1.05569698,-1.05132804,-0.00144791777,1,0.00342306225,0.00124595677
2.504,1.57860282,1.9118055,2.19101748,1.02658413,-1.21918601,0.481396705,-1.02658413,0.481585737,-7.1601449e-05,7.15864132e-05,7.15864132e-05,0.0052189898,1.05474859,-1.05387498,-0.00130046259,1,0.00780649442,0.00329829876
2.506,1.58298138,1.91385949,2.18806152,1.02715349,-1.90910313,0.480978826,-1.02715349,0.482704001,-7.19768831e-05,7.19653939e-05,7.19653939e-05,0.00521562041,1.05241126,-1.05504429,-0.00115087458,1,0.0121850501,0.00535228402
2.508,1.5873523,1.91591377,2.18372652,1.0270472,-2.59787685,0.480227008,-1.0270472,0.483494433,-7.22961551e-05,7.22877526e-05,7.22877526e-05,0.00520553637,1.04868445,-1.05482596,-0.000999693326,1,0.0165559697,0.00740656397
2.51,1.59171283,1.91796699,2.17801509,1.02626209,-3.28507532,0.479138823,-1.02626209,0.483953426,-7.2558929e-05,7.25531407e-05,7.25531407e-05,0.00518874503,1.04357159,-1.05321387,-0.000847462596,1,0.0209164982,0.00945978327
2.512,1.59606021,1.92001778,2.1709307,1.0247955,-3.97026741,0.477712187,-1.0247955,0.484077696,-7.27649545e-05,7.27612985e-05,7.27612985e-05,0.00516527176,1.03708005,-1.05020583,-0.000694727653,1,0.0252638871,0.0115105809
2.514,1.60039172,1.92206479,2.16247768,1.02264541,-4.65302289,0.475945366,-1.02264541,0.483864294,-7.29140657e-05,7.29120545e-05,7.29120545e-05,0.00513516,1.02922123,-1.04580363,-0.000542032619,1,0.0295953957,0.0135575912
2.516,1.60470462,1.92410665,2.15266124,1.01981032,-5.33291279,0.473836982,-1.01981032,0.483310616,-7.30061797e-05,7.30053239e-05,7.30053239e-05,0.00509847127,1.0200105,-1.04001308,-0.000389917888,1,0.0339082931,0.0155994453
2.518,1.60899619,1.92614197,2.14148742,1.01628935,-6.00950961,0.471386021,-1.01628935,0.482414405,-7.30412955e-05,7.30411073e-05,7.30411073e-05,0.00505528512,1.00946723,-1.03284404,-0.000238917598,1,0.0381998599,0.0176347719
2.52,1.61326372,1.9281694,2.12896313,1.01208221,-6.68238761,0.468591836,-1.01208221,0.481173761,-7.3019492e-05,7.30194885e-05,7.30194885e-05,0.00500569899,0.997614739,-1.02431039,-8.9557198e-05,1,0.0424673898,0.0196621989
2.522,1.61750452,1.93018756,2.11509612,1.00718919,-7.35112309,0.465454149,-1.00718919,0.479587147,-7.29409261e-05,7.29406332e-05,7.29406332e-05,0.00494982802,0.984480263,-1.01443007,5.7648899e-05,1,0.0467081914,0.0216803541
2.524,1.62171592,1.93219507,2.099895,1.0016112,-8.01529463,0.461973057,-1.0016112,0.477653392,-7.28058309e-05,7.28047863e-05,7.28047863e-05,0.00488780487,0.970094911,-1.003225,0.000202199544,1,0.05091959,0.0236878669
2.526,1.62589526,1.93419057,2.08336921,0.995349732,-8.67448341,0.458149031,-0.995349732,0.475371696,-7.26145133e-05,7.26122699e-05,7.26122699e-05,0.0048197794,0.954493583,-0.990721089,0.000343608963,1,0.055098929,0.0256833692
2.528,1.6300399,1.9361727,2.06552902,0.988406881,-9.32827345,0.453982919,-0.988406881,0.472741632,-7.23673521e-05,7.23634808e-05,7.23634808e-05,0.00474591833,0.937714895,-0.976948163,0.000481408734,1,0.0592435717,0.0276654963
2.53,1.63414723,1.93814009,2.04638555,0.980785345,-9.97625188,0.449475947,-0.980785345,0.469763151,-7.2064795e-05,7.2058888e-05,7.2058888e-05,0.00466640484,0.919801082,-0.961939893,0.000615149622,1,0.0633509031,0.029632889
2.532,1.63821466,1.9400914,2.02595072,0.972488419,-10.6180092,0.444629713,-0.972488419,0.466436578,-7.17073567e-05,7.16990297e-05,7.16990297e-05,0.00458143813,0.900797888,-0.945733724,0.000744403266,1,0.0674183315,0.0315841937
2.534,1.64223962,1.94202527,2.00423729,0.963519992,-11.2531396,0.439446192,-0.963519992,0.462762619,-7.12956157e-05,7.12845109e-05,7.12845109e-05,0.00449123293,0.880754446,-0.928370775,0.00086876371,1,0.0714432899,0.0335180646
2.536,1.64621956,1.94394037,1.98125881,0.953884549,-11.8812412,0.433927733,-0.953884549,0.458742355,-7.08302121e-05,7.0816e-05,7.0816e-05,0.00439601893,0.859723142,-0.909895732,0.000987848769,1,0.0754232379,0.0354331642
2.538,1.65015199,1.94583537,1.95702963,0.94358716,-12.5019163,0.428077051,-0.94358716,0.454377244,-7.03118445e-05,7.02942265e-05,7.02942265e-05,0.00429604018,0.83775947,-0.890356728,0.00110130124,1,0.0793556633,0.0373281645
2.54,1.65403441,1.94770895,1.9315649,0.93263348,-13.1147717,0.421897228,-0.93263348,0.44966912,-6.97412677e-05,6.9719977e-05,6.9719977e-05,0.00419155446,0.814921876,-0.869805208,0.00120878996,1,0.0832380835,0.0392017488
2.542,1.65786437,1.94955981,1.90488056,0.921029741,-13.7194187,0.415391707,-0.921029741,0.444620187,-6.91192892e-05,6.90940933e-05,6.90940933e-05,0.00408283256,0.791271587,-0.848295784,0.00131001062,1,0.0870680472,0.0410526122
2.544,1.66163946,1.95138666,1.87699331,0.908782746,-14.3154739,0.408564289,-0.908782746,0.439233019,-6.84467667e-05,6.8417468e-05,6.8417468e-05,0.0039701576,0.766872436,-0.82588608,0.00140468654,1,0.0908431358,0.0428794629
2.546,1.66535729,1.95318823,1.84792061,0.89589986,-14.902559,0.401419123,-0.89589986,0.433510552,-6.77246055e-05,6.76910426e-05,6.76910426e-05,0.0038538242,0.741790673,-0.802636559,0.00149256921,1,0.0945609654,0.0446810235
2.548,1.66901551,1.95496323,1.8176807,0.882389003,-15.4803011,0.393960704,-0.882389003,0.427456086,-6.6953755e-05,6.69158035e-05,6.69158035e-05,0.00373413769,0.716094769,-0.778610352,0.0015734386,1,0.0982191877,0.0464560321
2.55,1.67261182,1.95671045,1.78629253,0.86825864,-16.0483332,0.386193864,-0.86825864,0.421073272,-6.61352067e-05,6.60927792e-05,6.60927792e-05,0.00361141328,0.689855214,-0.753873066,0.00164710349,1,0.101815492,0.0482032433
2.552,1.67614393,1.95842863,1.75377579,0.853517774,-16.6062943,0.378123765,-0.853517774,0.414366112,-6.52699905e-05,6.52230374e-05,6.52230374e-05,0.00348597519,0.663144305,-0.728492591,0.00171340146,1,0.105347606,0.0499214291
2.554,1.67960962,1.96011658,1.72015089,0.838175933,-17.1538294,0.369755891,-0.838175933,0.407338949,-6.43591727e-05,6.43076818e-05,6.43076818e-05,0.00335815571,0.636035928,-0.702538894,0.0017721989,1,0.108813298,0.0516093805
2.556,1.6830067,1.96177311,1.68543895,0.822243158,-17.6905904,0.361096042,-0.822243158,0.399996463,-6.34038529e-05,6.33478489e-05,6.33478489e-05,0.0032282943,0.608605336,-0.67608381,0.00182339075,1,0.112210378,0.0532659079
2.558,1.68633303,1.96339704,1.64966178,0.805729995,-18.2162355,0.352150321,-0.805729995,0.392343659,-6.24051614e-05,6.23447057e-05,6.23447057e-05,0.00309673662,0.580928924,-0.649200825,0.00186690021,1,0.115536699,0.0548898426
2.56,1.68958649,1.96498724,1.61284184,0.788647482,-18.7304301,0.342925128,-0.788647482,0.384385867,-6.13642565e-05,6.12994462e-05,6.12994462e-05,0.00296383358,0.553083996,-0.621964851,0.00190267828,1,0.118790159,0.0564800376
2.562,1.69276503,1.96654257,1.57500231,0.771007136,-19.2328468,0.333427151,-0.771007136,0.376128723,-6.02823226e-05,6.02132894e-05,6.02132894e-05,0.00282994034,0.525148531,-0.594452003,0.00193070319,1,0.1219687,0.0580353683
2.564,1.69586664,1.96806194,1.53616696,0.752820938,-19.7231655,0.323663354,-0.752820938,0.367578172,-5.9160567e-05,5.90874759e-05,5.90874759e-05,0.00269541531,0.497200951,-0.566739365,0.0019509798,1,0.125070314,0.0595547342
2.566,1.69888937,1.96954426,1.49636023,0.734101326,-20.2010737,0.313640972,-0.734101326,0.35874045,-5.80002181e-05,5.79232661e-05,5.79232661e-05,0.00256061913,0.469319878,-0.538904757,0.00196353879,1,0.12809304,0.0610370589
2.568,1.70183129,1.97098849,1.45560718,0.714861174,-20.6662668,0.303367492,-0.714861174,0.34962208,-5.68025231e-05,5.67219372e-05,5.67219372e-05,0.00242591368,0.4415839,-0.511026498,0.00196843589,1,0.131034965,0.0624812917
2.57,1.70469056,1.97239361,1.41393346,0.695113784,-21.1184483,0.292850654,-0.695113784,0.340229858,-5.55687458e-05,5.54847814e-05,5.54847814e-05,0.00229166103,0.414071337,-0.483183173,0.00196575097,1,0.133894229,0.063886408
2.572,1.70746535,1.97375861,1.3713653,0.674872869,-21.5573299,0.28209843,-0.674872869,0.330570851,-5.4300165e-05,5.42131036e-05,5.42131036e-05,0.00215822245,0.386859998,-0.455453389,0.00195558713,1,0.136669023,0.0652514104
2.574,1.71015392,1.97508253,1.32792952,0.654152539,-21.9826317,0.271119024,-0.654152539,0.320652378,-5.29980719e-05,5.29082192e-05,5.29082192e-05,0.00202595735,0.360026954,-0.427915544,0.00193806966,1,0.139357593,0.0665753295
2.576,1.71275456,1.97636443,1.28365348,0.632967287,-22.3940825,0.25992085,-0.632967287,0.310482006,-5.16637692e-05,5.15714526e-05,5.15714526e-05,0.00189522234,0.333648304,-0.400647586,0.00191334506,1,0.141958236,0.0678572245
2.578,1.71526563,1.97760339,1.23856509,0.611331974,-22.7914198,0.248512533,-0.611331974,0.30006754,-5.0298569e-05,5.02041351e-05,5.02041351e-05,0.00176637016,0.307798947,-0.373726782,0.00188157999,1,0.144469307,0.0690961841
2.58,1.71768554,1.97879853,1.19269276,0.589261816,-23.1743903,0.236902889,-0.589261816,0.289417009,-4.89037916e-05,4.88076037e-05,4.88076037e-05,0.00163974872,0.282552359,-0.347229488,0.00184296016,1,0.146889217,0.0702913271
2.582,1.72001276,1.97994901,1.14606541,0.566772365,-23.5427495,0.22510092,-0.566772365,0.27853866,-4.74807637e-05,4.73831994e-05,4.73831994e-05,0.00151570012,0.257980377,-0.321230914,0.00179768931,1,0.149216434,0.0714418032
2.584,1.72224581,1.981054,1.09871243,0.543879499,-23.8962627,0.213115804,-0.543879499,0.267440945,-4.60308177e-05,4.59322658e-05,4.59322658e-05,0.00139455973,0.234152983,-0.29580491,0.00174598811,1,0.151449485,0.0725467936
2.586,1.72438328,1.98211271,1.05066371,0.520599404,-24.2347042,0.200956879,-0.520599404,0.256132514,-4.45552902e-05,4.44561486e-05,4.44561486e-05,0.00127665518,0.211138099,-0.27102374,0.00168809307,1,0.153586955,0.0736055117
2.588,1.72642382,1.98312441,1.00194953,0.496948559,-24.5578583,0.188633639,-0.496948559,0.244622199,-4.30555214e-05,4.29561936e-05,4.29561936e-05,0.00116230554,0.189001385,-0.24695787,0.00162425553,1,0.155627491,0.0746172036
2.59,1.72836613,1.98408835,0.952600628,0.472943722,-24.8655189,0.17615572,-0.472943722,0.232919012,-4.15328539e-05,4.14337467e-05,4.14337467e-05,0.00105182035,0.167806049,-0.223675764,0.00155474059,1,0.157569801,0.0755811487
2.592,1.73020898,1.98500386,0.902648145,0.448601915,-25.1574896,0.163532891,-0.448601915,0.221032129,-3.99886319e-05,3.98901527e-05,3.98901527e-05,0.000945498829,0.147612661,-0.201243678,0.00147982611,1,0.159412653,0.0764966602
2.594,1.73195121,1.98587029,0.8521236,0.423940411,-25.4335845,0.150775046,-0.423940411,0.208970883,-3.8424201e-05,3.83267548e-05,3.83267548e-05,0.000843629,0.128478975,-0.179725472,0.00139980172,1,0.161154881,0.0773630857
2.596,1.73359171,1.98668701,0.801058878,0.398976714,-25.6936274,0.137892191,-0.398976714,0.196744751,-3.68409071e-05,3.67448941e-05,3.67448941e-05,0.000746486928,0.110459764,-0.159182418,0.00131496788,1,0.162795379,0.0781798078
2.598,1.73512943,1.98745345,0.749486208,0.37372855,-25.9374525,0.124894435,-0.37372855,0.184363349,-3.52400964e-05,3.51459094e-05,3.51459094e-05,0.000654335945,0.0936066567,-0.139673029,0.00122563492,1,0.164333108,0.078946244
2.6,1.73656342,1.98816905,0.697438144,0.34821385,-26.1649045,0.111791984,-0.34821385,0.171836421,-3.36231149e-05,3.35311364e-05,3.35311364e-05,0.000567425932,0.0779679937,-0.121252885,0.00113212219,1,0.165767092,0.079661848
2.602,1.73789275,1.98883331,0.644947542,0.322450735,-26.3758384,0.098595126,-0.322450735,0.159173827,-3.19913081e-05,3.19019082e-05,3.19019082e-05,0.000485992633,0.0635886842,-0.103974476,0.00103475717,1,0.167096421,0.0803261092
2.604,1.73911658,1.98944576,0.592047543,0.296457502,-26.5701196,0.0853142275,-0.296457502,0.146385536,-3.03460206e-05,3.02595546e-05,3.02595546e-05,0.000410257014,0.0505100788,-0.0878870506,0.000933874656,1,0.168320253,0.0809385536
2.606,1.74023414,1.99000595,0.538771545,0.270252611,-26.7476245,0.0719597209,-0.270252611,0.133481617,-2.86885964e-05,2.86054026e-05,2.86054026e-05,0.000340424655,0.03876985,-0.0730364738,0.00082981598,1,0.169437809,0.0814987441
2.608,1.74124471,1.99051348,0.485153187,0.24385467,-26.9082398,0.0585420968,-0.24385467,0.120472231,-2.70203786e-05,2.6940776e-05,2.6940776e-05,0.000276685199,0.0284018848,-0.0594650999,0.000722928207,1,0.17044838,0.0820062806
2.61,1.74214765,1.990968,0.431226327,0.217282419,-27.0518632,0.0450718957,-0.217282419,0.107367619,-2.53427092e-05,2.52669959e-05,2.52669959e-05,0.000219211827,0.0194361881,-0.0472116497,0.000613563414,1,0.171351323,0.0824608004
2.612,1.74294239,1.99136918,0.37702502,0.190554722,-27.1784031,0.031559699,-0.190554722,0.0941780955,-2.36569293e-05,2.35853805e-05,2.35853805e-05,0.000168160798,0.0118987962,-0.036311102,0.000502077964,1,0.172146065,0.0828619785
2.614,1.74362842,1.99171673,0.322583494,0.163690546,-27.2877789,0.0180161207,-0.163690546,0.0809140419,-2.19643792e-05,2.18972456e-05,2.18972456e-05,0.00012367102,0.00581170318,-0.0267945948,0.000388831799,1,0.172832098,0.0832095275
2.616,1.74420531,1.9920104,0.267936132,0.136708952,-27.3799207,0.00445179929,-0.136708952,0.067585894,-2.02663981e-05,2.02039045e-05,2.02039045e-05,8.58636761e-05,0.00119279789,-0.0186893376,0.000274187745,1,0.173408985,0.0835031985
2.618,1.74467268,1.99224998,0.213117448,0.109629082,-27.4547696,-0.00912261054,-0.109629082,0.0542041366,-1.85643244e-05,1.85066684e-05,1.85066684e-05,5.48419006e-05,-0.00194418748,-0.0120185355,0.000158510835,1,0.173876358,0.0837427804
2.62,1.74503024,1.9924353,0.158162065,0.0824701408,-27.5122779,-0.0226964458,-0.0824701408,0.0407792944,-1.68594959e-05,1.68068469e-05,1.68068469e-05,3.06904967e-05,-0.00358971674,-0.00680132413,4.21676195e-05,1,0.174233917,0.0839281007
2.622,1.74527776,1.99256623,0.103104694,0.055251389,-27.5524085,-0.0362590434,-0.055251389,0.0273219241,-1.51532493e-05,1.51057473e-05,1.51057473e-05,1.34757111e-05,-0.00373847757,-0.00305271599,-7.44745147e-05,1,0.174481433,0.0840590254
2.624,1.74541507,1.99264266,0.0479801107,0.0279921251,-27.5751356,-0.0497997478,-0.0279921251,0.0138426063,-1.34469204e-05,1.3404676e-05,1.3404676e-05,3.24505458e-06,-0.00238939741,-0.000783559065,-0.000191048035,1,0.174618744,0.0841354589
2.626,1.74544209,1.99266455,-0.00717686421,0.000711674108,-27.5804442,-0.0633079189,-0.000711674108,0.000351937789,-1.17418444e-05,1.17049375e-05,1.17049375e-05,2.717475e-08,0.000454352337,-5.06480036e-07,-0.000307185968,1,0.174645761,0.0841573444
2.628,1.74535879,1.99263187,-0.0623313893,-0.0265706254,-27.5683305,-0.0767729402,0.0265706254,-0.0131394767,-1.00393554e-05,1.00078354e-05,1.00078354e-05,3.83177856e-06,0.00478536402,-0.000705998133,-0.000422522622,1,0.174562461,0.0841246637
2.63,1.74516522,1.99254464,-0.117448624,-0.0538354347,-27.5388015,-0.0901842261,0.0538354347,-0.0266210322,-8.34078605e-06,8.31467168e-06,8.31467168e-06,1.4649606e-05,0.0105920132,-0.00289825403,-0.000536694327,1,0.174368893,0.0840374372
2.632,1.7448615,1.99240293,-0.172493748,-0.0810634281,-27.4918753,-0.10353123,0.0810634281,-0.0400821311,-6.64746793e-06,6.62674737e-06,6.62674737e-06,3.24524546e-05,0.0178584899,-0.00657127938,-0.000649340205,1,0.174065175,0.083895724
2.634,1.74444782,1.99220682,-0.227431989,-0.108235305,-27.427581,-0.116803452,0.108235305,-0.0535121915,-4.96073073e-06,4.94536191e-06,4.94536191e-06,5.71932544e-05,0.0265648415,-0.0117148813,-0.000760102968,1,0.173651495,0.0836996221
2.636,1.74392444,1.99195647,-0.282228638,-0.135331805,-27.3459585,-0.129990448,0.135331805,-0.0669006546,-3.28190203e-06,3.27181317e-06,3.27181317e-06,8.88061935e-05,0.0366870271,-0.0183146975,-0.000868629746,1,0.173128111,0.0834492676
2.638,1.74329167,1.99165204,-0.336849075,-0.162333718,-27.2470585,-0.143081834,0.162333718,-0.0802369929,-1.61230683e-06,1.60739717e-06,1.60739717e-06,0.000127206894,0.0481969836,-0.026352236,-0.000974572953,1,0.172495348,0.0831448353
2.64,1.74254993,1.99129374,-0.39125879,-0.189221899,-27.1309429,-0.156067299,0.189221899,-0.0935107182,4.67330882e-08,-4.65923631e-08,4.65923631e-08,0.000172292638,0.0610627028,-0.0358049271,-0.00107759118,1,0.171753602,0.0827865384
2.642,1.74169966,1.99088183,-0.445423405,-0.215977282,-26.9976842,-0.16893661,0.215977282,-0.106711389,1.69389981e-06,-1.68886449e-06,1.68886449e-06,0.00022394264,0.07524832,-0.0466461862,-0.00117735015,1,0.170903338,0.0823746281
2.644,1.74074141,1.9904166,-0.499308692,-0.24258089,-26.8473655,-0.18167962,0.24258089,-0.119828621,3.32788011e-06,-3.31813166e-06,3.31813166e-06,0.000282018376,0.0907142133,-0.0588454881,-0.00127352364,1,0.169945088,0.0819093938
2.646,1.73967578,1.98989836,-0.552880603,-0.269013852,-26.6800808,-0.194286276,0.269013852,-0.13285209,4.94736634e-06,-4.93311047e-06,4.93311047e-06,0.000346363948,0.107417114,-0.0723684524,-0.00136579457,1,0.168879454,0.0813911627
2.648,1.73850343,1.9893275,-0.606105281,-0.295257413,-26.4959346,-0.206746632,0.295257413,-0.145771547,6.55105748e-06,-6.53252251e-06,6.53252251e-06,0.000416806505,0.125310226,-0.0871769402,-0.00145385595,1,0.167707105,0.0808202995
2.65,1.7372251,1.98870441,-0.658949088,-0.321292951,-26.2950421,-0.219050851,0.321292951,-0.158576821,8.13766024e-06,-8.11509536e-06,8.11509536e-06,0.000493156713,0.144343359,-0.10322916,-0.00153741201,1,0.166428778,0.0801972063
2.652,1.7358416,1.98802952,-0.711378624,-0.347101986,-26.0775289,-0.231189217,0.347101986,-0.171257832,9.70589037e-06,-9.67956372e-06,9.67956372e-06,0.000575209254,0.164463067,-0.120479789,-0.00161617928,1,0.165045275,0.0795223223
2.654,1.73435379,1.98730333,-0.763360748,-0.372666196,-25.843531,-0.243152144,0.372666196,-0.183804594,1.1254474e-05,-1.12246706e-05,1.12246706e-05,0.000662743388,0.185612802,-0.138880094,-0.00168988767,1,0.163557468,0.0787961234
2.656,1.73276262,1.98652632,-0.814862598,-0.397967431,-25.5931945,-0.254930182,0.397967431,-0.196207232,1.2782149e-05,-1.27491689e-05,1.27491689e-05,0.000755523546,0.207733071,-0.158378077,-0.00175828165,1,0.161966291,0.0780191219
2.658,1.73106907,1.98569907,-0.865851614,-0.422987727,-25.326676,-0.266514031,0.422987727,-0.208455982,1.42876671e-05,-1.42518226e-05,1.42518226e-05,0.000853299969,0.230761604,-0.178918617,-0.00182112134,1,0.160272747,0.0771918664
2.66,1.72927423,1.98482214,-0.916295555,-0.447709317,-25.0441422,-0.277894546,0.447709317,-0.220541208,1.57697947e-05,-1.57314086e-05,1.57314086e-05,0.00095580938,0.254633537,-0.200443632,-0.00187818367,1,0.158477901,0.0763149409
2.662,1.72737921,1.98389617,-0.96616252,-0.472114647,-24.7457695,-0.289062747,0.472114647,-0.232453403,1.72273157e-05,-1.71867186e-05,1.71867186e-05,0.00106277571,0.279281592,-0.22289224,-0.00192926352,1,0.156582884,0.0753889648
2.664,1.72538522,1.98292179,-1.01542097,-0.496186393,-24.4317445,-0.300009829,0.496186393,-0.244183208,1.86590327e-05,-1.86165606e-05,1.86165606e-05,0.00117391082,0.304636272,-0.246200936,-0.00197417478,1,0.154588888,0.0744145924
2.666,1.7232935,1.98189971,-1.06403975,-0.519907467,-24.1022635,-0.310727172,0.519907467,-0.255721413,2.00637693e-05,-2.00197612e-05,2.00197612e-05,0.00128891535,0.330626062,-0.270303775,-0.00201275147,1,0.152497171,0.0733925122
2.668,1.72110538,1.98083065,-1.11198809,-0.543261041,-23.7575325,-0.32120635,0.543261041,-0.267058971,2.14403723e-05,-2.13951676e-05,2.13951676e-05,0.00140747945,0.357177637,-0.295132559,-0.0020448488,1,0.150309048,0.0723234465
2.67,1.71882223,1.97971535,-1.15923567,-0.566230554,-23.3977668,-0.33143914,0.566230554,-0.278187008,2.27877136e-05,-2.27416499e-05,2.27416499e-05,0.00152928372,0.384216072,-0.320617041,-0.00207034412,1,0.148025901,0.0712081513
2.672,1.71644549,1.97855462,-1.20575256,-0.58879973,-23.0231914,-0.341417532,0.58879973,-0.28909683,2.41046929e-05,-2.40581032e-05,2.40581032e-05,0.001654,0.411665065,-0.346685122,-0.00208913789,1,0.145649167,0.0700474149
2.674,1.71397667,1.97734926,-1.25150934,-0.610952591,-22.6340405,-0.35113374,0.610952591,-0.299779935,2.53902396e-05,-2.53434501e-05,2.53434501e-05,0.00178129235,0.439447156,-0.373263069,-0.00210115454,1,0.143180345,0.0688420581
2.676,1.71141732,1.97610014,-1.29647703,-0.632673472,-22.2305574,-0.36058021,0.632673472,-0.310228022,2.66433153e-05,-2.65966429e-05,2.65966429e-05,0.00191081792,0.46748396,-0.400275722,-0.00210634328,1,0.140620991,0.0675929331
2.678,1.70876905,1.97480813,-1.34062715,-0.653947035,-21.8129943,-0.369749631,0.653947035,-0.320433003,2.78629165e-05,-2.78166665e-05,2.78166665e-05,0.00204222794,0.495696395,-0.427646724,-0.00210467876,1,0.137972719,0.0663009231
2.68,1.70603353,1.97347414,-1.38393174,-0.674758283,-21.3816125,-0.378634944,0.674758283,-0.33038701,2.90480765e-05,-2.90025406e-05,2.90025406e-05,0.00217516866,0.524004918,-0.455298741,-0.00209616169,1,0.1352372,0.0649669416
2.682,1.70321249,1.97209913,-1.42636337,-0.695092579,-20.9366817,-0.387229352,0.695092579,-0.340082407,3.01978684e-05,-3.01533224e-05,3.01533224e-05,0.00230928234,0.552329763,-0.483153693,-0.00208081932,1,0.132416159,0.0635919315
2.684,1.7003077,1.97068407,-1.46789513,-0.714935652,-20.4784803,-0.395526331,0.714935652,-0.3495118,3.13114074e-05,-3.12681092e-05,3.12681092e-05,0.00244420826,0.580591175,-0.511132986,-0.00205870582,1,0.129511374,0.0621768646
2.686,1.69732101,1.96922994,-1.50850071,-0.734273618,-20.007295,-0.403519634,0.734273618,-0.358668044,3.23878529e-05,-3.23460408e-05,3.23460408e-05,0.00257958369,0.608709654,-0.539157746,-0.00202990246,1,0.12652468,0.0607227409
2.688,1.69425429,1.96773779,-1.54815435,-0.753092993,-19.5234209,-0.411203309,0.753092993,-0.367544259,3.34264115e-05,-3.33863024e-05,3.33863024e-05,0.00271504495,0.636606192,-0.567149056,-0.00199451776,1,0.123457961,0.0592305874
2.69,1.69110948,1.96620866,-1.58683091,-0.771380704,-19.0271608,-0.4185717,0.771380704,-0.376133833,3.44263389e-05,-3.43881268e-05,3.43881268e-05,0.0028502284,0.664202511,-0.59502819,-0.00195268742,1,0.120313152,0.0577014577
2.692,1.68788857,1.96464363,-1.62450584,-0.789124106,-18.5188258,-0.425619459,0.789124106,-0.384430435,3.53869426e-05,-3.53507973e-05,3.53507973e-05,0.00298477146,0.691421298,-0.622716854,-0.00190457409,1,0.117092238,0.056136431
2.694,1.68459358,1.96304381,-1.66115524,-0.806310995,-17.9987342,-0.432341558,0.806310995,-0.392428023,3.6307584e-05,-3.62736497e-05,3.62736497e-05,0.00311831363,0.718186443,-0.650137421,-0.00185036702,1,0.113797253,0.0545366113
2.696,1.6812266,1.96141033,-1.69675582,-0.82292962,-17.4672122,-0.43873329,0.82292962,-0.400120856,3.71876804e-05,-3.71560751e-05,3.71560751e-05,0.00325049753,0.744423264,-0.67721316,-0.00179028155,1,0.110430276,0.0529031263
2.698,1.67778976,1.95974433,-1.73128499,-0.838968699,-16.9245931,-0.444790283,0.838968699,-0.407503498,3.80267075e-05,-3.79975218e-05,3.79975218e-05,0.00338096985,0.77005874,-0.703868478,-0.0017245584,1,0.106993434,0.0512371268
2.7,1.67428522,1.95804699,-1.7647208,-0.854417426,-16.3712173,-0.450508504,0.854417426,-0.414570831,3.88242009e-05,-3.87974979e-05,3.87974979e-05,0.00350938239,0.795021727,-0.730029138,-0.00165346283,1,0.103488896,0.0495397855
2.702,1.6707152,1.9563195,-1.79704199,-0.869265491,-15.8074323,-0.455884269,0.869265491,-0.421318059,3.95797583e-05,-3.95555729e-05,3.95555729e-05,0.00363539304,0.819243175,-0.755622494,-0.00157728359,1,0.0999188776,0.0478122959
2.704,1.66708196,1.95456307,-1.82822802,-0.883503086,-15.2335922,-0.460914246,0.883503086,-0.427740719,4.02930411e-05,-4.027138e-05,4.027138e-05,0.0037586667,0.84265634,-0.780577703,-0.00149633178,1,0.0962856321,0.0460558718
2.706,1.66338778,1.95277895,-1.85825904,-0.897120919,-14.6500576,-0.465595465,0.897120919,-0.433834688,4.09637758e-05,-4.09446174e-05,4.09446174e-05,0.00387887626,0.865196982,-0.804825943,-0.00141093948,1,0.0925914553,0.0442717458
2.708,1.65963501,1.95096837,-1.88711594,-0.910110224,-14.0571954,-0.46992532,0.910110224,-0.439596187,4.15917557e-05,-4.15750506e-05,4.15750506e-05,0.00399570351,0.886803561,-0.82830062,-0.00132145823,1,0.0888386812,0.0424611685
2.71,1.65582601,1.94913261,-1.91478034,-0.922462773,-13.4553786,-0.473901576,0.922462773,-0.44502179,4.21768415e-05,-4.2162513e-05,4.2162513e-05,0.00410884002,0.907417419,-0.850937567,-0.00122825743,1,0.0850296811,0.0406254072
2.712,1.65196319,1.94727295,-1.94123461,-0.934170884,-12.8449861,-0.477522373,0.934170884,-0.45010843,4.27189631e-05,-4.27069077e-05,4.27069077e-05,0.00421798802,0.926982958,-0.87267524,-0.00113172251,1,0.0811668622,0.0387657453
2.714,1.64804899,1.94539068,-1.96646189,-0.945227431,-12.2264025,-0.480786229,0.945227431,-0.454853402,4.32181197e-05,-4.32082081e-05,4.32082081e-05,0.00432286121,0.945447799,-0.893454896,-0.00103225303,1,0.0772526659,0.0368834805
2.716,1.64408589,1.94348713,-1.9904461,-0.955625853,-11.6000177,-0.483692045,0.955625853,-0.459254368,4.36743806e-05,-4.3666459e-05,4.3666459e-05,0.00442318555,0.962762943,-0.913220771,-0.000930260636,1,0.0732895664,0.0349799243
2.718,1.6400764,1.9415636,-2.01317192,-0.965360162,-10.9662268,-0.486239102,0.965360162,-0.463309363,4.40878858e-05,-4.40817768e-05,4.40817768e-05,0.00451870005,0.978882904,-0.931920243,-0.000826166909,1,0.0692800691,0.0330564005
2.72,1.63602304,1.93962145,-2.03462484,-0.974424949,-10.3254299,-0.488427069,0.974424949,-0.467016795,4.44588456e-05,-4.44543499e-05,4.44543499e-05,0.00460915743,0.993765845,-0.949503981,-0.00072040112,1,0.0652267092,0.0311142442
2.722,1.63192838,1.937662,-2.05479115,-0.98281539,-9.67803184,-0.490256001,0.98281539,-0.470375451,4.47875411e-05,-4.4784439e-05,4.4784439e-05,0.00469432483,1.00737369,-0.96592609,-0.000613397915,1,0.0611320495,0.0291548005
2.724,1.62779501,1.93568663,-2.07365795,-0.990527253,-9.02444178,-0.491726336,0.990527253,-0.473384495,4.50743232e-05,-4.50723763e-05,4.50723763e-05,0.00477398443,1.01967223,-0.981144239,-0.000505594926,1,0.0569986797,0.0271794236
2.726,1.62362554,1.93369668,-2.09121318,-0.997556903,-8.3650732,-0.492838901,0.997556903,-0.476043472,4.53196123e-05,-4.53185654e-05,4.53185654e-05,0.00484793401,1.0306312,-0.995119774,-0.000397430341,1,0.0528292139,0.0251894751
2.728,1.61942262,1.93169353,-2.10744558,-1.0039013,-7.70034354,-0.4935949,1.0039013,-0.478352305,4.55238973e-05,-4.55234805e-05,4.55234805e-05,0.00491598751,1.04022439,-1.00781783,-0.000289340443,1,0.0486262895,0.0231863236
2.73,1.61518889,1.92967854,-2.12234476,-1.00955802,-7.03067391,-0.493995923,1.00955802,-0.480311297,4.56877344e-05,-4.5687665e-05,4.5687665e-05,0.00497797546,1.04842966,-1.01920739,-0.000181757143,1,0.0443925653,0.0211713424
2.732,1.61092705,1.92765311,-2.13590114,-1.01452522,-6.35648888,-0.494043933,1.01452522,-0.481921129,4.58117458e-05,-4.58117306e-05,4.58117306e-05,0.00503374544,1.055229,-1.02926143,-7.51055196e-05,1,0.0401307198,0.0191459096
2.734,1.60663978,1.92561861,-2.14810602,-1.01880169,-5.67821617,-0.493741267,1.01880169,-0.483182855,4.58966179e-05,-4.5896355e-05,4.5896355e-05,0.00508316245,1.06060859,-1.03795688,3.0198613e-05,1,0.0358434496,0.0171114055
2.736,1.60232979,1.92357641,-2.15895154,-1.0223868,-4.99628644,-0.493090627,1.0223868,-0.484097904,4.59430992e-05,-4.59422807e-05,4.59422807e-05,0.00512610918,1.06455877,-1.04527476,0.000133751089,1,0.0315334677,0.0150692127
2.738,1.59799983,1.92152792,-2.16843072,-1.02528053,-4.31113297,-0.492095079,1.02528053,-0.48466807,4.59519983e-05,-4.59503123e-05,4.59503123e-05,0.00516248633,1.06707409,-1.05120017,0.000235161709,1,0.0272035017,0.013020714
2.74,1.59365262,1.91947449,-2.17653743,-1.02748348,-3.62319139,-0.49075804,1.02748348,-0.484895508,4.5924181e-05,-4.5921314e-05,4.5921314e-05,0.00519221275,1.06815324,-1.05572231,0.000334056463,1,0.022856292,0.0109672914
2.742,1.58929092,1.91741753,-2.18326643,-1.02899683,-2.93289943,-0.489083275,1.02899683,-0.484782734,4.58605681e-05,-4.5856207e-05,4.5856207e-05,0.00521522564,1.06779909,-1.05883448,0.000430079665,1,0.0184945902,0.00891032508
2.744,1.58491748,1.91535839,-2.18861334,-1.02982236,-2.24069659,-0.487074883,1.02982236,-0.484332609,4.57621319e-05,-4.57559662e-05,4.57559662e-05,0.00523148057,1.06601858,-1.06053409,0.000522895944,1,0.0141211575,0.00685119221
2.746,1.58053509,1.91329847,-2.19257467,-1.02996243,-1.54702393,-0.484737294,1.02996243,-0.48354834,4.5629893e-05,-4.56216173e-05,4.56216173e-05,0.00524095156,1.06282271,-1.0608226,0.00061219211,1,0.00973876241,0.00479126552
2.748,1.57614651,1.91123911,-2.19514782,-1.02941999,-0.852323684,-0.482075252,1.02941999,-0.482433465,4.54649172e-05,-4.54542328e-05,4.54542328e-05,0.00524363103,1.05822644,-1.05970552,0.000697678858,1,0.00535017957,0.00273191233
2.75,1.57175451,1.9091817,-2.19633106,-1.02819857,-0.157039057,-0.47909381,1.02819857,-0.480991846,4.52683111e-05,-4.52549282e-05,4.52549282e-05,0.0052395297,1.05224861,-1.0571923,0.000779092292,1,0.000958187619,0.000674493336
2.752,1.56736189,1.90712756,-2.19612356,-1.02630226,0.538386117,-0.475798311,1.02630226,-0.479227662,4.50412186e-05,-4.50248582e-05,4.50248582e-05,0.00522867646,1.04491188,-1.05329632,0.000856195276,1,-0.00343443245,-0.00137963852
2.754,1.56297143,1.90507806,-2.19452536,-1.0237357,1.23350765,-0.472194382,1.0237357,-0.477145392,4.47848169e-05,-4.47652122e-05,4.47652122e-05,0.00521111818,1.03624255,-1.04803478,0.000928778577,1,-0.00782489906,-0.00342913917
2.756,1.55858589,1.90303453,-2.19153741,-1.02050408,1.92788131,-0.468287917,1.02050408,-0.474749807,4.45003116e-05,-4.44772102e-05,4.44772102e-05,0.00518691942,1.02627049,-1.04142859,0.000996661802,1,-0.0122104319,-0.00547267454
2.758,1.55420807,1.90099828,-2.18716154,-1.01661314,2.6210631,-0.464085062,1.01661314,-0.47204596,4.41889327e-05,-4.41620977e-05,4.41620977e-05,0.00515616215,1.015029,-1.03350228,0.00105969412,1,-0.0165882535,-0.00750892157
2.76,1.54984074,1.89897063,-2.18140047,-1.01206911,3.31260958,-0.459592203,1.01206911,-0.469039165,4.38519297e-05,-4.3821141e-05,4.3821141e-05,0.00511894541,1.00255465,-1.02428389,0.00111775474,1,-0.0209555915,-0.00953656935
2.762,1.54548665,1.89695288,-2.17425779,-1.00687876,4.00207815,-0.45481595,1.00687876,-0.465734992,4.34905668e-05,-4.34556226e-05,4.34556226e-05,0.00507538485,0.988887122,-1.01380483,0.00117075321,1,-0.0253096796,-0.0115543201
2.764,1.54114857,1.89494631,-2.16573799,-1.00104932,4.68902736,-0.44976312,1.00104932,-0.462139247,4.31061183e-05,-4.30668359e-05,4.30668359e-05,0.00502561233,0.974069077,-1.00209973,0.00121862939,1,-0.0296477602,-0.0135608901
2.766,1.53682924,1.89295219,-2.15584645,-0.994588517,5.37301721,-0.444440723,0.994588517,-0.458257961,4.2699863e-05,-4.26560797e-05,4.26560797e-05,0.0049697754,0.958145953,-0.989206318,0.00126135332,1,-0.0339670856,-0.0155550107
2.768,1.53253141,1.89097177,-2.1445894,-0.98750454,6.05360944,-0.43885594,0.98750454,-0.45409737,4.22730798e-05,-4.22246536e-05,4.22246536e-05,0.00490803674,0.941165799,-0.975165217,0.00129892472,1,-0.0382649201,-0.0175354295
2.77,1.52825779,1.88900629,-2.13197398,-0.979806015,6.73036786,-0.433016115,0.979806015,-0.449663902,4.18270419e-05,-4.17738523e-05,4.17738523e-05,0.00484057361,0.923179092,-0.960019827,0.00133137233,1,-0.0425385412,-0.0195009107
2.772,1.52401108,1.88705697,-2.11800818,-0.971501993,7.40285863,-0.426928729,0.971501993,-0.444964163,4.13630124e-05,-4.13049605e-05,4.13049605e-05,0.00476757723,0.904238541,-0.943816122,0.00135875307,1,-0.0467852423,-0.0214502366
2.774,1.51979399,1.88512499,-2.10270085,-0.962601932,8.07065055,-0.420601389,0.962601932,-0.440004915,4.08822384e-05,-4.08192473e-05,4.08192473e-05,0.00468925209,0.884398897,-0.92660248,0.00138115088,1,-0.0510023334,-0.0233822079
2.776,1.51560918,1.88321156,-2.08606172,-0.95311568,8.73331541,-0.414041803,0.95311568,-0.434793064,4.03859463e-05,-4.03179614e-05,4.03179614e-05,0.00460581531,0.863716755,-0.908429499,0.00139867541,1,-0.0551871434,-0.0252956448
2.778,1.5114593,1.88131781,-2.06810135,-0.943053448,9.39042822,-0.407257772,0.943053448,-0.429335639,3.98753368e-05,-3.98023253e-05,3.98023253e-05,0.00451749591,0.842250349,-0.889349805,0.00141146053,1,-0.059337022,-0.0271893875
2.78,1.50734699,1.8794449,-2.04883117,-0.932425795,10.0415675,-0.400257164,0.932425795,-0.423639779,3.93515795e-05,-3.92735306e-05,3.92735306e-05,0.00442453408,0.820059355,-0.869417862,0.00141966262,1,-0.0634493407,-0.0290622973
2.782,1.50327483,1.87759395,-2.02826345,-0.921243605,10.6863158,-0.3930479,0.921243605,-0.417712712,3.88158082e-05,-3.8732733e-05,3.8732733e-05,0.00432718039,0.797204688,-0.84868978,0.00142345872,1,-0.0675214951,-0.030913257
2.784,1.49924542,1.87576603,-2.00641126,-0.909518067,11.3242596,-0.385637935,0.909518067,-0.411561739,3.82691163e-05,-3.81810469e-05,3.81810469e-05,0.00422569506,0.773748295,-0.827223114,0.0014230445,1,-0.0715509064,-0.0327411713
2.786,1.4952613,1.87396223,-1.98328854,-0.89726065,11.9549898,-0.378035241,0.89726065,-0.405194217,3.77125518e-05,-3.76195413e-05,3.76195413e-05,0.00412034711,0.74975296,-0.805076674,0.00141863215,1,-0.0755350229,-0.0345449678
2.788,1.491325,1.8721836,-1.95891,-0.884483084,12.5781021,-0.370247792,0.884483084,-0.398617544,3.71471133e-05,-3.70492348e-05,3.70492348e-05,0.00401141362,0.725282102,-0.782310327,0.00141044807,1,-0.0794713219,-0.0363235975
2.79,1.48743902,1.87043117,-1.93329119,-0.871197337,13.1931972,-0.362283543,0.871197337,-0.391839135,3.6573745e-05,-3.64710914e-05,3.64710914e-05,0.00389917883,0.700399582,-0.7589848,0.00139873057,1,-0.0833573109,-0.038076035
2.792,1.4836058,1.86870592,-1.90644844,-0.857415591,13.7998811,-0.354150415,0.857415591,-0.384866415,3.59933336e-05,-3.58860166e-05,3.58860166e-05,0.00378393341,0.675169506,-0.735161495,0.00138372742,1,-0.0871905297,-0.039801279
2.794,1.47982777,1.86700885,-1.87839886,-0.84315022,14.3977653,-0.345856283,0.84315022,-0.377706795,3.54067039e-05,-3.52948535e-05,3.52948535e-05,0.00366597353,0.649656046,-0.710902294,0.0013656934,1,-0.0909685518,-0.041498353
2.796,1.47610734,1.8653409,-1.84916034,-0.828413772,14.9864669,-0.337408952,0.828413772,-0.370367658,3.48146154e-05,-3.46983789e-05,3.46983789e-05,0.00354560012,0.623923251,-0.686269378,0.00134488777,1,-0.0946889857,-0.0431663055
2.798,1.47244685,1.86370299,-1.81875152,-0.81321894,15.5656095,-0.32881615,0.81321894,-0.362856345,3.42177593e-05,-3.40973006e-05,3.40973006e-05,0.003423118,0.598034874,-0.661325045,0.0013215718,1,-0.0983494768,-0.0448042102
2.8,1.46884862,1.86209604,-1.78719181,-0.797578545,16.1348227,-0.32008551,0.797578545,-0.35518014,3.36167554e-05,-3.34922541e-05,3.34922541e-05,0.00329883506,0.572054203,-0.636131535,0.00129600625,1,-0.101947708,-0.0464111662
2.802,1.46531492,1.8605209,-1.75450134,-0.781505511,16.6937429,-0.311224554,0.781505511,-0.347346252,3.30121496e-05,-3.28838005e-05,3.28838005e-05,0.00317306147,0.546043899,-0.610750864,0.00126844897,1,-0.105481404,-0.0479862986
2.804,1.461848,1.85897844,-1.72070096,-0.765012847,17.2420131,-0.302240687,0.765012847,-0.339361804,3.24044117e-05,-3.22724236e-05,3.22724236e-05,0.00304610886,0.520065841,-0.585244657,0.00123915247,1,-0.108948328,-0.0495287583
2.806,1.45845004,1.85746948,-1.68581224,-0.748113624,17.7792837,-0.293141176,0.748113624,-0.33123382,3.17939336e-05,-3.16585289e-05,3.16585289e-05,0.0029182895,0.494180982,-0.559673995,0.00120836164,1,-0.112346287,-0.0510377225
2.808,1.45512319,1.85599481,-1.64985743,-0.730820955,18.3052121,-0.283933144,0.730820955,-0.32296921,3.1181028e-05,-3.10424416e-05,3.10424416e-05,0.0027899156,0.468449206,-0.534099268,0.00117631158,1,-0.115673133,-0.0525123943
2.81,1.45186957,1.8545552,-1.61285946,-0.713147974,18.8194635,-0.274623558,0.713147974,-0.31457476,3.05659268e-05,-3.04244056e-05,3.04244056e-05,0.00266129847,0.442929205,-0.508580033,0.00114322547,1,-0.118926762,-0.0539520034
2.812,1.44869121,1.8531514,-1.57484195,-0.695107822,19.3217108,-0.26521922,0.695107822,-0.306057121,2.99487814e-05,-2.98045835e-05,2.98045835e-05,0.00253274783,0.417678353,-0.483174884,0.0011093127,1,-0.122105116,-0.0553558055
2.814,1.44559014,1.85178412,-1.53582913,-0.676713622,19.8116349,-0.255726755,0.676713622,-0.297422797,2.93296614e-05,-2.91830557e-05,2.91830557e-05,0.00240457107,0.392752601,-0.457941326,0.00107476704,1,-0.125206188,-0.0567230827
2.816,1.44256831,1.85045406,-1.4958459,-0.657978465,20.2889248,-0.246152608,0.657978465,-0.288678139,2.87085557e-05,-2.85598208e-05,2.85598208e-05,0.00227707256,0.368206369,-0.432935661,0.00103976509,1,-0.128228017,-0.0580531433
2.818,1.43962763,1.84916188,-1.45491774,-0.638915396,20.7532781,-0.236503032,0.638915396,-0.279829331,2.80853726e-05,-2.79347968e-05,2.79347968e-05,0.00215055295,0.344092457,-0.408212884,0.00100446484,1,-0.131168694,-0.0593453216
2.82,1.43676996,1.84790822,-1.41307075,-0.619537394,21.2044008,-0.226784085,0.619537394,-0.27088239,2.7459941e-05,-2.73078214e-05,2.73078214e-05,0.00202530855,0.320461958,-0.383826582,0.000969004456,1,-0.134026362,-0.0605989781
2.822,1.43399711,1.8466937,-1.37033161,-0.599857358,21.6420078,-0.217001625,0.599857358,-0.261843152,2.68320119e-05,-2.66786542e-05,2.66786542e-05,0.0019016307,0.297364186,-0.35982885,0.000933501282,1,-0.136799217,-0.061813499
2.824,1.43131082,1.84551891,-1.32672756,-0.579888097,22.065823,-0.207161303,0.579888097,-0.252717272,2.62012605e-05,-2.60469781e-05,2.60469781e-05,0.00177980512,0.27484661,-0.336270205,0.000898051047,1,-0.139485508,-0.0629882963
2.826,1.42871279,1.84438439,-1.28228638,-0.559642314,22.4755794,-0.197268565,0.559642314,-0.243510213,2.55672882e-05,-2.54124022e-05,2.54124022e-05,0.0016601114,0.252954794,-0.313199519,0.0008627273,1,-0.14208354,-0.0641228075
2.828,1.42620465,1.84329071,-1.23703638,-0.539132597,22.8710193,-0.187328645,0.539132597,-0.234227252,2.49296254e-05,-2.47744642e-05,2.47744642e-05,0.00154282244,0.231732349,-0.290663957,0.000827581066,1,-0.144591675,-0.0652164952
2.83,1.423788,1.84223835,-1.19100639,-0.518371407,23.2518946,-0.177346567,0.518371407,-0.224873466,2.4287735e-05,-2.41326334e-05,2.41326334e-05,0.00142820387,0.211220895,-0.268708916,0.000792640741,1,-0.14700833,-0.0662688473
2.832,1.42146435,1.84122783,-1.14422572,-0.497371072,23.6179667,-0.167327143,0.497371072,-0.21545374,2.36410155e-05,-2.34863149e-05,2.34863149e-05,0.00131651364,0.19146002,-0.247377984,0.000757912199,1,-0.149331981,-0.0672793761
2.834,1.41923516,1.84025958,-1.09672414,-0.476143777,23.9690067,-0.157274976,0.476143777,-0.20597276,2.29888051e-05,-2.28348527e-05,2.28348527e-05,0.00120800151,0.172487262,-0.226712897,0.000723379141,1,-0.151561166,-0.0682476186
2.836,1.41710185,1.83933407,-1.04853188,-0.454701558,24.3047958,-0.14719446,0.454701558,-0.196435015,2.2330386e-05,-2.21775347e-05,2.21775347e-05,0.00110290861,0.154338085,-0.206753507,0.000689003656,1,-0.15369448,-0.0691731361
2.838,1.41506575,1.83845169,-0.999679614,-0.433056296,24.6251251,-0.137089786,0.433056296,-0.1868448,2.1664989e-05,-2.15135966e-05,2.15135966e-05,0.00100146705,0.137045864,-0.187537756,0.000654726998,1,-0.155730579,-0.0700555134
2.84,1.41312814,1.83761284,-0.950198399,-0.411219719,24.9297959,-0.126964941,0.411219719,-0.177206217,2.09917983e-05,-2.08422273e-05,2.08422273e-05,0.000903899519,0.120641884,-0.169101657,0.00062047058,1,-0.157668182,-0.0708943593
2.842,1.41129026,1.8368179,-0.900119699,-0.38920339,25.2186197,-0.116823716,0.38920339,-0.167523175,2.03099569e-05,-2.01625737e-05,2.01625737e-05,0.000810418934,0.105155328,-0.151479279,0.000586137151,1,-0.159506072,-0.0716893055
2.844,1.40955324,1.8360672,-0.849475343,-0.367018715,25.4914185,-0.106669711,0.367018715,-0.1577994,1.9618572e-05,-1.94737466e-05,1.94737466e-05,0.000721228114,0.0906132894,-0.134702737,0.000551612178,1,-0.161243092,-0.0724400068
2.846,1.40791818,1.83536106,-0.798297509,-0.344676935,25.7480245,-0.0965063418,0.344676935,-0.148038435,1.89167206e-05,-1.87748256e-05,1.87748256e-05,0.000636519466,0.0770407723,-0.11880219,0.000516765382,1,-0.162878151,-0.0731461407
2.848,1.4063861,1.8346998,-0.746618701,-0.322189135,25.9882808,-0.086336846,0.322189135,-0.138243648,1.82034556e-05,-1.80648659e-05,1.80648659e-05,0.000556474706,0.0644607038,-0.103805839,0.000481452457,1,-0.164410223,-0.0738074068
2.85,1.40495798,1.83408368,-0.694471731,-0.299566239,26.2120409,-0.0761642916,0.299566239,-0.128418238,1.74778119e-05,-1.73429034e-05,1.73429034e-05,0.000481264602,0.0528939474,-0.0897399316,0.000445516911,1,-0.165838347,-0.0744235267
2.852,1.4036347,1.83351296,-0.641889695,-0.276819019,26.419169,-0.0659915859,0.276819019,-0.118565242,1.67388126e-05,-1.66079616e-05,1.66079616e-05,0.000411048737,0.0423593189,-0.0766287695,0.000408792053,1,-0.167161629,-0.0749942437
2.854,1.40241709,1.83298788,-0.588905951,-0.253958098,26.6095402,-0.0558214844,0.253958098,-0.108687543,1.59854754e-05,-1.58590575e-05,1.58590575e-05,0.000345975302,0.0328736043,-0.0644947155,0.000371103081,1,-0.168379238,-0.0755193226
2.856,1.40130591,1.83250865,-0.535554101,-0.230993954,26.7830403,-0.045656601,0.230993954,-0.0987878793,1.52168191e-05,-1.5095208e-05,1.5095208e-05,0.000286180898,0.0244515799,-0.0533582066,0.000332269268,1,-0.169490415,-0.0759985489
2.858,1.40030186,1.83207547,-0.481867966,-0.207936928,26.9395661,-0.0354994188,0.207936928,-0.0888688539,1.44318701e-05,-1.43154365e-05,1.43154365e-05,0.000231790372,0.0171060327,-0.0432377661,0.000292106214,1,-0.170494465,-0.0764317292
2.86,1.39940556,1.83168851,-0.427881566,-0.184797235,27.0790252,-0.0253523003,0.184797235,-0.078932944,1.36296689e-05,-1.35187791e-05,1.35187791e-05,0.000182916663,0.010847782,-0.0341500179,0.000250428161,1,-0.171390763,-0.0768186906
2.862,1.39861758,1.83134792,-0.373629098,-0.161584965,27.2013361,-0.0152175001,0.161584965,-0.0689825116,1.28092767e-05,-1.27042912e-05,1.27042912e-05,0.000139660676,0.00568570082,-0.026109701,0.00020705034,1,-0.172178749,-0.0771592803
2.864,1.39793839,1.83105384,-0.319144911,-0.138310101,27.3064287,-0.00509717578,0.138310101,-0.0590198149,1.19697819e-05,-1.1871054e-05,1.1871054e-05,0.000102111164,0.00162673771,-0.0191296841,0.000161791327,1,-0.172857936,-0.0774533657
2.866,1.39736843,1.83080637,-0.264463489,-0.114982523,27.3942432,0.00500659897,0.114982523,-0.0490470197,1.11103062e-05,-1.10181802e-05,1.10181802e-05,7.03446349e-05,-0.00132406263,-0.0132209807,0.0001144754,1,-0.173427902,-0.0777008339
2.868,1.39690803,1.83060561,-0.209619425,-0.0916120222,27.4647316,0.0150918222,0.0916120222,-0.039066211,1.02300114e-05,-1.01448211e-05,1.01448211e-05,4.44252784e-05,-0.0031635391,-0.0083927626,6.49348669e-05,1,-0.173888296,-0.0779015917
2.87,1.39655749,1.83045164,-0.154647403,-0.0682083096,27.5178562,0.0251565507,0.0682083096,-0.0290794056,9.328105e-06,-9.2501717e-06,9.2501717e-06,2.44048996e-05,-0.00389039524,-0.00465237349,1.30123513e-05,1,-0.174238837,-0.0780555656
2.872,1.39631701,1.8303445,-0.0995821713,-0.044781031,27.5535908,0.0351988868,0.044781031,-0.0190885647,8.40384638e-06,-8.33347728e-06,8.33347728e-06,1.03228768e-05,-0.00350518158,-0.00200534074,-4.14369893e-05,1,-0.174479313,-0.078162701
2.874,1.39618675,1.83028424,-0.0444585225,-0.0213397776,27.57192,0.0452169654,0.0213397776,-0.00909560624,7.45655251e-06,-7.3940387e-06,7.3940387e-06,2.20613112e-06,-0.00201027947,-0.00045538611,-9.85433266e-05,1,-0.174609579,-0.0782229629
2.876,1.39616676,1.83027087,0.0106887273,0.00210590091,27.5728396,0.0552089405,-0.00210590091,0.000897581619,6.4856034e-06,-6.43121798e-06,6.43121798e-06,6.91128473e-08,0.000590113309,-4.43481863e-06,-0.000158420125,1,-0.174629563,-0.0782363353
2.878,1.39625707,1.83030438,0.065824762,0.0255464837,27.5563561,0.0651729719,-0.0255464837,0.0108891278,5.49044733e-06,-5.44444344e-06,5.44444344e-06,3.91380132e-06,0.00428999536,-0.000652622827,-0.000221162227,1,-0.174539261,-0.0782028213
2.88,1.39645759,1.83038476,0.120914787,0.0489724652,27.522487,0.0751072121,-0.0489724652,0.020877165,4.47060572e-06,-4.43321463e-06,4.43321463e-06,1.37297202e-05,0.00908157255,-0.00239830234,-0.000286844065,1,-0.174338739,-0.0781224428
2.882,1.39676819,1.83051196,0.175924051,0.0723743424,27.471261,0.0850097931,-0.0723743424,0.0308598165,3.42567773e-06,-3.39710692e-06,3.39710692e-06,2.9493967e-05,0.0149552672,-0.00523804544,-0.000355518035,1,-0.174028132,-0.077995241
2.884,1.39718868,1.83068593,0.230817867,0.0957426017,27.4027173,0.0948788134,-0.0957426017,0.0408351833,2.35534453e-06,-2.33577577e-06,2.33577577e-06,5.11712564e-05,0.0218997253,-0.00916664578,-0.000427213024,1,-0.173607646,-0.077821276
2.886,1.39771877,1.83090658,0.285561637,0.119067706,27.3169061,0.104712325,-0.119067706,0.050801331,1.25937313e-06,-1.24896068e-06,1.24896068e-06,7.87139789e-05,0.0299018229,-0.0141771185,-0.00050193312,1,-0.173077555,-0.0776006269
2.888,1.39835813,1.83117381,0.340120869,0.142340081,27.2138883,0.114508321,-0.142340081,0.0607562767,1.37619896e-07,-1.36488735e-07,1.36488735e-07,0.000112062273,0.0389466696,-0.0202606986,-0.000579656509,1,-0.172438201,-0.0773333921
2.89,1.39910633,1.83148751,0.394461202,0.165550105,27.0937356,0.124264724,-0.165550105,0.0706979772,-1.00996638e-06,1.0017222e-06,1.0017222e-06,0.000151144111,0.0490176122,-0.0274068372,-0.000660334571,1,-0.171689997,-0.0770196889
2.892,1.3999629,1.83184755,0.448548427,0.188688094,26.9565302,0.133979372,-0.188688094,0.0806243158,-2.18334182e-06,2.1656607e-06,2.1656607e-06,0.000195875404,0.0600962366,-0.035603197,-0.000743891184,1,-0.170833423,-0.0766596542
2.894,1.4009273,1.83225376,0.502348506,0.211744294,26.802365,0.143650012,-0.211744294,0.0905330909,-3.3823652e-06,3.35521942e-06,3.35521942e-06,0.000246160116,0.0721623689,-0.0448356462,-0.000830222246,1,-0.169869029,-0.0762534442
2.896,1.4019989,1.83270597,0.555827595,0.234708866,26.6313432,0.153274283,-0.234708866,0.100422004,-4.60679616e-06,4.57019309e-06,4.57019309e-06,0.000301890396,0.0851940761,-0.0550882517,-0.00091919541,1,-0.16879743,-0.0758012348
2.898,1.40317702,1.83320398,0.608952064,0.257571877,26.4435786,0.16284971,-0.257571877,0.11028865,-5.85629387e-06,5.81027702e-06,5.81027702e-06,0.000362946728,0.0991676669,-0.0663432719,-0.00101065005,1,-0.167619311,-0.0753032217
2.9,1.4044609,1.83374758,0.66168852,0.280323293,26.2391952,0.172373691,-0.280323293,0.120130503,-7.13041612e-06,7.07506601e-06,7.07506601e-06,0.000429198097,0.114057693,-0.0785811485,-0.00110439745,1,-0.166335423,-0.0747596204
2.902,1.40584974,1.83433654,0.714003824,0.302952966,26.018327,0.181843493,-0.302952966,0.129944912,-8.42861884e-06,8.36405364e-06,8.36405364e-06,0.000500502167,0.129836949,-0.0917804998,-0.00120022124,1,-0.164946584,-0.0741706669
2.904,1.40734265,1.83497058,0.765865113,0.325450631,25.7811185,0.191256236,-0.325450631,0.139729084,-9.75025615e-06,9.67663207e-06,9.67663207e-06,0.000576705482,0.146476479,-0.105918113,-0.00129787801,1,-0.163453676,-0.0735366175
2.906,1.40893868,1.83564945,0.817239821,0.347805894,25.5277239,0.200608892,-0.347805894,0.149480083,-1.10945808e-05,1.10120923e-05,1.10120923e-05,0.000657643685,0.163945575,-0.12096894,-0.00139709819,1,-0.161857649,-0.072857749
2.908,1.41063681,1.83637284,0.868095697,0.370008228,25.2583075,0.209898275,-0.370008228,0.159194814,-1.2460745e-05,1.23696246e-05,1.23696246e-05,0.000743141751,0.18221179,-0.136906089,-0.00149758717,1,-0.160159516,-0.0721343596
2.91,1.41243597,1.83714043,0.918400825,0.392046972,24.973043,0.219121035,-0.392046972,0.168870023,-1.38478018e-05,1.374832e-05,1.374832e-05,0.000833014245,0.201240939,-0.153700828,-0.00159902655,1,-0.158360354,-0.0713667683
2.912,1.41433502,1.83795189,0.968123648,0.413911319,24.6721141,0.228273652,-0.413911319,0.178502285,-1.52547071e-05,1.51471713e-05,1.51471713e-05,0.000927065599,0.22099712,-0.17132258,-0.00170107567,1,-0.156461306,-0.0705553159
2.914,1.41633275,1.83880684,1.01723298,0.435590322,24.3557139,0.237352432,-0.435590322,0.188087999,-1.66803212e-05,1.65650753e-05,1.65650753e-05,0.0010250904,0.241442721,-0.189738929,-0.00180337332,1,-0.154463573,-0.0697003646
2.916,1.4184279,1.8397049,1.06569802,0.457072886,24.0240449,0.246353506,-0.457072886,0.197623385,-1.81234121e-05,1.8000835e-05,1.8000835e-05,0.00112687373,0.262538444,-0.208915623,-0.00190553961,1,-0.152368423,-0.0688022992
2.918,1.42061915,1.84064568,1.1134884,0.478347771,23.6773186,0.255272821,-0.478347771,0.207104478,-1.95826581e-05,1.94531623e-05,1.94531623e-05,0.00123219146,0.284243326,-0.22881659,-0.00200717803,1,-0.150177181,-0.0678615265
2.92,1.42290509,1.84162873,1.16057417,0.49940359,23.3157559,0.264106145,-0.49940359,0.216527125,-2.1056651e-05,2.0920681e-05,2.0920681e-05,0.00134081068,0.30651477,-0.249403946,-0.00210787766,1,-0.147891235,-0.0668784761
2.922,1.4252843,1.8426536,1.20692582,0.520228816,22.9395866,0.272849061,-0.520228816,0.225886982,-2.25439002e-05,2.24019305e-05,2.24019305e-05,0.00145249001,0.329308576,-0.270638021,-0.00220721555,1,-0.14551203,-0.0658536004
2.924,1.42775526,1.84371983,1.25251431,0.540811779,22.5490491,0.28149697,-0.540811779,0.235179513,-2.40428363e-05,2.38953691e-05,2.38953691e-05,0.00156698006,0.352578985,-0.292477381,-0.00230475916,1,-0.143041071,-0.0647873753
2.926,1.43031641,1.8448269,1.29731111,0.561140677,22.1443907,0.290045092,-0.561140677,0.244399991,-2.55518158e-05,2.53993784e-05,2.53993784e-05,0.00168402386,0.376278719,-0.31487886,-0.00240006899,1,-0.140479921,-0.0636803
2.928,1.43296613,1.8459743,1.34128814,0.581203576,21.7258671,0.298488464,-0.581203576,0.253543495,-2.70691255e-05,2.69122679e-05,2.69122679e-05,0.00180335729,0.400359037,-0.337797597,-0.00249270126,1,-0.137830197,-0.0625328975
2.93,1.43570275,1.84716149,1.38441788,0.600988421,21.2937423,0.306821949,-0.600988421,0.262604913,-2.85929871e-05,2.84322791e-05,2.84322791e-05,0.00192470956,0.424769793,-0.361187082,-0.00258221065,1,-0.135093574,-0.0613457149
2.932,1.43852455,1.84838788,1.42667334,0.620483041,20.8482884,0.315040235,-0.620483041,0.271578946,-3.01215632e-05,2.99575907e-05,2.99575907e-05,0.00204780374,0.449459504,-0.384999204,-0.00266815308,1,-0.13227178,-0.0601193235
2.934,1.44142973,1.84965288,1.46802806,0.639675162,20.3897857,0.323137843,-0.639675162,0.280460107,-3.16529614e-05,3.1486324e-05,3.1486324e-05,0.00217235728,0.474375419,-0.409184312,-0.00275008859,1,-0.129366597,-0.058854319
2.936,1.44441647,1.85095588,1.50845615,0.658552414,19.9185222,0.33110913,-0.658552414,0.289242729,-3.3185241e-05,3.30165478e-05,3.30165478e-05,0.00229808255,0.499463604,-0.433691282,-0.00282758418,1,-0.126379859,-0.057551322
2.938,1.44748288,1.85229622,1.54793232,0.677102346,19.4347934,0.338948299,-0.677102346,0.29792097,-3.47164176e-05,3.45462843e-05,3.45462843e-05,0.00242468744,0.524669028,-0.458467587,-0.0029002166,1,-0.123313451,-0.0562109776
2.94,1.45062702,1.85367325,1.58643187,0.695312435,18.9389026,0.346649404,-0.695312435,0.306488816,-3.62444698e-05,3.60735145e-05,3.60735145e-05,0.00255187592,0.549935662,-0.483459383,-0.0029675752,1,-0.120169308,-0.0548339562
2.942,1.45384691,1.85508625,1.62393069,0.713170104,18.4311602,0.35420636,-0.713170104,0.31494009,-3.77673443e-05,3.75961844e-05,3.75961844e-05,0.0026793487,0.57520658,-0.508611598,-0.00302926463,1,-0.116949412,-0.0534209532
2.944,1.45714053,1.85653451,1.66040533,0.730662733,17.9118838,0.361612951,-0.730662733,0.323268462,-3.92829626e-05,3.91122105e-05,3.91122105e-05,0.00280680385,0.600424072,-0.533868029,-0.00308490758,1,-0.113655796,-0.0519726892
2.946,1.46050579,1.85801729,1.69583296,0.747777676,17.3813977,0.368862841,-0.747777676,0.331467453,-4.07892264e-05,4.06194861e-05,4.06194861e-05,0.0029339375,0.625529765,-0.559171453,-0.00313414729,1,-0.110290535,-0.0504899101
2.948,1.46394057,1.85953382,1.73019141,0.764502278,16.8400333,0.375949588,-0.764502278,0.339530448,-4.22840239e-05,4.21158874e-05,4.21158874e-05,0.00306044446,0.650464746,-0.584463734,-0.00317665008,1,-0.106855752,-0.048973387
2.95,1.46744271,1.86108329,1.76345917,0.780823894,16.2881283,0.382866648,-0.780823894,0.347450708,-4.37652359e-05,4.35992793e-05,4.35992793e-05,0.00318601897,0.6751697,-0.609685954,-0.00321210765,1,-0.103353613,-0.0474239164
2.952,1.47101,1.86266488,1.79561541,0.796729903,15.7260267,0.389607397,-0.796729903,0.355221376,-4.52307419e-05,4.50675218e-05,4.50675218e-05,0.00331035544,0.699585047,-0.634778538,-0.00324023928,1,-0.0997863239,-0.0458423202
2.954,1.47464019,1.86427776,1.82664002,0.812207729,15.1540788,0.396165137,-0.812207729,0.362835493,-4.66784254e-05,4.65184758e-05,4.65184758e-05,0.00343314912,0.723651092,-0.659681395,-0.00326079388,1,-0.0961561339,-0.0442294453
2.956,1.478331,1.86592104,1.85651355,0.827244863,14.5726408,0.402533114,-0.827244863,0.37028601,-4.81061808e-05,4.79500094e-05,4.79500094e-05,0.00355409688,0.74730818,-0.684334063,-0.0032735518,1,-0.0924653306,-0.0425861635
2.958,1.48208009,1.86759383,1.8852173,0.841828878,13.9820748,0.408704529,-0.841828878,0.377565802,-4.95119183e-05,4.93600036e-05,4.93600036e-05,0.00367289801,0.770496851,-0.708675859,-0.00327832652,1,-0.0887162396,-0.040913372
2.96,1.4858851,1.86929521,1.9127333,0.855947453,13.3827481,0.414672556,-0.855947453,0.384667679,-5.08935699e-05,5.07463581e-05,5.07463581e-05,0.00378925492,0.793158006,-0.732646042,-0.00327496608,1,-0.0849112231,-0.0392119924
2.962,1.48974365,1.87102423,1.93904429,0.869588394,12.7750337,0.420430356,-0.869588394,0.391584405,-5.22490951e-05,5.21069975e-05,5.21069975e-05,0.00390287397,0.815233081,-0.756183974,-0.00326335431,1,-0.0810526781,-0.0374829707
2.964,1.49365329,1.87277992,1.96413379,0.882739651,12.1593094,0.425971091,-0.882739651,0.398308708,-5.35764857e-05,5.34398764e-05,5.34398764e-05,0.00401346622,0.836664212,-0.779229292,-0.00324341187,1,-0.0771430356,-0.0357272774
2.966,1.49761157,1.8745613,1.98798605,0.895389346,11.5359582,0.431287944,-0.895389346,0.404833301,-5.48737716e-05,5.47429849e-05,5.47429849e-05,0.00412074825,0.857394419,-0.801722081,-0.00321509699,1,-0.0731847582,-0.0339459067
2.968,1.50161599,1.87636733,2.01058613,0.907525789,10.9053677,0.436374133,-0.907525789,0.411150894,-5.61390254e-05,5.60143541e-05,5.60143541e-05,0.00422444291,0.877367778,-0.823603057,-0.00317840605,1,-0.0691803392,-0.0321398764
2.97,1.50566403,1.87819697,2.03191982,0.9191375,10.2679299,0.441222924,-0.9191375,0.41725421,-5.73703672e-05,5.72520609e-05,5.72520609e-05,0.00432428015,0.896529607,-0.844813745,-0.00313337387,1,-0.0651323009,-0.0303102273
2.972,1.50975313,1.88004918,2.05197374,0.930213236,9.62404103,0.445827657,-0.930213236,0.423136005,-5.8565969e-05,5.8454233e-05,5.8454233e-05,0.00441999774,0.914826647,-0.865296665,-0.00308007376,1,-0.0610431928,-0.028458023
2.974,1.51388074,1.88192285,2.07073529,0.940742007,8.97410157,0.450181754,-0.940742007,0.428789081,-5.97240595e-05,5.96190534e-05,5.96190534e-05,0.00451134209,0.932207243,-0.884995523,-0.00301861737,1,-0.0569155906,-0.0265843492
2.976,1.51804423,1.88381689,2.08819265,0.950713097,8.31851562,0.454278739,-0.950713097,0.434206306,-6.08429275e-05,6.0744765e-05,6.0744765e-05,0.004598069,0.948621523,-0.903855393,-0.00294915424,1,-0.0527520936,-0.0246903134
2.978,1.522241,1.88573016,2.10433485,0.960116092,7.65769092,0.458112255,-0.960116092,0.439380628,-6.19209262e-05,6.18296742e-05,6.18296742e-05,0.00467994439,0.964021583,-0.921822909,-0.00287187121,1,-0.0485553243,-0.0227770439
2.98,1.5264684,1.88766151,2.11915171,0.968940892,6.99203855,0.461676082,-0.968940892,0.444305094,-6.29564761e-05,6.28721554e-05,6.28721554e-05,0.00475674504,0.97836166,-0.938846452,-0.00278699148,1,-0.0443279256,-0.0208456896
2.982,1.53072377,1.88960978,2.1326339,0.977177739,6.32197272,0.464964151,-0.977177739,0.448972865,-6.39480691e-05,6.38706542e-05,6.38706542e-05,0.00482825931,0.99159831,-0.954876334,-0.00269477354,1,-0.0400725602,-0.0188974192
2.984,1.53500442,1.89157378,2.14477289,0.984817234,5.64791049,0.467970562,-0.984817234,0.453377238,-6.48942705e-05,6.48236906e-05,6.48236906e-05,0.00489428782,1.00369057,-0.969864984,-0.00259550987,1,-0.0357919082,-0.0169334203
2.986,1.53930766,1.8935523,2.15556101,0.991850355,4.97027159,0.470689598,-0.991850355,0.457511654,-6.57937226e-05,6.57298622e-05,6.57298622e-05,0.00495464411,1.01460014,-0.983767126,-0.00248952541,1,-0.0314886657,-0.014954899
2.988,1.54363078,1.89554412,2.16499141,0.998268479,4.28947811,0.473115745,-0.998268479,0.461369722,-6.66451462e-05,6.65878468e-05,6.65878468e-05,0.00500915527,1.02429153,-0.996539956,-0.00237717591,1,-0.027165543,-0.0129630788
2.99,1.54797106,1.897548,2.17305812,1.0040634,3.60595433,0.475243702,-1.0040634,0.464945232,-6.74473433e-05,6.73964049e-05,6.73964049e-05,0.00505766256,1.03273219,-1.00814331,-0.00225884597,1,-0.0228252633,-0.0109592002
2.992,1.55232577,1.89956268,2.17975599,1.00922734,2.92012641,0.477068399,-1.00922734,0.468232172,-6.81991986e-05,6.81543816e-05,6.81543816e-05,0.00510002198,1.0398927,-1.01853983,-0.0021349471,1,-0.0184705605,-0.00894451933
2.994,1.55669215,1.90158689,2.18508072,1.01375299,2.23242216,0.47858501,-1.01375299,0.471224741,-6.88996812e-05,6.88607084e-05,6.88607084e-05,0.00513610475,1.04574688,-1.02769513,-0.0020059155,1,-0.0141041777,-0.0069203073
2.996,1.56106746,1.90361935,2.18902889,1.01763349,1.54327083,0.479788969,-1.01763349,0.473917366,-6.95478455e-05,6.9514405e-05,6.9514405e-05,0.00516579791,1.05027192,-1.03557792,-0.00187220973,1,-0.00972886576,-0.00488784937
2.998,1.56544895,1.90565876,2.19159793,1.02086247,0.853102776,0.48067598,-1.02086247,0.476304716,-7.01428327e-05,7.01145798e-05,7.01145798e-05,0.00518900464,1.05344849,-1.04216018,-0.00173430836,1,-0.00534738103,-0.0028484439
3,1.56983384,1.9077038,2.19278613,1.02343405,0.162349284,0.481242033,-1.02343405,0.478381719,-7.06838706e-05,7.06604315e-05,7.06604315e-05,0.00520564479,1.05526086,-1.04741726,-0.00159270741,1,-0.000962484066,-0.000803401326
