angle_difference_from_tendon_rad,closure,compliance_m_N,damping,decay_s,deflection_m,deflection_rms_m,drive_kv,dt,duration,energy_change_J,energy_initial_J,equality_work_J,exact,failed,frequency,group,impedance,input_torque_Nm,input_work_J,inverse_dynamics_error_Nm,load,mass,max_closure_m,mode,num_bytes,output_work_J,precision,reference_rms_Nm,rotation,rows_mode,samples,static_error_Nm,static_reference_Nm,step_seconds,theta,timeconst,torque_difference_from_tendon_Nm,trace,work_balance_error_J
,connect,1.1398185974699997e-05,1,0.019749956422674263,-3.6752823007183003e-16,7.967059499345518e-06,5,0.0005,2,7.89340624805e-33,0.0,-1.1389970792519026e-05,1,False,1,calibration,0.99,-1.1457167586198127e-14,-1.8175051452573716e-05,0.00011878788720174741,1,0.2,1.14681603483e-05,calibrate,8,2.8889309635755452e-05,double,0.06617822933277091,90,1,4001,-1.1457167586198127e-14,0.0,0.004207527,90,0.01,,,6.757126093372898e-07
,connect,1.1398185974699997e-05,1,0.019749956422693577,-3.6726177654592e-16,7.967059499345568e-06,5,0.0005,2,2.69318382844e-33,0.0,-1.1389970792519518e-05,1,False,1,calibration,0.99,-1.1456041341757354e-14,-1.8175051452573503e-05,0.00011878788720170108,1,0.2,1.14681603483e-05,calibrate,8,2.888930963575515e-05,double,0.06617822933277091,90,1,4001,-1.1456041341757354e-14,0.0,0.003875672,90,0.010000000000000005,,,6.757126093378709e-07
,connect,1.1398185974699997e-05,1,0.019749956422693577,-3.6726177654592e-16,7.967059499345568e-06,5,0.0005,2,2.69318382844e-33,0.0,-1.1389970792519518e-05,1,False,1,calibration,0.99,-1.1456041341757354e-14,-1.8175051452573503e-05,0.00011878788720170108,1,0.2,1.14681603483e-05,calibrate,8,2.888930963575515e-05,double,0.06617822933277091,90,1,4001,-1.1456041341757354e-14,0.0,0.003737592,90,0.010000000000000005,,,6.757126093378709e-07
,weld,1.0457054266899998e-05,1,0.01975015484385735,5.91895421564346e-15,7.302294979294688e-06,5,0.0005,2,1.43191895284e-32,0.0,-1.0287246656729187e-05,1,False,1,calibration,0.99,7.368579979906715e-13,-1.8536371443292387e-05,0.00036821903413351983,1,0.2,1.05378923726e-05,calibrate,8,2.7948176063196575e-05,double,0.06619283506845348,90,1,4001,7.368579979906715e-13,0.0,0.00482686,90,0.010000000000000005,,,8.754420368249996e-07
,weld,1.0775519279299998e-05,1,0.019750148478555767,5.9310334421536745e-15,7.52502525815681e-06,5,0.0005,2,1.91762097206e-32,0.0,-1.0612178809766977e-05,1,False,1,calibration,0.9896954546604648,7.412516287485797e-13,-1.8529834559368195e-05,0.0003649943558451889,1,0.2,1.08588189104e-05,calibrate,8,2.8266642979207173e-05,double,0.06619276113569333,90,1,4001,7.412516287485797e-13,0.0,0.004855652,90,0.010000000000000005,,,8.753703899279985e-07
,weld,1.1103683013799997e-05,1,0.020359239044436823,8.676126483920026e-15,7.751659220668714e-06,5,0.0005,2,2.17376863382e-32,0.0,-1.0947384265875935e-05,1,False,1,calibration,0.99,9.944217159054257e-13,-1.8522816664594423e-05,0.0003571911050095683,1,0.2,1.11895183518e-05,calibrate,8,2.8594808675078416e-05,double,0.06619263046542326,90,1,4001,9.944217159054257e-13,0.0,0.004822894,90,0.010304545339535176,,,8.753922553919413e-07
,weld,1.1398186000900002e-05,1,0.019749956957796043,5.968159300094921e-15,7.960638952641986e-06,5,0.0005,2,1.05684437452e-31,0.0,-1.1247482222706876e-05,1,False,1,calibration,0.9890998075176296,7.497727024691659e-13,-1.851707926459909e-05,0.000358713243844074,1,0.2,1.14862983822e-05,calibrate,8,2.8889313422587513e-05,double,0.06619261683020622,90,1,4001,7.497727024691659e-13,0.0,0.005171956,90,0.00999990991577752,,,8.752480647184546e-07
,weld,1.1398186000900002e-05,1,0.019749956957796043,5.968159300094921e-15,7.960638952641986e-06,5,0.0005,2,1.05684437452e-31,0.0,-1.1247482222706876e-05,1,False,1,calibration,0.9890998075176296,7.497727024691659e-13,-1.851707926459909e-05,0.000358713243844074,1,0.2,1.14862983822e-05,calibrate,8,2.8889313422587513e-05,double,0.06619261683020622,90,1,4001,7.497727024691659e-13,0.0,0.004873891,90,0.00999990991577752,,,8.752480647184546e-07
,weld,1.1398186000900002e-05,1,0.019749956957796043,5.968159300094921e-15,7.960638952641986e-06,5,0.0005,2,1.05684437452e-31,0.0,-1.1247482222706876e-05,1,False,1,calibration,0.9890998075176296,7.497727024691659e-13,-1.851707926459909e-05,0.000358713243844074,1,0.2,1.14862983822e-05,calibrate,8,2.8889313422587513e-05,double,0.06619261683020622,90,1,4001,7.497727024691659e-13,0.0,0.004972237,90,0.00999990991577752,,,8.752480647184546e-07
,tendon,1.62166122327e-05,1,0.01975140047746731,1.3671330734155229e-14,1.1321267616000068e-05,5,0.0005,2,1.7270343049e-32,0.0,-1.634271137446576e-05,1,False,1,calibration,0.99,9.098621381897201e-13,-1.8647843258076582e-05,0.000415446804766815,1,0,1.6211486953e-05,calibrate,8,3.370771734564768e-05,double,0.06618194153397351,90,1,4001,9.098621381897201e-13,0.0,0.00279776,90,0.010000000000000005,,,1.2828372868946622e-06
,tendon,1.6710482526100003e-05,1,0.019751355682124726,1.3718892688529796e-14,1.1666076326953714e-05,5,0.0005,2,6.11441505304e-33,0.0,-1.6842414805472962e-05,1,False,1,calibration,0.9896954546604648,9.15666115584932e-13,-1.8641618331937684e-05,0.00041245883732731695,1,0,1.67052006685e-05,calibrate,8,3.420158903599355e-05,double,0.06618188490413064,90,1,4001,9.15666115584932e-13,0.0,0.002804456,90,0.010000000000000005,,,1.2824441014170947e-06
,tendon,1.7219393466500005e-05,1,0.02036048201993487,1.969060470230385e-14,1.201718113540189e-05,5,0.0005,2,4.13459512162e-33,0.0,-1.7359207504819762e-05,1,False,1,calibration,0.99,1.1926631169856388e-12,-1.8633149508301904e-05,0.0004034372032789155,1,0,1.72139490979e-05,calibrate,8,3.471050141597802e-05,double,0.06618175349635658,90,1,4001,1.1926631169856388e-12,0.0,0.002755901,90,0.010304545339535176,,,1.2818555971436476e-06
,tendon,1.13981872373e-05,1,0.02113370401026647,1.3111600694060437e-14,7.96533674559359e-06,5,0.0005,2,1.14480813681e-33,0.0,-1.1467437178536076e-05,1,False,1,calibration,0.9929699004520567,8.503746773165946e-13,-1.8708994147508708e-05,0.00044486299906141137,1,0,1.31878903283e-05,calibrate,8,2.8889278728333187e-05,double,0.06618249712495528,90,1,4001,8.503746773165946e-13,0.0,0.002810949,90,0.009999014709558171,,,1.2871525977115966e-06
,tendon,1.13981872373e-05,1,0.02113370401026647,1.3111600694060437e-14,7.96533674559359e-06,5,0.0005,2,1.14480813681e-33,0.0,-1.1467437178536076e-05,1,False,1,calibration,0.9929699004520567,8.503746773165946e-13,-1.8708994147508708e-05,0.00044486299906141137,1,0,1.31878903283e-05,calibrate,8,2.8889278728333187e-05,double,0.06618249712495528,90,1,4001,8.503746773165946e-13,0.0,0.002944484,90,0.009999014709558171,,,1.2871525977115966e-06
,tendon,1.17453141744e-05,1,0.020786423900200867,1.3155032618784121e-14,8.206400502254119e-06,5,0.0005,2,2.39120150661e-33,0.0,-1.1818654619667322e-05,1,False,1,calibration,0.9927558020466772,8.54748397675071e-13,-1.870456463578391e-05,0.0004427314458337108,1,0,1.32447589751e-05,calibrate,8,2.9236406646412096e-05,double,0.06618245695255784,90,1,4001,8.54748397675071e-13,0.0,0.002766452,90,0.009999014709558171,,,1.2868126090391376e-06
,tendon,1.2103012729e-05,1,0.0212529179697039,1.8514212385413117e-14,8.452940268252088e-06,5,0.0005,2,1.81648251845e-33,0.0,-1.2184230837469694e-05,1,False,1,calibration,0.9929699004520567,1.08563583039183e-12,-1.86961761590587e-05,0.0004331736322256006,1,0,1.34820485458e-05,calibrate,8,2.959410621182321e-05,double,0.06618230928095449,90,1,4001,1.08563583039183e-12,0.0,0.002836269,90,0.010303530042532127,,,1.2863007847051847e-06
,tendon,1.1398185998499998e-05,1,0.01976349384873513,6.7851946283791015e-15,7.968223441369955e-06,5,0.0005,2,7.2405096061e-33,0.0,-1.1461087398869926e-05,1,False,1,calibration,0.9921930164592978,5.139949188830607e-13,-1.8715600049048545e-05,0.0004581210380783401,1,0,1.28957440818e-05,calibrate,8,2.8889277489593126e-05,double,0.06618269374853401,90,1,4001,5.139949188830607e-13,0.0,0.002859601,90,0.009488472193020818,,,1.287409958325345e-06
,tendon,1.1398185998499998e-05,1,0.01976349384873513,6.7851946283791015e-15,7.968223441369955e-06,5,0.0005,2,7.2405096061e-33,0.0,-1.1461087398869926e-05,1,False,1,calibration,0.9921930164592978,5.139949188830607e-13,-1.8715600049048545e-05,0.0004581210380783401,1,0,1.28957440818e-05,calibrate,8,2.8889277489593126e-05,double,0.06618269374853401,90,1,4001,5.139949188830607e-13,0.0,0.002939783,90,0.009488472193020818,,,1.287409958325345e-06
,tendon,1.1398185998499998e-05,1,0.01976349384873513,6.7851946283791015e-15,7.968223441369955e-06,5,0.0005,2,7.2405096061e-33,0.0,-1.1461087398869926e-05,1,False,1,calibration,0.9921930164592978,5.139949188830607e-13,-1.8715600049048545e-05,0.0004581210380783401,1,0,1.28957440818e-05,calibrate,8,2.8889277489593126e-05,double,0.06618269374853401,90,1,4001,5.139949188830607e-13,0.0,0.002947358,90,0.009488472193020818,,,1.287409958325345e-06
,connect,4.407196435209999e-05,1,0.019750274045923836,1.0288170315675846e-14,3.08447200368112e-05,5,0.0005,2,3.40955526419e-33,0.0,-4.450087892508852e-05,1,False,1,calibration,0.99,8.53810476909965e-13,-1.8188742944999398e-05,0.00018545232881632404,1,0.02,5.57302474633e-05,calibrate,8,6.156399452755447e-05,double,0.06617609228915461,90,1,4001,8.53810476909965e-13,0.0,0.004073367,90,0.010000000000000005,,,1.1256273425334446e-06
,connect,4.5413673605699994e-05,1,0.019750279520386597,1.0199974198600542e-14,3.178598303816076e-05,5,0.0005,2,2.4723606121e-33,0.0,-4.585876079546306e-05,1,False,1,calibration,0.9896954546604648,8.558799395433495e-13,-1.8173389205502273e-05,0.00017979416852947628,1,0.02,5.74269884103e-05,calibrate,8,6.290573333957793e-05,double,0.06617595092750177,90,1,4001,8.558799395433495e-13,0.0,0.004065353,90,0.010000000000000005,,,1.1264166613874084e-06
,connect,4.67962141967e-05,1,0.02035938116182175,1.67688085639382e-14,3.274488730996049e-05,5,0.0005,2,1.49581856661e-32,0.0,-4.7248031447164736e-05,1,False,1,calibration,0.99,1.2973263856401327e-12,-1.816509270356094e-05,0.00017584424805107591,1,0.02,5.91753573494e-05,calibrate,8,6.428830438870184e-05,double,0.06617594088802757,90,1,4001,1.2973263856401327e-12,0.0,0.003993366,90,0.010304545339535176,,,1.1248197620238314e-06
,connect,1.13956769593e-05,1,0.019755956799296596,8.9206420028647e-15,7.957353089115465e-06,5,0.0005,2,1.53880678676e-34,0.0,-1.1432832975709121e-05,1,False,1,calibration,0.9974149520952291,5.847916071998039e-13,-1.8579374186511447e-05,0.00036383818178462946,1,0.02,1.44094964266e-05,calibrate,8,2.888698729883148e-05,double,0.0661796900009118,90,1,4001,5.847916071998039e-13,0.0,0.004203087,90,0.009999964616074138,,,1.1252198633890884e-06
,connect,1.13956769593e-05,1,0.019755956799296596,8.9206420028647e-15,7.957353089115465e-06,5,0.0005,2,1.53880678676e-34,0.0,-1.1432832975709121e-05,1,False,1,calibration,0.9974149520952291,5.847916071998039e-13,-1.8579374186511447e-05,0.00036383818178462946,1,0.02,1.44094964266e-05,calibrate,8,2.888698729883148e-05,double,0.0661796900009118,90,1,4001,5.847916071998039e-13,0.0,0.003925814,90,0.009999964616074138,,,1.1252198633890884e-06
,connect,1.13956769593e-05,1,0.019755956799296596,8.9206420028647e-15,7.957353089115465e-06,5,0.0005,2,1.53880678676e-34,0.0,-1.1432832975709121e-05,1,False,1,calibration,0.9974149520952291,5.847916071998039e-13,-1.8579374186511447e-05,0.00036383818178462946,1,0.02,1.44094964266e-05,calibrate,8,2.888698729883148e-05,double,0.0661796900009118,90,1,4001,5.847916071998039e-13,0.0,0.00392096,90,0.009999964616074138,,,1.1252198633890884e-06
,connect,0.00034018387021499997,1,0.020039104010752668,2.447448022025617e-13,0.00023887371760384228,5,0.0005,2,1.07168733738e-33,0.0,-0.0003442541869606453,1,False,1,calibration,0.99,2.371968982829968e-11,-1.5784533058827815e-05,0.001425800114061377,1,0.002,0.000504300547164,calibrate,8,0.0003576850106771342,double,0.06615621412789911,90,1,4001,2.371968982829968e-11,0.0,0.003883973,90,0.010000000000000005,,,2.353709342338959e-06
,connect,0.0003504835377150001,1,0.020070232630635027,2.6081701243187724e-13,0.0002461183611703042,5,0.0005,2,3.3162349581e-33,0.0,-0.0003546816538549753,1,False,1,calibration,0.9896954546604648,2.887743242754048e-11,-1.5722065984576455e-05,0.0014736104202780459,1,0.002,0.000519896058972,calibrate,8,0.0003679849840128196,double,0.06615568080991624,90,1,4001,2.887743242754048e-11,0.0,0.003988817,90,0.010000000000000005,,,2.418735826732136e-06
,connect,0.000361093144234,1,0.020668881620868086,5.18226439538948e-13,0.00025350947883292184,5,0.0005,2,1.47699217667e-32,0.0,-0.0003652961216411658,1,False,1,calibration,0.99,3.6666603579247924e-11,-1.5685161068918365e-05,0.001462137064516056,1,0.002,0.000535457345758,calibrate,8,0.0003785949056081087,double,0.06615605980772071,90,1,4001,3.6666603579247924e-11,0.0,0.003822386,90,0.010304545339535176,,,2.3863771019755147e-06
,connect,0.00010808424596416129,1,0.023571750041202433,1.8847248206555315e-13,7.561989265284484e-05,5,0.0005,2,2.20895471961e-32,0.0,-0.00010913776797884676,1,False,1,calibration,0.9977686983985157,1.6060179200110352e-11,-1.7717936717489426e-05,0.0001848857815333029,1,0.002,0.000159065402265,calibrate,8,0.00012557850404810658,double,0.06617420988256673,90,1,4001,1.6060179200110352e-11,0.0,0.003801962,90,0.011909815611947655,,,1.277200648229607e-06
,connect,0.00010808424596416129,1,0.023571750041202433,1.8847248206555315e-13,7.561989265284484e-05,5,0.0005,2,2.20895471961e-32,0.0,-0.00010913776797884676,1,False,1,calibration,0.9977686983985157,1.6060179200110352e-11,-1.7717936717489426e-05,0.0001848857815333029,1,0.002,0.000159065402265,calibrate,8,0.00012557850404810658,double,0.06617420988256673,90,1,4001,1.6060179200110352e-11,0.0,0.00383002,90,0.011909815611947655,,,1.277200648229607e-06
,connect,0.000111369829159,1,0.023571903559866724,1.7971482080269204e-13,7.792312517729792e-05,5,0.0005,2,2.65984052326e-31,0.0,-0.00011245630656772067,1,False,1,calibration,0.9977007451481328,1.6068409164367303e-11,-1.768849868454462e-05,0.00019450248257806783,1,0.002,0.000163904727905,calibrate,8,0.00012886418454164614,double,0.06617398481492372,90,1,4001,1.6068409164367303e-11,0.0,0.003873027,90,0.011909815611947655,,,1.280620710619149e-06
,connect,0.00011475509799199995,1,0.02429735849378406,3.358319400347774e-13,8.026809217283474e-05,5,0.0005,2,2.14968945523e-33,0.0,-0.00011584653102375703,1,False,1,calibration,0.9977686983985157,2.5713628944310177e-11,-1.7680017588017905e-05,0.00019580693466102046,1,0.002,0.000168890290866,calibrate,8,0.0001322495536303728,double,0.06617406377513385,90,1,4001,2.5713628944310177e-11,0.0,0.003913806,90,0.012272523495881843,,,1.2769949814021392e-06
,connect,1.7033134584500002e-05,1,0.019753686026908142,1.374651503738311e-14,1.1891457886959953e-05,5,0.0005,2,1.20267334037e-32,0.0,-1.716620063848689e-05,1,False,1,calibration,0.9995021293163213,9.585975717355283e-13,-1.8621953768446183e-05,0.0003988355620446484,1,0.002,2.50517517904e-05,calibrate,8,3.452469773738588e-05,double,0.06618146184826539,90,1,4001,9.585975717355283e-13,0.0,0.003978346,90,0.01000148567760708,,,1.263456669547197e-06
,connect,1.7033134584500002e-05,1,0.019753686026908142,1.374651503738311e-14,1.1891457886959953e-05,5,0.0005,2,1.20267334037e-32,0.0,-1.716620063848689e-05,1,False,1,calibration,0.9995021293163213,9.585975717355283e-13,-1.8621953768446183e-05,0.0003988355620446484,1,0.002,2.50517517904e-05,calibrate,8,3.452469773738588e-05,double,0.06618146184826539,90,1,4001,9.585975717355283e-13,0.0,0.003828973,90,0.01000148567760708,,,1.263456669547197e-06
,connect,1.75517202744e-05,1,0.019753665371665893,1.3792833541967824e-14,1.2253741799310906e-05,5,0.0005,2,1.19348993163e-32,0.0,-1.7690946633645584e-05,1,False,1,calibration,0.9994869668966808,9.65555993272951e-13,-1.8615439892621055e-05,0.0003956575886550842,1,0.002,2.5814558725e-05,calibrate,8,3.504329876848264e-05,double,0.06618140204802908,90,1,4001,9.65555993272951e-13,0.0,0.003862781,90,0.01000148567760708,,,1.2630877577839986e-06
,connect,1.80860899454e-05,1,0.02036286638763239,2.0380186427359332e-14,1.2622514493749376e-05,5,0.0005,2,3.6613338369e-35,0.0,-1.823303870991541e-05,1,False,1,calibration,0.9995021293163213,1.305160042448653e-12,-1.860713008564479e-05,0.00038702412666124435,1,0.002,2.66005859225e-05,calibrate,8,3.5577684247604596e-05,double,0.06618128001026818,90,1,4001,1.305160042448653e-12,0.0,0.003901507,90,0.01030607626276138,,,1.262484547955605e-06
,connect,1.13979388182e-05,1,0.02095559615774737,1.3091216999329124e-14,7.964452427930442e-06,5,0.0005,2,6.6569467197e-32,0.0,-1.1464085827424438e-05,1,False,1,calibration,0.9996667410352379,8.722791695903889e-13,-1.8693346077837566e-05,0.00043381666005047457,1,0.002,1.6763072472e-05,calibrate,8,2.8889335272701377e-05,double,0.06618211817511344,90,1,4001,8.722791695903889e-13,0.0,0.003960047,90,0.009999482331361774,,,1.2680966325606268e-06
,connect,1.13979388182e-05,1,0.02095559615774737,1.3091216999329124e-14,7.964452427930442e-06,5,0.0005,2,6.6569467197e-32,0.0,-1.1464085827424438e-05,1,False,1,calibration,0.9996667410352379,8.722791695903889e-13,-1.8693346077837566e-05,0.00043381666005047457,1,0.002,1.6763072472e-05,calibrate,8,2.8889335272701377e-05,double,0.06618211817511344,90,1,4001,8.722791695903889e-13,0.0,0.003947216,90,0.009999482331361774,,,1.2680966325606268e-06
,connect,1.17449903574e-05,1,0.02063594075975759,1.3132428478000482e-14,8.205537995147701e-06,5,0.0005,2,2.06177512161e-35,0.0,-1.1815255547678838e-05,1,False,1,calibration,0.9996565917887802,8.779421524224577e-13,-1.868891887430428e-05,0.0004316444537842663,1,0.002,1.72735246356e-05,calibrate,8,2.9236397077969222e-05,double,0.0661820774715236,90,1,4001,8.779421524224577e-13,0.0,0.003863974,90,0.009999482331361774,,,1.2677773440138955e-06
,connect,1.21026070234e-05,1,0.02110043814620471,1.8826984415906204e-14,8.452014160551148e-06,5,0.0005,2,1.85940272745e-32,0.0,-1.2180593019745477e-05,1,False,1,calibration,0.9996667410352379,1.143433053989257e-12,-1.868070717982825e-05,0.00042235794994675206,1,0.002,1.77995174421e-05,calibrate,8,2.9594024322568273e-05,double,0.06618193602455802,90,1,4001,1.143433053989257e-12,0.0,0.003935544,90,0.010304011905539824,,,1.2672758770054542e-06
,connect,1.1398182840099997e-05,1,0.01975035709911689,7.0897065995706e-15,7.967347133229202e-06,5,0.0005,2,4.50910815898e-32,0.0,-1.1458867881405594e-05,1,False,1,calibration,0.9996337190084423,5.413298851148825e-13,-1.8699062120685998e-05,0.00044525601049405923,1,0.002,1.67634333653e-05,calibrate,8,2.8889579301810807e-05,double,0.06618228402297735,90,1,4001,5.413298851148825e-13,0.0,0.003809171,90,0.009538188412192611,,,1.2683507002807854e-06
,connect,1.1398182840099997e-05,1,0.01975035709911689,7.0897065995706e-15,7.967347133229202e-06,5,0.0005,2,4.50910815898e-32,0.0,-1.1458867881405594e-05,1,False,1,calibration,0.9996337190084423,5.413298851148825e-13,-1.8699062120685998e-05,0.00044525601049405923,1,0.002,1.67634333653e-05,calibrate,8,2.8889579301810807e-05,double,0.06618228402297735,90,1,4001,5.413298851148825e-13,0.0,0.003907454,90,0.009538188412192611,,,1.2683507002807854e-06
,connect,1.1398182840099997e-05,1,0.01975035709911689,7.0897065995706e-15,7.967347133229202e-06,5,0.0005,2,4.50910815898e-32,0.0,-1.1458867881405594e-05,1,False,1,calibration,0.9996337190084423,5.413298851148825e-13,-1.8699062120685998e-05,0.00044525601049405923,1,0.002,1.67634333653e-05,calibrate,8,2.8889579301810807e-05,double,0.06618228402297735,90,1,4001,5.413298851148825e-13,0.0,0.003877763,90,0.009538188412192611,,,1.2683507002807854e-06
,connect,1.3258203424899998e-06,1,0.014819349865036607,4.369837824923999e-17,9.442681632011857e-07,5,0.0005,2,5.8893995572e-32,0.0,-1.177701341896262e-06,1,False,1,calibration,0.99989999,-3.358018628173062e-16,-1.8889298567321885e-05,0.0012405921742929837,1,0.0002,3.89525840229e-06,calibrate,8,1.881692030985446e-05,double,0.06620349129334809,90,1,4001,-3.358018628173062e-16,0.0,0.003978882,90,0.0020000000000000005,,,1.2500795993636858e-06
,connect,5.302901634610001e-06,1,0.010692414946562806,4.0722980543244994e-17,3.7333041315221528e-06,5,0.0005,2,1.0584950684e-32,0.0,-5.2101863332379705e-06,1,False,1,calibration,0.99989999,-2.700293671575568e-16,-1.8872054581086746e-05,0.0007914893673070401,1,0.0002,8.08433632011e-06,calibrate,8,2.2794123544455572e-05,double,0.06618932017314426,90,1,4001,-2.700293671575568e-16,0.0,0.003962715,90,0.004000000000000002,,,1.2881173698691441e-06
,connect,1.1930104746000001e-05,1,0.01175034072682994,3.828048988907e-17,8.368604428245934e-06,5,0.0005,2,9.58410552535e-32,0.0,-1.1974692923979747e-05,1,False,1,calibration,0.99989999,8.900700018090843e-16,-1.8735138278024362e-05,0.0005597627776901044,1,0.0002,1.79315487871e-05,calibrate,8,2.942152986903154e-05,double,0.0661841476040187,90,1,4001,8.900700018090843e-16,0.0,0.00392665,90,0.005999999999999998,,,1.2883013329725685e-06
,connect,3.312652447299999e-05,1,0.019750542046253775,1.4268541903562126e-14,2.315796954435386e-05,5,0.0005,2,1.08524302425e-31,0.0,-3.34545112014645e-05,1,False,1,calibration,0.99989999,1.143384312394162e-12,-1.8436833022076284e-05,0.00031163329884210933,1,0.0002,4.97989960494e-05,calibrate,8,5.0618599673537256e-05,double,0.06617995081274276,90,1,4001,1.143384312394162e-12,0.0,0.00405677,90,0.010000000000000005,,,1.2727445500035302e-06
,connect,0.00013226895595100003,1,0.03975375611378244,-1.8476597185568338e-10,9.186761689158045e-05,5,0.0005,2,6.6027442641e-33,0.0,-0.00013310239506056484,1,False,1,calibration,0.99989999,-7.220564495389563e-09,-1.7904693911608512e-05,0.0001505821183426048,1,0.0002,0.000198990880317,calibrate,8,0.0001497640742272318,double,0.06617689440511192,90,1,4001,-7.220564495389563e-09,0.0,0.00401235,90,0.02,,,1.2430147449415702e-06
,connect,2.6513122764800004e-06,1,0.00699735508404182,3.3528735343674993e-17,1.8716441535696777e-06,5,0.0005,2,9.07963265138e-31,0.0,-2.5290228325763967e-06,1,False,1,calibration,0.9998,-3.7290825698812906e-16,-1.8878480375742044e-05,0.001167259685921613,1,0.0002,4.71930009617e-06,calibrate,8,2.0142452884378194e-05,double,0.06620045839925132,90,1,4001,-3.7290825698812906e-16,0.0,0.003875598,90,0.0020000000000000005,,,1.265050323940247e-06
,connect,1.0603730517999999e-05,1,0.007750147411562427,3.4594549447314995e-17,7.4578595882981596e-06,5,0.0005,2,2.65355075226e-34,0.0,-1.0628742779860338e-05,1,False,1,calibration,0.9998,-2.5687266113538313e-16,-1.8765812175084633e-05,0.0006720165784588184,1,0.0002,1.59377774342e-05,calibrate,8,2.809511496836931e-05,double,0.06618589753769809,90,1,4001,-2.5687266113538313e-16,0.0,0.003848489,90,0.004000000000000002,,,1.299439986575662e-06
,connect,2.3852699577100003e-05,1,0.011750155057159541,3.685940441755e-17,1.6747628490523358e-05,5,0.0005,2,6.09563830481e-32,0.0,-2.4114552676998347e-05,1,False,1,calibration,0.9998,3.506056339633448e-16,-1.8527727032710115e-05,0.00041146777003488286,1,0.0002,3.58550932742e-05,calibrate,8,4.1344490333926615e-05,double,0.06618065262523377,90,1,4001,3.506056339633448e-16,0.0,0.003981674,90,0.005999999999999998,,,1.2977893757818468e-06
,connect,6.620689907512722e-05,1,0.019751022680839884,6.889111503482561e-15,4.636328597676484e-05,5,0.0005,2,1.74708558256e-31,0.0,-6.692992325114801e-05,1,False,1,calibration,0.9998,9.279710369941642e-13,-1.805387943676594e-05,0.00016446270399377442,1,0.0002,9.9554771734e-05,calibrate,8,8.369998919405326e-05,double,0.06617646003192436,90,1,4001,9.279710369941642e-13,0.0,0.003917205,90,0.010000000000000005,,,1.283813493860688e-06
,connect,0.00026388002875700006,1,0.039757983319031784,2.2545116507010286e-10,0.0001835745164977881,5,0.0005,2,6.13441438264e-32,0.0,-0.000265411683933163,1,False,1,calibration,0.9998,-1.2624054830604393e-09,-1.724446309329839e-05,0.00035389873006823054,1,0.0002,0.000397400260595,calibrate,8,0.0002813791929670077,double,0.06617350112616281,90,1,4001,-1.2624054830604393e-09,0.0,0.003936755,90,0.02,,,1.2769540594536515e-06
,connect,6.627806122657347e-06,1,0.0037500548319606614,4.3476333644315e-17,4.67438104719591e-06,5,0.0005,2,4.03373541146e-34,0.0,-6.591829316371729e-06,1,False,1,calibration,0.9995,-2.892737542285136e-16,-1.8862160855876748e-05,0.0009846469460252272,1,0.0002,9.96152050851e-06,calibrate,8,2.4119068657329216e-05,double,0.06619255294815583,90,1,4001,-2.892737542285136e-16,0.0,0.003834234,90,0.0020000000000000005,,,1.3349215149192616e-06
,connect,2.6501734279378494e-05,1,0.007749993854145791,3.2995828291855e-17,1.866057334949858e-05,5,0.0005,2,2.24098028265e-31,0.0,-2.689078321736495e-05,1,False,1,calibration,0.9995,-3.1378986067619504e-16,-1.850125966127355e-05,0.00040862534044430526,1,0.0002,3.98378898097e-05,calibrate,8,4.399360628296233e-05,double,0.06617717089741541,90,1,4001,-3.1378986067619504e-16,0.0,0.00393824,90,0.004000000000000002,,,1.3984365956761727e-06
,connect,5.95933234561e-05,1,0.011750088419551651,2.7666757773655e-17,4.190652648179656e-05,5,0.0005,2,5.94063781725e-32,0.0,-6.051747055315802e-05,1,False,1,calibration,0.9995,-1.5565654814216924e-16,-1.799960936498748e-05,0.00024721265138784277,1,0.0002,8.96054949964e-05,calibrate,8,7.708621063193685e-05,double,0.06617181246256479,90,1,4001,-1.5565654814216924e-16,0.0,0.003871397,90,0.005999999999999998,,,1.4308692862086538e-06
,connect,0.000165220980431,1,0.019766076167606644,-2.7510216327189243e-14,0.00011588828076912881,5,0.0005,2,1.06091921573e-31,0.0,-0.00016713854658270894,1,False,1,calibration,0.9995,-2.641839438380894e-12,-1.7076475707772152e-05,0.0005411972475272327,1,0.0002,0.000248725011183,calibrate,8,0.00018271711103313973,double,0.06616769096627265,90,1,4001,-2.641839438380894e-12,0.0,0.003929963,90,0.010000000000000005,,,1.497911257341357e-06
,connect,0.000654977107139,1,0.03985035692853008,1.9184847573684852e-09,0.0004564382069133176,5,0.0005,2,2.60805441804e-31,0.0,-0.0006586330796882836,1,False,1,calibration,0.9995,5.965444141068007e-08,-1.559031178914202e-05,0.001124801558425956,1,0.0002,0.000990281922695,calibrate,8,0.0006724883367009825,double,0.06616503154658437,90,1,4001,5.965444141068007e-08,0.0,0.003899151,90,0.02,,,1.735054776443143e-06
,connect,1.3254030436800003e-05,1,0.00374997397721843,3.379518886958499e-17,9.352353549884894e-06,5,0.0005,2,1.27182480966e-31,0.0,-1.3384464447973071e-05,1,False,1,calibration,0.999,-3.387376303290655e-16,-1.8875632940194923e-05,0.0008121621488484551,1,0.0002,1.99216756438e-05,calibrate,8,3.074549615823283e-05,double,0.0661823792718397,90,1,4001,-3.387376303290655e-16,0.0,0.003876881,90,0.0020000000000000005,,,1.5146012299351642e-06
,connect,5.297816731318566e-05,1,0.00774977666347242,3.0597746558665e-17,3.733419364813152e-05,5,0.0005,2,8.17768529106e-31,0.0,-5.400090285209226e-05,1,False,1,calibration,0.999,-3.9492136519494944e-16,-1.8192111822080714e-05,0.0005255707856747518,1,0.0002,7.96539338366e-05,calibrate,8,7.047085151546862e-05,double,0.06616635767456848,90,1,4001,-3.9492136519494944e-16,0.0,0.003831608,90,0.004000000000000002,,,1.722163158704356e-06
,connect,0.000119058624533,1,0.011759773787805019,2.851052727237e-17,8.38000376318658e-05,5,0.0005,2,4.78171084946e-31,0.0,-0.00012111162229968565,1,False,1,calibration,0.999,1.4558015877629765e-16,-1.7346314281554296e-05,0.0008115567502375738,1,0.0002,0.000179407795736,calibrate,8,0.0001365533370977852,double,0.06616100753044,90,1,4001,1.4558015877629765e-16,0.0,0.003910897,90,0.005999999999999998,,,1.9045994834547265e-06
,connect,0.0003294557610180001,1,0.020017969100197604,2.368420126685576e-13,0.0002313306799788511,5,0.0005,2,9.09003137848e-33,0.0,-0.0003333839453292442,1,False,1,calibration,0.999,2.0532567703699547e-11,-1.58576487761652e-05,0.0013659350264860072,1,0.0002,0.000499067198863,calibrate,8,0.0003469569438042441,double,0.06615709756134237,90,1,4001,2.0532567703699547e-11,0.0,0.003875373,90,0.010000000000000005,,,2.284650301165314e-06
,connect,0.00129430269031,1,0.04059862467590282,-7.994467701344338e-09,0.000903514878077058,5,0.0005,2,7.13867899289e-27,0.0,-0.0013015628398355095,1,False,1,calibration,0.999,2.1837196081087727e-07,-1.3597086528516647e-05,0.0022604141372749515,1,0.0002,0.00198063769414,calibrate,8,0.001311833781234913,double,0.06615490451838543,90,1,4001,2.1837196081087727e-07,0.0,0.003903401,90,0.02,,,3.3261451291132643e-06
,connect,0.000132255761974,1,0.008140149067246758,3.5527136783499226e-19,9.356716398422249e-05,5,0.0005,2,1.99585307041e-30,0.0,-0.00013668558739945153,1,False,1,calibration,0.99,3.1560963724336144e-14,-2.090900897454214e-05,0.0034089996291622694,1,0.0002,0.000242624948501,calibrate,8,0.0001497508798454537,double,0.06614017533034956,90,1,4001,3.1560963724336144e-14,0.0,0.00385161,90,0.0020000000000000005,,,7.843716528539978e-06
,connect,0.0005252393536230001,1,0.016751019062527288,-8.5582079112366e-11,0.00037184951094710185,5,0.0005,2,2.59798793086e-31,0.0,-0.0005391486215429847,1,False,1,calibration,0.99,9.227994557110955e-09,-1.8089958302281403e-05,0.005235250405436247,1,0.0002,0.000969484601661,calibrate,8,0.0005427465737136871,double,0.06612750361625798,90,1,4001,9.227994557110955e-09,0.0,0.003783388,90,0.004000000000000002,,,1.4492006131578924e-05
,connect,0.00116768121308,1,0.025295607342336195,4.702089763019432e-09,0.0008272256234131557,5,0.0005,2,3.29049719224e-24,0.0,-0.0011910320583447928,1,False,1,calibration,0.99,5.553637904422515e-07,-1.5139821069092108e-05,0.006603861724441228,1,0.0002,0.00216725557687,calibrate,8,0.0011852083566310581,double,0.06612426238864484,90,1,4001,5.553637904422515e-07,0.0,0.003853365,90,0.005999999999999998,,,2.0963522782826722e-05
,connect,0.0031202398327603224,1,0.04225322019115265,7.933510629558495e-07,0.0022132705362074108,5,0.0005,2,7.53673732305e-16,0.0,-0.0031600047901749807,1,False,1,calibration,0.99,1.2368880682880515e-05,-1.1165394249294383e-05,0.008649203141425121,1,0.0002,0.00589166405182,calibrate,8,0.0031378286190823987,double,0.06612261652893665,90,1,4001,1.2368880682880515e-05,0.0,0.003943772,90,0.010000000000000005,,,3.3341565342630015e-05
,connect,0.010378354653093549,1,0.083353013309008,-8.209497972352906e-05,0.007383985781779262,5,0.0005,2,2.8853867955e-09,0.0,-0.010448076209204666,1,False,1,calibration,0.99,0.0006042221752960298,-7.324849027193473e-06,0.012010987585165073,1,0.0002,0.0213073267742,calibrate,8,0.010395927075891239,double,0.06612276072581402,90,1,4001,0.0006042221752960298,0.0,0.003925771,90,0.02,,,5.9476867727416977e-05
,connect,1.1930104746000001e-05,1,0.01175034072682994,3.828048988907e-17,8.368604428245934e-06,5,0.0005,2,9.58410552535e-32,0.0,-1.1974692923979747e-05,1,False,1,calibration,0.99989999,8.900700018090843e-16,-1.8735138278024362e-05,0.0005597627776901044,1,0.0002,1.79315487871e-05,calibrate,8,2.942152986903154e-05,double,0.0661841476040187,90,1,4001,8.900700018090843e-16,0.0,0.003930887,90,0.005999999999999998,,,1.2883013329725685e-06
,connect,1.2293350094326524e-05,1,0.011750327770748437,3.987921104453e-17,8.62346341951587e-06,5,0.0005,2,6.69375671279e-32,0.0,-1.2344526237065709e-05,1,False,1,calibration,0.9998969442420593,8.96116664866181e-16,-1.872854958951566e-05,0.0005549903443086037,1,0.0002,1.84775763499e-05,calibrate,8,2.9784786356304628e-05,double,0.06618403639314722,90,1,4001,8.96116664866181e-16,0.0,0.003983415,90,0.005999999999999998,,,1.2882894702767402e-06
,connect,1.2667652937221864e-05,1,0.012115796413449162,4.1167069753095e-17,8.884043463114767e-06,5,0.0005,2,6.29114477349e-31,0.0,-1.2725649557410348e-05,1,False,1,calibration,0.99989999,1.0210797797518836e-15,-1.8721246474158285e-05,0.0005437190503779662,1,0.0002,1.90402299214e-05,calibrate,8,3.015910067724209e-05,double,0.06618383770279931,90,1,4001,1.0210797797518836e-15,0.0,0.004086271,90,0.0061827272037211015,,,1.2877953543265427e-06
,connect,3.2978568744700006e-05,1,0.01970579977035886,1.3771028761765832e-14,2.3054889532995572e-05,5,0.0005,2,4.47888235172e-33,0.0,-3.330508642361856e-05,1,False,1,calibration,0.99989999,1.1098526265701575e-12,-1.8438390089910944e-05,0.00031258522609562545,1,0.0002,4.95765186521e-05,calibrate,8,5.047063940689383e-05,double,0.06617996483907154,90,1,4001,1.1098526265701575e-12,0.0,0.004022036,90,0.009977629788976402,,,1.272837106635675e-06
,connect,1.9836202690800004e-05,1,0.015224994730243635,2.0157209235092997e-16,1.3890410701740966e-05,5,0.0005,2,3.38990552167e-32,0.0,-2.0007908777777735e-05,1,False,1,calibration,0.99989999,2.4585894832505607e-14,-1.8602158591320095e-05,0.0004291720566435585,1,0.0002,2.98166507321e-05,calibrate,8,3.73278702659732e-05,double,0.06618178918532082,90,1,4001,2.4585894832505607e-14,0.0,0.003887767,90,0.007737297896155896,,,1.2821971031246294e-06
,connect,1.538350541731792e-05,1,0.013377358042870073,5.1203485895715e-17,1.0781439382606486e-05,5,0.0005,2,2.3784133391e-33,0.0,-1.5487891201176637e-05,1,False,1,calibration,0.99989999,3.588464867857641e-15,-1.8672888330907874e-05,0.0004929039924339382,1,0.0002,2.31228062908e-05,calibrate,8,3.2875036440785725e-05,double,0.0661828942888549,90,1,4001,3.588464867857641e-15,0.0,0.003886563,90,0.006813500376233594,,,1.2857430912987858e-06
,connect,1.538350541731792e-05,1,0.013377358042870073,5.1203485895715e-17,1.0781439382606486e-05,5,0.0005,2,2.3784133391e-33,0.0,-1.5487891201176637e-05,1,False,1,calibration,0.99989999,3.588464867857641e-15,-1.8672888330907874e-05,0.0004929039924339382,1,0.0002,2.31228062908e-05,calibrate,8,3.2875036440785725e-05,double,0.0661828942888549,90,1,4001,3.588464867857641e-15,0.0,0.003905713,90,0.006813500376233594,,,1.2857430912987858e-06
,connect,1.5851869157099992e-05,1,0.013377346817744554,4.8183679268744995e-17,1.1110077422156445e-05,5,0.0005,2,5.03352222428e-32,0.0,-1.5964033294900313e-05,1,False,1,calibration,0.9998969442420593,3.4518698632823952e-15,-1.8665060050710232e-05,0.0004878369809765258,1,0.0002,2.3826885469e-05,calibrate,8,3.33434145436479e-05,double,0.06618278279350054,90,1,4001,3.4518698632823952e-15,0.0,0.003846472,90,0.006813500376233594,,,1.285678801962646e-06
,connect,1.63344884267e-05,1,0.013792369935598136,6.0396132539635e-17,1.1445623248982833e-05,5,0.0005,2,1.44050467218e-32,0.0,-1.645409781771112e-05,1,False,1,calibration,0.99989999,5.444611015176149e-15,-1.8656940106848954e-05,0.0004775745379664806,1,0.0002,2.4552402632e-05,calibrate,8,3.382604861346728e-05,double,0.06618262075169777,90,1,4001,5.444611015176149e-15,0.0,0.003877439,90,0.007021002354783901,,,1.2849893110927944e-06
,connect,3.304987197130001e-05,1,0.01972737456321204,1.4007284221405539e-14,2.3104566378845494e-05,5,0.0005,2,4.0979542948e-33,0.0,-3.337709823187301e-05,1,False,1,calibration,0.99989999,1.125886495790716e-12,-1.8437639055603764e-05,0.0003121257544069478,1,0.0002,4.96837355062e-05,calibrate,8,5.054194482061649e-05,double,0.06617995806752691,90,1,4001,1.125886495790716e-12,0.0,0.003936053,90,0.009988416741332546,,,1.272792466860285e-06
,connect,2.2548912999408245e-05,1,0.016249648310980424,5.65858471191005e-16,1.5783440291752606e-05,5,0.0005,2,1.551891313e-31,0.0,-2.2757249811999753e-05,1,False,1,calibration,0.99989999,6.825307523960019e-14,-1.8563502019454732e-05,0.000398319595603442,1,0.0002,3.38949555168e-05,calibrate,8,4.004066376985424e-05,double,0.06618128338272393,90,1,4001,6.825307523960019e-14,0.0,0.003913552,90,0.008249610974164007,,,1.2800880616002427e-06
,connect,1.862486497845842e-05,1,0.014744882833075618,1.2598810883452496e-16,1.3044844310820171e-05,5,0.0005,2,2.13037219964e-32,0.0,-1.877920986476682e-05,1,False,1,calibration,0.99989999,1.4881957552907938e-14,-1.862044458425466e-05,0.0004446625117967886,1,0.0002,2.79955728101e-05,calibrate,8,3.611649540453318e-05,double,0.06618205012644814,90,1,4001,1.4881957552907938e-14,0.0,0.003829728,90,0.007497247993513833,,,1.2831590444882975e-06
,connect,1.6926798598299998e-05,1,0.014044775351572407,7.194245199573501e-17,1.1859251090866203e-05,5,0.0005,2,2.30152196435e-32,0.0,-1.7055644280267922e-05,1,False,1,calibration,0.99989999,7.127291255568013e-15,-1.8647249202441126e-05,0.00046855505003834104,1,0.0002,2.54428230034e-05,calibrate,8,3.441837694928936e-05,double,0.06618246213677928,90,1,4001,7.127291255568013e-15,0.0,0.003883208,90,0.007147202391462207,,,1.2845165334196844e-06
,connect,1.538350541731792e-05,1,0.013377358042870073,5.1203485895715e-17,1.0781439382606486e-05,5,0.0005,2,2.3784133391e-33,0.0,-1.5487891201176637e-05,1,False,1,calibration,0.99989999,3.588464867857641e-15,-1.8672888330907874e-05,0.0004929039924339382,1,0.0002,2.31228062908e-05,calibrate,8,3.2875036440785725e-05,double,0.0661828942888549,90,1,4001,3.588464867857641e-15,0.0,0.003891835,90,0.006813500376233594,,,1.2857430912987858e-06
,connect,8.285338817115697e-06,0.5,0.012976734021913995,3.1752378504274994e-17,5.8662397101075445e-06,5,0.0005,2,2.08049954042e-32,0.0,-8.325089913237258e-06,1,False,1,calibration,0.99989999,-4.381035970316156e-16,-1.8838383703176913e-05,0.0005460022421464536,1,0.0002,1.54536178768e-05,calibrate,8,2.5776652176697814e-05,double,0.06618127861267627,90,1,4001,-4.381035970316156e-16,0.0,0.003897808,90,0.010000000000000005,,,1.3868214397163573e-06
,connect,8.797594396762149e-06,0.5152272669767585,0.012266328373042083,3.2152058793140006e-17,6.2226370219307536e-06,5,0.0005,2,3.74391834437e-31,0.0,-8.850595764338047e-06,1,False,1,calibration,0.99989999,6.874510495891276e-17,-1.881577407824814e-05,0.0005262182453636247,1,0.0002,1.57492333012e-05,calibrate,8,2.6288923463914315e-05,double,0.06618116165670114,90,1,4001,6.874510495891276e-17,0.0,0.003919969,90,0.010000000000000005,,,1.3774463786718716e-06
,connect,8.797594396756235e-06,0.5,0.012652511776858095,3.1308289294425e-17,6.2253536473963875e-06,5,0.0005,2,9.05453189608e-34,0.0,-8.853944478057659e-06,1,False,1,calibration,0.99989999,6.369003551413412e-16,-1.881701894863246e-05,0.0005253310793032564,1,0.0002,1.59935814049e-05,calibrate,8,2.6288923463893153e-05,double,0.06618100480336314,90,1,4001,6.369003551413412e-16,0.0,0.003929069,90,0.010304545339535176,,,1.382039962796967e-06
,connect,1.139810606127706e-05,0.29234472967546793,0.02198582422305744,6.16932238628957e-13,8.117304500513334e-06,5,0.0005,2,1.3573347959e-30,0.0,-1.1610300078016191e-05,1,False,1,calibration,0.99989999,-7.075311448723657e-10,-1.871954333566475e-05,0.00048390326958721946,1,0.0002,2.3640028009e-05,calibrate,8,2.8889514870660637e-05,double,0.06617796040447829,90,1,4001,-7.075311448723657e-10,0.0,0.004028853,90,0.02006079404873449,,,1.4403285430203054e-06
,connect,1.139810606127706e-05,0.29234472967546793,0.02198582422305744,6.16932238628957e-13,8.117304500513334e-06,5,0.0005,2,1.3573347959e-30,0.0,-1.1610300078016191e-05,1,False,1,calibration,0.99989999,-7.075311448723657e-10,-1.871954333566475e-05,0.00048390326958721946,1,0.0002,2.3640028009e-05,calibrate,8,2.8889514870660637e-05,double,0.06617796040447829,90,1,4001,-7.075311448723657e-10,0.0,0.003963176,90,0.02006079404873449,,,1.4403285430203054e-06
,connect,1.21027719673e-05,0.30124795217150113,0.02043760246804016,-2.1547814643711135e-12,8.605966497390656e-06,5,0.0005,2,5.96279492723e-31,0.0,-1.2334047695877805e-05,1,False,1,calibration,0.99989999,6.486859744502817e-10,-1.8685411156041605e-05,0.00045378652640201374,1,0.0002,2.43446191131e-05,calibrate,8,2.95942023851715e-05,double,0.06617786718297515,90,1,4001,6.486859744502817e-10,0.0,0.003885123,90,0.02006079404873449,,,1.4252564667479097e-06
,connect,1.21027719673e-05,0.29234472967546793,0.021282424805943057,-3.2182010389909425e-12,8.611048486134283e-06,5,0.0005,2,2.51228830651e-30,0.0,-1.2338512444651838e-05,1,False,1,calibration,0.99989999,9.533281711123848e-10,-1.8686020519058258e-05,0.0004599681250760543,1,0.0002,2.46117797116e-05,calibrate,8,2.959420238520612e-05,double,0.06617778354021601,90,1,4001,9.533281711123848e-10,0.0,0.003891301,90,0.020671736182226175,,,1.4303305785039764e-06
,connect,1.13981859751e-05,0.31651249396857695,0.019758386387527603,7.69960983854621e-14,8.104176780154403e-06,5,0.0005,2,3.38560763387e-31,0.0,-1.1599037054747649e-05,1,False,1,calibration,0.99989999,-1.9267956736654882e-10,-1.8716751464095623e-05,0.00046774343726159684,1,0.0002,2.2956611734e-05,calibrate,8,2.8889594786887603e-05,double,0.06617819230466823,90,1,4001,-1.9267956736654882e-10,0.0,0.003845921,90,0.01852908838750285,,,1.4261937319556685e-06
,connect,1.13981859751e-05,0.31651249396857695,0.019758386387527603,7.69960983854621e-14,8.104176780154403e-06,5,0.0005,2,3.38560763387e-31,0.0,-1.1599037054747649e-05,1,False,1,calibration,0.99989999,-1.9267956736654882e-10,-1.8716751464095623e-05,0.00046774343726159684,1,0.0002,2.2956611734e-05,calibrate,8,2.8889594786887603e-05,double,0.06617819230466823,90,1,4001,-1.9267956736654882e-10,0.0,0.003858596,90,0.01852908838750285,,,1.4261937319556685e-06
,connect,1.13981859751e-05,0.31651249396857695,0.019758386387527603,7.69960983854621e-14,8.104176780154403e-06,5,0.0005,2,3.38560763387e-31,0.0,-1.1599037054747649e-05,1,False,1,calibration,0.99989999,-1.9267956736654882e-10,-1.8716751464095623e-05,0.00046774343726159684,1,0.0002,2.2956611734e-05,calibrate,8,2.8889594786887603e-05,double,0.06617819230466823,90,1,4001,-1.9267956736654882e-10,0.0,0.00394373,90,0.01852908838750285,,,1.4261937319556685e-06
,connect,1.1398185974699997e-05,1,0.019749956422693577,-3.6726177654592e-16,7.967059499345568e-06,5,0.0005,2,2.69318382844e-33,0.0,-1.1389970792519518e-05,1,False,1,matched_calibration,0.99,-1.1456041341757354e-14,-1.8175051452573503e-05,0.00011878788720170108,1,0.2,1.14681603483e-05,calibrate,8,2.888930963575515e-05,double,0.06617822933277091,90,1,4001,-1.1456041341757354e-14,0.0,0.003966047,90,0.010000000000000005,,fourbar_trace_matched_calibration_connect.csv,6.757126093378709e-07
,weld,1.1398186000900002e-05,1,0.019749956957796043,5.968159300094921e-15,7.960638952641986e-06,5,0.0005,2,1.05684437452e-31,0.0,-1.1247482222706876e-05,1,False,1,matched_calibration,0.9890998075176296,7.497727024691659e-13,-1.851707926459909e-05,0.000358713243844074,1,0.2,1.14862983822e-05,calibrate,8,2.8889313422587513e-05,double,0.06619261683020622,90,1,4001,7.497727024691659e-13,0.0,0.004955381,90,0.00999990991577752,,fourbar_trace_matched_calibration_weld.csv,8.752480647184546e-07
,tendon,1.1398185998499998e-05,1,0.01976349384873513,6.7851946283791015e-15,7.968223441369955e-06,5,0.0005,2,7.2405096061e-33,0.0,-1.1461087398869926e-05,1,False,1,matched_calibration,0.9921930164592978,5.139949188830607e-13,-1.8715600049048545e-05,0.0004581210380783401,1,0,1.28957440818e-05,calibrate,8,2.8889277489593126e-05,double,0.06618269374853401,90,1,4001,5.139949188830607e-13,0.0,0.002797471,90,0.009488472193020818,,fourbar_trace_matched_calibration_tendon.csv,1.287409958325345e-06
,connect,1.13981859751e-05,0.31651249396857695,0.019758386387527603,7.69960983854621e-14,8.104176780154403e-06,5,0.0005,2,3.38560763387e-31,0.0,-1.1599037054747649e-05,1,False,1,light_calibration,0.99989999,-1.9267956736654882e-10,-1.8716751464095623e-05,0.00046774343726159684,1,0.0002,2.2956611734e-05,calibrate,8,2.8889594786887603e-05,double,0.06617819230466823,90,1,4001,-1.9267956736654882e-10,0.0,0.004072652,90,0.01852908838750285,,fourbar_trace_light_calibration_connect.csv,1.4261937319556685e-06
,connect,,1,,-2.9208411850100003e-05,2.6482496151862425e-05,5,0.0005,2,3.32541533419e-33,0.0,-0.00015689481888402678,0,False,1,precision,0.99,0.9345076704909998,-0.0009084761830223918,2.421966712982227e-05,10,0.2,2.91983906457e-05,static,8,0.001065368342416203,double,0.85307126688847,0,0,4001,4.593189000035025e-06,0.9345030773020003,0.003453939,90,0.010000000000000005,,,2.659490215642943e-09
,connect,,1,,-0.000114019022719,0.00010342341655522365,5,0.0005,2,1.91715473936e-33,0.0,-0.000614310489405906,1,False,1,precision,0.99,0.9345383087560001,-0.0009085398021417139,3.409370520473281e-05,10,0.2,0.0001147120931,static,8,0.0015228473812535994,double,0.8530712453902448,0,0,4001,3.525533399995062e-05,0.9345030534220004,0.003658413,90,0.010000000000000005,,,2.910294020531945e-09
,connect,,1,,-2.9208411850100003e-05,2.6482496151862425e-05,5,0.0005,2,3.32541533419e-33,0.0,-0.00015689481888402678,0,False,1,precision,0.99,0.9345076704909998,-0.0009084761830223918,2.421966712982227e-05,10,0.2,2.91983906457e-05,static,8,0.001065368342416203,double,0.85307126688847,0,1,4001,4.593189000035025e-06,0.9345030773020003,0.003700187,90,0.010000000000000005,,,2.659490215642943e-09
,connect,,1,,-0.000114019022719,0.00010342341655522395,5,0.0005,2,2.49510322203e-33,0.0,-0.0006143104894058918,1,False,1,precision,0.99,0.9345383087560001,-0.0009085398021417173,3.409370520489666e-05,10,0.2,0.0001147120931,static,8,0.0015228473812535848,double,0.8530712453902449,0,1,4001,3.525533399995062e-05,0.9345030534220004,0.003925128,90,0.010000000000000005,,,2.9102940242182324e-09
,connect,,1,,-2.9208411850100003e-05,2.6482496151862425e-05,5,0.0005,2,3.32541533419e-33,0.0,-0.00015689481888402678,0,False,1,precision,0.99,0.9345076704909998,-0.0009084761830223918,2.421966712982227e-05,10,0.2,2.91983906457e-05,static,8,0.001065368342416203,double,0.85307126688847,0,2,4001,4.593189000035025e-06,0.9345030773020003,0.003485004,90,0.010000000000000005,,,2.659490215642943e-09
,connect,,1,,-0.000114019022719,0.00010342341655522365,5,0.0005,2,1.91715473936e-33,0.0,-0.000614310489405906,1,False,1,precision,0.99,0.9345383087560001,-0.0009085398021417139,3.409370520473281e-05,10,0.2,0.0001147120931,static,8,0.0015228473812535994,double,0.8530712453902448,0,2,4001,3.525533399995062e-05,0.9345030534220004,0.003654187,90,0.010000000000000005,,,2.910294020531945e-09
,weld,,1,,-8.688931218629998e-05,7.880425019568784e-05,5,0.0005,2,5.60952707574e-33,0.0,-0.0004676712748529234,0,False,1,precision,0.9890998075176296,0.9345168061549995,-0.0009085064724913463,5.468994639256045e-05,10,0.2,8.68591794935e-05,static,8,0.0013761741762209987,double,0.8530746591985396,0,0,4001,1.37359730000286e-05,0.934503070182,0.004419802,90,0.00999990991577752,,,3.571123271010543e-09
,weld,,1,,-0.00011398385849,0.00010338524433078533,5,0.0005,2,1.5463675117e-33,0.0,-0.0006137686770710198,1,False,1,precision,0.9890998075176296,0.9345403376349486,-0.0009085546796324602,5.760215585132885e-05,10,0.2,0.00011486041311,static,8,0.001522319619058054,double,0.8530746429502404,0,0,4001,3.728579394897602e-05,0.9345030518410001,0.004576436,90,0.00999990991577752,,,3.737645426016636e-09
,weld,,1,,-8.688931218629998e-05,7.880425019568784e-05,5,0.0005,2,5.60952707574e-33,0.0,-0.0004676712748529234,0,False,1,precision,0.9890998075176296,0.9345168061549995,-0.0009085064724913463,5.468994639256045e-05,10,0.2,8.68591794935e-05,static,8,0.0013761741762209987,double,0.8530746591985396,0,1,4001,1.37359730000286e-05,0.934503070182,0.004431505,90,0.00999990991577752,,,3.571123271010543e-09
,weld,,1,,-0.00011398385849,0.00010338524433078533,5,0.0005,2,2.00166059555e-32,0.0,-0.0006137686770710313,1,False,1,precision,0.9890998075176296,0.9345403376349527,-0.0009085546796324572,5.7602155854059654e-05,10,0.2,0.00011486041311,static,8,0.0015223196190580338,double,0.8530746429502404,0,1,4001,3.7285793952975934e-05,0.9345030518410001,0.004840683,90,0.00999990991577752,,,3.737645454639574e-09
,weld,,1,,-8.688931218629998e-05,7.880425019568784e-05,5,0.0005,2,5.60952707574e-33,0.0,-0.0004676712748529234,0,False,1,precision,0.9890998075176296,0.9345168061549995,-0.0009085064724913463,5.468994639256045e-05,10,0.2,8.68591794935e-05,static,8,0.0013761741762209987,double,0.8530746591985396,0,2,4001,1.37359730000286e-05,0.934503070182,0.004372579,90,0.00999990991577752,,,3.571123271010543e-09
,weld,,1,,-0.00011398385849,0.00010338524433078533,5,0.0005,2,1.5463675117e-33,0.0,-0.0006137686770710198,1,False,1,precision,0.9890998075176296,0.9345403376349486,-0.0009085546796324602,5.760215585132885e-05,10,0.2,0.00011486041311,static,8,0.001522319619058054,double,0.8530746429502404,0,2,4001,3.728579394897602e-05,0.9345030518410001,0.004583156,90,0.00999990991577752,,,3.737645426016636e-09
,tendon,,1,,-0.00011400028594500002,0.0001034161309747768,5,0.0005,2,3.49894274457e-34,0.0,-0.0006110219658697995,0,False,1,precision,0.9921930164592978,0.9345211331139999,-0.0009084872962778261,6.345777344965579e-05,10,0,0.000113960552908,static,8,0.0015195059247259488,double,0.8530712764442081,0,0,4001,1.8066305000008498e-05,0.9345030668090003,0.00260966,90,0.009488472193020818,,,3.3374216768010737e-09
,tendon,,1,,-0.00011389750497799996,0.0001033254218351061,5,0.0005,2,9.06653717275e-32,0.0,-0.0006102896279916743,1,False,1,precision,0.9921930164592978,0.93452111667,-0.0009084872614272858,6.346373167382522e-05,10,0,0.000113857808514,static,8,0.0015187735521364478,double,0.8530712764567208,0,0,4001,1.8049848000023516e-05,0.9345030668219999,0.002967852,90,0.009488472193020818,,,3.3372825121880806e-09
,connect,,1,,-2.9208411850100003e-05,2.648249615185402e-05,5,0.0005,2,6.92992923253e-34,0.0,-0.0001568948188840626,0,False,1,precision,0.99,0.9345076704909998,-0.0009084761830223343,2.4219667129245194e-05,10,0.2,2.91983906457e-05,static,8,0.0010653683424162023,double,0.85307126688847,37,0,4001,4.593189000035025e-06,0.9345030773020003,0.003473826,90,0.010000000000000005,,,2.659490194636526e-09
,connect,,1,,-0.00010468565853199997,9.495609279851229e-05,5,0.0005,2,2.58632520788e-32,0.0,-0.0005639881730779416,1,False,1,precision,0.99,0.9345042216920002,-0.0009084730396284273,1.580431956042233e-05,10,0.2,0.000105292871055,static,8,0.0014724583400465394,double,0.8530712683834397,37,0,4001,1.1417019999404587e-06,0.9345030799899999,0.003570798,90,0.010000000000000005,,,2.872659829521e-09
,connect,,1,,-2.9208411850100003e-05,2.6482496151854e-05,5,0.0005,2,4.24654397468e-34,0.0,-0.00015689481888406871,0,False,1,precision,0.99,0.9345076704909998,-0.0009084761830223335,2.421966712927427e-05,10,0.2,2.91983906457e-05,static,8,0.0010653683424161997,double,0.8530712668884702,37,1,4001,4.593189000035025e-06,0.9345030773020003,0.00363026,90,0.010000000000000005,,,2.659490202496992e-09
,connect,,1,,-0.000114019022719,0.00010342341655521495,5,0.0005,2,3.39972587451e-32,0.0,-0.0006143104894053901,1,False,1,precision,0.99,0.9345383087560001,-0.000908539802141705,3.409370520443634e-05,10,0.2,0.0001147120931,static,8,0.0015228473812530872,double,0.8530712453902451,37,1,4001,3.525533399995062e-05,0.9345030534220004,0.003834358,90,0.010000000000000005,,,2.9102940079551998e-09
,connect,,1,,-2.9208411850100003e-05,2.648249615185402e-05,5,0.0005,2,6.92992923253e-34,0.0,-0.0001568948188840626,0,False,1,precision,0.99,0.9345076704909998,-0.0009084761830223343,2.4219667129245194e-05,10,0.2,2.91983906457e-05,static,8,0.0010653683424162023,double,0.85307126688847,37,2,4001,4.593189000035025e-06,0.9345030773020003,0.003432507,90,0.010000000000000005,,,2.659490194636526e-09
,connect,,1,,-0.00010468565853199997,9.495609279851229e-05,5,0.0005,2,2.58632520788e-32,0.0,-0.0005639881730779416,1,False,1,precision,0.99,0.9345042216920002,-0.0009084730396284273,1.580431956042233e-05,10,0.2,0.000105292871055,static,8,0.0014724583400465394,double,0.8530712683834397,37,2,4001,1.1417019999404587e-06,0.9345030799899999,0.00359315,90,0.010000000000000005,,,2.872659829521e-09
,weld,,1,,-8.688931218629998e-05,7.880425019569276e-05,5,0.0005,2,1.96250366014e-32,0.0,-0.0004676712748529845,0,False,1,precision,0.9890998075176296,0.9345168061549995,-0.0009085064724913723,5.468994639288873e-05,10,0.2,8.68591794935e-05,static,8,0.0013761741762210581,double,0.8530746591985392,37,0,4001,1.37359730000286e-05,0.934503070182,0.004458387,90,0.00999990991577752,,,3.5711232987119083e-09
,weld,,1,,-0.000104399412135,9.469010433162625e-05,5,0.0005,2,3.00667568023e-32,0.0,-0.0005620923564075954,1,False,1,precision,0.9890998075176296,0.934505328416,-0.0009084859690667037,5.0754949739361593e-05,10,0.2,0.00010491587088,static,8,0.0014705746381782508,double,0.8530746665219091,37,0,4001,2.2492879999669313e-06,0.9345030791279997,0.004632202,90,0.00999990991577752,,,3.6872960483547157e-09
,weld,,1,,-8.688931218629998e-05,7.880425019569249e-05,5,0.0005,2,1.21894118693e-32,0.0,-0.00046767127485297904,0,False,1,precision,0.9890998075176296,0.9345168061549995,-0.0009085064724913577,5.468994639288985e-05,10,0.2,8.68591794935e-05,static,8,0.0013761741762210668,double,0.8530746591985392,37,1,4001,1.37359730000286e-05,0.934503070182,0.004577119,90,0.00999990991577752,,,3.5711232699263407e-09
,weld,,1,,-0.00011398385849,0.00010338524433078179,5,0.0005,2,3.03505207134e-32,0.0,-0.0006137686770716887,1,False,1,precision,0.9890998075176296,0.9345403376347807,-0.0009085546796325494,5.760215579693143e-05,10,0.2,0.00011486041311,static,8,0.001522319619058579,double,0.8530746429502412,37,1,4001,3.7285793780979735e-05,0.9345030518410001,0.00484193,90,0.00999990991577752,,,3.7376456591201035e-09
,weld,,1,,-8.688931218629998e-05,7.880425019569276e-05,5,0.0005,2,1.96250366014e-32,0.0,-0.0004676712748529845,0,False,1,precision,0.9890998075176296,0.9345168061549995,-0.0009085064724913723,5.468994639288873e-05,10,0.2,8.68591794935e-05,static,8,0.0013761741762210581,double,0.8530746591985392,37,2,4001,1.37359730000286e-05,0.934503070182,0.004550673,90,0.00999990991577752,,,3.5711232987119083e-09
,weld,,1,,-0.000104399412135,9.469010433162623e-05,5,0.0005,2,1.58549532282e-33,0.0,-0.0005620923564076915,1,False,1,precision,0.9890998075176296,0.934505328416,-0.0009084859690666707,5.075494973938201e-05,10,0.2,0.00010491587088,static,8,0.001470574638178273,double,0.853074666521909,37,2,4001,2.2492879999669313e-06,0.9345030791279997,0.00473443,90,0.00999990991577752,,,3.6872960892291376e-09
,tendon,,1,,-0.00011400028594500002,0.00010341613097477584,5,0.0005,2,5.64636245533e-33,0.0,-0.0006110219658695954,0,False,1,precision,0.9921930164592978,0.9345211331139999,-0.0009084872962778252,6.345777344960685e-05,10,0,0.000113960552908,static,8,0.0015195059247256944,double,0.8530712764442081,37,0,4001,1.8066305000008498e-05,0.9345030668090003,0.002704982,90,0.009488472193020818,,,3.3374217261322725e-09
,tendon,,1,,-0.00011389750497799996,0.00010332542183510559,5,0.0005,2,3.89460565167e-32,0.0,-0.0006102896279926253,1,False,1,precision,0.9921930164592978,0.93452111667,-0.0009084872614272401,6.346373167389195e-05,10,0,0.000113857808514,static,8,0.0015187735521373378,double,0.8530712764567209,37,0,4001,1.8049848000023516e-05,0.9345030668219999,0.00278586,90,0.009488472193020818,,,3.3372825276921717e-09
,connect,,1,,-2.9208411850143106e-05,2.6482496151900402e-05,5,0.0005,2,2.4513328174e-31,0.0,-0.00015689481888389353,0,False,1,precision,0.99,0.9345076704909998,-0.0009084761830224663,2.421966712931134e-05,10,0.2,2.91983906458e-05,static,8,0.0010653683424161114,double,0.85307126688847,90,0,4001,4.593189000035025e-06,0.9345030773020003,0.003597601,90,0.010000000000000005,,,2.659490248385849e-09
,connect,,1,,-0.000114019022719,0.00010342341655522941,5,0.0005,2,4.30497627438e-33,0.0,-0.000614310489404837,1,False,1,precision,0.99,0.9345383087560001,-0.0009085398021417062,3.409370520478234e-05,10,0.2,0.0001147120931,static,8,0.0015228473812525308,double,0.8530712453902447,90,0,4001,3.525533399995062e-05,0.9345030534220004,0.003624696,90,0.010000000000000005,,,2.910294012508849e-09
,connect,,1,,-2.9208411850143106e-05,2.6482496151900402e-05,5,0.0005,2,2.4513328174e-31,0.0,-0.00015689481888389353,0,False,1,precision,0.99,0.9345076704909998,-0.0009084761830224663,2.421966712931134e-05,10,0.2,2.91983906458e-05,static,8,0.0010653683424161114,double,0.85307126688847,90,1,4001,4.593189000035025e-06,0.9345030773020003,0.003556695,90,0.010000000000000005,,,2.659490248385849e-09
,connect,,1,,-0.000114019022719,0.00010342341655522939,5,0.0005,2,1.01955054249e-33,0.0,-0.0006143104894048334,1,False,1,precision,0.99,0.9345383087560001,-0.000908539802141725,3.409370520476133e-05,10,0.2,0.0001147120931,static,8,0.0015228473812525342,double,0.8530712453902447,90,1,4001,3.525533399995062e-05,0.9345030534220004,0.003876907,90,0.010000000000000005,,,2.910294024109812e-09
,connect,,1,,-2.9208411850143106e-05,2.6482496151900402e-05,5,0.0005,2,2.4513328174e-31,0.0,-0.00015689481888389353,0,False,1,precision,0.99,0.9345076704909998,-0.0009084761830224663,2.421966712931134e-05,10,0.2,2.91983906458e-05,static,8,0.0010653683424161114,double,0.85307126688847,90,2,4001,4.593189000035025e-06,0.9345030773020003,0.003556952,90,0.010000000000000005,,,2.659490248385849e-09
,connect,,1,,-0.000114019022719,0.00010342341655522936,5,0.0005,2,7.14062681915e-33,0.0,-0.0006143104894048396,1,False,1,precision,0.99,0.9345383087560001,-0.0009085398021417235,3.409370520476337e-05,10,0.2,0.0001147120931,static,8,0.0015228473812525629,double,0.8530712453902447,90,2,4001,3.525533399995062e-05,0.9345030534220004,0.003666401,90,0.010000000000000005,,,2.9102940002573643e-09
,weld,,1,,-8.688931218639998e-05,7.880425019575611e-05,5,0.0005,2,1.02145646123e-31,0.0,-0.0004676712748535269,0,False,1,precision,0.9890998075176296,0.9345168061549995,-0.000908506472491371,5.468994639268583e-05,10,0.2,8.68591794935e-05,static,8,0.0013761741762215631,double,0.8530746591985392,90,0,4001,1.37359730000286e-05,0.934503070182,0.004513607,90,0.00999990991577752,,,3.5711233347616306e-09
,weld,,1,,-0.00011398385849,0.00010338524433078996,5,0.0005,2,3.73546821955e-32,0.0,-0.0006137686770713739,1,False,1,precision,0.9890998075176296,0.9345403376347687,-0.0009085546796325461,5.760215579085928e-05,10,0.2,0.00011486041311,static,8,0.0015223196190583454,double,0.8530746429502414,90,0,4001,3.728579376898e-05,0.9345030518410001,0.004567759,90,0.00999990991577752,,,3.737645574552334e-09
,weld,,1,,-8.688931218639998e-05,7.880425019575611e-05,5,0.0005,2,1.02145646123e-31,0.0,-0.0004676712748535269,0,False,1,precision,0.9890998075176296,0.9345168061549995,-0.000908506472491371,5.468994639268583e-05,10,0.2,8.68591794935e-05,static,8,0.0013761741762215631,double,0.8530746591985392,90,1,4001,1.37359730000286e-05,0.934503070182,0.004480921,90,0.00999990991577752,,,3.5711233347616306e-09
,weld,,1,,-0.00011398385849,0.00010338524433078996,5,0.0005,2,2.80017963813e-32,0.0,-0.00061376867707167,1,False,1,precision,0.9890998075176296,0.9345403376348618,-0.0009085546796325095,5.760215583018608e-05,10,0.2,0.00011486041311,static,8,0.0015223196190586802,double,0.8530746429502416,90,1,4001,3.7285793861977945e-05,0.9345030518410001,0.005129597,90,0.00999990991577752,,,3.737645499200283e-09
,weld,,1,,-8.688931218639998e-05,7.880425019575611e-05,5,0.0005,2,1.02145646123e-31,0.0,-0.0004676712748535269,0,False,1,precision,0.9890998075176296,0.9345168061549995,-0.000908506472491371,5.468994639268583e-05,10,0.2,8.68591794935e-05,static,8,0.0013761741762215631,double,0.8530746591985392,90,2,4001,1.37359730000286e-05,0.934503070182,0.004571008,90,0.00999990991577752,,,3.5711233347616306e-09
,weld,,1,,-0.00011398385849,0.0001033852443307899,5,0.0005,2,4.08593080292e-32,0.0,-0.0006137686770716636,1,False,1,precision,0.9890998075176296,0.9345403376348888,-0.0009085546796325349,5.7602155822604353e-05,10,0.2,0.00011486041311,static,8,0.001522319619058693,double,0.8530746429502415,90,2,4001,3.728579388897735e-05,0.9345030518410001,0.004810916,90,0.00999990991577752,,,3.737645505488656e-09
,tendon,,1,,-0.00011400028594500002,0.0001034161309747809,5,0.0005,2,1.1292372627e-33,0.0,-0.0006110219658689456,0,False,1,precision,0.9921930164592978,0.9345211331139999,-0.0009084872962778354,6.345777344966857e-05,10,0,0.000113960552908,static,8,0.0015195059247249778,double,0.8530712764442081,90,0,4001,1.8066305000008498e-05,0.9345030668090003,0.002885342,90,0.009488472193020818,,,3.337421803219047e-09
,tendon,,1,,-0.00011389750497799996,0.00010332542183511278,5,0.0005,2,2.50023181984e-32,0.0,-0.0006102896279920878,1,False,1,precision,0.9921930164592978,0.93452111667,-0.0009084872614272472,6.3463731673839e-05,10,0,0.000113857808514,static,8,0.0015187735521367538,double,0.8530712764567209,90,0,4001,1.8049848000023516e-05,0.9345030668219999,0.002876501,90,0.009488472193020818,,,3.3372825811433388e-09
,connect,,1,,-2.9197912869717984e-05,2.6478707852171066e-05,5,0.0005,2,1.48215386828e-16,0.0,-0.00015649515038485966,0,False,1,precision,0.99,0.9345077297070321,-0.0009085006413169573,2.42569336423356e-05,10,0.2,2.9202626448e-05,static,4,0.0010649931522017145,single,0.8530712732128125,0,0,4001,4.635326388637593e-06,0.9345030943806434,0.011678199,90,0.010000000000000005,,,2.639500250691592e-09
,connect,,1,,-0.00011403196735017482,0.00010343679352244729,5,0.0005,2,1.61907637362e-15,0.0,-0.0006142613503193206,1,False,1,precision,0.99,0.9345382056036865,-0.0009084812823415754,3.4052995851123954e-05,10,0.2,0.000114722502293,static,4,0.0015227397392508142,single,0.8530712564867707,0,0,4001,3.513525309891555e-05,0.9345030703505873,0.012244456,90,0.010000000000000005,,,2.893411700879457e-09
,connect,,1,,-2.9197912869717984e-05,2.6478707852171066e-05,5,0.0005,2,1.48215386828e-16,0.0,-0.00015649515038485966,0,False,1,precision,0.99,0.9345077297070321,-0.0009085006413169573,2.42569336423356e-05,10,0.2,2.9202626448e-05,static,4,0.0010649931522017145,single,0.8530712732128125,0,1,4001,4.635326388637593e-06,0.9345030943806434,0.011471861,90,0.010000000000000005,,,2.639500250691592e-09
,connect,,1,,-0.00011403197471478121,0.00010343671527984554,5,0.0005,2,2.9158897451e-17,0.0,-0.0006142648297952196,1,False,1,precision,0.99,0.9345382079259372,-0.000908482486621466,3.4047802595155295e-05,10,0.2,0.000114722502293,static,4,0.001522744423588541,single,0.8530712568540295,0,1,4001,3.513757345555942e-05,0.9345030703524816,0.012154092,90,0.010000000000000005,,,2.8928281738376665e-09
,connect,,1,,-2.9197912869717984e-05,2.6478707852171066e-05,5,0.0005,2,1.48215386828e-16,0.0,-0.00015649515038485966,0,False,1,precision,0.99,0.9345077297070321,-0.0009085006413169573,2.42569336423356e-05,10,0.2,2.9202626448e-05,static,4,0.0010649931522017145,single,0.8530712732128125,0,2,4001,4.635326388637593e-06,0.9345030943806434,0.011385733,90,0.010000000000000005,,,2.639500250691592e-09
,connect,,1,,-0.00011403196735017482,0.00010343679352244729,5,0.0005,2,1.61907637362e-15,0.0,-0.0006142613503193206,1,False,1,precision,0.99,0.9345382056036865,-0.0009084812823415754,3.4052995851123954e-05,10,0.2,0.000114722502293,static,4,0.0015227397392508142,single,0.8530712564867707,0,2,4001,3.513525309891555e-05,0.9345030703505873,0.012057513,90,0.010000000000000005,,,2.893411700879457e-09
,weld,,1,,-8.690542350602088e-05,7.882415041464992e-05,5,0.0005,2,1.97060076421e-15,0.0,-0.0004675270259521224,0,False,1,precision,0.9890998075176296,0.9345166948768452,-0.0009085039732699612,5.4965553414877895e-05,10,0.2,8.69136435801e-05,static,4,0.0013760274253756695,single,0.8530746844476124,0,0,4001,1.3607547246741436e-05,0.9345030873295984,0.014242685,90,0.00999990991577752,,,3.5738483847649882e-09
,weld,,1,,-0.00011403109383437761,0.00010342411685157619,5,0.0005,2,5.5931559094e-15,0.0,-0.0006139266237631007,1,False,1,precision,0.9890998075176296,0.9345402674717322,-0.00090856580683483,5.7912041872319804e-05,10,0.2,0.000114930956156,static,4,0.0015224886948582918,single,0.8530746628261966,0,0,4001,3.7198490249729e-05,0.9345030689814827,0.014320896,90,0.00999990991577752,,,3.735745232147196e-09
,weld,,1,,-8.690542350602088e-05,7.882415041464992e-05,5,0.0005,2,1.97060076421e-15,0.0,-0.0004675270259521224,0,False,1,precision,0.9890998075176296,0.9345166948768452,-0.0009085039732699612,5.4965553414877895e-05,10,0.2,8.69136435801e-05,static,4,0.0013760274253756695,single,0.8530746844476124,0,1,4001,1.3607547246741436e-05,0.9345030873295984,0.014062284,90,0.00999990991577752,,,3.5738483847649882e-09
,weld,,1,,-0.00011402111238557243,0.00010341820477779968,5,0.0005,2,5.02439276707e-14,0.0,-0.0006139609561596057,1,False,1,precision,0.9890998075176296,0.934540395731925,-0.0009085722552815472,5.795188093208355e-05,10,0.2,0.000114930956156,static,4,0.001522529476945285,single,0.8530746474291754,0,1,4001,3.732685315484262e-05,0.9345030688787703,0.01471003,90,0.00999990991577752,,,3.734546111700161e-09
,weld,,1,,-8.690542350602088e-05,7.882415041464992e-05,5,0.0005,2,1.97060076421e-15,0.0,-0.0004675270259521224,0,False,1,precision,0.9890998075176296,0.9345166948768452,-0.0009085039732699612,5.4965553414877895e-05,10,0.2,8.69136435801e-05,static,4,0.0013760274253756695,single,0.8530746844476124,0,2,4001,1.3607547246741436e-05,0.9345030873295984,0.014313165,90,0.00999990991577752,,,3.5738483847649882e-09
,weld,,1,,-0.00011403109383437761,0.00010342411685157619,5,0.0005,2,5.5931559094e-15,0.0,-0.0006139266237631007,1,False,1,precision,0.9890998075176296,0.9345402674717322,-0.00090856580683483,5.7912041872319804e-05,10,0.2,0.000114930956156,static,4,0.0015224886948582918,single,0.8530746628261966,0,2,4001,3.7198490249729e-05,0.9345030689814827,0.014422412,90,0.00999990991577752,,,3.735745232147196e-09
,tendon,,1,,-0.00011394016968637762,0.0001033654515425112,5,0.0005,2,1.55302405618e-16,0.0,-0.000610624069954638,0,False,1,precision,0.9921930164592978,0.9345210736448382,-0.0009084683977768699,6.347663174024825e-05,10,0,0.000113936255225,static,4,0.0015190891322300398,single,0.8530713004780696,0,0,4001,1.7989804199779113e-05,0.9345030838406383,0.008358038,90,0.009488472193020818,,,3.3355016233835993e-09
,tendon,,1,,-0.00011382896324875624,0.0001032683936848012,5,0.0005,2,6.33318784311e-15,0.0,-0.0006097804950812505,1,False,1,precision,0.9921930164592978,0.9345210982964754,-0.0009085010918170147,6.349017885697546e-05,10,0,0.000113837579983,static,4,0.0015182782526365608,single,0.8530713096405947,0,0,4001,1.8014373686319302e-05,0.9345030839227892,0.010758219,90,0.009488472193020818,,,3.3342680375589642e-09
,connect,,1,,-2.924773602669221e-05,2.6516199762747314e-05,5,0.0005,2,5.83084817747e-15,0.0,-0.0001571221059307791,0,False,1,precision,0.99,0.9345076400321858,-0.00090847500125427,2.4264634802956315e-05,10,0.2,2.92144438273e-05,static,4,0.0010655944654679988,single,0.8530712849166513,37,0,4001,4.545683528482388e-06,0.9345030943486573,0.012126678,90,0.010000000000000005,,,2.6417228811371693e-09
,connect,,1,,-0.00010468267415001198,9.495634197479018e-05,5,0.0005,2,3.19413477432e-15,0.0,-0.0005638084874966133,1,False,1,precision,0.99,0.9345040313013906,-0.0009084713326838727,1.600983621559461e-05,10,0.2,0.000105314071382,static,4,0.0014722769641050421,single,0.853071278061786,37,0,4001,9.341365514449195e-07,0.9345030971648391,0.011865841,90,0.010000000000000005,,,2.8560786381314623e-09
,connect,,1,,-2.924773034178991e-05,2.65162240527504e-05,5,0.0005,2,5.18220008734e-15,0.0,-0.0001571310764967319,0,False,1,precision,0.99,0.9345076165713977,-0.0009084756936540607,2.425923257204891e-05,10,0.2,2.92144438273e-05,static,4,0.0010656041275024998,single,0.8530712846241298,37,1,4001,4.522192425587984e-06,0.9345030943789719,0.011597949,90,0.010000000000000005,,,2.642653474928215e-09
,connect,,1,,-0.00011403485581147153,0.00010343906844246697,5,0.0005,2,7.34417746395e-16,0.0,-0.0006143352337429348,1,False,1,precision,0.99,0.9345383081402998,-0.0009085055603747115,3.411962167888015e-05,10,0.2,0.000114757273962,static,4,0.0015228379039510837,single,0.8530712631798167,37,1,4001,3.523778481320148e-05,0.9345030703554864,0.012073013,90,0.010000000000000005,,,2.8901672970019568e-09
,connect,,1,,-2.924773602669221e-05,2.6516199762747314e-05,5,0.0005,2,5.83084817747e-15,0.0,-0.0001571221059307791,0,False,1,precision,0.99,0.9345076400321858,-0.00090847500125427,2.4264634802956315e-05,10,0.2,2.92144438273e-05,static,4,0.0010655944654679988,single,0.8530712849166513,37,2,4001,4.545683528482388e-06,0.9345030943486573,0.011334229,90,0.010000000000000005,,,2.6417228811371693e-09
,connect,,1,,-0.00010468267415001198,9.495634197479018e-05,5,0.0005,2,3.19413477432e-15,0.0,-0.0005638084874966133,1,False,1,precision,0.99,0.9345040313013906,-0.0009084713326838727,1.600983621559461e-05,10,0.2,0.000105314071382,static,4,0.0014722769641050421,single,0.853071278061786,37,2,4001,9.341365514449195e-07,0.9345030971648391,0.011810081,90,0.010000000000000005,,,2.8560786381314623e-09
,weld,,1,,-8.686895653237752e-05,7.879150467758237e-05,5,0.0005,2,1.84049112485e-14,0.0,-0.00046735306485877395,0,False,1,precision,0.9890998075176296,0.9345167912803266,-0.0009084995009577871,5.5086742336792474e-05,10,0.2,8.68334326903e-05,static,4,0.0013758489951314443,single,0.8530746714319236,37,0,4001,1.3704067237754101e-05,0.9345030872130888,0.01392858,90,0.00999990991577752,,,3.570703521597364e-09
,weld,,1,,-7.586961015572938e-05,0.0007146872761537235,5,0.0005,2,0.0243060030043,0.0,7.706866884988598,1,False,1,precision,0.9890998075176296,-2.9761303258634495,-31.794334979345003,17.62902217607923,10,0.2,0.00279329917093,static,4,-0.0011683741229500015,single,16.367583233255484,37,0,4001,-3.913646419965339,0.937516094101889,0.123896605,90,0.00999990991577752,,,24.112942471483656
,weld,,1,,-8.686893757297142e-05,7.87916815488248e-05,5,0.0005,2,1.13571227889e-13,0.0,-0.000467333545491361,0,False,1,precision,0.9890998075176296,0.9345168258760379,-0.0009085067336860603,5.509363678784332e-05,10,0.2,8.68334326903e-05,static,4,0.0013758367044692072,single,0.8530746762029819,37,1,4001,1.3738682166827036e-05,0.9345030871938711,0.013834157,90,0.00999990991577752,,,3.5748217853243634e-09
,weld,,1,,-0.00011395114830016584,0.00010336259890368328,5,0.0005,2,3.90029153112e-15,0.0,-0.0006132674102381991,1,False,1,precision,0.9890998075176296,0.9345404189545037,-0.0009085656127199683,5.780586352159111e-05,10,0.2,0.000114853491358,static,4,0.0015218292955826228,single,0.8530746661251817,37,1,4001,3.735010077422772e-05,0.9345030688537292,0.01470612,90,0.00999990991577752,,,3.727379444917571e-09
,weld,,1,,-8.686895653237752e-05,7.879150467758237e-05,5,0.0005,2,1.84049112485e-14,0.0,-0.00046735306485877395,0,False,1,precision,0.9890998075176296,0.9345167912803266,-0.0009084995009577871,5.5086742336792474e-05,10,0.2,8.68334326903e-05,static,4,0.0013758489951314443,single,0.8530746714319236,37,2,4001,1.3704067237754101e-05,0.9345030872130888,0.013970137,90,0.00999990991577752,,,3.570703521597364e-09
,weld,,1,,-0.00010438998643754446,9.468565257972233e-05,5,0.0005,2,4.22493766047e-15,0.0,-0.0005618656708223937,1,False,1,precision,0.9890998075176296,0.9345017507836034,-0.0009084721834611616,5.077943764677825e-05,10,0.2,0.000104919757426,static,4,0.0014703341741419355,single,0.8530746899803077,37,2,4001,-1.3481657032843442e-06,0.9345030989493066,0.014456187,90,0.00999990991577752,,,3.6801458447484336e-09
,tendon,,1,,-0.0001139553760378032,0.00010338113507964877,5,0.0005,2,3.11283019929e-15,0.0,-0.0006105875167643075,0,False,1,precision,0.9921930164592978,0.9345210918060489,-0.0009084769665546227,6.349753090540984e-05,10,0,0.000113947426005,static,4,0.0015190611451261662,single,0.8530712601344641,37,0,4001,1.800796040057523e-05,0.9345030838456482,0.008319254,90,0.009488472193020818,,,3.3381958767326678e-09
,tendon,,1,,-0.00011389279315002198,0.00010332092856388004,5,0.0005,2,3.39685389903e-15,0.0,-0.0006102585780543531,1,False,1,precision,0.9921930164592978,0.934521213039902,-0.0009084925246151103,6.353655759493093e-05,10,0,0.000113865506942,static,4,0.0015187477677044503,single,0.8530712657103852,37,0,4001,1.81292470209788e-05,0.9345030837928812,0.012201602,90,0.009488472193020818,,,3.334968409827825e-09
,connect,,1,,-2.9185800234647653e-05,2.6463510426873657e-05,5,0.0005,2,7.40288465578e-17,0.0,-0.00015675442163189517,0,False,1,precision,0.99,0.9345077213707154,-0.0009084934097974904,2.4292886934027724e-05,10,0.2,2.92132239203e-05,static,4,0.0010652451912532713,single,0.8530712744823351,90,0,4001,4.627006694330155e-06,0.9345030943640209,0.011296736,90,0.010000000000000005,,,2.6401761883774067e-09
,connect,,1,,-0.00011398396652882118,0.00010339923991448028,5,0.0005,2,9.98953473245e-15,0.0,-0.0006259840158160717,1,False,1,precision,0.99,0.9345378290404126,-0.0009097931048113855,0.004907838489068735,10,0.2,0.000114722908745,static,4,0.0015353522037924636,single,0.8530747134923102,90,0,4001,3.475816776223737e-05,0.9345030708726504,0.007548334,90,0.010000000000000005,,,4.2491684498302627e-07
,connect,,1,,-2.9185805174663935e-05,2.6463490329632644e-05,5,0.0005,2,2.00434187167e-16,0.0,-0.00015676419334396168,0,False,1,precision,0.99,0.9345078054483846,-0.0009084925692527724,2.430254437632145e-05,10,0.2,2.92132239203e-05,static,4,0.0010652541231280638,single,0.8530712928624722,90,1,4001,4.711163019997002e-06,0.9345030942853646,0.010980722,90,0.010000000000000005,,,2.639468870763639e-09
,connect,,1,,-0.0001139836114698961,0.00010339426943749355,5,0.0005,2,2.83089778155e-14,0.0,-0.000614096048947782,1,False,1,precision,0.99,0.9345384202041549,-0.0009085398793950989,3.4203134324624534e-05,10,0.2,0.000114722908745,static,4,0.0015226330373071903,single,0.8530712652207514,90,1,4001,3.5349831253750244e-05,0.9345030703729011,0.011954773,90,0.010000000000000005,,,2.8910639995275572e-09
,connect,,1,,-2.9185800234647653e-05,2.6463510426873657e-05,5,0.0005,2,7.40288465578e-17,0.0,-0.00015675442163189517,0,False,1,precision,0.99,0.9345077213707154,-0.0009084934097974904,2.4292886934027724e-05,10,0.2,2.92132239203e-05,static,4,0.0010652451912532713,single,0.8530712744823351,90,2,4001,4.627006694330155e-06,0.9345030943640209,0.01115184,90,0.010000000000000005,,,2.6401761883774067e-09
,connect,,1,,-0.00011398360883117282,0.00010339427104754277,5,0.0005,2,1.48704985635e-14,0.0,-0.0006140926577725115,1,False,1,precision,0.99,0.9345383313628632,-0.0009085454973224201,3.414216831770917e-05,10,0.2,0.000114722908745,static,4,0.0015226352648432828,single,0.8530712628373329,90,2,4001,3.526091602198947e-05,0.9345030704468411,0.011660558,90,0.010000000000000005,,,2.890266519281655e-09
,weld,,1,,-8.687496413276993e-05,7.878514373567923e-05,5,0.0005,2,6.46165453501e-14,0.0,-0.0004677752116966576,0,False,1,precision,0.9890998075176296,0.9345165540526443,-0.0009084732886168468,5.4683635466238086e-05,10,0.2,8.69036385143e-05,static,4,0.0013762449439530685,single,0.8530746707693488,90,0,4001,1.3466630529454874e-05,0.9345030874221149,0.01435003,90,0.00999990991577752,,,3.5564250524568186e-09
,weld,,1,,-0.0001614368642825594,0.0003360146590618664,5,0.0005,2,0.00220978329889,0.0,1.767882632851,1,False,1,precision,0.9890998075176296,2.669789143018333,-3.0269363822874062,4.961106083885747,10,0.2,0.00113572158521,static,4,-0.002235011904731554,single,3.7461068673118305,90,0,4001,1.7367339930875345,0.9330551499307982,0.09168256,90,0.00999990991577752,,,1.2634985446400278
,weld,,1,,-8.687382131694565e-05,7.878370170442588e-05,5,0.0005,2,5.31593269838e-14,0.0,-0.0004678356895781014,0,False,1,precision,0.9890998075176296,0.9345166356294407,-0.0009084501587231128,5.468563514802971e-05,10,0.2,8.69036385143e-05,static,4,0.001376282289472123,single,0.8530746686036175,90,1,4001,1.3548356007971888e-05,0.9345030872734327,0.013416723,90,0.00999990991577752,,,3.558882250367674e-09
,weld,,1,,-0.00011396029221171328,0.00010336269754708169,5,0.0005,2,2.15957699111e-15,0.0,-0.0006137335303855261,1,False,1,precision,0.9890998075176296,0.9345402811076233,-0.0009085590807773792,5.766908224637228e-05,10,0.2,0.000114859039754,static,4,0.0015222888907239916,single,0.8530746547883332,90,1,4001,3.721218642355833e-05,0.9345030689211999,0.014349828,90,0.00999990991577752,,,3.7204410732738502e-09
,weld,,1,,-8.687496413276993e-05,7.878514373567923e-05,5,0.0005,2,6.46165453501e-14,0.0,-0.0004677752116966576,0,False,1,precision,0.9890998075176296,0.9345165540526443,-0.0009084732886168468,5.4683635466238086e-05,10,0.2,8.69036385143e-05,static,4,0.0013762449439530685,single,0.8530746707693488,90,2,4001,1.3466630529454874e-05,0.9345030874221149,0.014389443,90,0.00999990991577752,,,3.5564250524568186e-09
,weld,,1,,-0.00011396042095407192,0.00010336288669881849,5,0.0005,2,7.09343082997e-15,0.0,-0.0006137530450884043,1,False,1,precision,0.9890998075176296,0.9345390395922786,-0.0009085445481302958,5.7171605296906394e-05,10,0.2,0.000114859039754,static,4,0.0015222938757684602,single,0.85307462692832,90,2,4001,3.596972787913253e-05,0.9345030698643996,0.014890114,90,0.00999990991577752,,,3.717457333282659e-09
,tendon,,1,,-0.00011398541432181519,0.00010340484595956416,5,0.0005,2,5.08431857462e-17,0.0,-0.000610874367894712,0,False,1,precision,0.9921930164592978,0.9345210413118121,-0.0009084658775769461,6.34347595874635e-05,10,0,0.000113997694507,static,4,0.0015193369060909562,single,0.8530712696800907,90,0,4001,1.795747606291898e-05,0.9345030838357492,0.00943501,90,0.009488472193020818,,,3.33938075271472e-09
,tendon,,1,,-0.00011392278367986313,0.00010334403819906672,5,0.0005,2,3.11798545357e-16,0.0,-0.0006105189524335716,1,False,1,precision,0.9921930164592978,0.9345210550071449,-0.000908496197666494,6.349206211223894e-05,10,0,0.000113915775461,static,4,0.0015190118127314347,single,0.8530712530189678,90,0,4001,1.7971069649353848e-05,0.9345030839374955,0.012502541,90,0.009488472193020818,,,3.337368942725287e-09
,connect,,1,,0.00016611803651500002,0.00015070741998332625,5,0.0005,2,1.66042211554e-32,0.0,-0.0008957130106552426,1,False,1,static,0.99,-0.034535008507899985,-1.2407292791958724e-06,0.00033395275444686294,-10,0.2,0.000143015789094,static,8,0.0008969535312765733,double,0.03186438719026152,90,1,4001,0.00037505291420000114,-0.03491006142210001,0.003818298,36,0.010000000000000005,,,2.0865786507472117e-10
,connect,,1,,1.6617587944799993e-05,1.5075845542131915e-05,5,0.0005,2,9.82364366348e-33,0.0,-8.961181773344316e-06,1,False,1,static,0.99,-0.0034772481300377215,-1.2578227453946742e-08,3.326530626000493e-06,-1,0.2,1.43042696034e-05,static,8,8.973757912426582e-06,double,0.0031775539730818075,90,1,4001,3.755403612279896e-06,-0.003481003533650001,0.003845048,36,0.010000000000000005,,,2.0883716813962973e-12
,connect,,1,,-1.66188742253e-05,1.5076980431651797e-05,5,0.0005,2,1.97089907621e-32,0.0,-8.96208259279476e-06,1,False,1,static,0.99,0.003482518459990001,-1.2616324571797642e-08,3.3993089699014947e-06,1,0.2,1.43048675408e-05,static,8,8.974696828595696e-06,double,0.0031755633096646895,90,1,4001,3.7564877500002695e-06,0.0034787619722400007,0.003957801,36,0.010000000000000005,,,2.08877086261335e-12
,connect,,1,,-0.00016624666428100005,0.00015082090869221826,5,0.0005,2,7.20872355246e-33,0.0,-0.0008966138276414186,1,False,1,static,0.99,0.03506204421440001,-1.2788262508955085e-06,0.00033562832772837437,10,0.2,0.000143075582587,static,8,0.0008978924448353266,double,0.03166532255422031,90,1,4001,0.0003761370489999971,0.034685907165399994,0.003884223,36,0.010000000000000005,,,2.0905698743314827e-10
,connect,,1,,0.00016183205125299994,0.00014681893263992734,5,0.0005,2,1.01271778163e-32,0.0,-0.0008725984244226029,1,False,1,static,0.99,-0.09012892646569999,-8.450268389485423e-06,0.0003418896024489391,-10,0.2,0.000140404832218,static,8,0.0008810484765855277,double,0.08261646643696496,90,1,4001,0.0003840649631999954,-0.09051299142890001,0.003840158,38,0.010000000000000005,,,2.1622656063650242e-10
,connect,,1,,1.6189408200300002e-05,1.4687368302466712e-05,5,0.0005,2,8.05289363392e-33,0.0,-8.730195790616224e-06,1,False,1,static,0.99,-0.009022067388979997,-8.467425291582606e-08,3.4042889080309855e-06,-1,0.2,1.40434872234e-05,static,8,8.81486787962262e-06,double,0.00823909989007381,90,1,4001,3.844941690001394e-06,-0.00902591233067,0.003894942,38,0.010000000000000005,,,2.1639094308051983e-12
,connect,,1,,-1.6190787116300004e-05,1.4688585375698534e-05,5,0.0005,2,5.55382018684e-34,0.0,-8.731131908574402e-06,1,False,1,static,0.99,0.009024109214459173,-8.471245964653058e-08,3.4962161752733236e-06,1,0.2,1.40441545367e-05,static,8,8.815842203946524e-06,double,0.008234083096775587,90,1,4001,3.845896649171303e-06,0.009020263317810001,0.003928448,38,0.010000000000000005,,,2.1642744088318407e-12
,connect,,1,,-0.00016196994270199994,0.00014694063983224006,5,0.0005,2,9.97812598404e-35,0.0,-0.0008735345408116744,1,False,1,static,0.99,0.09033310913310003,-8.488475200308101e-06,0.00034364695008493317,10,0.2,0.000140471563381,static,8,0.0008820227994195885,double,0.08211478635366401,90,1,4001,0.00038501992700000487,0.0899480892061,0.003909569,38,0.010000000000000005,,,2.165923940851064e-10
,connect,,1,,0.00012835023132,0.00011643497625529173,5,0.0005,2,2.85288448782e-33,0.0,-0.0006917800405719161,1,False,1,static,0.99,-0.584078754369,-0.00035488132269733265,0.0002486959381384777,-10,0.2,0.000122193660933,static,8,0.0010466603065676253,double,0.5333954979526297,90,1,4001,0.0002792254260000071,-0.5843579797949998,0.003871505,60,0.010000000000000005,,,1.0567016234469886e-09
,connect,,1,,1.2842359139500003e-05,1.1649981783871283e-05,5,0.0005,2,7.71769440163e-32,0.0,-6.922023490592878e-06,1,False,1,static,0.99,-0.05832801356369999,-3.539118373808562e-06,2.5192429896613573e-06,-1,0.2,1.22229419387e-05,static,8,1.046113131603967e-05,double,0.05324631236163312,90,1,4001,2.7986948999969563e-06,-0.058330812258600005,0.003813905,60,0.010000000000000005,,,1.0548361770035676e-11
,connect,,1,,-1.2843989464281502e-05,1.1651422802687744e-05,5,0.0005,2,7.31251061156e-31,0.0,-6.922962117906641e-06,1,False,1,static,0.99,0.058310299935885594,-3.5369698349160367e-06,2.5610341024271536e-06,1,0.2,1.22237362969e-05,static,8,1.0459921408591564e-05,double,0.05322560860762726,90,1,4001,2.800124885597832e-06,0.05830749981100002,0.003869953,60,0.010000000000000005,,,1.0544231113918502e-11
,connect,,1,,-0.00012851326361800004,0.00011657907798172002,5,0.0005,2,1.31872782916e-32,0.0,-0.0006927186666152407,1,False,1,static,0.99,0.5823073897350001,-0.00035273277594490124,0.000250368766069573,10,0.2,0.000122273096653,static,8,0.001045450389989115,double,0.5313251219945921,90,1,4001,0.0002806553649999932,0.58202673437,0.003837803,60,0.010000000000000005,,,1.052571026866067e-09
,connect,,1,,0.00011393662904700002,0.00010335072800145781,5,0.0005,2,2.14423436349e-33,0.0,-0.0006137615449015448,1,False,1,static,0.99,-0.9359209337869995,-0.0009112286950781203,3.365996743126103e-05,-10,0.2,0.000114644322636,static,8,0.0015249873229259926,double,0.8543601116980994,90,1,4001,3.336551499999452e-05,-0.9359542993020002,0.003859892,90,0.010000000000000005,,,2.9170536725063936e-09
,connect,,1,,1.13973620353e-05,1.0338336280292602e-05,5,0.0005,2,4.66980561238e-33,0.0,-6.140083161263356e-06,1,False,1,static,0.99,-0.09352989248849998,-9.100185322407047e-06,1.502782708469758e-06,-1,0.2,1.14674826423e-05,static,8,1.5240239343573472e-05,double,0.08537810876173889,90,1,4001,3.4216310000612093e-07,-0.09353023465160003,0.003944488,90,0.010000000000000005,,,2.914009693131192e-11
,connect,,1,,-1.1398185974699997e-05,1.0339063168084852e-05,5,0.0005,2,2.33191982414e-33,0.0,-6.140632106528428e-06,1,False,1,static,0.99,0.09351606620799999,-9.097496423096116e-06,1.478806702413874e-06,1,0.2,1.14681603478e-05,static,8,1.5238099396287449e-05,double,0.085365220065849,90,1,4001,3.440529000031667e-07,0.09351572215509998,0.003903639,90,0.010000000000000005,,,2.913333709509086e-11
,connect,,1,,-0.000114019022719,0.00010342341655522939,5,0.0005,2,1.01955054249e-33,0.0,-0.0006143104894048334,1,False,1,static,0.99,0.9345383087560001,-0.000908539802141725,3.409370520476133e-05,10,0.2,0.0001147120931,static,8,0.0015228473812525342,double,0.8530712453902447,90,1,4001,3.525533399995062e-05,0.9345030534220004,0.003886279,90,0.010000000000000005,,,2.910294024109812e-09
,connect,,1,,0.00011212289772299999,0.00010170232902256495,5,0.0005,2,1.99016582789e-33,0.0,-0.000603826245223501,1,False,1,static,0.99,-1.01865312392,-0.0010794564264314111,0.00015001851248208623,-10,0.2,0.000109531115503,static,8,0.0016832790035062768,double,0.9297201393821168,90,1,4001,-0.00016784083000009886,-1.0184852830899997,0.003923953,120,0.010000000000000005,,,3.668148635315935e-09
,connect,,1,,1.12124341681e-05,1.0170344763611691e-05,5,0.0005,2,3.57109221046e-32,0.0,-6.039465870819965e-06,1,False,1,static,0.99,-0.10186126939500001,-1.0793710325147956e-05,2.5575339740815624e-06,-1,0.2,1.095598799e-05,static,8,1.6833139519932076e-05,double,0.09298184265242761,90,1,4001,-1.6707300000001757e-06,-0.10185959866499995,0.00404438,120,0.010000000000000005,,,3.6676035845221566e-11
,connect,,1,,-1.12124685925e-05,1.0170371658954449e-05,5,0.0005,2,4.50190287455e-35,0.0,-6.039734152098474e-06,1,False,1,static,0.99,0.10186035176599995,-1.0793516502530664e-05,2.6812697547324864e-06,1,0.2,1.09566282563e-05,static,8,1.683321397981296e-05,double,0.09298399366213944,90,1,4001,-1.6690230000004913e-06,0.10186202078899999,0.003894935,120,0.010000000000000005,,,3.667481617791686e-11
,connect,,1,,-0.00011212634013300003,0.00010170501852975262,5,0.0005,2,1.16003871592e-32,0.0,-0.0006040945256945581,1,False,1,static,0.99,1.0185613618900002,-0.001079262605780933,0.0001506995789433268,10,0.2,0.000109595141792,static,8,0.0016833534645481947,double,0.929935240679821,90,1,4001,-0.00016613398000009383,1.0187274958699999,0.003812316,120,0.010000000000000005,,,3.6669272963137794e-09
,connect,,1,,-1.0944441291295781e-05,2.236690942988502e-05,5,0.001,3,0.000602436925369,0.0,-0.00021218601265825428,1,False,0.5,dynamic,0.99,-0.08869851080229481,0.08493796153772704,0.0025988043910724033,1,0.2,4.37546358346e-05,dynamic,8,-0.08339646897655656,double,0.08534659973418503,90,1,3001,-0.010308434695514361,-0.07839007610678043,0.002873847,90,0.010000000000000005,,,-0.0007268696231432208
,connect,,1,,-1.11258569516051e-06,1.4239324600028279e-05,5,0.0005,3,0.0006027288053,0.0,-0.00011430741074795213,1,False,0.5,dynamic,0.99,-0.08594258731283025,0.08468901374616002,0.0012994455975615517,1,0.2,2.26559695077e-05,dynamic,8,-0.08360529574572492,double,0.08484428419950771,90,1,6001,-0.007489792317648194,-0.07845279499518207,0.005752063,90,0.010000000000000005,,,-0.0003666817843871376
,connect,,1,,3.8083794223389076e-06,1.1368649306867422e-05,5,0.00025,3,0.000602874486767,0.0,-6.52114265180628e-05,1,False,0.5,dynamic,0.99,-0.08456311400892337,0.08456209574846507,0.00064968259357657,1,0.2,1.64906338383e-05,dynamic,8,-0.08370985744463277,double,0.08467314126309337,90,1,12001,-0.0060789559739805165,-0.07848415803494284,0.011505169,90,0.010000000000000005,,,-0.00018415239054723006
,connect,,1,,-6.951038334801485e-08,0.00031313089699577275,5,0.001,3,0.00907662768531,0.0,-0.032011063664016765,1,False,2,dynamic,0.99,-0.0020792370690676876,1.20572051694942,0.04195083378651065,1,0.2,0.000461516728565,dynamic,8,-1.157054262756796,double,0.3906950139849403,90,1,3001,-0.0021255488536825735,4.631178461487906e-05,0.002850381,90,0.010000000000000005,,,-0.0075785628432973595
,connect,,1,,-4.269798185034534e-08,0.00015917122732782277,5,0.0005,3,0.00914799770815,0.0,-0.01686289566832954,1,False,2,dynamic,0.99,-0.0020725980730706794,1.2184730230750769,0.020971150775943966,1,0.2,0.00023190502143,dynamic,8,-1.1881102256458722,double,0.3613429007940261,90,1,6001,-0.002126005722540306,5.340764946964782e-05,0.005735325,90,0.010000000000000005,,,-0.0043519040527252376
,connect,,1,,-3.2831975449537644e-08,8.571042882188443e-05,5,0.00025,3,0.00918404065327,0.0,-0.009105747537406294,1,False,2,dynamic,0.99,-0.002069671326875735,1.224425463268855,0.010489037186649034,1,0.2,0.000122950857096,dynamic,8,-1.2038192848601363,double,0.3509244250841192,90,1,12001,-0.002126159403592865,5.64880767171303e-05,0.011659132,90,0.010000000000000005,,,-0.002316390218042353
,connect,,1,,0.00019963672885508842,0.0017223854469353302,5,0.001,3,0.0454147849483,0.0,-0.6514083346177165,1,False,5,dynamic,0.99,0.13457110239697437,6.095998156897668,0.2696916602267985,1,0.2,0.00252493823013,dynamic,8,-5.479691617900285,double,1.5321132710512997,90,1,3001,0.16601368987544635,-0.031442587478471964,0.002967796,90,0.010000000000000005,,,0.08051658056863331
,connect,,1,,0.00010433633709742923,0.0008581027419745608,5,0.0005,3,0.0467576806029,0.0,-0.3853265693281178,1,False,5,dynamic,0.99,0.07737913636312449,6.6334991683550175,0.13457229322729936,1,0.2,0.00125703009197,dynamic,8,-6.221996353528839,double,1.1813517263310358,90,1,6001,0.11623362671288999,-0.03885449034976553,0.006078908,90,0.010000000000000005,,,0.020581435104839008
,connect,,1,,5.748794260168519e-05,0.00042886340064967113,5,0.00025,3,0.0474638318771,0.0,-0.2205650701018757,1,False,5,dynamic,0.99,0.04894500484408149,6.886160094474462,0.06738370774378843,1,0.2,0.000626749133079,dynamic,8,-6.6235683914857955,double,1.0374194137315178,90,1,12001,0.09153843505625467,-0.04259343021217315,0.012075798,90,0.010000000000000005,,,0.005437198990308978
,connect,,1,,-1.9876709682088523e-07,2.1078083274510504e-07,5,0.001,1,-2.7639123000022803e-07,0.00200388214598,1.232432955858854e-07,1,False,1,passive,0.99,0.0,0.0,1.4614651521767274e-06,0,0.2,6.58146835084e-07,passive,8,0.0,double,1.4614651521767274e-06,90,1,1001,0.0,0.0,0.000971771,90,0.010000000000000005,,,-3.9963452558611344e-07
,connect,,1,,-9.658683072473954e-08,1.0101721173346361e-07,5,0.0005,1,-1.384763599998444e-07,0.00200388214598,6.136819896919786e-08,1,False,1,passive,0.99,0.0,0.0,7.293722957438893e-07,0,0.2,3.64707954439e-07,passive,8,0.0,double,7.293722957438893e-07,90,1,2001,0.0,0.0,0.001957782,90,0.010000000000000005,,,-1.9984455896904226e-07
,connect,,1,,-4.551265787275916e-08,4.61401865689606e-08,5,0.00025,1,-6.950940999997032e-08,0.00200388214598,3.0419652120032806e-08,1,False,1,passive,0.99,0.0,0.0,3.6541977579149986e-07,0,0.2,2.20252334997e-07,passive,8,0.0,double,3.6541977579149986e-07,90,1,4001,0.0,0.0,0.003929664,90,0.010000000000000005,,,-9.992906212000314e-08
,weld,,1,,0.00013123763873300003,0.00011906174988061483,5,0.0005,2,2.73278277006e-32,0.0,-0.0007077202317657774,1,False,1,static,0.9890998075176296,-0.0345003300913,-1.2382367837130486e-06,0.00036485739823505085,-10,0.2,0.0001145869928,static,8,0.0007089582675354574,double,0.03186433109940843,90,1,4001,0.00040961964660000266,-0.03490994973790001,0.004928401,36,0.00999990991577752,,,2.0101403300134407e-10
,weld,,1,,1.3124336467800004e-05,1.1906683737932374e-05,5,0.0005,2,2.08959316962e-32,0.0,-7.077509964558367e-06,1,False,1,static,0.9890998075176296,-0.0034769049549299995,-1.257569304150047e-08,3.6337313591861884e-06,-1,0.2,1.14583706844e-05,static,8,7.090083646937359e-06,double,0.0031775580625784563,90,1,4001,4.09846820000016e-06,-0.00348100342313,0.004971154,36,0.00999990991577752,,,2.0106625088170014e-12
,weld,,1,,-1.31244639376e-05,1.1906796991313067e-05,5,0.0005,2,1.01715232476e-32,0.0,-7.0775782105856786e-06,1,False,1,static,0.9890998075176296,0.003482860835059999,-1.2618747317632912e-08,3.6856547440781603e-06,1,0.2,1.14582975224e-05,static,8,7.090194947124388e-06,double,0.0031755674160016973,90,1,4001,4.09897308999976e-06,0.003478761861969999,0.004921585,36,0.00999990991577752,,,2.010778923331206e-12
,weld,,1,,-0.00013125038544,0.00011907307498798224,5,0.0005,2,2.7837847536e-32,0.0,-0.0007077884761000489,1,False,1,static,0.9890998075176296,0.03509592259,-1.281290498831737e-06,0.0003658178526718994,10,0.2,0.000114579676446,static,8,0.0007090695654686031,double,0.03166527033552733,90,1,4001,0.0004101245440000026,0.03468579804600001,0.005028148,36,0.00999990991577752,,,2.0113027747199058e-10
,weld,,1,,0.000128621228326,0.0001166879624974186,5,0.0005,2,4.89725667169e-33,0.0,-0.0006936026920200437,1,False,1,static,0.9890998075176296,-0.09011040617479998,-8.446805946243987e-06,0.00035849144013927226,-10,0.2,0.000113362240011,static,8,0.0007020492855823354,double,0.08261652740325735,90,1,4001,0.00040252728879999755,-0.09051293346359998,0.004864478,38,0.00999990991577752,,,2.1238395222188122e-10
,weld,,1,,1.2863348337199993e-05,1.166988224860275e-05,5,0.0005,2,8.48736186881e-33,0.0,-6.936661912329621e-06,1,False,1,static,0.9890998075176296,-0.0090218846781,-8.467088925383469e-08,3.567284148954764e-06,-1,0.2,1.13361991921e-05,static,8,7.0213306772677406e-06,double,0.008239111019679852,90,1,4001,4.0275953700000255e-06,-0.009025912273469999,0.004868944,38,0.00999990991577752,,,2.1243157150954467e-12
,weld,,1,,-1.2863620388600002e-05,1.1670123337299419e-05,5,0.0005,2,3.00618959888e-32,0.0,-6.936802648003526e-06,1,False,1,static,0.9890998075176296,0.009024291372330002,-8.47159384014269e-08,3.6287216122054243e-06,1,0.2,1.13361932936e-05,static,8,7.021516461983254e-06,double,0.008234094234441696,90,1,4001,4.028111540000864e-06,0.00902026326079,0.004892269,38,0.00999990991577752,,,2.124421698398906e-12
,weld,,1,,-0.00012864843335300003,0.0001167120712735082,5,0.0005,2,2.48963012123e-32,0.0,-0.0006937434268529166,1,False,1,static,0.9890998075176296,0.09035107641019999,-8.491855174328482e-06,0.00035955723804263756,10,0.2,0.00011336165011,static,8,0.0007022350695375042,double,0.08211484958512326,90,1,4001,0.000403043455900004,0.08994803295430004,0.004997261,38,0.00999990991577752,,,2.1248974097203693e-10
,weld,,1,,0.00011608530101700005,0.00010530363986805583,5,0.0005,2,1.35007606655e-32,0.0,-0.0006256378377802701,1,False,1,static,0.9890998075176296,-0.5840916700100002,-0.0003548996988526073,0.00023876043276343297,-10,0.2,0.000111198530799,static,8,0.0009805362344785659,double,0.5333969011283511,90,1,4001,0.0002663355570000636,-0.584358005567,0.004936206,60,0.00999990991577752,,,1.3021543115694992e-09
,weld,,1,,1.1610252997400001e-05,1.0531897235631566e-05,5,0.0005,2,1.26918028931e-32,0.0,-6.256637003884599e-06,1,False,1,static,0.9890998075176296,-0.05832814346079998,-3.539161145151028e-06,3.0024753998181846e-06,-1,0.2,1.11188659254e-05,static,8,9.79578515270389e-06,double,0.05324644996378757,90,1,4001,2.668823700001377e-06,-0.05833081228449999,0.00493158,60,0.00999990991577752,,,1.299633173719824e-11
,weld,,1,,-1.1610636068399998e-05,1.0532238135036438e-05,5,0.0005,2,4.8805252561e-32,0.0,-6.256694781153444e-06,1,False,1,static,0.9890998075176296,0.05831016987409999,-3.536981109487976e-06,2.884202775952082e-06,1,0.2,1.11186469153e-05,static,8,9.793662899893617e-06,double,0.053225746099162155,90,1,4001,2.6700370999999112e-06,0.058307499837,0.004972617,60,0.00999990991577752,,,1.2990747802089507e-11
,weld,,1,,-0.00011612360795300006,0.00010533772967149782,5,0.0005,2,2.56057333766e-32,0.0,-0.0006256956139429463,1,False,1,static,0.9890998075176296,0.5822943094319999,-0.00035271965548601755,0.00023835721720017868,10,0.2,0.000111176629689,static,8,0.000978413972858888,double,0.5313265144554941,90,1,4001,0.0002675488750000232,0.5820267605569998,0.004945172,60,0.00999990991577752,,,1.2965700756963072e-09
,weld,,1,,0.00011397957629199998,0.0001033813805324925,5,0.0005,2,2.1827715926e-32,0.0,-0.0006137824567276758,1,False,1,static,0.9890998075176296,-0.9359189462689999,-0.00091123579288816,5.996336124839093e-05,-10,0.2,0.000114865997074,static,8,0.0015250145033978678,double,0.8543635209268058,90,1,4001,3.535149800004689e-05,-0.9359542977669997,0.00493419,90,0.00999990991577752,,,3.746217967998469e-09
,weld,,1,,1.1398143175799995e-05,1.0338305672479004e-05,5,0.0005,2,5.75722115821e-32,0.0,-6.1377612423902574e-06,1,False,1,static,0.9890998075176296,-0.0935298724229518,-9.10029094046261e-06,4.942063428589296e-06,-1,0.2,1.14863511747e-05,static,8,1.523801475927807e-05,double,0.0853784492943497,90,1,4001,3.6222704820079723e-07,-0.09353023465000002,0.004917302,90,0.00999990991577752,,,3.742357479816086e-11
,weld,,1,,-1.1398186000899997e-05,1.0338344313163704e-05,5,0.0005,2,2.11694797005e-32,0.0,-6.1377474635309495e-06,1,False,1,static,0.9890998075176296,0.09351608631490001,-9.097609822549933e-06,4.902761663323243e-06,1,0.2,1.14862953351e-05,static,8,1.5235319871078402e-05,double,0.08536556048216591,90,1,4001,3.641613999932902e-07,0.09351572215349996,0.004961152,90,0.00999990991577752,,,3.741500248083927e-11
,weld,,1,,-0.00011398385849,0.00010338524433078996,5,0.0005,2,2.80017963813e-32,0.0,-0.00061376867707167,1,False,1,static,0.9890998075176296,0.9345403376348618,-0.0009085546796325095,5.760215583018608e-05,10,0.2,0.00011486041311,static,8,0.0015223196190586802,double,0.8530746429502416,90,1,4001,3.7285793861977945e-05,0.9345030518410001,0.004890149,90,0.00999990991577752,,,3.737645499200283e-09
,weld,,1,,0.00011499991584699999,0.00010430327487652816,5,0.0005,2,6.23432913612e-33,0.0,-0.00061904482667157,1,False,1,static,0.9890998075176296,-1.0186578671,-0.0010794805041210301,0.00016281723409067227,-10,0.2,0.000112109396441,static,8,0.0016985206138366278,double,0.9297241951328628,90,1,4001,-0.00017258459000002446,-1.0184852825099997,0.004901453,120,0.00999990991577752,,,4.716955972301415e-09
,weld,,1,,1.1498224335694102e-05,1.0428756946814539e-05,5,0.0005,2,7.70141379999e-32,0.0,-6.1902998884517585e-06,1,False,1,static,0.9890998075176296,-0.10186131620400002,-1.0793860689311327e-05,6.464691970949174e-06,-1,0.2,1.12126901049e-05,static,8,1.6984113417308374e-05,double,0.09298224827613469,90,1,4001,-1.7175400000013497e-06,-0.101859598664,0.004874042,120,0.00999990991577752,,,4.716045471182199e-11
,weld,,1,,-1.1497833046000002e-05,1.0428409192348199e-05,5,0.0005,2,2.46024665845e-31,0.0,-6.1902669665674855e-06,1,False,1,static,0.9890998075176296,0.10186030509399996,-1.0793647096827075e-05,6.646698909770371e-06,1,0.2,1.12130783528e-05,static,8,1.6983866904971616e-05,double,0.09298439928538278,90,1,4001,-1.7156939999957155e-06,0.10186202078799997,0.004958395,120,0.00999990991577752,,,4.715842294490284e-11
,weld,,1,,-0.00011496078704500001,0.00010426849957444495,5,0.0005,2,1.19449709467e-32,0.0,-0.0006190119058531581,1,False,1,static,0.9890998075176296,1.01855675673,-0.0010792669132353757,0.00016853195531673864,10,0.2,0.000112148221238,static,8,0.0016982741041648508,double,0.9299392964273844,90,1,4001,-0.00017073861000005408,1.01872749534,0.005037741,120,0.00999990991577752,,,4.714923683033986e-09
,weld,,1,,-2.0396240620934808e-05,3.0858514965389086e-05,5,0.001,3,0.000601480934697,0.0,-0.0003046996614955567,1,False,0.5,dynamic,0.9890998075176296,-0.08863462148147999,0.08484453986770499,0.006679659749764527,1,0.2,6.49303290816e-05,dynamic,8,-0.08321149792177387,double,0.08601160315093473,90,1,3001,-0.010304750470180602,-0.0783298710112994,0.003678435,90,0.00999990991577752,,,-0.0007268613497385544
,weld,,1,,-5.741044981139502e-06,1.7694369846388165e-05,5,0.0005,3,0.000602256257268,0.0,-0.00016081669193960364,1,False,0.5,dynamic,0.9890998075176296,-0.08591146352183467,0.08464358987498517,0.003340080712986528,1,0.2,3.2457468196e-05,dynamic,8,-0.08351384884220833,double,0.08505286940617261,90,1,6001,-0.00748843739118225,-0.0784230261306524,0.007418883,90,0.00999990991577752,,,-0.0003666680835692427
,weld,,1,,1.5941033187189818e-06,1.2469420668899224e-05,5,0.00025,3,0.000602643952616,0.0,-8.853852968865086e-05,1,False,0.5,dynamic,0.9890998075176296,-0.0845483748724108,0.0845406804022219,0.001670058046793869,1,0.2,1.83099241426e-05,dynamic,8,-0.08366535478502543,double,0.08474628071236755,90,1,12001,-0.006078765873379951,-0.07846960899903085,0.01485747,90,0.00999990991577752,,,-0.00018414313489181997
,weld,,1,,-6.409456242309486e-06,0.00045683167664462655,5,0.001,3,0.00885678503186,0.0,-0.04515111364364981,1,False,2,dynamic,0.9890998075176296,-0.002086736959281865,1.1898429947781868,0.10776794345303588,1,0.2,0.000662731792069,dynamic,8,-1.1282130644597306,double,0.4272963587256644,90,1,3001,-0.0020777280433046316,-9.008915977226194e-06,0.003769337,90,0.00999990991577752,,,-0.007622031642946461
,weld,,1,,-3.195660226398847e-06,0.00022886865051940708,5,0.0005,3,0.00903452112503,0.0,-0.02372270060763117,1,False,2,dynamic,0.9890998075176296,-0.002075403564638812,1.2107363280409957,0.05387099753254649,1,0.2,0.000330730753064,dynamic,8,-1.1736167277386187,double,0.37400152065555453,90,1,6001,-0.0021017594496984915,2.6355885059700768e-05,0.007578773,90,0.00999990991577752,,,-0.004362378569715868
,weld,,1,,-1.5866040947108694e-06,0.00011745272698198962,5,0.00025,3,0.00912482720672,0.0,-0.012614671345751704,1,False,2,dynamic,0.9890998075176296,-0.002070407019835983,1.2207647922253526,0.026938244746605364,1,0.2,0.000170115954448,dynamic,8,-1.1967065420304595,double,0.355530575454908,90,1,12001,-0.002113741124100109,4.333410426409045e-05,0.015288766,90,0.00999990991577752,,,-0.002318751642421535
,weld,,1,,0.0002538657450344298,0.0025272496390033915,5,0.001,3,0.0413959448499,0.0,-0.7003297081383804,1,False,5,dynamic,0.9890998075176296,0.13916821306558733,5.510692099301438,0.6917809488903033,1,0.2,0.00364859031317,dynamic,8,-4.84311228785908,double,1.9053390175278844,90,1,3001,0.16370601401479104,-0.0245378009492037,0.003846653,90,0.00999990991577752,,,0.07414584154592285
,weld,,1,,0.00013011359817127145,0.001253867227124986,5,0.0005,3,0.044586025941,0.0,-0.46112133204264694,1,False,5,dynamic,0.9890998075176296,0.07961766006722551,6.3473501634854195,0.34500761763597926,1,0.2,0.00180943833447,dynamic,8,-5.860480634546671,double,1.3389741410060427,90,1,6001,0.11504568439972565,-0.03542802433250014,0.007612133,90,0.00999990991577752,,,0.018837829044898835
,weld,,1,,6.971704505190936e-05,0.0006190507469631207,5,0.00025,3,0.0462988172839,0.0,-0.2721783927167557,1,False,5,dynamic,0.9890998075176296,0.049988744498708444,6.749596395901045,0.17249451227909698,1,0.2,0.000892731169703,dynamic,8,-6.436108710281985,double,1.1021267678929525,90,1,12001,0.09091126281348894,-0.04092251831478048,0.014620451,90,0.00999990991577752,,,0.0049895243815963886
,weld,,1,,-1.876121981707588e-07,1.9776777352274148e-07,5,0.001,1,-7.03820300001004e-08,0.00200388214598,-4.1731284648308075e-08,1,False,1,passive,0.9890998075176296,0.0,0.0,2.217159243904473e-06,0,0.2,6.58585000766e-07,passive,8,0.0,double,2.217159243904473e-06,90,1,1001,0.0,0.0,0.001224987,90,0.00999990991577752,,,-2.865074535179233e-08
,weld,,1,,-8.54108409903581e-08,8.800716394304372e-08,5,0.0005,1,-3.570627000017493e-08,0.00200388214598,-2.138529998601368e-08,1,False,1,passive,0.9890998075176296,0.0,0.0,1.1489347056292554e-06,0,0.2,3.67805188664e-07,passive,8,0.0,double,1.1489347056292554e-06,90,1,2001,0.0,0.0,0.00245851,90,0.00999990991577752,,,-1.432097001416125e-08
,weld,,1,,-3.433407429263125e-08,3.321210125483768e-08,5,0.00025,1,-1.835536999998666e-08,0.00200388214598,-1.1196042307809705e-08,1,False,1,passive,0.9890998075176296,0.0,0.0,6.558720531912269e-07,0,0.2,2.27239772558e-07,passive,8,0.0,double,6.558720531912269e-07,90,1,4001,0.0,0.0,0.004905935,90,0.00999990991577752,,,-7.159327692176954e-09
,tendon,,1,,5.2767042033099994e-05,4.788662637774802e-05,5,0.0005,2,1.68025317959e-36,0.0,-0.0002835417689567916,1,False,1,static,0.9921930164592978,-0.034782426377299995,-1.2584831913421984e-06,0.00011446946335491294,-10,0,4.53788888671e-05,static,8,0.00028480023074403877,double,0.03186500857709685,90,1,4001,0.000128431871099996,-0.034910858248400005,0.002677117,36,0.009488472193020818,,,2.140409502198945e-11
,tendon,,1,,5.276491459050002e-06,4.7884762238602134e-06,5,0.0005,2,8.58407102569e-35,0.0,-2.8352330618800003e-06,1,False,1,static,0.9921930164592978,-0.0034797199245599985,-1.2595466293798168e-08,1.1426279713288934e-06,-1,0,4.53744760986e-06,static,8,2.8478283141459083e-06,double,0.003177547381901099,90,1,4001,1.2844051899998758e-06,-0.0034810043297500005,0.002933436,36,0.009488472193020818,,,2.1402788997134672e-13
,tendon,,1,,-5.276444168659999e-06,4.788434786663633e-06,5,0.0005,2,6.75745020592e-33,0.0,-2.8351920159355287e-06,1,False,1,static,0.9921930164592978,0.003480047192570001,-1.2597822804309177e-08,1.1479910578478742e-06,1,0,4.53734952977e-06,static,8,2.8477896247149044e-06,double,0.0031755566994626423,90,1,4001,1.2844243899999726e-06,0.0034787627681800008,0.002814013,36,0.009488472193020818,,,2.1402493340284432e-13
,tendon,,1,,-5.2762312999199984e-05,4.7882482661895396e-05,5,0.0005,2,8.34152983288e-35,0.0,-0.00028350072307673993,1,False,1,static,0.9921930164592978,0.0348151534569,-1.2608397186708178e-06,0.00011453991768048546,10,0,4.5369080859e-05,static,8,0.0002847615413942561,double,0.03166594059419111,90,1,4001,0.00012845107679999856,0.0346867023801,0.002836456,36,0.009488472193020818,,,2.140115466569767e-11
,tendon,,1,,5.325488397540001e-05,4.832896789396078e-05,5,0.0005,2,6.0311212498e-33,0.0,-0.0002861593716820844,1,False,1,static,0.9921930164592978,-0.09038361291180001,-8.497768487850333e-06,0.00011598564086279502,-10,0,4.61914946867e-05,static,8,0.00029465710784392653,double,0.08261696189374676,90,1,4001,0.0001301756417999983,-0.09051378855360002,0.002813713,38,0.009488472193020818,,,3.232600818969811e-11
,tendon,,1,,5.325093970710001e-06,4.832550451066409e-06,5,0.0005,2,2.63321905533e-34,0.0,-2.8612346376867684e-06,1,False,1,static,0.9921930164592978,-0.009024611314170003,-8.471934095690405e-08,1.1555209775010615e-06,-1,0,4.61843251634e-06,static,8,2.9459536557312575e-06,double,0.008239080759258095,90,1,4001,1.3018128100002885e-06,-0.009025913126980005,0.002985903,38,0.009488472193020818,,,3.229124151061982e-13
,tendon,,1,,-5.325006476209999e-06,4.832473621784101e-06,5,0.0005,2,2.96958513633e-33,0.0,-2.8611550112676635e-06,1,False,1,static,0.9921930164592978,0.009021565939300001,-8.466217597352045e-08,1.1685911031515257e-06,1,0,4.61827341175e-06,static,8,2.9458168644052722e-06,double,0.008234063964134775,90,1,4001,1.3018253599995228e-06,0.009020264113939998,0.002850923,38,0.009488472193020818,,,3.2283591151391865e-13
,tendon,,1,,-5.32461344812e-05,4.8321284931117946e-05,5,0.0005,2,3.41220076513e-33,0.0,-0.00028607974458089624,1,False,1,static,0.9921930164592978,0.09007907272640003,-8.440602705652205e-06,0.00011612754306501575,10,0,4.61755841666e-05,static,8,0.0002945203150373935,double,0.08211528003498321,90,1,4001,0.00013018818510000807,0.08994888454129997,0.002948221,38,0.009488472193020818,,,3.224915495238234e-11
,tendon,,1,,7.66083309776e-05,6.950487798459791e-05,5,0.0005,2,1.62551974837e-34,0.0,-0.00041125168164517635,1,False,1,static,0.9921930164592978,-0.5842138879259999,-0.00035503743401326044,0.00013006777171002985,-10,0,7.24690685613e-05,static,8,0.0007662882724794249,double,0.5333945230105854,90,1,4001,0.0001443615119999242,-0.5843582494380001,0.002694539,60,0.009488472193020818,,,8.431790118543225e-10
,tendon,,1,,7.652966956989999e-06,6.9435557089581e-06,5,0.0005,2,6.44227948884e-33,0.0,-4.1063979167918875e-06,1,False,1,static,0.9921930164592978,-0.05832936779249999,-3.5392037210837955e-06,1.8521484965074684e-06,-1,0,7.23771273642e-06,static,8,7.64559322855739e-06,double,0.053246191886106596,90,1,4001,1.4447366999958966e-06,-0.05833081252920003,0.002963847,60,0.009488472193020818,,,8.409318293286768e-12
,tendon,,1,,-7.651222721309997e-06,6.942018539315896e-06,5,0.0005,2,2.4212230312e-33,0.0,-4.105041449150883e-06,1,False,1,static,0.9921930164592978,0.058308945066099994,-3.536726976081996e-06,1.7386044984804595e-06,1,0,7.23567402144e-06,static,8,7.641760020888804e-06,double,0.053225488186779864,90,1,4001,1.444984200002497e-06,0.058307500081900006,0.00282977,60,0.009488472193020818,,,8.404344075363358e-12
,tendon,,1,,-7.64339070967e-05,6.93511607493864e-05,5,0.0005,2,5.73298792833e-35,0.0,-0.00040989521146516777,1,False,1,static,0.9921930164592978,0.5821716152640002,-0.0003525606838657745,0.00012870829228362198,10,0,7.22651967072e-05,static,8,0.0007624550571280194,double,0.5313241543518926,90,1,4001,0.00014460907299995718,0.5820270061909998,0.002753931,60,0.009488472193020818,,,8.382029228148034e-10
,tendon,,1,,0.00011408489117500003,0.00010349065575230185,5,0.0005,2,4.32979722503e-34,0.0,-0.0006116424007193679,1,False,1,static,0.9921930164592978,-0.9359381474840002,-0.0009112429546223328,6.530893147954427e-05,-10,0,0.000114053125918,static,8,0.0015228820086009957,double,0.8543601493038755,90,1,4001,1.6165113000066178e-05,-0.9359543125969997,0.002809917,90,0.009488472193020818,,,3.3467407049890888e-09
,tendon,,1,,1.14000598645e-05,1.0341632696764326e-05,5,0.0005,2,7.77846961423e-35,0.0,-6.110343391788239e-06,1,False,1,static,0.9921930164592978,-0.09353006451370001,-9.100026856324279e-06,6.274421710982418e-06,-1,0,1.13965369603e-05,static,8,1.5210336823313793e-05,double,0.08537811107813391,90,1,4001,1.7015120000463124e-07,-0.09353023466490001,0.002745851,90,0.009488472193020818,,,3.3424798725083845e-11
,tendon,,1,,-1.1398185998499998e-05,1.033998035415667e-05,5,0.0005,2,2.02925717829e-32,0.0,-6.108990613081731e-06,1,False,1,static,0.9921930164592978,0.09351589420440003,-9.097271162402929e-06,6.251443181204188e-06,1,0,1.13945837759e-05,static,8,1.5206228360145507e-05,double,0.08536522231602052,90,1,4001,1.7203589999792435e-07,0.09351572216849997,0.002920528,90,0.009488472193020818,,,3.341533915260847e-11
,tendon,,1,,-0.00011389750497799996,0.00010332542183511278,5,0.0005,2,2.50023181984e-32,0.0,-0.0006102896279920878,1,False,1,static,0.9921930164592978,0.93452111667,-0.0009084872614272472,6.3463731673839e-05,10,0,0.000113857808514,static,8,0.0015187735521367538,double,0.8530712764567209,90,1,4001,1.8049848000023516e-05,0.9345030668219999,0.002919593,90,0.009488472193020818,,,3.3372825811433388e-09
,tendon,,1,,0.00012540717884799995,0.00011376099719632194,5,0.0005,2,1.63413420876e-32,0.0,-0.0006718734654453107,1,False,1,static,0.9921930164592978,-1.0186801283700002,-0.001079489923143576,0.0001870161995773846,-10,0,0.000120520720106,static,8,0.0017513589819222566,double,0.9297204790719973,90,1,4001,-0.0001948485800000732,-1.0184852797899997,0.003138195,120,0.009488472193020818,,,4.406666630121098e-09
,tendon,,1,,1.2541037894899999e-05,1.137636813017818e-05,5,0.0005,2,3.68919404492e-32,0.0,-6.720227757798788e-06,1,False,1,static,0.9921930164592978,-0.10186153830299999,-1.0793530794477963e-05,8.32650683446664e-06,-1,0,1.20569975171e-05,static,8,1.7513714494177083e-05,double,0.09298187718735476,90,1,4001,-1.939640999995551e-06,-0.10185959866200002,0.002889879,120,0.009488472193020818,,,4.405809966734494e-11
,tendon,,1,,-1.2541104502200002e-05,1.1376423884271929e-05,5,0.0005,2,3.15447121392e-33,0.0,-6.72055477975614e-06,1,False,1,static,0.9921930164592978,0.101860083112,-1.0793223233462377e-05,8.562103440712381e-06,1,0,1.20580848436e-05,static,8,1.7513733957032032e-05,double,0.09298402825875787,90,1,4001,-1.937672999996476e-06,0.101862020785,0.002793076,120,0.009488472193020818,,,4.405618648419137e-11
,tendon,,1,,-0.00012541384007299993,0.00011376657303088116,5,0.0005,2,6.08041978712e-34,0.0,-0.0006722004909385794,1,False,1,static,0.9921930164592978,1.01853461142,-0.0010791823668221724,0.0001958594195740518,10,0,0.000120629452879,static,8,0.0017513784530064497,double,0.9299355867937741,90,1,4001,-0.0001928813600000634,1.01872749278,0.002807912,120,0.009488472193020818,,,4.404754302077783e-09
,tendon,,1,,-4.315250045753492e-05,5.1003036691424746e-05,5,0.001,3,0.000324945866019,0.0,-0.0005131890798904322,1,False,0.5,dynamic,0.9921930164592978,-0.08634930426911662,0.08434936069697804,0.0070103261931051064,1,0,0.000115464430399,dynamic,8,-0.08277956067088452,double,0.08549014336911996,90,1,3001,-0.008166282859603193,-0.07818302140951343,0.002180363,90,0.009488472193020818,,,-0.0007316650801840944
,tendon,,1,,-1.719367916710446e-05,2.691089759612296e-05,5,0.0005,3,0.000325706047773,0.0,-0.00026499255185558946,1,False,0.5,dynamic,0.9921930164592978,-0.08369807368817568,0.08425303959294926,0.0035054444579225618,1,0,5.72262044818e-05,dynamic,8,-0.08329327130200519,double,0.08472786426972445,90,1,6001,-0.005348521311088032,-0.07834955237708764,0.004362695,90,0.009488472193020818,,,-0.00036906969131548183
,tendon,,1,,-4.2007004075946414e-06,1.6055222177658607e-05,5,0.00025,3,0.000326086554653,0.0,-0.00013990138195758587,1,False,0.5,dynamic,0.9921930164592978,-0.08237095142033772,0.08420245843169383,0.0017527331722932602,1,0,2.90243193559e-05,dynamic,8,-0.08355112663827152,double,0.084530566058795,90,1,12001,-0.0039381238922978545,-0.07843282752803987,0.008753539,90,0.009488472193020818,,,-0.0001853438568117258
,tendon,,1,,-4.860394645814758e-05,0.0007828927044281719,5,0.001,3,0.00466181577167,0.0,-0.07505019102399825,1,False,2,dynamic,0.9921930164592978,-0.0011907558457138591,1.1511358080297351,0.11287977801694708,1,0,0.00117934305786,dynamic,8,-1.062982978377934,double,0.4017365974601817,90,1,3001,-0.001073311808056964,-0.00011744403765685974,0.002141791,90,0.009488472193020818,,,-0.008440822856132776
,tendon,,1,,-2.831890311134258e-05,0.0003914983142763399,5,0.0005,3,0.00481818784554,0.0,-0.039564592549519474,1,False,2,dynamic,0.9921930164592978,-0.001133444279629856,1.1884329373353897,0.056426641927127874,1,0,0.000590423193347,dynamic,8,-1.1392784523919977,double,0.3554598653599469,90,1,6001,-0.0011054934087216565,-2.795087090819237e-05,0.004551602,90,0.009488472193020818,,,-0.004771704548332555
,tendon,,1,,-1.8201521202844004e-05,0.00019729299277221113,5,0.00025,3,0.00489846046784,0.0,-0.02069000100449037,1,False,2,dynamic,0.9921930164592978,-0.0011059834665448278,1.2066692453891708,0.028211908170762842,1,0,0.000298602142219,dynamic,8,-1.178557446289095,double,0.34251180944351833,90,1,12001,-0.001121561223618933,1.5577757074119348e-05,0.008888418,90,0.009488472193020818,,,-0.0025233376277453666
,tendon,,1,,0.00022330576439824935,0.004364908294584814,5,0.001,3,0.020247620761,0.0,-0.9860061692695088,1,False,5,dynamic,0.9921930164592978,0.12371063215691566,4.513636584350163,0.720670711654439,1,0,0.00657183430924,dynamic,8,-3.5528175157745503,double,1.7575787378033962,90,1,3001,0.1331218258494019,-0.009411193692486223,0.002467709,90,0.009488472193020818,,,0.045434721454896465
,tendon,,1,,9.152002493146761e-05,0.002175257871651856,5,0.0005,3,0.0227855006604,0.0,-0.7820698144196339,1,False,5,dynamic,0.9921930164592978,0.056658260338183976,5.813741192948504,0.3591710273172935,1,0,0.00327761880846,dynamic,8,-5.013000897882673,double,1.1683973874344327,90,1,6001,0.08434446843943084,-0.027686208101246862,0.004241972,90,0.009488472193020818,,,0.0041150200142032745
,tendon,,1,,2.71134897624824e-05,0.0010820034943715819,5,0.00025,3,0.0242146709951,0.0,-0.4746906461216983,1,False,5,dynamic,0.9921930164592978,0.02327801242001658,6.44546891603901,0.1794055053908459,1,0,0.0016352535321,dynamic,8,-5.944165326186026,double,0.9507351883604194,90,1,12001,0.06018847720251918,-0.0369104647825026,0.008648621,90,0.009488472193020818,,,-0.002398272736185869
,tendon,,1,,1.6773598084945426e-06,1.7771492101678945e-06,5,0.001,1,-8.449089999905748e-09,0.00108484677456,-2.4578617227968765e-08,1,False,1,passive,0.9921930164592978,0.0,0.0,2.4965327162919652e-05,0,0,3.13740544572e-06,passive,8,0.0,double,2.4965327162919652e-05,90,1,1001,0.0,0.0,0.000707223,90,0.009488472193020818,,,1.6129527228063016e-08
,tendon,,1,,1.7740457476348505e-06,1.8815172076752851e-06,5,0.0005,1,-8.964579999983999e-09,0.00108484677456,-1.7031605383741173e-08,1,False,1,passive,0.9921930164592978,0.0,0.0,2.4276248932141308e-05,0,0,3.32183039964e-06,passive,8,0.0,double,2.4276248932141308e-05,90,1,2001,0.0,0.0,0.001388958,90,0.009488472193020818,,,8.067025383757174e-09
,tendon,,1,,1.8223634701754217e-06,1.933731797282913e-06,5,0.00025,1,-9.219949999869984e-09,0.00108484677456,-1.3254101597817858e-08,1,False,1,passive,0.9921930164592978,0.0,0.0,2.3954181080513622e-05,0,0,3.41410514099e-06,passive,8,0.0,double,2.3954181080513622e-05,90,1,4001,0.0,0.0,0.002884061,90,0.009488472193020818,,,4.034151597947874e-09
,tendon,,1,,-7.801310480772813e-06,4.187220837035724e-05,0,0.0005,3,0.00520564478506,0.0,-0.0011101153902747245,1,False,2,mass_reference,0.9921930164592978,-0.001043474584834499,1.2554478453698423,9.611450099102859e-05,1,0,7.30411072781e-05,dynamic,8,-1.2496333910154986,double,0.3402924118619429,90,1,6001,-0.00115694926601849,0.00011347468118400172,0.004488819,90,0.009488472193020818,,,0.0005013058209909498
,connect,1.1398185974699997e-05,1,0.019749956422674263,-3.6752823007183003e-16,7.967059499345518e-06,5,0.0005,2,7.89340624805e-33,0.0,-1.1389970792519026e-05,1,False,1,mass_fixed,0.99,-1.1457167586198127e-14,-1.8175051452573716e-05,0.00011878788720174741,1,0.2,1.14681603483e-05,calibrate,8,2.8889309635755452e-05,double,0.06617822933277091,90,1,4001,-1.1457167586198127e-14,0.0,0.003911134,90,0.01,,,6.757126093372898e-07
5.8004085558266684e-05,connect,,1,,4.46628901831809e-07,4.0671867303560016e-05,0,0.0005,3,0.00963652113859,0.0,-0.001275982958703546,1,False,2,mass_fixed,0.99,-0.0020479275881214606,1.2607485081724144,8.203941884394156e-05,1,0.2,5.9105485356e-05,dynamic,8,-1.25076215494986,double,0.34642407610379444,90,1,6001,-0.002162482441686649,0.00011455485356519545,0.005876186,90,0.01,0.03574135568307223,,0.0009261508747392161
,connect,1.1398185974699997e-05,1,0.019749956422693577,-3.6726177654592e-16,7.967059499345568e-06,5,0.0005,2,2.69318382844e-33,0.0,-1.1389970792519518e-05,1,False,1,mass_tuned,0.99,-1.1456041341757354e-14,-1.8175051452573503e-05,0.00011878788720170108,1,0.2,1.14681603483e-05,calibrate,8,2.888930963575515e-05,double,0.06617822933277091,90,1,4001,-1.1456041341757354e-14,0.0,0.003960241,90,0.010000000000000005,,,6.757126093378709e-07
5.8004085558266684e-05,connect,,1,,4.4662890183230946e-07,4.067186730355978e-05,0,0.0005,3,0.00963652113859,0.0,-0.0012759829587032493,1,False,2,mass_tuned,0.99,-0.0020479275881250133,1.2607485081724148,8.203941884302285e-05,1,0.2,5.9105485356e-05,dynamic,8,-1.2507621549498624,double,0.3464240761037946,90,1,6001,-0.002162482441689299,0.00011455485356428596,0.006005762,90,0.010000000000000005,0.03574135568307011,,0.0009261508747409179
,connect,4.407196435209031e-05,1,0.019750274045913466,1.0287992679991906e-14,3.0844720036809254e-05,5,0.0005,2,2.70787355088e-33,0.0,-4.450087892506511e-05,1,False,1,mass_fixed,0.99,8.538088005856981e-13,-1.8188742944999334e-05,0.0001854523288163983,1,0.02,5.57302474633e-05,calibrate,8,6.156399452753044e-05,double,0.06617609228915464,90,1,4001,8.538088005856981e-13,0.0,0.004008616,90,0.01,,,1.1256273425340002e-06
0.0005850548874616525,connect,,1,,8.641087787741863e-07,0.00015720552082850085,0,0.0005,3,0.00563824345361,0.0,-0.004897055987855276,1,False,2,mass_fixed,0.99,-0.000905906025161471,1.2535220287890805,0.0003172920519554283,1,0.02,0.000282636823049,dynamic,8,-1.2435290689331624,double,0.3395569972781947,90,1,6001,-0.0011931733394647708,0.00028726731430329266,0.005849973,90,0.01,0.0007712868946815374,,0.0005423395855471639
,connect,1.13956769593e-05,1,0.019755956799296596,8.9206420028647e-15,7.957353089115465e-06,5,0.0005,2,1.53880678676e-34,0.0,-1.1432832975709121e-05,1,False,1,mass_tuned,0.9974149520952291,5.847916071998039e-13,-1.8579374186511447e-05,0.00036383818178462946,1,0.02,1.44094964266e-05,calibrate,8,2.888698729883148e-05,double,0.0661796900009118,90,1,4001,5.847916071998039e-13,0.0,0.003923863,90,0.009999964616074138,,,1.1252198633890884e-06
5.3320936821775744e-05,connect,,1,,5.176201929752537e-07,4.073216433935921e-05,0,0.0005,3,0.00565122870374,0.0,-0.0012769544069683378,1,False,2,mass_tuned,0.9974149520952291,-0.0011278322581085832,1.2558186782377818,8.245436264927386e-05,1,0.02,7.41760030052e-05,dynamic,8,-1.2494341605046635,double,0.34067847842168625,90,1,6001,-0.0012426458103340253,0.00011481355222542789,0.006054926,90,0.009999964616074138,0.0036213812484787245,,0.0005436653775900344
,connect,0.00034018387021499997,1,0.02003910401073745,2.447415603513288e-13,0.00023887371760384062,5,0.0005,2,1.07300728726e-32,0.0,-0.0003442541869605265,1,False,1,mass_fixed,0.99,2.3719683827947097e-11,-1.5784533058828703e-05,0.001425800114061424,1,0.002,0.000504300547164,calibrate,8,0.0003576850106770183,double,0.06615621412789892,90,1,4001,2.3719683827947097e-11,0.0,0.003850086,90,0.01,,,2.353709342336899e-06
0.0057746880260128065,connect,,1,,3.273258575104246e-05,0.0011945007432135933,0,0.0005,3,0.00510531636862,0.0,-0.03605889611932761,1,False,2,mass_fixed,0.99,0.0012962074706185404,1.2212607065762542,0.00240340038036231,1,0.002,0.00250111486794,dynamic,8,-1.180586798537246,double,0.3279613001713605,90,1,6001,-0.0004946132706901842,0.001790820741308707,0.005764042,90,0.01,0.033189659186301346,,0.0004903044489395492
,connect,1.1398182840099997e-05,1,0.01975035709911689,7.0897065995706e-15,7.967347133229202e-06,5,0.0005,2,4.50910815898e-32,0.0,-1.1458867881405594e-05,1,False,1,mass_tuned,0.9996337190084423,5.413298851148825e-13,-1.8699062120685998e-05,0.00044525601049405923,1,0.002,1.67634333653e-05,calibrate,8,2.8889579301810807e-05,double,0.06618228402297735,90,1,4001,5.413298851148825e-13,0.0,0.003899515,90,0.009538188412192611,,,1.2683507002807854e-06
5.446729803905497e-05,connect,,1,,4.84496252448432e-07,4.0847448617164715e-05,0,0.0005,3,0.00525402842637,0.0,-0.0012308851268189517,1,False,2,mass_tuned,0.9996337190084423,-0.001030754393583784,1.2553706465843932,8.443132667780362e-05,1,0.002,8.6047534393e-05,dynamic,8,-1.2493912179736304,double,0.34027988849454754,90,1,6001,-0.0011460845625144173,0.00011533016893065451,0.005885598,90,0.009538188412192611,0.0005737825166956203,,0.0005054849424261302
,connect,0.0031202398327603224,1,0.04225322019115268,7.933510629562334e-07,0.0022132705362074108,5,0.0005,2,7.53673732263e-16,0.0,-0.003160004790174969,1,False,1,mass_fixed,0.99,1.2368880682879697e-05,-1.1165394249293963e-05,0.008649203141425057,1,0.0002,0.00589166405182,calibrate,8,0.0031378286190824,double,0.06612261652893665,90,1,4001,1.2368880682879697e-05,0.0,0.003736172,90,0.01,,,3.334156534261657e-05
0.03817835585703977,connect,,1,,0.001367975858201458,0.007662297073604554,0,0.0005,3,0.00302828659139,0.0,-0.13556270421392944,1,False,2,mass_fixed,0.99,0.0093230930457064,0.6325304155923295,0.014207695148381333,1,0.0002,0.0162110471187,dynamic,8,-0.49428039475698726,double,0.19326793603343886,90,1,6001,0.002188706227249872,0.007134386818456512,0.005846933,90,0.01,0.21922550507450325,,0.0003409699699772062
,connect,1.13981859751e-05,0.31651249396857695,0.019758386387527603,7.69960983854621e-14,8.104176780154403e-06,5,0.0005,2,3.38560763387e-31,0.0,-1.1599037054747649e-05,1,False,1,mass_tuned,0.99989999,-1.9267956736654882e-10,-1.8716751464095623e-05,0.00046774343726159684,1,0.0002,2.2956611734e-05,calibrate,8,2.8889594786887603e-05,double,0.06617819230466823,90,1,4001,-1.9267956736654882e-10,0.0,0.003854326,90,0.01852908838750285,,,1.4261937319556685e-06
6.204366925400038e-05,connect,,0.31651249396857695,,-3.4410661645724666e-08,4.1660115212348956e-05,0,0.0005,3,0.00521813629094,0.0,-0.0003860088459590876,1,False,2,mass_tuned,0.99989999,-0.0010182408627761959,1.2561999933236052,8.889167198924631e-05,1,0.0002,8.85721825888e-05,dynamic,8,-1.2510978880005608,double,0.3404643342147661,90,1,6001,-0.0011358423155146938,0.00011760145273849787,0.005778493,90,0.01852908838750285,0.00045836289740663595,,0.0005020398138546738
,connect,,1,,4.4662890183230946e-07,4.067186730355978e-05,0,0.0005,3,0.00963652113859,0.0,-0.0012759829587032493,1,False,2,drive_control,0.99,-0.0020479275881250133,1.2607485081724148,8.203941884302285e-05,1,0.2,5.9105485356e-05,dynamic,8,-1.2507621549498624,double,0.3464240761037946,90,1,6001,-0.002162482441689299,0.00011455485356428596,0.006098265,90,0.010000000000000005,,fourbar_trace_drive_control_connect.csv,0.0009261508747409179
,connect,,1,,9.232111590862495e-08,4.0691583444261004e-05,0,0.000125,3,0.00963825705987,0.0,-0.0012634910456367887,1,False,2,drive_control,0.99,-0.0020887092543255222,1.2616931513735725,8.150262474166206e-05,1,0.2,5.84080737298e-05,dynamic,8,-1.2510229497117709,double,0.34658201811960837,90,1,24001,-0.0021625514146934605,7.384216036795976e-05,0.023553042,90,0.010000000000000005,,,0.00023154644370522166
,connect,,1,,3.741521139405749e-09,4.069720283618944e-05,0,3.125e-05,3,0.00963866950167,0.0,-0.001260335676697648,1,False,2,drive_control,0.99,-0.0020989038467921334,1.2619285597527137,8.144002630197311e-05,1,0.2,5.82359077403e-05,dynamic,8,-1.2510874416611186,double,0.3466213893212599,90,1,96001,-0.002162567365295864,6.366351850373064e-05,0.092525063,90,0.010000000000000005,,,5.7887086772516645e-05
,connect,,1,,3.9775300977504953e-07,4.269568843802677e-05,0.5,0.0005,3,0.00961325719887,0.0,-0.002896373121827243,1,False,2,drive_control,0.99,-0.002053336045136504,1.2582483981891956,0.002126048442043705,1,0.2,6.09333283689e-05,dynamic,8,-1.2461199605043436,double,0.34756247047803435,90,1,6001,-0.0021618404254344554,0.0001085043802979584,0.005828056,90,0.010000000000000005,,,0.0003811926358452604
,connect,,1,,8.00994004270068e-08,4.061774002822104e-05,0.5,0.000125,3,0.00962061798973,0.0,-0.0016683789020439086,1,False,2,drive_control,0.99,-0.0020895958074033205,1.259996724093304,0.0005458887829223354,1,0.2,5.79952559462e-05,dynamic,8,-1.2487922475137625,double,0.34681846026575325,90,1,24001,-0.0021619233882072494,7.232758080394319e-05,0.0234449,90,0.010000000000000005,,,8.452031223232662e-05
,connect,,1,,6.919809123978951e-10,4.063741247595957e-05,0.5,3.125e-05,3,0.00962244003641,0.0,-0.0013606063363696777,1,False,2,drive_control,0.99,-0.002098669006298614,1.260423158757884,0.00016476661226789592,1,0.2,5.80728954326e-05,dynamic,8,-1.249460568904148,double,0.3466411693764416,90,1,96001,-0.0021619414841270272,6.327247782839152e-05,0.091826184,90,0.010000000000000005,,,2.045651904368029e-05
,connect,,1,,-4.269798185034534e-08,0.00015917122732782277,5,0.0005,3,0.00914799770815,0.0,-0.01686289566832954,1,False,2,drive_control,0.99,-0.0020725980730706794,1.2184730230750769,0.020971150775943966,1,0.2,0.00023190502143,dynamic,8,-1.1881102256458722,double,0.3613429007940261,90,1,6001,-0.002126005722540306,5.340764946964782e-05,0.00572762,90,0.010000000000000005,,,-0.0043519040527252376
,connect,,1,,-2.8781617795795715e-08,5.433463848316295e-05,5,0.000125,3,0.00920215176424,0.0,-0.0051813264897339764,1,False,2,drive_control,0.99,-0.002068306121772359,1.2272958774463705,0.00525012968249132,1,0.2,7.85039368455e-05,dynamic,8,-1.2117191219827173,double,0.3469006632174951,90,1,24001,-0.0021262173068690798,5.7911185096706674e-05,0.023891118,90,0.010000000000000005,,,-0.0011932772096792518
,connect,,1,,-2.612944218037018e-08,4.088337919872988e-05,5,3.125e-05,3,0.00921577434952,0.0,-0.0022179339185509597,1,False,2,drive_control,0.99,-0.0020673251617779158,1.2294024329879512,0.0013233729441355397,1,0.2,5.8894769015e-05,dynamic,8,-1.2176638305410963,double,0.3444250659508057,90,1,96001,-0.002126252391328414,5.892722955049834e-05,0.091536096,90,0.010000000000000005,,,-0.0003048941787838796
,weld,,1,,4.950301359980379e-07,4.083436841471793e-05,0,0.0005,3,0.00963311420906,0.0,-0.0012951138704542892,1,False,2,drive_control,0.9890998075176296,-0.0020467463057357803,1.2611785428369404,0.0001421456540217426,1,0.2,5.95402329484e-05,dynamic,8,-1.2511776242909933,double,0.346474980178749,90,1,6001,-0.002161902592174542,0.00011515628643878984,0.007315648,90,0.00999990991577752,,fourbar_trace_drive_control_weld.csv,0.0009273095335671883
,weld,,1,,1.419585792822803e-07,4.0862263507846534e-05,0,0.000125,3,0.00963540991212,0.0,-0.001280736831726314,1,False,2,drive_control,0.9890998075176296,-0.0020875423001289234,1.2621229810913779,0.00014223137285138457,1,0.2,5.88768187258e-05,dynamic,8,-1.2514386723635136,double,0.3466329577437641,90,1,24001,-0.002161979539006737,7.443723887779186e-05,0.029413691,90,0.00999990991577752,,,0.00023183801598209938
,weld,,1,,5.3688024526077e-08,4.086992215699344e-05,0,3.125e-05,3,0.00963596260282,0.0,-0.0012771083455043722,1,False,2,drive_control,0.9890998075176296,-0.002097740469988345,1.262358338091566,0.00014234265277568258,1,0.2,5.8713243202e-05,dynamic,8,-1.2515032272423183,double,0.3466723378266926,90,1,96001,-0.0021619974760104838,6.425700602210327e-05,0.128892953,90,0.00999990991577752,,,5.796009907671289e-05
,weld,,1,,1.198060054913748e-07,4.465553851463679e-05,0.5,0.0005,3,0.0095978677615,0.0,-0.0036416831332277137,1,False,2,drive_control,0.9890998075176296,-0.002052556357206953,1.2578419777013117,0.005446133096279722,1,0.2,6.46707804913e-05,dynamic,8,-1.2449835915534684,double,0.3482139039197888,90,1,6001,-0.0021588543838849715,0.00010629802667801869,0.007357645,90,0.00999990991577752,,,0.0003811647468844885
,weld,,1,,4.813432238772418e-08,4.060496360215807e-05,0.5,0.000125,3,0.00961463588471,0.0,-0.001867993427370929,1,False,2,drive_control,0.9890998075176296,-0.0020885219989755727,1.2602168217195193,0.0013801122846411487,1,0.2,5.83331368827e-05,dynamic,8,-1.2488189292882028,double,0.34700605677760527,90,1,24001,-0.002160748162054894,7.222616307930707e-05,0.02949315,90,0.00999990991577752,,,8.473688076443596e-05
,weld,,1,,3.0226714233637897e-08,4.072268638427138e-05,0.5,3.125e-05,3,0.00961881651784,0.0,-0.0014230856766618617,1,False,2,drive_control,0.9890998075176296,-0.0020975285884541253,1.2608001309261812,0.0003820499605084399,1,0.2,5.83539802337e-05,dynamic,8,-1.2497787533913733,double,0.34672542538150936,90,1,96001,-0.002161220675852476,6.36920873983513e-05,0.120291721,90,0.00999990991577752,,,2.052465969396575e-05
,weld,,1,,-3.195660226398847e-06,0.00022886865051940708,5,0.0005,3,0.00903452112503,0.0,-0.02372270060763117,1,False,2,drive_control,0.9890998075176296,-0.002075403564638812,1.2107363280409957,0.05387099753254649,1,0.2,0.000330730753064,dynamic,8,-1.1736167277386187,double,0.37400152065555453,90,1,6001,-0.0021017594496984915,2.6355885059700768e-05,0.007427419,90,0.00999990991577752,,,-0.004362378569715868
,weld,,1,,-7.815403658157534e-07,6.642460099192247e-05,5,0.000125,3,0.0091703408117,0.0,-0.006961992464229317,1,False,2,drive_control,0.9890998075176296,-0.0020680767302725797,1.2256746164972712,0.013476085621788633,1,0.2,9.6889413567e-05,dynamic,8,-1.2083485518590191,double,0.348755392991295,90,1,24001,-0.0021197235681493965,5.1646837876816675e-05,0.030030081,90,0.00999990991577752,,,-0.001193731362322625
,weld,,1,,-1.7750911997001587e-07,4.1407956002883836e-05,5,3.125e-05,3,0.00920463400647,0.0,-0.002679269276220614,1,False,2,drive_control,0.9890998075176296,-0.0020664026101984943,1.2293113402039557,0.0033831095272489186,1,0.2,6.03217695971e-05,dynamic,8,-1.2171225662651144,double,0.34483451828094003,90,1,96001,-0.002124206756779955,5.780414658146071e-05,0.117340928,90,0.00999990991577752,,,-0.0003048706561507297
,tendon,,1,,-7.801310480772813e-06,4.187220837035724e-05,0,0.0005,3,0.00520564478506,0.0,-0.0011101153902747245,1,False,2,drive_control,0.9921930164592978,-0.001043474584834499,1.2554478453698423,9.611450099102859e-05,1,0,7.30411072781e-05,dynamic,8,-1.2496333910154986,double,0.3402924118619429,90,1,6001,-0.00115694926601849,0.00011347468118400172,0.004259263,90,0.009488472193020818,,fourbar_trace_drive_control_tendon.csv,0.0005013058209909498
,tendon,,1,,-8.130756576836984e-06,4.199657154707872e-05,0,0.000125,3,0.00520700702575,0.0,-0.0010966664384288206,1,False,2,drive_control,0.9921930164592978,-0.001084170781472345,1.2560713203825347,9.828216907471682e-05,1,0,7.37504819421e-05,dynamic,8,-1.249892979062357,double,0.3403692030184335,90,1,24001,-0.001156992345088888,7.282156361654302e-05,0.016951015,90,0.009488472193020818,,,0.00012533214400107032
,tendon,,1,,-8.213115790959089e-06,4.2028209220593004e-05,0,3.125e-05,3,0.00520733620646,0.0,-0.0010932705082695423,1,False,2,drive_control,0.9921930164592978,-0.001094344570055334,1.256226445682623,9.885925387756574e-05,1,0,7.39280213762e-05,dynamic,8,-1.2499571723219596,double,0.3403882936008351,90,1,96001,-0.0011570024119903336,6.265784193496415e-05,0.0694384940001,90,0.009488472193020818,,,3.1333354065990644e-05
,tendon,,1,,-9.89571261097738e-06,5.5168068336090216e-05,0.5,0.0005,3,0.00517921713717,0.0,-0.005186735977390146,1,False,2,drive_control,0.9921930164592978,-0.001054081005388916,1.2503964952993203,0.005692753179025355,1,0,9.0152505196e-05,dynamic,8,-1.2399869042820015,double,0.3405636221728349,90,1,6001,-0.0011533501953839363,9.926918999504152e-05,0.004355144,90,0.009488472193020818,,,-4.363790275854068e-05
,tendon,,1,,-8.652525860675518e-06,4.230134753531006e-05,0.5,0.000125,3,0.00519388656785,0.0,-0.0021182639537564462,1,False,2,drive_control,0.9921930164592978,-0.0010865556357615275,1.2537446242990256,0.00143007718405141,1,0,7.45700908935e-05,dynamic,8,-1.2464110040516139,double,0.34037280334735026,90,1,24001,-0.0011558424396130853,6.928680385156839e-05,0.017012611,90,0.009488472193020818,,,-2.1469725805215497e-05
,tendon,,1,,-8.34175738617793e-06,4.187857005352144e-05,0.5,3.125e-05,3,0.00519755433521,0.0,-0.0013476445950839615,1,False,2,drive_control,0.9921930164592978,-0.0010947011858851213,1.2545715379743099,0.00037355861369482084,1,0,7.39121953998e-05,dynamic,8,-1.2480203117277766,double,0.3403495459324911,90,1,96001,-0.00115646449010098,6.176330421584453e-05,0.0690667290001,90,0.009488472193020818,,,-6.027316239222771e-06
,tendon,,1,,-2.831890311134258e-05,0.0003914983142763399,5,0.0005,3,0.00481818784554,0.0,-0.039564592549519474,1,False,2,drive_control,0.9921930164592978,-0.001133444279629856,1.1884329373353897,0.056426641927127874,1,0,0.000590423193347,dynamic,8,-1.1392784523919977,double,0.3554598653599469,90,1,6001,-0.0011054934087216565,-2.795087090819237e-05,0.004290719,90,0.009488472193020818,,,-0.004771704548332555
,tendon,,1,,-1.3149109710423525e-05,0.000103331188219126,5,0.000125,3,0.00493912087063,0.0,-0.010969158579895912,1,False,2,drive_control,0.9921930164592978,-0.001092552438705809,1.215684503697406,0.014107654896412414,1,0,0.000158475798872,dynamic,8,-1.1984802265816408,double,0.3389870856420923,90,1,24001,-0.001129589503058817,3.703706435302934e-05,0.017173825,90,0.009488472193020818,,,-0.0012959976652393325
,tendon,,1,,-9.36254695903283e-06,4.647869584986698e-05,5,3.125e-05,3,0.00496984603264,0.0,-0.003554335596105135,1,False,2,drive_control,0.9921930164592978,-0.0010826103012177412,1.2224009704931884,0.0035316703255618563,1,0,7.94215448442e-05,dynamic,8,-1.2135463574498784,double,0.33769172806519293,90,1,96001,-0.0011356082847731308,5.299798355541441e-05,0.0682420210001,90,0.009488472193020818,,,-0.0003304314145649522
,connect,,1,,-4.2697981817094164e-08,0.00015917122732782442,5,0.0005,3,0.00914799770815,0.0,-0.016862895668330043,1,False,2,equivalence,0.99,-0.0020725980730708074,1.2184730230750789,0.020971150775946586,1,0.2,0.00023190502143,dynamic,8,-1.1881102256458733,double,0.3613429007940278,0,0,6001,-0.0021260057225394036,5.340764946862464e-05,0.005291982,90,0.010000000000000005,,,-0.004351904052725623
,connect,,1,,-4.2697981818495825e-08,0.0001591712273278244,5,0.0005,3,0.00914799770815,0.0,-0.016862895668329943,1,False,2,equivalence,0.99,-0.00207259807306977,1.2184730230750815,0.02097115077594716,1,0.2,0.00023190502143,dynamic,8,-1.1881102256458727,double,0.3613429007940281,0,1,6001,-0.0021260057225374,5.340764946764409e-05,0.006286297,90,0.010000000000000005,,,-0.004351904052729054
,weld,,1,,-3.1956602263707307e-06,0.00022886865051939873,5,0.0005,3,0.00903452112503,0.0,-0.023722700607630893,1,False,2,equivalence,0.9890998075176296,-0.002075403564638833,1.2107363280409982,0.05387099753254576,1,0.2,0.000330730753064,dynamic,8,-1.1736167277386191,double,0.374001520655556,0,0,6001,-0.0021017594496984984,2.6355885059679453e-05,0.007249085,90,0.00999990991577752,,,-0.004362378569718144
,weld,,1,,-3.1956602263739363e-06,0.00022886865051939873,5,0.0005,3,0.00903452112503,0.0,-0.023722700607630792,1,False,2,equivalence,0.9890998075176296,-0.0020754035646376253,1.2107363280409982,0.05387099753254438,1,0.2,0.000330730753064,dynamic,8,-1.1736167277386198,double,0.3740015206555553,0,1,6001,-0.0021017594496983067,2.6355885060681317e-05,0.007668158,90,0.00999990991577752,,,-0.004362378569717579
