time,input_angle,output_angle,input_velocity,output_velocity,input_acceleration,input_torque,output_torque,static_reference_torque,deflection_m,span_error_m,closure_m,kinetic_J,input_power_W,output_power_W,equality_power_W,rows,q0,q1,q2
0,1.57079633,1.9085072,0,0,-1.56393939e-12,0,0,-0,0,0,6.28190294e-17,0,0,0,0,2,0,0,0
0.002,1.57079633,1.9085072,-7.88664319e-16,3.28643685e-15,9.15393649e-14,4.59599212e-15,0,-0,0,0,6.28190294e-17,4.67497017e-32,-3.62469499e-30,0,4.49028029e-29,2,-1.30534105e-18,5.30185949e-18,4.06325903e-18
0.004,1.57079633,1.9085072,-5.46840102e-16,6.14138096e-15,3.28553321e-13,4.04939329e-15,0,-0,0,0,6.28190294e-17,1.50231834e-31,-2.21437064e-30,0,5.49886214e-29,2,-2.63038556e-18,1.52472681e-17,1.43394321e-17
0.006,1.57079633,1.9085072,-2.20442976e-16,8.12273524e-15,2.53241674e-13,2.75482289e-15,0,-0,0,0,6.28190294e-17,2.55876013e-31,-6.07281356e-31,0,4.60345586e-29,2,-3.30521602e-18,2.75273067e-17,2.92278652e-17
0.008,1.57079633,1.9085072,4.63824306e-18,9.39554654e-15,9.3524634e-13,1.70027598e-15,0,-0,0,0,3.23682852e-17,3.39238842e-31,7.88629327e-33,0,-5.73731217e-29,2,-3.4469344e-18,4.12128103e-17,4.71563456e-17
0.01,1.57079633,1.9085072,5.25309698e-16,8.81572618e-15,2.53456343e-14,-1.32022224e-15,0,-0,0,0,3.23682852e-17,2.42222036e-31,-6.93525547e-31,0,-3.79591586e-29,2,-2.6126525e-18,5.04000514e-17,6.53235728e-17
0.012,1.57079633,1.9085072,4.58344698e-16,8.04872476e-15,-1.41211295e-13,-1.48560157e-15,0,-0,0,0,3.23682852e-17,1.81835719e-31,-6.80917603e-31,0,-2.03734865e-29,2,-1.61224384e-18,5.46580275e-17,8.19780795e-17
0.014,1.57079633,1.9085072,3.07859874e-16,7.46736118e-15,6.47490074e-13,-1.09706962e-15,0,-0,0,-2.77555756e-17,1.66533454e-17,1.49944999e-31,-3.37743714e-31,0,-4.55185255e-29,2,-8.84459504e-19,5.60896372e-17,9.7314842e-17
0.016,1.57079633,1.9085072,5.78204449e-16,5.16917758e-15,-1.35201962e-13,-3.00168257e-15,0,-0,0,-2.77555756e-17,1.66533454e-17,7.23052118e-32,-1.73558621e-30,0,-2.7300088e-29,2,2.21320644e-19,5.59126778e-17,1.09353357e-16
0.018,1.57079633,1.9085072,3.77235566e-16,3.3272314e-15,-2.19459752e-13,-2.45897077e-15,0,-0,4.4408921e-17,-2.77555756e-17,1.66533454e-17,2.99571048e-32,-9.27611229e-31,0,-1.23302933e-29,2,1.14558587e-18,5.55649786e-17,1.17292009e-16
0.02,1.57079633,1.9085072,1.65396685e-16,2.07689925e-15,-1.59260367e-13,-1.63993142e-15,0,-0,4.4408921e-17,-2.77555756e-17,1.66533454e-17,1.16271027e-32,-2.7123922e-31,0,-5.06363921e-30,2,1.62589599e-18,5.54572073e-17,1.22300054e-16
0.022,1.57079633,1.9085072,-1.51210744e-16,2.75769532e-15,3.97438734e-13,1.71231199e-16,0,-0,4.4408921e-17,-2.77555756e-17,1.66533454e-17,2.03673204e-32,-2.5891997e-32,0,-5.73086812e-30,2,1.16964504e-18,5.62872504e-17,1.27573108e-16
0.024,1.57079633,1.9085072,-6.10125869e-16,3.41967975e-15,1.11639406e-12,2.61268719e-15,0,-0,4.4408921e-17,-2.77555756e-17,1.66533454e-17,3.17304592e-32,-1.59406804e-30,0,-4.40279591e-30,2,8.75884305e-19,5.68366329e-17,1.3282969e-16
0.026,1.57079633,1.9085072,7.68237864e-17,2.6967056e-15,1.48195238e-13,-7.33467672e-16,0,-0,4.4408921e-17,-2.77555756e-17,1.66533454e-17,1.94223084e-32,-5.63477638e-32,0,-6.54826626e-30,2,6.9869748e-19,5.7143378e-17,1.38860616e-16
0.028,1.57079633,1.9085072,-5.33338935e-16,3.24882118e-15,1.02390045e-12,2.35538536e-15,0,-0,4.4408921e-17,-2.77555756e-17,1.66533454e-17,2.86144256e-32,-1.25621872e-30,0,-4.24120767e-30,2,6.22618639e-19,5.72497217e-17,1.43850285e-16
0.03,1.57079633,1.9085072,9.34396596e-17,2.54865639e-15,1.3012582e-13,-7.22038324e-16,0,-0,4.4408921e-17,-2.77555756e-17,1.66533454e-17,1.73473965e-32,-6.74670152e-32,0,-5.86487217e-30,2,5.09680052e-19,5.72669462e-17,1.49558815e-16
0.032,1.57079633,1.9085072,-4.87972212e-16,3.07198117e-15,9.59346547e-13,2.20470502e-15,0,-0,4.4408921e-17,-2.77555756e-17,1.66533454e-17,2.56790142e-32,-1.07583479e-30,0,-3.91010913e-30,2,4.70312081e-19,5.71532072e-17,1.54272316e-16
0.034,1.57079633,1.9085072,9.82992671e-17,2.40737309e-15,1.20093614e-13,-6.85045395e-16,0,-0,4.4408921e-17,-2.77555756e-17,1.66533454e-17,1.5506041e-32,-6.73394602e-32,0,-5.24252554e-30,2,3.87098119e-19,5.69337711e-17,1.59665968e-16
0.036,1.57079633,1.9085072,-4.50858999e-16,2.90648852e-15,9.00902603e-13,2.07028509e-15,0,-0,4.4408921e-17,-2.77555756e-17,1.66533454e-17,2.31544373e-32,-9.33406663e-31,0,-3.6346892e-30,2,3.6801981e-19,5.6630734e-17,1.6412019e-16
0.038,1.57079633,1.9085072,9.91097211e-17,2.27559286e-15,1.11686961e-13,-6.47612097e-16,0,-0,4.4408921e-17,-2.77555756e-17,1.66533454e-17,1.39118487e-32,-6.41846543e-32,0,-4.70847318e-30,2,3.04126983e-19,5.62000024e-17,1.69219857e-16
0.04,1.57079633,1.9085072,-2.06901683e-16,2.92049828e-15,6.13770477e-13,9.81000563e-16,0,-0,4.4408921e-17,-2.77555756e-17,1.66533454e-17,2.32889957e-32,-2.02970667e-31,0,-5.38681569e-30,2,1.07015699e-19,5.57591944e-17,1.74177213e-16
0.042,1.57079633,1.9085072,1.47398696e-16,2.16758901e-15,4.09823311e-14,-8.59850314e-16,0,-0,4.4408921e-17,-2.77555756e-17,1.66533454e-17,1.27171512e-32,-1.26740815e-31,0,-4.53587719e-30,2,2.45713673e-19,5.49296311e-17,1.7911426e-16
0.044,1.57079633,1.9085072,-1.90010188e-16,2.77094614e-15,5.72539214e-13,9.01597238e-16,0,-0,4.4408921e-17,-2.77555756e-17,1.66533454e-17,2.12341208e-32,-1.7131266e-31,0,-5.03430747e-30,2,9.69074011e-20,5.42583137e-17,1.83810264e-16
0.046,1.57079633,1.9085072,1.39860125e-16,2.05254634e-15,3.71475856e-14,-8.15154651e-16,0,-0,4.4408921e-17,-2.77555756e-17,1.66533454e-17,1.15075475e-32,-1.14007631e-31,0,-4.11945332e-30,2,2.31708055e-19,5.32691788e-17,1.88488008e-16
0.048,1.57079633,1.9085072,-1.79655697e-16,2.62936925e-15,5.40437397e-13,8.52706195e-16,0,-0,4.4408921e-17,-2.77555756e-17,1.66533454e-17,1.94417832e-32,-1.53193526e-31,0,-4.69959194e-30,2,9.11445824e-20,5.24257913e-17,1.92940418e-16
0.05,1.57079633,1.9085072,1.31789965e-16,1.94649073e-15,3.51862262e-14,-7.67875981e-16,0,-0,4.4408921e-17,-2.77555756e-17,1.66533454e-17,1.04746844e-32,-1.01198348e-31,0,-3.75970573e-30,2,2.17852316e-19,5.12924626e-17,1.97377173e-16
0.052,1.57079633,1.9085072,-1.70087812e-16,2.4992909e-15,5.11036806e-13,8.08281576e-16,0,-0,4.4408921e-17,-2.77555756e-17,1.66533454e-17,1.79293637e-32,-1.37478845e-31,0,-4.42568761e-30,2,8.43149722e-20,5.02890037e-17,2.01605851e-16
0.054,1.57079633,1.9085072,1.24487095e-16,1.8491024e-15,3.33941939e-14,-7.24327206e-16,0,-0,4.4408921e-17,-2.77555756e-17,1.66533454e-17,9.59739053e-33,-9.01693893e-32,0,-3.45488151e-30,2,2.03783466e-19,4.90204521e-17,2.05821272e-16
0.056,1.57079633,1.9085072,-1.61174017e-16,2.37990407e-15,4.83989096e-13,7.67397608e-16,0,-0,4.4408921e-17,-2.77555756e-17,1.66533454e-17,1.66571302e-32,-1.23684555e-31,0,-4.20449048e-30,2,7.69449543e-20,4.78670388e-17,2.09844581e-16
0.058,1.57079633,1.9085072,1.17871034e-16,1.75970261e-15,3.17284863e-14,-6.84339467e-16,0,-0,4.4408921e-17,-2.77555756e-17,1.66533454e-17,8.85312758e-33,-8.06638009e-32,0,-3.19716508e-30,2,1.89968589e-19,4.64715233e-17,2.13856834e-16
0.06,1.57079633,1.9085072,-1.5290426e-16,2.27037022e-15,4.5911645e-13,7.29794026e-16,0,-0,4.4408921e-17,-2.77555756e-17,1.66533454e-17,1.55900645e-32,-1.11588615e-31,0,-4.02804598e-30,2,6.94545455e-20,4.51775563e-17,2.17691687e-16
0.062,1.57079633,1.9085072,1.11853818e-16,1.677664e-15,3.01856837e-14,-6.47615012e-16,0,-0,4.4408921e-17,-2.77555756e-17,1.66533454e-17,8.22267706e-33,-7.24382114e-32,0,-2.97975484e-30,2,1.76691848e-19,4.36627672e-17,2.2151751e-16
0.064,1.57079633,1.9085072,-1.45256911e-16,2.16992136e-15,4.36256317e-13,6.95236763e-16,0,-0,4.4408921e-17,-2.77555756e-17,1.66533454e-17,1.46984056e-32,-1.00987945e-31,0,-3.88959411e-30,2,6.20955813e-20,4.2236975e-17,2.25179499e-16
0.066,1.57079633,1.9085072,1.06366601e-16,1.60241343e-15,2.8761017e-14,-6.13885504e-16,0,-0,4.4408921e-17,-2.77555756e-17,1.66533454e-17,7.68970995e-33,-6.52969143e-32,0,-2.7968577e-30,2,1.64105002e-19,4.06100497e-17,2.28834328e-16
0.068,1.57079633,1.9085072,-3.46563089e-16,2.38531224e-15,-2.99464034e-14,1.7573998e-15,0,-0,4.4408921e-17,-2.77555756e-17,5.63547556e-17,1.5358955e-32,-6.09049904e-31,0,5.93840416e-30,2,-4.91687205e-20,3.96951063e-17,2.32491562e-16
0.07,1.57079633,1.9085072,-2.50415189e-16,3.54046953e-15,8.8376523e-13,1.61304593e-15,0,-0,4.4408921e-17,-2.77555756e-17,1.66533454e-17,3.78709846e-32,-4.03931201e-31,0,-7.60632762e-30,2,-7.21939971e-19,4.2962881e-17,2.38642455e-16
0.072,1.57079633,1.9085072,2.61831758e-16,2.69412404e-15,6.15799223e-14,-1.09652945e-15,0,-0,4.4408921e-17,-2.77555756e-17,1.66533454e-17,2.15916348e-32,-2.87106234e-31,0,-7.4224098e-30,2,-4.25258668e-19,4.4940073e-17,2.44733964e-16
0.074,1.57079633,1.9085072,3.04040764e-17,3.47847306e-15,4.92002044e-13,1.54974478e-16,0,-0,4.4408921e-17,-2.77555756e-17,1.66533454e-17,3.59821428e-32,4.71185588e-33,0,-9.80023705e-30,2,-6.13989721e-19,4.77920884e-17,2.51426372e-16
0.076,1.57079633,1.9085072,2.80603797e-16,2.48922422e-15,3.76116215e-14,-1.3327235e-15,0,-0,4.4408921e-17,-2.77555756e-17,1.66533454e-17,1.83685718e-32,-3.73967274e-31,0,3.91164743e-29,2,-1.40590966e-19,4.93391535e-17,2.57163059e-16
0.078,1.57079633,1.9085072,1.5052312e-16,3.30659429e-15,2.86370548e-13,-5.43433405e-16,0,-0,4.4408921e-17,-2.77555756e-17,1.66533454e-17,3.22552815e-32,-8.17992913e-32,0,-9.91555315e-30,2,-4.18364386e-19,5.24288063e-17,2.64384844e-16
0.08,1.57079633,1.9085072,2.67272771e-16,2.28908883e-15,-2.44744795e-14,-1.38481218e-15,0,-0,4.4408921e-17,-2.77555756e-17,1.66533454e-17,1.54653376e-32,-3.7012259e-31,0,3.34816634e-29,2,9.68966561e-20,5.37126846e-17,2.69716691e-16
0.082,1.57079633,1.9085072,4.42582849e-16,2.10611983e-15,4.73991693e-13,-2.24713463e-15,0,-0,4.4408921e-17,-5.55111512e-17,3.23682852e-17,1.66665714e-32,-9.94543248e-31,0,-1.39868195e-29,2,6.84407679e-20,5.65106546e-17,2.7569789e-16
0.084,1.57079633,1.9085072,5.81403093e-16,-6.62737231e-16,-1.99427231e-13,-3.53661994e-15,0,-0,4.4408921e-17,-5.55111512e-17,3.23682852e-17,7.2305203e-33,-2.05620177e-30,-0,6.21076869e-30,2,1.25920894e-18,5.82509661e-17,2.76381039e-16
0.086,1.57079633,1.9085072,3.32254668e-16,-2.76821791e-15,-2.41572751e-13,-2.72226139e-15,0,-0,4.4408921e-17,-5.55111512e-17,3.23682852e-17,2.65603572e-32,-9.04484054e-31,-0,1.29269149e-29,2,2.12197609e-18,6.05520468e-17,2.72303878e-16
0.088,1.57079633,1.9085072,-2.72195335e-16,-2.72978952e-15,-2.18319268e-13,3.422257e-16,0,-0,4.4408921e-17,-2.77555756e-17,1.66533454e-17,2.28290578e-32,-9.31522391e-32,-0,-7.06904447e-30,2,2.03750195e-18,6.34916333e-17,2.66348356e-16
0.09,1.57079633,1.9085072,-3.50858856e-16,-1.89825055e-15,6.90019601e-14,1.08483534e-15,0,-0,4.4408921e-17,-2.77555756e-17,1.66533454e-17,1.09506964e-32,-3.80624086e-31,-0,-3.97444177e-30,2,1.33891788e-18,6.61119639e-17,2.61935429e-16
0.092,1.57079633,1.9085072,-2.56871535e-16,-1.22724994e-15,1.00401176e-13,9.10445384e-16,0,-0,4.4408921e-17,-2.77555756e-17,1.66533454e-17,4.61733965e-33,-2.33867504e-31,-0,1.24084942e-29,2,7.47824585e-19,6.79861036e-17,2.59012585e-16
0.094,1.57079633,1.9085072,-1.32789853e-16,-1.70112019e-15,-1.15412921e-13,2.98019959e-16,0,-0,4.4408921e-17,-2.77555756e-17,1.66533454e-17,9.15788247e-33,-3.95740264e-32,-0,-3.00248096e-30,2,7.31858607e-19,6.99914416e-17,2.55260275e-16
0.096,1.57079633,1.9085072,2.17914291e-16,-2.1148309e-15,-5.99052568e-13,-1.38054712e-15,0,-0,4.4408921e-17,-2.77555756e-17,1.66533454e-17,1.60496906e-32,-3.00840946e-31,-0,-3.81313433e-30,2,5.81951333e-19,7.18611639e-17,2.52059134e-16
0.098,1.57079633,1.9085072,-1.41431624e-16,-1.64028543e-15,-6.24224509e-14,4.74010742e-16,0,-0,4.4408921e-17,-2.77555756e-17,1.66533454e-17,8.78677592e-33,-6.70401088e-32,-0,-3.06015905e-30,2,4.66294752e-19,7.40866391e-17,2.48373957e-16
0.1,1.57079633,1.9085072,2.2859787e-16,-2.02688446e-15,-5.70898973e-13,-1.31397296e-15,0,-0,4.4408921e-17,-2.77555756e-17,1.66533454e-17,1.54994347e-32,-3.0037142e-31,-0,-3.86191227e-30,2,3.41967213e-19,7.60228294e-17,2.45317818e-16
0.102,1.57079633,1.9085072,-1.15460559e-16,-1.56866537e-15,-6.24782402e-14,4.41212983e-16,0,-0,4.4408921e-17,-2.77555756e-17,1.66533454e-17,8.34350928e-33,-5.09426978e-32,-0,-2.94448069e-30,2,2.72179626e-19,7.83044134e-17,2.41791376e-16
0.104,1.57079633,1.9085072,2.34912067e-16,-1.9472581e-15,-5.48988993e-13,-1.26893922e-15,0,-0,4.4408921e-17,-2.77555756e-17,1.66533454e-17,1.50679381e-32,-2.98089134e-31,-0,-3.90072502e-30,2,1.88757759e-19,8.02828748e-17,2.38864857e-16
0.106,1.57079633,1.9085072,-9.72881241e-17,-1.50592211e-15,-6.25497296e-14,4.11126488e-16,0,-0,4.4408921e-17,-2.77555756e-17,1.66533454e-17,7.99905243e-33,-3.99977248e-32,-0,-2.85079027e-30,2,1.50628265e-19,8.26304553e-17,2.35478831e-16
0.108,1.57079633,1.9085072,2.35740378e-16,-1.8773598e-15,-5.28473243e-13,-1.22566742e-15,0,-0,4.4408921e-17,-2.77555756e-17,1.66533454e-17,1.47544427e-32,-2.88939302e-31,-0,-3.95437075e-30,2,9.39310654e-20,8.46621524e-17,2.32665435e-16
0.11,1.57079633,1.9085072,-8.49230203e-17,-1.4506869e-15,-6.18180631e-14,3.86784551e-16,0,-0,4.4408921e-17,-2.77555756e-17,1.66533454e-17,7.73204666e-33,-3.28469123e-32,-0,-2.77844567e-30,2,7.56611019e-20,8.70833336e-17,2.29402921e-16
0.112,1.57079633,1.9085072,2.33290758e-16,-1.81545678e-15,-5.0933919e-13,-1.1844791e-15,0,-0,4.4408921e-17,-2.77555756e-17,1.66533454e-17,1.45331885e-32,-2.76328027e-31,-0,-4.01961103e-30,2,3.60506162e-20,8.91745918e-17,2.26689328e-16
0.114,1.57079633,1.9085072,-7.6334496e-17,-1.40161569e-15,-6.06233004e-14,3.66619826e-16,0,-0,4.4408921e-17,-2.77555756e-17,1.66533454e-17,7.5249144e-33,-2.79857396e-32,-0,-2.72343203e-30,2,3.01053091e-20,9.16726965e-17,2.23536445e-16
0.116,1.57079633,1.9085072,-9.02252755e-17,-9.43529782e-16,2.25233682e-14,5.30217779e-16,0,-0,4.4408921e-17,-2.77555756e-17,1.66533454e-17,3.35299623e-33,-4.78390452e-32,-0,1.11186044e-29,2,-1.58182804e-19,9.35088559e-17,2.21320014e-16
0.118,1.57079633,1.9085072,-3.10152503e-17,-1.33346653e-15,-1.05507672e-13,1.61710271e-16,0,-0,4.4408921e-17,-2.77555756e-17,1.66533454e-17,7.20712257e-33,-5.01548451e-33,-0,-2.53629363e-30,2,-1.32680387e-20,9.59313635e-17,2.18376944e-16
0.12,1.57079633,1.9085072,-7.70650878e-17,-9.17185088e-16,4.07179782e-15,4.63791112e-16,0,-0,4.4408921e-17,-2.77555756e-17,1.66533454e-17,3.28958721e-33,-3.57421028e-32,-0,1.10915783e-29,2,-1.56931347e-19,9.77735245e-17,2.16237652e-16
0.122,1.57079633,1.9085072,-2.86995792e-17,-1.29497747e-15,-1.032516e-13,1.49819529e-16,0,-0,4.4408921e-17,-2.77555756e-17,1.66533454e-17,7.09910416e-33,-4.29975743e-33,-0,-2.51487415e-30,2,-1.26432656e-20,1.00278945e-16,2.13379934e-16
0.124,1.57079633,1.9085072,-7.41396087e-17,-8.91040318e-16,3.38330789e-15,4.45831256e-16,0,-0,4.4408921e-17,-2.77555756e-17,1.66533454e-17,3.23233002e-33,-3.30537549e-32,-0,1.10998525e-29,2,-1.50266424e-19,1.02168593e-16,2.11301939e-16
0.126,1.57079633,1.9085072,-2.76885023e-17,-1.26067185e-15,-1.00042994e-13,1.43616379e-16,0,-0,4.4408921e-17,-2.77555756e-17,1.66533454e-17,7.02360498e-33,-3.97652244e-33,-0,-2.5057612e-30,2,-1.03477361e-20,1.04757029e-16,2.08518862e-16
0.128,1.57079633,1.9085072,-7.17703149e-17,-8.67254582e-16,3.19251541e-15,4.30603718e-16,0,-0,4.4408921e-17,-2.77555756e-17,1.66533454e-17,3.18848185e-33,-3.09045644e-32,-0,1.11360714e-29,2,-1.43504287e-19,1.06693351e-16,2.06496263e-16
0.13,1.57079633,1.9085072,-2.68429918e-17,-1.2296074e-15,-9.70821083e-14,1.38097577e-16,0,-0,4.4408921e-17,-2.77555756e-17,1.66533454e-17,6.97260544e-33,-3.70695212e-33,-0,-2.50399123e-30,2,-7.76523598e-21,1.09361e-16,2.03780708e-16
0.132,1.57079633,1.9085072,-6.96585713e-17,-8.45697744e-16,3.0373175e-15,4.16774615e-16,0,-0,4.4408921e-17,-2.77555756e-17,1.66533454e-17,3.15647116e-33,-2.90319242e-32,-0,1.11964741e-29,2,-1.36963517e-19,1.11342176e-16,2.01808301e-16
0.134,1.57079633,1.9085072,-2.6105941e-17,-1.20151438e-15,-9.4383032e-14,1.33077743e-16,0,-0,4.4408921e-17,-2.77555756e-17,1.66533454e-17,6.94281537e-33,-3.47411971e-33,-0,-2.50851172e-30,2,-5.09607585e-21,1.14085406e-16,1.99153779e-16
0.136,1.57079633,1.9085072,-6.77642636e-17,-8.26197085e-16,2.90077217e-15,4.04196733e-16,0,-0,4.4408921e-17,-2.77555756e-17,1.66533454e-17,3.13476724e-33,-2.73900939e-32,-0,1.1277939e-29,2,-1.3075083e-19,1.16109709e-16,1.97226774e-16
0.138,1.57079633,1.9085072,-2.54570905e-17,-1.17616282e-15,-9.19288061e-14,1.28507274e-16,0,-0,4.4408921e-17,-2.77555756e-17,1.66533454e-17,6.93153234e-33,-3.27142132e-33,-0,-2.51851068e-30,2,-2.44364327e-21,1.18925156e-16,1.94627299e-16
0.14,1.57079633,1.9085072,-6.60616192e-17,-8.0859393e-16,2.7791482e-15,3.92766926e-16,0,-0,4.4408921e-17,-2.77555756e-17,9.71445147e-18,3.12206497e-33,-2.59468191e-32,-0,1.13778211e-29,2,-1.2491766e-19,1.20990983e-16,1.92741276e-16
0.142,1.57079633,1.9085072,-2.48825596e-17,-1.15334301e-15,-8.97022681e-14,1.24346557e-16,0,-0,4.4408921e-17,-2.77555756e-17,9.71445147e-18,6.93646045e-33,-3.09406061e-33,-0,-2.53330122e-30,2,1.32483107e-22,1.23875548e-16,1.90191319e-16
0.144,1.57079633,1.9085072,-6.45303482e-17,-7.927432e-16,2.67002063e-15,3.82393496e-16,0,-0,4.4408921e-17,-2.77555756e-17,9.71445147e-18,3.11725285e-33,-2.46759855e-32,-0,1.1493879e-29,2,-1.1948351e-19,1.25981418e-16,1.88342196e-16
0.146,1.57079633,1.9085072,-2.43721782e-17,-1.13286276e-15,-8.76870815e-14,1.20561071e-16,0,-0,4.4408921e-17,-2.77555756e-17,9.71445147e-18,6.95564395e-33,-2.93833591e-33,-0,-2.55230021e-30,2,2.59963886e-21,1.28932249e-16,1.85836649e-16
0.148,1.57079633,1.9085072,-6.31538472e-17,-7.78511898e-16,2.5716254e-15,3.7299358e-16,0,-0,4.4408921e-17,-2.77555756e-17,9.71445147e-18,3.11938262e-33,-2.35559796e-32,-0,1.16242147e-29,2,-1.14448688e-19,1.31076803e-16,1.84020653e-16
0.15,1.57079633,1.9085072,-2.39182244e-17,-1.11454555e-15,-8.58678663e-14,1.17120207e-16,0,-0,4.4408921e-17,-2.77555756e-17,9.71445147e-18,6.98741475e-33,-2.80130741e-33,-0,-2.57501245e-30,2,4.94182976e-21,1.34091282e-16,1.81554794e-16
0.152,1.57079633,1.9085072,-6.19181368e-17,-7.65777847e-16,2.48263067e-15,3.64491809e-16,0,-0,4.4408921e-17,-2.77555756e-17,9.71445147e-18,3.12764411e-33,-2.25686537e-32,-0,1.17672225e-29,2,-1.0980225e-19,1.36273272e-16,1.79768437e-16
0.154,1.57079633,1.9085072,-2.3514628e-17,-1.09822905e-15,-8.42302364e-14,1.13996503e-16,0,-0,4.4408921e-17,-2.77555756e-17,9.71445147e-18,7.03034896e-33,-2.68058535e-33,-0,-2.60101747e-30,2,7.15327435e-21,1.39349e-16,1.77337896e-16
0.156,1.57079633,1.9085072,-6.08111684e-17,-7.54428662e-16,2.40199505e-15,3.56819331e-16,0,-0,4.4408921e-17,-2.77555756e-17,9.71445147e-18,3.14134438e-33,-2.16986004e-32,-0,1.19215455e-29,2,-1.05526977e-19,1.41567287e-16,1.75577952e-16
0.158,1.57079633,1.9085072,-2.31564562e-17,-1.08376378e-15,-8.27607937e-14,1.11165113e-16,0,-0,4.4408921e-17,-2.77555756e-17,9.71445147e-18,7.08323038e-33,-2.57419007e-33,-0,-2.62995832e-30,2,9.23433534e-21,1.44702067e-16,1.73178688e-16
0.16,1.57079633,1.9085072,-5.98223638e-17,-7.44360857e-16,2.32887657e-15,3.49913047e-16,0,-0,4.4408921e-17,-2.77555756e-17,9.71445147e-18,3.1598903e-33,-2.09326256e-32,-0,1.20860389e-29,2,-1.01602456e-19,1.4695561e-16,1.71442173e-16
0.162,1.57079633,1.9085072,-2.28395821e-17,-1.07101201e-15,-8.14470968e-14,1.08603429e-16,0,-0,4.4408921e-17,-2.77555756e-17,9.71445147e-18,7.14501996e-33,-2.48045693e-33,-0,-2.66153218e-30,2,1.11889641e-20,1.50147435e-16,1.69070443e-16
0.164,1.57079633,1.9085072,-5.89423042e-17,-7.35479083e-16,2.26257375e-15,3.4371501e-16,0,-0,4.4408921e-17,-2.77555756e-17,9.71445147e-18,3.1827739e-33,-2.02593547e-32,-0,1.22597383e-29,2,-9.80069786e-20,1.5243529e-16,1.67354593e-16
0.166,1.57079633,1.9085072,-2.2560467e-17,-1.05984683e-15,-8.02776154e-14,1.06290783e-16,0,-0,4.4408921e-17,-2.77555756e-17,9.71445147e-18,7.21482986e-33,-2.3979697e-33,-0,-2.69548239e-30,2,1.3023103e-20,1.55682327e-16,1.65006932e-16
0.168,1.57079633,1.9085072,-5.81625157e-17,-7.2769545e-16,1.30754492e-14,3.38171925e-16,0,-0,4.4408921e-17,-2.77555756e-17,9.71445147e-18,3.20955999e-33,-1.96689299e-32,-0,-1.26561367e-30,2,-9.47186929e-20,1.58003633e-16,1.6330919e-16
0.17,1.57079633,1.9085072,1.49829067e-17,-1.02322587e-15,-1.21780859e-13,-7.03402184e-17,0,-0,4.4408921e-17,-2.77555756e-17,9.71445147e-18,7.17310484e-33,-1.05390093e-33,-0,-2.63013392e-30,2,-9.14863045e-21,1.60756356e-16,1.61353452e-16
0.172,1.57079633,1.9085072,-4.96386147e-17,-7.20793955e-16,1.61039997e-15,2.90047525e-16,0,-0,4.4408921e-17,-2.77555756e-17,9.71445147e-18,3.23947736e-33,-1.43975573e-32,-0,-1.26725482e-30,2,-8.37089028e-20,1.63074818e-16,1.59685755e-16
0.174,1.57079633,1.9085072,1.44297581e-17,-1.0149371e-15,-1.21224548e-13,-7.37970781e-17,0,-0,4.4408921e-17,-2.77555756e-17,9.71445147e-18,7.2593873e-33,-1.06487399e-33,-0,-2.66872911e-30,2,3.29657472e-21,1.65868332e-16,1.57745456e-16
0.176,1.57079633,1.9085072,-4.99678587e-17,-7.15250785e-16,1.49507661e-15,2.8581819e-16,0,-0,4.4408921e-17,-2.77555756e-17,9.71445147e-18,3.27437361e-33,-1.42817229e-32,-0,-1.28125409e-30,2,-7.19577925e-20,1.68221079e-16,1.56090836e-16
0.178,1.57079633,1.9085072,1.3389168e-17,-1.00833876e-15,-1.19818035e-13,-7.30991071e-17,0,-0,4.4408921e-17,-2.77555756e-17,9.71445147e-18,7.35332685e-33,-9.78736225e-34,-0,-2.71123773e-30,2,1.23065343e-20,1.71059256e-16,1.54163194e-16
0.18,1.57079633,1.9085072,-5.01967109e-17,-7.10427837e-16,1.59875337e-15,2.82865525e-16,0,-0,4.4408921e-17,-2.77555756e-17,9.71445147e-18,3.31166684e-33,-1.4198919e-32,-0,-1.29654158e-30,2,-6.37639419e-20,1.73445611e-16,1.52519633e-16
0.182,1.57079633,1.9085072,1.26694734e-17,-1.0027372e-15,-1.18604326e-13,-7.25701284e-17,0,-0,4.4408921e-17,-2.77555756e-17,9.71445147e-18,7.45190641e-33,-9.19425315e-34,-0,-2.7550746e-30,2,1.84455223e-20,1.76326755e-16,1.50602776e-16
0.184,1.57079633,1.9085072,-5.02321146e-17,-7.06310805e-16,1.65859924e-15,2.80154098e-16,0,-0,4.4408921e-17,-2.77555756e-17,9.71445147e-18,3.35129568e-33,-1.40727328e-32,-0,-1.31278161e-30,2,-5.79870498e-20,1.78745471e-16,1.48968642e-16
0.186,1.57079633,1.9085072,1.2175509e-17,-9.98094207e-16,-1.17579827e-13,-7.22397883e-17,0,-0,4.4408921e-17,-2.77555756e-17,9.71445147e-18,7.5549485e-33,-8.79556192e-34,-0,-2.80014077e-30,2,2.27244867e-20,1.81668116e-16,1.47060749e-16
0.188,1.57079633,1.9085072,-5.01607764e-17,-7.02882786e-16,1.686964e-15,2.77702698e-16,0,-0,4.4408921e-17,-2.77555756e-17,9.71445147e-18,3.39320584e-33,-1.39297829e-32,-0,-1.32991702e-30,2,-5.37976316e-20,1.84118222e-16,1.45434456e-16
0.19,1.57079633,1.9085072,1.18304669e-17,-9.94372797e-16,-1.16721277e-13,-7.2054174e-17,0,-0,4.4408921e-17,-2.77555756e-17,9.71445147e-18,7.662304e-33,-8.52434519e-34,-0,-2.84639796e-30,2,2.58036791e-20,1.87081172e-16,1.4353377e-16
0.192,1.57079633,1.9085072,-5.00401485e-17,-7.00116138e-16,1.69631816e-15,2.75532169e-16,0,-0,4.4408921e-17,-2.77555756e-17,9.71445147e-18,3.43731652e-33,-1.37876707e-32,-0,-1.34789945e-30,2,-5.0662853e-20,1.89561903e-16,1.41913796e-16
0.194,1.57079633,1.9085072,1.15848096e-17,-9.91527631e-16,-1.16010183e-13,-7.19760549e-17,0,-0,4.4408921e-17,-2.77555756e-17,9.71445147e-18,7.77380936e-33,-8.3382889e-34,-0,-2.89381042e-30,2,2.81040142e-20,1.92564168e-16,1.40018642e-16
0.196,1.57079633,1.9085072,-4.99054542e-17,-6.97977459e-16,1.69461709e-15,2.73647772e-16,0,-0,4.4408921e-17,-2.77555756e-17,9.71445147e-18,3.48353652e-33,-1.36565163e-32,-0,-1.36668434e-30,2,-4.82410011e-20,1.95074911e-16,1.38403539e-16
0.198,1.57079633,1.9085072,1.14067417e-17,-9.89509503e-16,-1.1543178e-13,-7.19807083e-17,0,-0,4.4408921e-17,-2.77555756e-17,9.71445147e-18,7.8893026e-33,-8.21065346e-34,-0,-2.94234593e-30,2,2.98939999e-20,1.98115651e-16,1.36512334e-16
0.2,1.57079633,1.9085072,-4.97778174e-17,-6.96430921e-16,1.68683664e-15,2.7204507e-16,0,-0,4.4408921e-17,-2.77555756e-17,9.71445147e-18,3.53177424e-33,-1.35418098e-32,-0,-1.38623164e-30,2,-4.63119653e-20,2.00655904e-16,1.3490074e-16
0.202,1.57079633,1.9085072,1.12757628e-17,-9.88268342e-16,-1.14973915e-13,-7.20514774e-17,0,-0,4.4408921e-17,-2.77555756e-17,9.71445147e-18,8.00863285e-33,-8.12435366e-34,-0,-2.99197696e-30,2,3.13453272e-20,2.03734402e-16,1.33011995e-16
0.204,1.57079633,1.9085072,-4.96695091e-17,-6.95440296e-16,1.67606488e-15,2.70714067e-16,0,-0,4.4408921e-17,-2.77555756e-17,9.71445147e-18,3.58194319e-33,-1.34462348e-32,-0,-1.40650612e-30,2,-4.47330419e-20,2.06303748e-16,1.31402627e-16
0.206,1.57079633,1.9085072,1.1178564e-17,-9.8775499e-16,-1.14626308e-13,-7.21768999e-17,0,-0,4.4408921e-17,-2.77555756e-17,9.71445147e-18,8.1316649e-33,-8.06834095e-34,-0,-3.04268109e-30,2,3.25681597e-20,2.09419385e-16,1.29514948e-16
0.208,1.57079633,1.9085072,-4.95872714e-17,-6.9497015e-16,1.66419742e-15,2.69641794e-16,0,-0,4.4408921e-17,-2.77555756e-17,9.71445147e-18,3.63396466e-33,-1.33708008e-32,-0,-1.42747718e-30,2,-4.34108739e-20,2.12017474e-16,1.27906605e-16
0.21,1.57079633,1.9085072,1.11064228e-17,-9.87922228e-16,-1.14380068e-13,-7.23488796e-17,0,-0,4.4408921e-17,-2.77555756e-17,9.71445147e-18,8.2582808e-33,-8.03537249e-34,-0,-3.09444086e-30,2,3.36335308e-20,2.15169713e-16,1.26018686e-16
0.212,1.57079633,1.9085072,-4.95344196e-17,-6.94986523e-16,1.65237824e-15,2.68813913e-16,0,-0,4.4408921e-17,-2.77555756e-17,9.71445147e-18,3.68776881e-33,-1.33155412e-32,-0,-1.44911862e-30,2,-4.22836294e-20,2.17796252e-16,1.24410249e-16
0.214,1.57079633,1.9085072,5.55935516e-17,-9.5311742e-16,-1.63664226e-13,-2.77313937e-16,0,-0,4.4408921e-17,-2.77555756e-17,9.71445147e-18,8.25335507e-33,-1.54168666e-32,-0,-3.0367361e-30,2,-1.30764274e-21,2.20432323e-16,1.22836872e-16
0.216,1.57079633,1.9085072,-3.93609911e-17,-6.9239581e-16,-1.17213026e-14,2.15744855e-16,0,-0,4.4408921e-17,-2.77555756e-17,9.71445147e-18,3.73434797e-33,-8.49193131e-33,-0,-1.45645788e-30,2,-3.78797989e-20,2.23044053e-16,1.21250746e-16
0.218,1.57079633,1.9085072,5.55417099e-17,-9.53952574e-16,-1.64638328e-13,-2.82009e-16,0,-0,4.4408921e-17,-2.77555756e-17,9.71445147e-18,8.38570352e-33,-1.5663262e-32,-0,-3.08846437e-30,2,8.60090031e-21,2.25703118e-16,1.19675458e-16
0.22,1.57079633,1.9085072,-4.00361603e-17,-6.93442323e-16,-1.18793656e-14,2.14684617e-16,0,-0,4.4408921e-17,-2.77555756e-17,9.71445147e-18,3.79243321e-33,-8.59514775e-33,-0,-1.479176e-30,2,-2.90076312e-20,2.28344262e-16,1.18087268e-16
0.222,1.57079633,1.9085072,5.47768735e-17,-9.56029921e-16,-1.64516467e-13,-2.8186704e-16,0,-0,4.4408921e-17,-2.77555756e-17,9.71445147e-18,8.5237913e-33,-1.54397952e-32,-0,-3.1437193e-30,2,1.5965345e-20,2.31034341e-16,1.16508807e-16
0.224,1.57079633,1.9085072,-4.06749581e-17,-6.9482152e-16,-1.17673277e-14,2.14881728e-16,0,-0,4.4408921e-17,-2.77555756e-17,9.71445147e-18,3.85192481e-33,-8.74030526e-33,-0,-1.50280227e-30,2,-2.30138747e-20,2.33705024e-16,1.14917379e-16
0.226,1.57079633,1.9085072,5.42972501e-17,-9.58492159e-16,-1.6451269e-13,-2.81930946e-16,0,-0,4.4408921e-17,-2.77555756e-17,9.71445147e-18,8.66457241e-33,-1.53080751e-32,-0,-3.19983188e-30,2,2.08893922e-20,2.36425423e-16,1.13335152e-16
0.228,1.57079633,1.9085072,-4.11165665e-17,-6.96478813e-16,-1.17000085e-14,2.15089822e-16,0,-0,4.4408921e-17,-2.77555756e-17,9.71445147e-18,3.91270282e-33,-8.84375499e-33,-0,-1.52697325e-30,2,-1.90139802e-20,2.39124945e-16,1.11739846e-16
0.23,1.57079633,1.9085072,5.402884e-17,-9.6133764e-16,-1.64637436e-13,-2.82261625e-16,0,-0,0,-2.77555756e-17,9.71445147e-18,8.80811526e-33,-1.52502682e-32,-0,-3.25677472e-30,2,2.42348507e-20,2.41875016e-16,1.10153226e-16
0.232,1.57079633,1.9085072,-4.14361799e-17,-6.9842567e-16,-1.16688271e-14,2.15330541e-16,0,-0,0,-2.77555756e-17,9.71445147e-18,3.97484609e-33,-8.92247502e-33,-0,-1.55168906e-30,2,-1.62992826e-20,2.44602882e-16,1.08553387e-16
0.234,1.57079633,1.9085072,5.39053293e-17,-9.64570104e-16,-1.64875165e-13,-2.82811747e-16,0,-0,0,-2.77555756e-17,9.71445147e-18,8.95451345e-33,-1.52450604e-32,-0,-3.31457984e-30,2,2.6570202e-20,2.47382164e-16,1.06961729e-16
0.236,1.57079633,1.9085072,-4.16856699e-17,-7.0066347e-16,-1.16627135e-14,2.1563589e-16,0,-0,0,-2.77555756e-17,9.71445147e-18,4.03840309e-33,-8.98892656e-33,-0,-1.57695448e-30,2,-1.44150817e-20,2.50138034e-16,1.05356696e-16
0.238,1.57079633,1.9085072,5.38834677e-17,-9.68183294e-16,-1.65213462e-13,-2.8354602e-16,0,-0,0,-2.77555756e-17,9.71445147e-18,9.10382785e-33,-1.52784428e-32,-0,-3.37327489e-30,2,2.82573638e-20,2.52946202e-16,1.03759363e-16
0.24,1.57079633,1.9085072,-4.18975897e-17,-7.03186381e-16,-1.16743713e-14,2.16023773e-16,0,-0,0,-2.77555756e-17,9.71445147e-18,4.10340051e-33,-9.05087542e-33,-0,-1.60277189e-30,2,-1.30716497e-20,2.55729844e-16,1.02148489e-16
0.242,1.57079633,1.9085072,5.39351696e-17,-9.72164943e-16,-1.65642567e-13,-2.84439153e-16,0,-0,0,-2.77555756e-17,9.71445147e-18,9.2560996e-33,-1.53412739e-32,-0,-3.43288397e-30,2,2.95266092e-20,2.58566662e-16,1.00544859e-16
0.244,1.57079633,1.9085072,-4.20921531e-17,-7.05984494e-16,-1.16990493e-14,2.16502822e-16,0,-0,0,-2.77555756e-17,9.71445147e-18,4.16985254e-33,-9.11306994e-33,-0,-1.62914252e-30,2,-1.20841125e-20,2.61377921e-16,9.89275174e-17
0.246,1.57079633,1.9085072,5.40420327e-17,-9.76499623e-16,-1.66154566e-13,-2.85472477e-16,0,-0,0,-2.77555756e-17,9.71445147e-18,9.41135938e-33,-1.54275129e-32,-0,-3.49342924e-30,2,3.05246265e-20,2.64243225e-16,9.73169939e-17
0.248,1.57079633,1.9085072,-2.48004586e-16,-2.42095563e-16,-4.5121855e-13,1.29712073e-15,0,-0,0,0,2.94065051e-17,2.17410544e-33,-3.21691891e-31,-0,-3.21378287e-30,2,-1.14195608e-19,2.67098895e-16,9.5926062e-17
0.25,1.57079633,1.9085072,-2.1159418e-16,1.14496071e-15,-23.0834184,1.42254821e-15,-0.2,0.0935229795,0,-2.77555756e-17,9.71445147e-18,4.45346485e-33,-3.01002921e-31,-2.28992142e-16,1.69203103e-16,2,-7.2915461e-19,2.6889443e-16,9.75489304e-17
0.252,1.57077459,1.90848803,-0.0143703527,-0.0123416821,-3.11973041,0.0827200184,-0.2,0.0935221363,-1.80064203e-06,1.80007846e-06,1.82808706e-06,7.05775315e-07,-0.00118871584,0.00246833643,-0.0011000917,2,-2.17365102e-05,2.31629263e-05,-1.91674803e-05
0.254,1.57074395,1.90846332,-0.0151435084,-0.0117240818,1.74949562,0.101907296,-0.2,0.0935209474,-3.87726804e-06,3.87605223e-06,3.93319344e-06,6.97065322e-07,-0.00154323399,0.00234481637,-0.000962864422,2,-5.23795067e-05,5.62635224e-05,-4.38795118e-05
0.256,1.57071639,1.90844344,-0.0128370681,-0.00883708374,2.49959321,0.104155902,-0.2,0.093519878,-5.27670067e-06,5.2750434e-06,5.34754149e-06,4.44325506e-07,-0.00133705641,0.00176741675,-0.000588608633,2,-7.99411229e-05,8.65006158e-05,-6.37645435e-05
0.258,1.57069397,1.90842908,-0.010262909,-0.00626886093,2.23277175,0.102494629,-0.2,0.0935190081,-6.05107937e-06,6.04917656e-06,6.12538538e-06,2.54942143e-07,-0.00105189305,0.00125377219,-0.000302363164,2,-0.000102360169,0.000111471582,-7.81195204e-05
0.26,1.57067625,1.90841895,-0.00807051111,-0.00443015894,1.7972052,0.100389178,-0.2,0.0935183207,-6.42028277e-06,6.418262e-06,6.49121225e-06,1.4484918e-07,-0.000810191978,0.000886031788,-0.000133772081,2,-0.000120073245,0.000131467167,-8.82480537e-05
0.262,1.57066236,1.9084117,-0.00632958441,-0.00321386486,1.40379895,0.0986336287,-0.2,0.0935177814,-6.57197667e-06,6.56990672e-06,6.63642773e-06,8.4312437e-08,-0.000624309879,0.000642772972,-5.1437891e-05,2,-0.000133971413,0.000147325379,-9.55051712e-05
0.264,1.57065144,1.90840629,-0.00497435401,-0.00243894961,1.08906349,0.0973132027,-0.2,0.093517358,-6.6322045e-06,6.63011447e-06,6.68949361e-06,5.08765074e-08,-0.00048407032,0.000487789922,-2.27549947e-05,2,-0.000144882865,0.000159869288,-0.000100908373
0.266,1.57064285,1.90840206,-0.00392284976,-0.00195435724,0.845980354,0.0963520827,-0.2,0.0935170245,-6.67590833e-06,6.67380364e-06,6.7266899e-06,3.1949994e-08,-0.000377974744,0.000390871449,-2.41221379e-05,2,-0.000153475668,0.00016978693,-0.000105144766
0.268,1.57063606,1.90839855,-0.00310495737,-0.00165230214,0.659823027,0.0956583855,-0.2,0.0935167609,-6.74261265e-06,6.74048621e-06,6.78814029e-06,2.09191586e-08,-0.000297015209,0.000330460428,-4.02102035e-05,2,-0.000160267197,0.000177627896,-0.000108653901
0.27,1.57063067,1.9083955,-0.00246596148,-0.00146066937,0.517110617,0.0951568053,-0.2,0.0935165519,-6.8492664e-06,6.84710573e-06,6.89094688e-06,1.4301966e-08,-0.000234653016,0.000292133874,-6.16438505e-05,2,-0.000165653996,0.000183825621,-0.000111705947
0.272,1.57062639,1.90839274,-0.00196431103,-0.00133301814,0.407209054,0.0947916047,-0.2,0.0935163855,-6.99933417e-06,6.99712564e-06,7.03849343e-06,1.02153552e-08,-0.000186200195,0.000266603628,-8.30210333e-05,2,-0.000169940099,0.000188721287,-0.000114460392
0.274,1.57062297,1.9083902,-0.00156863707,-0.00124040135,0.322094974,0.0945229916,-0.2,0.0935162528,-7.18883668e-06,7.1865679e-06,7.22662045e-06,7.60836204e-09,-0.000148272269,0.000248080271,-0.000101494749,2,-0.000173359613,0.000192583915,-0.000117006806
0.276,1.57062023,1.90838781,-0.00125520854,-0.00116543427,0.255790584,0.0943229428,-0.2,0.0935161467,-7.4102018e-06,7.40786275e-06,7.44755042e-06,5.87920741e-09,-0.000118394963,0.000233086854,-0.000115811235,2,-0.0001760938,0.000195626187,-0.000119392086
0.278,1.57061804,1.90838556,-0.00100598023,-0.00109819435,0.203845925,0.0941718182,-0.2,0.0935160617,-7.65462313e-06,7.65220656e-06,7.69228109e-06,4.6780048e-09,-9.47349876e-05,0.00021963887,-0.000125672918,2,-0.000178283834,0.000198016694,-0.000121638209
0.28,1.57061629,1.90838345,-0.000807144399,-0.00103345598,0.162935645,0.0940558648,-0.2,0.0935159935,-7.91343109e-06,7.91093248e-06,7.95196941e-06,3.80030808e-09,-7.59166645e-05,0.000206691196,-0.000131323536,2,-0.000180040286,0.000199889393,-0.000123753531
0.282,1.57061488,1.90838146,-0.000648065993,-0.000968857759,0.130560323,0.0939654389,-0.2,0.0935159388,-8.17882618e-06,8.17624346e-06,8.2186675e-06,3.12696512e-09,-6.08958055e-05,0.000193771552,-0.000133283045,2,-0.000181450218,0.000201350914,-0.000125739762
0.284,1.57061374,1.90837961,-0.000520500161,-0.00090370781,0.104828824,0.0938937591,-0.2,0.0935158949,-8.44421132e-06,8.44154452e-06,8.4856538e-06,2.58892239e-09,-4.88717167e-05,0.000180741562,-0.000132182654,2,-0.000182582517,0.00020248626,-0.000127596128
0.286,1.57061283,1.90837788,-0.000418014968,-0.000838219989,0.08430026,0.0938360351,-0.2,0.0935158596,-8.70428074e-06,8.70153155e-06,8.74751963e-06,2.14623852e-09,-3.92248672e-05,0.000167643998,-0.000128666126,2,-0.000183491921,0.00020336325,-0.000129321693
0.288,1.5706121,1.90837629,-0.000335563206,-0.000773037714,0.0678690754,0.0937888628,-0.2,0.0935158312,-8.95496883e-06,8.95214022e-06,9.00011559e-06,1.77554118e-09,-3.14720915e-05,0.000154607543,-0.000123334359,2,-0.000184222094,0.000204036021,-0.000130916548
0.29,1.57061152,1.90837482,-0.000269162745,-0.000708947489,0.0546811393,0.0937498032,-0.2,0.0935158085,-9.19332528e-06,9.19042117e-06,9.24042441e-06,1.46262222e-09,-2.52339543e-05,0.000141789498,-0.000116717678,2,-0.000184807979,0.000204547782,-0.000132382278
0.292,1.57061105,1.90837348,-0.000215656273,-0.00064671564,0.044072172,0.093717091,-0.2,0.0935157903,-9.41735835e-06,9.41438327e-06,9.466402e-06,1.19817576e-09,-2.02106785e-05,0.000129343128,-0.00010926539,2,-0.000185277619,0.000204933008,-0.000133722037
0.294,1.57061067,1.90837226,-0.000172529415,-0.000587003557,0.0355222864,0.0936894328,-0.2,0.0935157757,-9.62587141e-06,9.62283027e-06,9.67681194e-06,9.7543828e-10,-1.6164183e-05,0.000117400711,-0.000101345672,2,-0.000185653571,0.000205219179,-0.000134940389
0.296,1.57061037,1.90837116,-0.000137772049,-0.000530331614,0.02862221,0.0936658662,-0.2,0.093515764,-9.81830726e-06,9.81520517e-06,9.8710679e-06,7.88952111e-10,-1.29045384e-05,0.000106066323,-9.32512225e-05,2,-0.000185954012,0.000205428171,-0.000136043048
0.298,1.57061013,1.90837017,-0.000109771794,-0.000477072123,0.0230480115,0.0936456636,-0.2,0.0935157547,-9.99460786e-06,9.99144992e-06,1.00490915e-05,6.33967729e-10,-1.02796525e-05,9.54144247e-05,-8.5207777e-05,2,-0.000186193609,0.000205577365,-0.000137036582
0.3,1.57060994,1.90836927,-8.72316325e-05,-0.000427458585,0.0185420562,0.0936282645,-0.2,0.0935157473,-1.01550926e-05,1.01518838e-05,1.0211189e-05,5.06189762e-10,-8.16734636e-06,8.5491717e-05,-7.73836582e-05,2,-0.000186384213,0.000205680542,-0.000137928128
0.302,1.57060979,1.90836848,-6.91057648e-05,-0.000381603094,0.0148985491,0.0936132288,-0.2,0.0935157414,-1.03003556e-05,1.02971008e-05,1.03579474e-05,4.01692914e-10,-6.46921377e-06,7.63206189e-05,-6.98992771e-05,2,-0.0001865354,0.000205748596,-0.000138725135
0.304,1.57060967,1.90836777,-5.45493427e-05,-0.00033951691,0.0119524794,0.0936002046,-0.2,0.0935157368,-1.04311816e-05,1.04278853e-05,1.04901483e-05,3.16910254e-10,-5.10582964e-06,6.79033821e-05,-6.28359757e-05,2,-0.000186654916,0.000205790113,-0.000139435148
0.306,1.57060958,1.90836714,-4.2878839e-05,-0.00030113119,0.00957110434,0.0935889052,-0.2,0.0935157331,-1.05484776e-05,1.05451442e-05,1.06086997e-05,2.48642804e-10,-4.01298359e-06,6.0226238e-05,-5.6243909e-05,2,-0.000186749022,0.00020581183,-0.00014006563
0.308,1.5706095,1.90836658,-3.35406342e-05,-0.000266316241,0.0076473437,0.0935790933,-0.2,0.0935157303,-1.06532197e-05,1.06498531e-05,1.07145809e-05,1.94066633e-10,-3.13870214e-06,5.32632481e-05,-5.01488589e-05,2,-0.00018682278,0.000205819011,-0.000140623828
0.31,1.57060945,1.90836609,-2.60859926e-05,-0.000234898472,0.00609461945,0.0935705698,-0.2,0.093515728,-1.07464115e-05,1.07430154e-05,1.08088005e-05,1.50728736e-10,-2.44088119e-06,4.69796943e-05,-4.45579873e-05,2,-0.00018688028,0.000205815745,-0.000141116673
0.312,1.5706094,1.90836565,-2.01510395e-05,-0.00020667476,0.00484280029,0.0935631653,-0.2,0.0935157263,-1.08290533e-05,1.0825631e-05,1.0892365e-05,1.16530727e-10,-1.88539504e-06,4.1334952e-05,-3.94645969e-05,2,-0.00018692482,0.000205805187,-0.000141550708
0.314,1.57060937,1.90836527,-1.54406787e-05,-0.000181424244,0.00383499473,0.093556735,-0.2,0.093515725,-1.0902119e-05,1.08986735e-05,1.09662555e-05,8.97027408e-11,-1.44457948e-06,3.62848489e-05,-3.48520062e-05,2,-0.000186959063,0.000205789753,-0.000141932047
0.316,1.57060934,1.90836494,-1.17156308e-05,-0.000158917737,0.00302500165,0.0935511535,-0.2,0.093515724,-1.09665403e-05,1.09630745e-05,1.10314112e-05,6.87710179e-11,-1.09601078e-06,3.17835473e-05,-3.06966514e-05,2,-0.000186985151,0.000205771274,-0.000142266352
0.318,1.57060932,1.90836464,-8.78195872e-06,-0.000138925024,0.00237527357,0.093546312,-0.2,0.0935157232,-1.10231963e-05,1.10197125e-05,1.10887187e-05,5.25224656e-11,-8.2151985e-07,2.77850049e-05,-2.69705315e-05,2,-0.000187004804,0.000205751123,-0.000142558822
0.32,1.57060931,1.90836439,-6.48258072e-06,-0.000121220368,0.0018552826,0.0935421157,-0.2,0.0935157226,-1.10729066e-05,1.10694071e-05,1.11390051e-05,3.99688882e-11,-6.06394316e-07,2.42440735e-05,-2.36431033e-05,2,-0.000187019406,0.000205730311,-0.000142814201
0.322,1.5706093,1.90836417,-4.69038293e-06,-0.000105586484,0.00144020435,0.0935384819,-0.2,0.0935157222,-1.11164285e-05,1.11129152e-05,1.11830348e-05,3.03128003e-11,-4.38731299e-07,2.11172968e-05,-2.06827239e-05,2,-0.00018703006,0.000205709571,-0.000143036792
0.324,1.57060929,1.90836397,-3.30261982e-06,-9.18172997e-05,0.0011098545,0.093535338,-0.2,0.0935157219,-1.11544559e-05,1.11509305e-05,1.12215085e-05,2.29160393e-11,-3.08911661e-07,1.83634599e-05,-1.80577242e-05,2,-0.00018703765,0.000205689417,-0.000143230478
0.326,1.57060928,1.9083638,-2.23635724e-06,-7.97197155e-05,0.000847827316,0.0935326206,-0.2,0.0935157217,-1.11876202e-05,1.11840843e-05,1.12550642e-05,1.72718285e-11,-2.09172354e-07,1.59439431e-05,-1.57371877e-05,2,-0.000187042878,0.000205670199,-0.000143398743
0.328,1.57060928,1.90836366,-1.42476064e-06,-6.91145939e-05,0.000640795884,0.0935302741,-0.2,0.0935157216,-1.12164927e-05,1.12129477e-05,1.12842792e-05,1.29805132e-11,-1.33258253e-07,1.38229188e-05,-1.36914937e-05,2,-0.000187046301,0.000205652139,-0.000143544707
0.33,1.57060928,1.90836353,-8.14070131e-07,-5.98371529e-05,0.000477942917,0.0935282499,-0.2,0.0935157215,-1.12415876e-05,1.12380347e-05,1.1309673e-05,9.72890595e-12,-7.61385546e-08,1.19674306e-05,-1.18926779e-05,2,-0.000187048359,0.000205635364,-0.000143671144
0.332,1.57060928,1.90836342,-3.61134804e-07,-5.17369119e-05,0.000350496902,0.0935265053,-0.2,0.0935157215,-1.12633656e-05,1.12598057e-05,1.13317113e-05,7.27299541e-12,-3.37756761e-08,1.03473824e-05,-1.03146513e-05,2,-0.000187049399,0.000205619931,-0.00014378052
0.334,1.57060928,1.90836333,-3.14027322e-08,-4.46773119e-05,0.000251353726,0.0935250032,-0.2,0.0935157215,-1.12822375e-05,1.12786717e-05,1.13508096e-05,5.42367388e-12,-2.93694063e-09,8.93546237e-06,-8.93331056e-06,2,-0.000187049692,0.000205605846,-0.000143875017
0.336,1.57060928,1.90836325,2.02717025e-07,-3.85351076e-05,0.000174767839,0.0935237112,-0.2,0.0935157215,-1.12985687e-05,1.12949977e-05,1.13673372e-05,4.03509883e-12,1.89588485e-08,7.70702151e-06,-7.72656886e-06,2,-0.00018704945,0.000205593076,-0.000143956559
0.338,1.57060928,1.90836318,3.63188775e-07,-3.31996082e-05,0.000116099926,0.0935226008,-0.2,0.0935157215,-1.13126829e-05,1.13091074e-05,1.13816216e-05,2.9953016e-12,3.39663588e-08,6.63992163e-06,-6.67432796e-06,2,-0.000187048833,0.000205581567,-0.000144026842
0.34,1.57060928,1.90836311,4.67436454e-07,-2.85718266e-05,7.16108104e-05,0.0935216474,-0.2,0.0935157215,-1.1324866e-05,1.13212866e-05,1.13939519e-05,2.21867912e-12,4.37154273e-08,5.71436533e-06,-5.75840888e-06,2,-0.000187047969,0.000205571247,-0.000144087353
0.342,1.57060928,1.90836306,5.29227203e-07,-2.45635839e-05,3.82930326e-05,0.0935208295,-0.2,0.0935157216,-1.13353697e-05,1.13317871e-05,1.14045828e-05,1.64004004e-12,4.94937671e-08,4.91271677e-06,-4.96245468e-06,2,-0.000187046951,0.000205562033,-0.000144139396
0.344,1.57060928,1.90836302,5.59389359e-07,-2.10966016e-05,1.37332792e-05,0.0935201285,-0.2,0.0935157216,-1.13444155e-05,1.134083e-05,1.14137383e-05,1.20991778e-12,5.23141648e-08,4.21932032e-06,-4.27181573e-06,2,-0.000187045851,0.000205553839,-0.00014418411
0.346,1.57060928,1.90836298,5.66395193e-07,-1.81016096e-05,-3.99991925e-06,0.0935195282,-0.2,0.0935157217,-1.13521974e-05,1.13486094e-05,1.14216146e-05,8.90904954e-13,5.29690112e-08,3.62032192e-06,-3.67342519e-06,2,-0.00018704472,0.000205546579,-0.000144222491
0.348,1.57060928,1.90836295,5.56833235e-07,-1.5517485e-05,-1.64479082e-05,0.0935190145,-0.2,0.0935157217,-1.13588851e-05,1.1355295e-05,1.14283836e-05,6.5480371e-13,5.20744954e-08,3.103497e-06,-3.15567075e-06,2,-0.000187043597,0.000205540166,-0.000144255404
0.35,1.57060928,1.90836292,5.357905e-07,-1.32904355e-05,-2.48366124e-05,0.0935185753,-0.2,0.0935157218,-1.13646267e-05,1.13610348e-05,1.1434195e-05,4.80422053e-13,5.01063642e-08,2.6580871e-06,-2.70826669e-06,2,-0.000187042509,0.000205534517,-0.000144283604
0.352,1.57060929,1.90836289,5.07161283e-07,-1.13732345e-05,-3.01374977e-05,0.0935182001,-0.2,0.0935157218,-1.13695516e-05,1.13659581e-05,1.14391798e-05,3.51878282e-13,4.74288103e-08,2.27464689e-06,-2.32212963e-06,2,-0.000187041472,0.000205529555,-0.000144307743
0.354,1.57060929,1.90836287,4.7389613e-07,-9.7245119e-06,-3.31171216e-05,0.0935178798,-0.2,0.0935157218,-1.13737719e-05,1.13701771e-05,1.14434514e-05,2.57302161e-13,4.43177613e-08,1.94490238e-06,-1.98925978e-06,2,-0.000187040499,0.000205525206,-0.00014432839
0.356,1.57060929,1.90836286,4.38202135e-07,-8.30810281e-06,-3.43774417e-05,0.0935176066,-0.2,0.0935157219,-1.13773853e-05,1.13737894e-05,1.14471088e-05,1.87844191e-13,4.09796149e-08,1.66162056e-06,-1.70262926e-06,2,-0.000187039595,0.000205521404,-0.000144346034
0.358,1.57060929,1.90836284,4.01703709e-07,-7.092453e-06,-3.43885097e-05,0.0935173737,-0.2,0.0935157219,-1.13804765e-05,1.13768796e-05,1.14502376e-05,1.36922785e-13,3.75662759e-08,1.4184906e-06,-1.45607818e-06,2,-0.000187038764,0.000205518086,-0.000144361102
0.36,1.57060929,1.90836283,3.65571252e-07,-6.05008048e-06,-3.35150435e-05,0.0935171753,-0.2,0.0935157219,-1.13831188e-05,1.1379521e-05,1.1452912e-05,9.9654296e-14,3.41871908e-08,1.2100161e-06,-1.24421887e-06,2,-0.000187038006,0.000205515196,-0.000144373959
0.362,1.57060929,1.90836282,3.30623843e-07,-5.15708995e-06,-3.20378453e-05,0.0935170064,-0.2,0.093515722,-1.13853755e-05,1.1381777e-05,1.14551961e-05,7.24229104e-14,3.09189521e-08,1.03141799e-06,-1.06234832e-06,2,-0.000187037319,0.000205512683,-0.000144384921
0.364,1.57060929,1.90836281,2.97410908e-07,-4.39273735e-06,-3.01711188e-05,0.0935168627,-0.2,0.093515722,-1.13873015e-05,1.13837024e-05,1.14571455e-05,5.25571191e-14,2.78129351e-08,8.78547469e-07,-9.06368698e-07,2,-0.0001870367,0.000205510503,-0.000144394261
0.366,1.57060929,1.9083628,2.66276932e-07,-3.73904092e-06,-2.80764953e-05,0.0935167406,-0.2,0.093515722,-1.13889439e-05,1.13853443e-05,1.14588078e-05,3.80870661e-14,2.49013508e-08,7.47808183e-07,-7.7271557e-07,2,-0.000187036144,0.000205508613,-0.000144402214
0.368,1.57060929,1.90836279,2.37412498e-07,-3.18043508e-06,-2.5874202e-05,0.0935166369,-0.2,0.093515722,-1.13903435e-05,1.13867434e-05,1.14602244e-05,2.7563064e-14,2.22020184e-08,6.36087016e-07,-6.58293421e-07,2,-0.000187035648,0.000205506977,-0.00014440898
0.37,1.57060929,1.90836279,2.10894372e-07,-2.70346359e-06,-2.36521243e-05,0.0935165488,-0.2,0.093515722,-1.13915353e-05,1.13879349e-05,1.14614306e-05,1.99202149e-14,1.97221139e-08,5.40692717e-07,-5.60418015e-07,2,-0.000187035207,0.000205505564,-0.000144414732
0.372,1.57060929,1.90836278,1.86716787e-07,-2.29650826e-06,-2.14729722e-05,0.0935164741,-0.2,0.0935157221,-1.13925495e-05,1.13889488e-05,1.14624571e-05,1.43776745e-14,1.74610956e-08,4.59301652e-07,-4.76765055e-07,2,-0.000187034815,0.000205504344,-0.000144419621
0.374,1.57060929,1.90836278,1.6481568e-07,-1.94954983e-06,-1.93800421e-05,0.0935164108,-0.2,0.0935157221,-1.1393412e-05,1.1389811e-05,1.14633299e-05,1.03638707e-14,1.54129708e-08,3.89909966e-07,-4.05324607e-07,2,-0.00018703447,0.000205503293,-0.000144423771
0.376,1.57060929,1.90836277,1.45087381e-07,-1.65395771e-06,-1.74017722e-05,0.0935163571,-0.2,0.0935157221,-1.13941449e-05,1.13905437e-05,1.14640717e-05,7.46111547e-15,1.35680434e-08,3.30791542e-07,-3.44360792e-07,2,-0.000187034165,0.000205502388,-0.000144427293
0.378,1.57060929,1.90836277,1.27402823e-07,-1.40230557e-06,-1.5555365e-05,0.0935163116,-0.2,0.0935157221,-1.13947674e-05,1.13911659e-05,1.14647016e-05,5.36466821e-15,1.19142421e-08,2.80461113e-07,-2.92376227e-07,2,-0.000187033897,0.000205501609,-0.00014443028
0.38,1.57060929,1.90836277,1.11618272e-07,-1.18820992e-06,-1.3849608e-05,0.0935162732,-0.2,0.0935157221,-1.13952957e-05,1.1391694e-05,1.14652362e-05,3.85254214e-15,1.04381248e-08,2.37641983e-07,-2.48080736e-07,2,-0.000187033663,0.000205500941,-0.000144432812
0.382,1.57060929,1.90836277,9.75832942e-08,-1.00618914e-06,-1.22871451e-05,0.0935162406,-0.2,0.0935157221,-1.13957437e-05,1.13921419e-05,1.14656896e-05,2.76327884e-15,9.12562282e-09,2.01237828e-07,-2.10363903e-07,2,-0.000187033457,0.000205500367,-0.000144434956
0.384,1.57060929,1.90836277,8.51465573e-08,-8.51540534e-07,-1.08661428e-05,0.0935162131,-0.2,0.0935157221,-1.13961235e-05,1.13925216e-05,1.14660739e-05,1.97961816e-15,7.96258359e-09,1.70308107e-07,-1.78271016e-07,2,-0.000187033278,0.000205499875,-0.000144436771
0.386,1.57060929,1.90836276,7.41599811e-08,-7.2023337e-07,-9.58170716e-06,0.0935161899,-0.2,0.0935157221,-1.13964453e-05,1.13928433e-05,1.14663995e-05,1.41652259e-15,6.93515887e-09,1.44046674e-07,-1.50982066e-07,2,-0.000187033121,0.000205499454,-0.000144438307
0.388,1.57060929,1.90836276,6.44815768e-08,-6.08815914e-07,-8.42685919e-06,0.0935161703,-0.2,0.0935157221,-1.13967176e-05,1.13931156e-05,1.14666751e-05,1.01240953e-15,6.03007012e-09,1.21763183e-07,-1.27793421e-07,2,-0.000187032985,0.000205499093,-0.000144439605
0.39,1.57060929,1.90836276,5.59772991e-08,-5.14334796e-07,-7.39333924e-06,0.0935161537,-0.2,0.0935157221,-1.13969481e-05,1.1393346e-05,1.14669083e-05,7.22743598e-16,5.2347817e-09,1.02866959e-07,-1.08101861e-07,2,-0.000187032867,0.000205498785,-0.000144440702
0.392,1.57060929,1.90836276,4.8522171e-08,-4.34265138e-07,-6.4722071e-06,0.0935161397,-0.2,0.0935157221,-1.1397143e-05,1.13935408e-05,1.14671055e-05,5.15361101e-16,4.53760612e-09,8.68530275e-08,-9.13907196e-08,2,-0.000187032765,0.000205498522,-0.000144441629
0.394,1.57060929,1.90836276,4.20008312e-08,-3.66450128e-07,-5.6542336e-06,0.093516128,-0.2,0.0935157221,-1.13973077e-05,1.13937054e-05,1.14672721e-05,3.67064038e-16,3.92775511e-09,7.32900255e-08,-7.72178421e-08,2,-0.000187032676,0.000205498298,-0.000144442411
0.396,1.57060929,1.90836276,3.63076778e-08,-3.09048776e-07,-4.93025553e-06,0.093516118,-0.2,0.0935157221,-1.13974468e-05,1.13938445e-05,1.14674128e-05,2.61142591e-16,3.39535308e-09,6.18097552e-08,-6.52051522e-08,2,-0.000187032599,0.000205498106,-0.000144443071
0.398,1.57060929,1.90836276,3.1346736e-08,-2.60490887e-07,-4.29136519e-06,0.0935161097,-0.2,0.0935157221,-1.13975642e-05,1.13939619e-05,1.14675316e-05,1.85575896e-16,2.9314248e-09,5.20981774e-08,-5.50296335e-08,2,-0.000187032533,0.000205497943,-0.000144443627
0.4,1.57060929,1.90836276,2.70312937e-08,-2.19438198e-07,-3.72909828e-06,0.0935161027,-0.2,0.0935157221,-1.13976633e-05,1.13940609e-05,1.14676318e-05,1.3172711e-16,2.52786123e-09,4.38876395e-08,-4.6415523e-08,2,-0.000187032476,0.000205497804,-0.000144444095
0.402,1.57060929,1.90836276,2.32834245e-08,-1.84750943e-07,-3.23547408e-06,0.0935160968,-0.2,0.0935157221,-1.13977468e-05,1.13941444e-05,1.14677163e-05,9.33984618e-17,2.17737498e-09,3.69501886e-08,-3.91275795e-08,2,-0.000187032426,0.000205497686,-0.00014444449
0.404,1.57060929,1.90836276,2.00334101e-08,-1.55459086e-07,-2.80309469e-06,0.0935160918,-0.2,0.0935157221,-1.13978172e-05,1.13942148e-05,1.14677875e-05,6.61478741e-17,1.87344622e-09,3.10918172e-08,-3.29652747e-08,2,-0.000187032384,0.000205497585,-0.000144444822
0.406,1.57060929,1.90836276,1.72191449e-08,-1.30737619e-07,-2.42515946e-06,0.0935160876,-0.2,0.0935157221,-1.13978765e-05,1.13942741e-05,1.14678475e-05,4.67954694e-17,1.61026706e-09,2.61475239e-08,-2.7757799e-08,2,-0.000187032347,0.0002054975,-0.000144445101
0.408,1.57060929,1.90836276,1.47854873e-08,-1.09885342e-07,-2.09544992e-06,0.0935160841,-0.2,0.0935157221,-1.13979264e-05,1.13943239e-05,1.1467898e-05,3.30676277e-17,1.38268088e-09,2.19770684e-08,-2.3359755e-08,2,-0.000187032316,0.000205497428,-0.000144445336
0.41,1.57060929,1.90836276,1.26836512e-08,-9.23066856e-08,-1.8083317e-06,0.0935160812,-0.2,0.0935157221,-1.13979684e-05,1.13943659e-05,1.14679404e-05,2.33406358e-17,1.18612536e-09,1.84613371e-08,-1.96474665e-08,2,-0.000187032289,0.000205497366,-0.000144445534
0.412,1.57060929,1.90836276,1.08705904e-08,-7.74961058e-08,-1.55871917e-06,0.0935160787,-0.2,0.0935157221,-1.13980037e-05,1.13944012e-05,1.14679761e-05,1.64562609e-17,1.01657498e-09,1.54992212e-08,-1.6515799e-08,2,-0.000187032266,0.000205497314,-0.000144445699
0.414,1.57060929,1.90836276,9.30843399e-09,-6.50247679e-08,-1.34206002e-06,0.0935160767,-0.2,0.0935157222,-1.13980333e-05,1.13944308e-05,1.14680061e-05,1.15892791e-17,8.70488227e-10,1.30049536e-08,-1.38754438e-08,2,-0.000187032246,0.00020549727,-0.000144445838
0.416,1.57060929,1.90836276,7.96394159e-09,-5.45291295e-08,-1.15428187e-06,0.0935160749,-0.2,0.0935157222,-1.13980583e-05,1.13944557e-05,1.14680313e-05,8.15240746e-18,7.44756559e-10,1.09058259e-08,-1.16505839e-08,2,-0.000187032229,0.000205497233,-0.000144445955
0.418,1.57060929,1.90836276,6.80800024e-09,-4.5701182e-08,-9.91762264e-07,0.0935160735,-0.2,0.0935157222,-1.13980792e-05,1.13944766e-05,1.14680524e-05,5.72817579e-18,6.3665745e-10,9.1402364e-09,-9.77689485e-09,2,-0.000187032215,0.000205497201,-0.000144446053
0.42,1.57060929,1.90836276,5.81516904e-09,-3.82801333e-08,-8.51291343e-07,0.0935160723,-0.2,0.0935157222,-1.13980967e-05,1.13944942e-05,1.14680702e-05,4.02016695e-18,5.43811768e-10,7.65602667e-09,-8.19983914e-09,2,-0.000187032203,0.000205497174,-0.000144446135
0.422,1.57060929,1.90836276,4.9632562e-09,-3.20452963e-08,-7.30028919e-07,0.0935160713,-0.2,0.0935157222,-1.13981114e-05,1.13945089e-05,1.1468085e-05,2.81815446e-18,4.64144221e-10,6.40905927e-09,-6.87320399e-09,2,-0.000187032192,0.000205497152,-0.000144446203
0.424,1.57060929,1.90836276,4.23293759e-09,-2.68100272e-08,-6.25466449e-07,0.0935160704,-0.2,0.0935157222,-1.13981237e-05,1.13945212e-05,1.14680975e-05,1.9732098e-18,3.95847689e-10,5.36200545e-09,-5.75785349e-09,2,-0.000187032183,0.000205497133,-0.000144446261
0.426,1.57060929,1.90836276,3.60742189e-09,-2.24165851e-08,-5.35411925e-07,0.0935160697,-0.2,0.0935157222,-1.1398134e-05,1.13945315e-05,1.14681079e-05,1.37995223e-18,3.37351917e-10,4.48331702e-09,-4.82066918e-09,2,-0.000187032175,0.000205497117,-0.000144446309
0.428,1.57060929,1.90836276,3.07213064e-09,-1.87317165e-08,-4.57940101e-07,0.0935160691,-0.2,0.0935157222,-1.13981427e-05,1.13945401e-05,1.14681166e-05,9.63897548e-19,2.87293581e-10,3.7463433e-09,-4.03363706e-09,2,-0.000187032169,0.000205497103,-0.000144446349
0.43,1.57060929,1.90836276,2.61443331e-09,-1.56429197e-08,-3.91357327e-07,0.0935160686,-0.2,0.0935157222,-1.13981499e-05,1.13945474e-05,1.14681239e-05,6.72460054e-19,2.44491525e-10,3.12858394e-09,-3.37307558e-09,2,-0.000187032163,0.000205497092,-0.000144446382
0.432,1.57060929,1.90836276,2.22339921e-09,-1.30552776e-08,-3.34185254e-07,0.0935160682,-0.2,0.0935157222,-1.13981559e-05,1.13945534e-05,1.146813e-05,4.68557778e-19,2.07923552e-10,2.61105552e-09,-2.81897915e-09,2,-0.000187032159,0.000205497082,-0.00014444641
0.434,1.57060929,1.90836276,1.88958137e-09,-1.08887528e-08,-2.85149934e-07,0.0935160679,-0.2,0.0935157222,-1.1398161e-05,1.13945584e-05,1.14681351e-05,3.2607139e-19,1.7670622e-10,2.17775055e-09,-2.35445683e-09,2,-0.000187032155,0.000205497074,-0.000144446434
0.436,1.57060929,1.90836276,1.60482519e-09,-9.07588322e-09,-2.43124797e-07,0.0935160676,-0.2,0.0935157222,-1.13981652e-05,1.13945627e-05,1.14681394e-05,2.26623835e-19,1.5007694e-10,1.81517664e-09,-1.96525363e-09,2,-0.000187032151,0.000205497067,-0.000144446453
0.438,1.57060929,1.90836276,1.36209987e-09,-7.55984676e-09,-2.07143596e-07,0.0935160673,-0.2,0.0935157222,-1.13981687e-05,1.13945662e-05,1.14681429e-05,1.5730103e-19,1.27378223e-10,1.51196935e-09,-1.6393476e-09,2,-0.000187032148,0.000205497061,-0.000144446469
0.44,1.57060929,1.90836276,1.1553507e-09,-6.29280669e-09,-1.76357726e-07,0.0935160671,-0.2,0.0935157222,-1.13981716e-05,1.13945691e-05,1.14681459e-05,1.09038321e-19,1.08043854e-10,1.25856134e-09,-1.36660521e-09,2,-0.000187032146,0.000205497057,-0.000144446483
0.442,1.57060929,1.90836276,9.79371216e-10,-5.23451937e-09,-1.50046229e-07,0.093516067,-0.2,0.0935157222,-1.13981741e-05,1.13945715e-05,1.14681484e-05,7.54808171e-20,9.15869443e-11,1.04690387e-09,-1.13849083e-09,2,-0.000187032144,0.000205497053,-0.000144446494
0.444,1.57060929,1.90836276,8.2968566e-10,-4.35114586e-09,-1.27573527e-07,0.0935160668,-0.2,0.0935157222,-1.13981761e-05,1.13945736e-05,1.14681504e-05,5.2178463e-20,7.75889396e-11,8.70229172e-10,-9.47818121e-10,2,-0.000187032142,0.000205497049,-0.000144446503
0.446,1.57060929,1.90836276,7.02450014e-10,-3.61424099e-09,-1.0839451e-07,0.0935160667,-0.2,0.0935157222,-1.13981778e-05,1.13945753e-05,1.14681521e-05,3.60187308e-20,6.56903623e-11,7.22848197e-10,-7.88538566e-10,2,-0.00018703214,0.000205497046,-0.000144446511
0.448,1.57060929,1.90836276,5.94367801e-10,-2.99991133e-09,-9.20341332e-08,0.0935160666,-0.2,0.0935157222,-1.13981792e-05,1.13945767e-05,1.14681535e-05,2.48274035e-20,5.55829389e-11,5.99982267e-10,-6.5556521e-10,2,-0.000187032139,0.000205497044,-0.000144446518
0.45,1.57060929,1.90836276,5.02619803e-10,-2.48811196e-09,-7.81004918e-08,0.0935160666,-0.2,0.0935157222,-1.13981804e-05,1.13945778e-05,1.14681547e-05,1.70877885e-20,4.7003027e-11,4.97622391e-10,-5.44625421e-10,2,-0.000187032138,0.000205497042,-0.000144446523
0.452,1.57060929,1.90836276,4.24781822e-10,-2.06200935e-09,-6.62324634e-08,0.0935160665,-0.2,0.0935157222,-1.13981814e-05,1.13945788e-05,1.14681557e-05,1.17427846e-20,3.97239251e-11,4.12401871e-10,-4.52125798e-10,2,-0.000187032137,0.00020549704,-0.000144446527
0.454,1.57060929,1.90836276,3.58789677e-10,-1.7074962e-09,-5.61252352e-08,0.0935160665,-0.2,0.0935157222,-1.13981822e-05,1.13945796e-05,1.14681565e-05,8.05688013e-21,3.35525993e-11,3.41499239e-10,-3.7505184e-10,2,-0.000187032136,0.000205497039,-0.000144446531
0.456,1.57060929,1.90836276,3.02875416e-10,-1.41275956e-09,-4.75376389e-08,0.0935160664,-0.2,0.0935157222,-1.13981828e-05,1.13945803e-05,1.14681572e-05,5.51895022e-21,2.83237175e-11,2.82551912e-10,-3.10875631e-10,2,-0.000187032136,0.000205497038,-0.000144446534
0.458,1.57060929,1.90836276,2.55526872e-10,-1.16788958e-09,-4.02370071e-08,0.0935160664,-0.2,0.0935157222,-1.13981834e-05,1.13945808e-05,1.14681577e-05,3.77409407e-21,2.38958679e-11,2.33577916e-10,-2.57473785e-10,2,-0.000187032135,0.000205497037,-0.000144446537
0.46,1.57060929,1.90836276,2.15458032e-10,-9.64603543e-10,-3.40399844e-08,0.0935160663,-0.2,0.0935157222,-1.13981838e-05,1.13945813e-05,1.14681582e-05,2.57640922e-21,2.01487876e-11,1.92920709e-10,-2.13069497e-10,2,-0.000187032135,0.000205497036,-0.000144446539
0.462,1.57060929,1.90836276,1.815694e-10,-7.95968508e-10,-2.87795813e-08,0.0935160663,-0.2,0.0935157222,-1.13981842e-05,1.13945817e-05,1.14681586e-05,1.75564829e-21,1.69796561e-11,1.59193702e-10,-1.76173358e-10,2,-0.000187032134,0.000205497035,-0.00014444654
0.464,1.57060929,1.90836276,1.52921436e-10,-6.56179823e-10,-2.43189646e-08,0.0935160663,-0.2,0.0935157222,-1.13981845e-05,1.1394582e-05,1.14681589e-05,1.19410588e-21,1.43006112e-11,1.31235965e-10,-1.45536576e-10,2,-0.000187032134,0.000205497035,-0.000144446542
0.466,1.57060929,1.90836276,1.28721265e-10,-5.40395936e-10,-2.05356113e-08,0.0935160663,-0.2,0.0935157222,-1.13981848e-05,1.13945822e-05,1.14681592e-05,8.10585327e-22,1.20375063e-11,1.08079187e-10,-1.20116694e-10,2,-0.000187032134,0.000205497034,-0.000144446543
0.468,1.57060929,1.90836276,1.08289452e-10,-4.44575364e-10,-1.73287316e-08,0.0935160663,-0.2,0.0935157222,-1.1398185e-05,1.13945825e-05,1.14681594e-05,5.49126524e-22,1.01268036e-11,8.89150728e-11,-9.90418765e-11,2,-0.000187032134,0.000205497034,-0.000144446544
0.47,1.57060929,1.90836276,9.1049606e-11,-3.65344165e-10,-1.46202907e-08,0.0935160663,-0.2,0.0935157222,-1.13981852e-05,1.13945826e-05,1.14681596e-05,3.71214859e-22,8.51460098e-12,7.3068833e-11,-8.1583434e-11,2,-0.000187032133,0.000205497034,-0.000144446545
0.472,1.57060929,1.90836276,7.65097319e-11,-2.99882482e-10,-1.2322649e-08,0.0935160662,-0.2,0.0935157222,-1.13981853e-05,1.13945828e-05,1.14681597e-05,2.50380269e-22,7.15488916e-12,5.99764965e-11,-6.71313857e-11,2,-0.000187032133,0.000205497033,-0.000144446545
0.474,1.57060929,1.90836276,6.42571902e-11,-2.45854316e-10,-1.0382813e-08,0.0935160662,-0.2,0.0935157222,-1.13981854e-05,1.13945829e-05,1.14681598e-05,1.68489952e-22,6.00907966e-12,4.91708632e-11,-5.51799429e-11,2,-0.000187032133,0.000205497033,-0.000144446546
0.476,1.57060929,1.90836276,5.39346381e-11,-2.01301671e-10,-8.74157639e-09,0.0935160662,-0.2,0.0935157222,-1.13981855e-05,1.1394583e-05,1.14681599e-05,1.13104691e-22,5.04375519e-12,4.02603342e-11,-4.53040895e-11,2,-0.000187032133,0.000205497033,-0.000144446546
0.478,1.57060929,1.90836276,4.52452357e-11,-1.64601365e-10,-7.3545201e-09,0.0935160662,-0.2,0.0935157222,-1.13981856e-05,1.13945831e-05,1.146816e-05,7.5731393e-23,4.23115646e-12,3.2920273e-11,-3.71514295e-11,2,-0.000187032133,0.000205497033,-0.000144446547
0.48,1.57060929,1.90836276,3.79340532e-11,-1.34403697e-10,-6.18916521e-09,0.0935160662,-0.2,0.0935157222,-1.13981857e-05,1.13945831e-05,1.14681601e-05,5.05728329e-23,3.54744343e-12,2.68807393e-11,-3.04281828e-11,2,-0.000187032133,0.000205497033,-0.000144446547
0.482,1.57060929,1.90836276,3.17858205e-11,-1.09582606e-10,-5.20516862e-09,0.0935160662,-0.2,0.0935157222,-1.13981857e-05,1.13945832e-05,1.14681601e-05,3.36770713e-23,2.9724849e-12,2.19165211e-11,-2.4889006e-11,2,-0.000187032133,0.000205497033,-0.000144446547
0.484,1.57060929,1.90836276,2.66170366e-11,-8.91994821e-11,-4.36979165e-09,0.0935160662,-0.2,0.0935157222,-1.13981858e-05,1.13945832e-05,1.14681602e-05,2.23571515e-23,2.48912055e-12,1.78398964e-11,-2.0329017e-11,2,-0.000187032133,0.000205497032,-0.000144446547
0.486,1.57060929,1.90836276,2.22760548e-11,-7.24806396e-11,-3.66801502e-09,0.0935160662,-0.2,0.0935157222,-1.13981858e-05,1.13945833e-05,1.14681602e-05,1.47937698e-23,2.08316902e-12,1.44961279e-11,-1.65792969e-11,2,-0.000187032133,0.000205497032,-0.000144446548
0.488,1.57060929,1.90836276,1.86329029e-11,-5.8790469e-11,-3.07905865e-09,0.0935160662,-0.2,0.0935157222,-1.13981859e-05,1.13945833e-05,1.14681602e-05,9.75672167e-24,1.74247578e-12,1.17580938e-11,-1.35005696e-11,2,-0.000187032133,0.000205497032,-0.000144446548
0.49,1.57060929,1.90836276,1.55756328e-11,-4.75936405e-11,-2.58434674e-09,0.0935160662,-0.2,0.0935157222,-1.13981859e-05,1.13945833e-05,1.14681603e-05,6.41180045e-24,1.45657191e-12,9.51872811e-12,-1.09753e-11,2,-0.000187032133,0.000205497032,-0.000144446548
0.492,1.57060929,1.90836276,1.30115055e-11,-3.8445144e-11,-2.1663969e-09,0.0935160662,-0.2,0.0935157222,-1.13981859e-05,1.13945834e-05,1.14681603e-05,4.19678331e-24,1.21678481e-12,7.68902879e-12,-8.9058136e-12,2,-0.000187032133,0.000205497032,-0.000144446548
0.494,1.57060929,1.90836276,1.08628398e-11,-3.09834736e-11,-1.81698724e-09,0.0935160662,-0.2,0.0935157222,-1.13981859e-05,1.13945834e-05,1.14681603e-05,2.73552511e-24,1.01585004e-12,6.19669473e-12,-7.21254477e-12,2,-0.000187032133,0.000205497032,-0.000144446548
0.496,1.57060929,1.90836276,9.06356678e-12,-2.49067755e-11,-1.51929412e-09,0.0935160662,-0.2,0.0935157222,-1.13981859e-05,1.13945834e-05,1.14681603e-05,1.77496412e-24,8.47589111e-13,4.9813551e-12,-5.82894421e-12,2,-0.000187032133,0.000205497032,-0.000144446548
0.498,1.57060929,1.90836276,7.55765045e-12,-1.99682522e-11,-1.27169846e-09,0.0935160662,-0.2,0.0935157222,-1.13981859e-05,1.13945834e-05,1.14681603e-05,1.1462958e-24,7.0676174e-13,3.99365043e-12,-4.70041217e-12,2,-0.000187032132,0.000205497032,-0.000144446548
0.5,1.57060929,1.90836276,6.29672269e-12,-1.5957563e-11,-1.06371256e-09,0.0935160662,-0.2,0.0935157222,-1.13981859e-05,1.13945834e-05,1.14681603e-05,7.36136651e-25,5.88844736e-13,3.1915126e-12,-3.78035734e-12,2,-0.000187032132,0.000205497032,-0.000144446548
0.502,1.57060929,1.90836276,5.24252548e-12,-1.27070205e-11,-8.86370309e-10,0.0935160662,-0.2,0.0935157222,-1.1398186e-05,1.13945834e-05,1.14681603e-05,4.69855284e-25,4.9026036e-13,2.5414041e-12,-3.03166446e-12,2,-0.000187032132,0.000205497032,-0.000144446548
0.504,1.57060929,1.90836276,4.36271978e-12,-1.00804844e-11,-7.43746673e-10,0.0935160662,-0.2,0.0935157222,-1.1398186e-05,1.13945834e-05,1.14681603e-05,2.98023758e-25,4.07984392e-13,2.01609687e-12,-2.42408127e-12,2,-0.000187032132,0.000205497032,-0.000144446548
0.506,1.57060929,1.90836276,3.62733231e-12,-7.95904416e-12,-6.16339778e-10,0.0935160662,-0.2,0.0935157222,-1.1398186e-05,1.13945834e-05,1.14681603e-05,1.87557778e-25,3.39213848e-13,1.59180883e-12,-1.93102268e-12,2,-0.000187032132,0.000205497032,-0.000144446548
0.508,1.57060929,1.90836276,3.01561174e-12,-6.25817611e-12,-5.19523466e-10,0.0935160662,-0.2,0.0935157222,-1.1398186e-05,1.13945834e-05,1.14681603e-05,1.17306275e-25,2.82008147e-13,1.25163522e-12,-1.53364337e-12,2,-0.000187032132,0.000205497032,-0.000144446548
0.51,1.57060929,1.90836276,2.50467041e-12,-4.89362954e-12,-4.30332976e-10,0.0935160662,-0.2,0.0935157222,-1.1398186e-05,1.13945834e-05,1.14681603e-05,7.27521693e-26,2.34226924e-13,9.78725909e-13,-1.21295283e-12,2,-0.000187032132,0.000205497032,-0.000144446548
0.512,1.57060929,1.90836276,2.07780273e-12,-3.80435391e-12,-3.601045e-10,0.0935160662,-0.2,0.0935157222,-1.1398186e-05,1.13945834e-05,1.14681603e-05,4.47429003e-26,1.94307938e-13,7.60870782e-13,-9.5517872e-13,2,-0.000187032132,0.000205497032,-0.000144446548
0.514,1.57060929,1.90836276,1.72225533e-12,-2.93407807e-12,-3.00456329e-10,0.0935160662,-0.2,0.0935157222,-1.1398186e-05,1.13945834e-05,1.14681603e-05,2.72173392e-26,1.61058544e-13,5.86815614e-13,-7.47874158e-13,2,-0.000187032132,0.000205497032,-0.000144446548
0.516,1.57060929,1.90836276,1.42699217e-12,-2.2424891e-12,-2.49730091e-10,0.0935160662,-0.2,0.0935157222,-1.1398186e-05,1.13945834e-05,1.14681603e-05,1.6369764e-26,1.33446694e-13,4.48497821e-13,-5.81944515e-13,2,-0.000187032132,0.000205497032,-0.000144446548
0.518,1.57060929,1.90836276,1.18055251e-12,-1.69438375e-12,-2.06415846e-10,0.0935160662,-0.2,0.0935157222,-1.1398186e-05,1.13945834e-05,1.14681603e-05,9.7146231e-27,1.10400627e-13,3.3887675e-13,-4.49277376e-13,2,-0.000187032132,0.000205497032,-0.000144446548
0.52,1.57060929,1.90836276,9.76279032e-13,-1.26227131e-12,-1.72539542e-10,0.0935160662,-0.2,0.0935157222,-1.1398186e-05,1.13945834e-05,1.14681603e-05,5.6862766e-27,9.12977746e-14,2.52454262e-13,-3.43752037e-13,2,-0.000187032132,0.000205497032,-0.000144446548
0.522,1.57060929,1.90836276,8.06288185e-13,-9.19961271e-13,-1.39849654e-10,0.0935160662,-0.2,0.0935157222,-1.1398186e-05,1.13945834e-05,1.14681603e-05,3.25944822e-27,7.54008993e-14,1.83992254e-13,-2.59393153e-13,2,-0.000187032132,0.000205497032,-0.000144446548
0.524,1.57060929,1.90836276,6.66137785e-13,-6.57733593e-13,-1.17163981e-10,0.0935160662,-0.2,0.0935157222,-1.1398186e-05,1.13945834e-05,1.14681603e-05,1.85675518e-27,6.22945852e-14,1.31546719e-13,-1.93841304e-13,2,-0.000187032132,0.000205497032,-0.000144446548
0.526,1.57060929,1.90836276,5.49533016e-13,-4.55882978e-13,-9.60688806e-11,0.0935160662,-0.2,0.0935157222,-1.1398186e-05,1.13945834e-05,1.14681603e-05,1.04900919e-27,5.13901659e-14,9.11765955e-14,-1.42566761e-13,2,-0.000187032132,0.000205497032,-0.000144446548
0.528,1.57060929,1.90836276,4.53484101e-13,-3.02926367e-13,-8.28428324e-11,0.0935160662,-0.2,0.0935157222,-1.1398186e-05,1.13945834e-05,1.14681603e-05,5.9395924e-28,4.24080492e-14,6.05852734e-14,-1.02993323e-13,2,-0.000187032132,0.000205497032,-0.000144446548
0.53,1.57060929,1.90836276,3.72752386e-13,-1.85485063e-13,-6.54447355e-11,0.0935160662,-0.2,0.0935157222,-1.1398186e-05,1.13945834e-05,1.14681603e-05,3.39683966e-28,3.48583368e-14,3.70970126e-14,-7.19553494e-14,2,-0.000187032132,0.000205497032,-0.000144446548
0.532,1.57060929,1.90836276,3.06598828e-13,-9.83116006e-14,-5.61631958e-11,0.0935160662,-0.2,0.0935157222,-1.1398186e-05,1.13945834e-05,1.14681603e-05,2.03687594e-28,2.86719163e-14,1.96623201e-14,-4.83342364e-14,2,-0.000187032132,0.000205497032,-0.000144446548
0.534,1.57060929,1.90836276,2.51890024e-13,-3.40522458e-14,-4.30760333e-11,0.0935160662,-0.2,0.0935157222,-1.1398186e-05,1.13945834e-05,1.14681603e-05,1.29490312e-28,2.35557642e-14,6.81044916e-15,-3.03662133e-14,2,-0.000187032132,0.000205497032,-0.000144446548
0.536,1.57060929,1.90836276,2.06874088e-13,9.23804788e-15,-3.79452529e-11,0.0935160662,-0.2,0.0935157222,-1.1398186e-05,1.13945834e-05,1.14681603e-05,8.99749295e-29,1.93460509e-14,-1.84760958e-15,-1.74984413e-14,2,-0.000187032132,0.000205497032,-0.000144446548
0.538,1.57060929,1.90836276,1.69025812e-13,3.96879121e-14,-3.20733387e-11,0.0935160662,-0.2,0.0935157222,-1.1398186e-05,1.13945834e-05,1.14681603e-05,6.84612339e-29,1.5806629e-14,-7.93758242e-15,-7.86904659e-15,2,-0.000187032132,0.000205497032,-0.000144446548
0.54,1.57060929,1.90836276,1.37812108e-13,6.30466764e-14,-2.8049027e-11,0.0935160662,-0.2,0.0935157222,-1.1398186e-05,1.13945834e-05,1.14681603e-05,5.63774581e-29,1.28876462e-14,-1.26093353e-14,-2.7831093e-16,2,-0.000187032132,0.000205497032,-0.000144446548
0.542,1.57060929,1.90836276,1.12055826e-13,8.16416362e-14,-2.08564494e-11,0.0935160662,-0.2,0.0935157222,-1.1398186e-05,1.13945834e-05,1.14681603e-05,5.07284729e-29,1.047902e-14,-1.63283272e-14,5.84930722e-15,2,-0.000187032132,0.000205497032,-0.000144446548
0.544,1.57060929,1.90836276,9.21845278e-14,8.97104601e-14,-1.95309943e-11,0.0935160662,-0.2,0.0935157222,-1.1398186e-05,1.13945834e-05,1.14681603e-05,4.65505384e-29,8.6207344e-15,-1.7942092e-14,9.32135762e-15,2,-0.000187032132,0.000205497032,-0.000144446548
0.546,1.57060929,1.90836276,7.47876514e-14,9.63387013e-14,-1.3100598e-11,0.0935160662,-0.2,0.0935157222,-1.1398186e-05,1.13945834e-05,1.14681603e-05,4.32383429e-29,6.99384696e-15,-1.92677403e-14,1.22738933e-14,2,-0.000187032132,0.000205497032,-0.000144446548
0.548,1.57060929,1.90836276,6.23312494e-14,9.26228297e-14,-1.18275136e-11,0.0935160662,-0.2,0.0935157222,-1.1398186e-05,1.13945834e-05,1.14681603e-05,3.57561982e-29,5.82897324e-15,-1.85245659e-14,1.26955927e-14,2,-0.000187032132,0.000205497032,-0.000144446548
0.55,1.57060929,1.90836276,5.06034403e-14,8.54173153e-14,-1.04021386e-11,0.0935160662,-0.2,0.0935157222,-1.1398186e-05,1.13945834e-05,1.14681603e-05,2.91656582e-29,4.73223467e-15,-1.70834631e-14,1.23512284e-14,2,-0.000187032132,0.000205497032,-0.000144446548
0.552,1.57060929,1.90836276,3.99320336e-14,8.05937032e-14,-8.84094057e-12,0.0935160662,-0.2,0.0935157222,-1.1398186e-05,1.13945834e-05,1.14681603e-05,2.45034264e-29,3.7342867e-15,-1.61187406e-14,1.23844539e-14,2,-0.000187032132,0.000205497032,-0.000144446548
0.554,1.57060929,1.90836276,3.18063242e-14,7.78165507e-14,-4.93876082e-12,0.0935160662,-0.2,0.0935157222,-1.1398186e-05,1.13945834e-05,1.14681603e-05,2.14871321e-29,2.97440232e-15,-1.55633101e-14,1.25889078e-14,2,-0.000187032132,0.000205497032,-0.000144446548
0.556,1.57060929,1.90836276,2.67865434e-14,7.03744063e-14,-5.0451653e-12,0.0935160662,-0.2,0.0935157222,-1.1398186e-05,1.13945834e-05,1.14681603e-05,1.66014919e-29,2.50497216e-15,-1.40748813e-14,1.15699091e-14,2,-0.000187032132,0.000205497032,-0.000144446548
0.558,1.57060929,1.90836276,2.13645187e-14,6.2349788e-14,-4.88759998e-12,0.0935160662,-0.2,0.0935157222,-1.1398186e-05,1.13945834e-05,1.14681603e-05,1.26374389e-29,1.99792574e-15,-1.24699576e-14,1.04720318e-14,2,-0.000187032132,0.000205497032,-0.000144446548
0.56,1.57060929,1.90836276,1.65597367e-14,5.67096722e-14,-3.92404029e-12,0.0935160662,-0.2,0.0935157222,-1.1398186e-05,1.13945834e-05,1.14681603e-05,1.01651091e-29,1.54860144e-15,-1.13419344e-14,9.793333e-15,2,-0.000187032132,0.000205497032,-0.000144446548
0.562,1.57060929,1.90836276,1.27853194e-14,5.30744109e-14,-2.21978715e-12,0.0935160662,-0.2,0.0935157222,-1.1398186e-05,1.13945834e-05,1.14681603e-05,8.70251536e-30,1.19563277e-15,-1.06148822e-14,9.4192494e-15,2,-0.000187032132,0.000205497032,-0.000144446548
0.564,1.57060929,1.90836276,1.03037432e-14,4.88826789e-14,-7.64554569e-13,0.0935160662,-0.2,0.0935157222,-1.1398186e-05,1.13945834e-05,1.14681603e-05,7.3969744e-30,9.63565536e-16,-9.77653579e-15,8.81297025e-15,2,-0.000187032132,0.000205497032,-0.000144446548
0.566,1.57060929,1.90836276,8.78351498e-15,4.20620134e-14,-4.35530716e-13,0.0935160662,-0.2,0.0935157222,-1.1398186e-05,1.13945834e-05,1.14681603e-05,5.76098339e-30,8.21399768e-16,-8.41240267e-15,7.5910029e-15,2,-0.000187032132,0.000205497032,-0.000144446548
0.568,1.57060929,1.90836276,7.1230725e-15,3.45132554e-14,-1.91734404e-12,0.0935160662,-0.2,0.0935157222,-1.1398186e-05,1.13945834e-05,1.14681603e-05,4.28625745e-30,6.6612172e-16,-6.90265108e-15,6.23652936e-15,2,-0.000187032132,0.000205497032,-0.000144446548
0.57,1.57060929,1.90836276,5.22801649e-15,2.95960314e-14,-1.52379418e-12,0.0935160662,-0.2,0.0935157222,-1.1398186e-05,1.13945834e-05,1.14681603e-05,3.46380362e-30,4.88903536e-16,-5.91920628e-15,5.43030274e-15,2,-0.000187032132,0.000205497032,-0.000144446548
0.572,1.57060929,1.90836276,3.7900816e-15,2.64314298e-14,4.7418529e-13,0.0935160662,-0.2,0.0935157222,-1.1398186e-05,1.13945834e-05,1.14681603e-05,3.00815937e-30,3.54433522e-16,-5.28628596e-15,4.93185243e-15,2,-0.000187032132,0.000205497032,-0.000144446548
0.574,1.57060929,1.90836276,3.55665521e-15,2.17040299e-14,-8.71911399e-13,0.0935160662,-0.2,0.0935157222,-1.1398186e-05,1.13945834e-05,1.14681603e-05,1.83368117e-30,3.32604404e-16,-4.34080597e-15,4.00820157e-15,2,-0.000187032132,0.000205497032,-0.000144446548
0.576,1.57060929,1.90836276,2.58857286e-15,1.7977757e-14,-8.78859664e-13,0.0935160662,-0.2,0.0935157222,-1.1398186e-05,1.13945834e-05,1.14681603e-05,1.16112883e-30,2.42073151e-16,-3.5955514e-15,3.35347824e-15,2,-0.000187032132,0.000205497032,-0.000144446548
0.578,1.57060929,1.90836276,1.74366749e-15,1.54840405e-14,-6.36060805e-13,0.0935160662,-0.2,0.0935157222,-1.1398186e-05,1.13945834e-05,1.14681603e-05,8.03943122e-31,1.63060924e-16,-3.0968081e-15,2.93374718e-15,2,-0.000187032132,0.000205497032,-0.000144446548
0.58,1.57060929,1.90836276,1.15315111e-15,1.39004396e-14,-1.21072603e-12,0.0935160662,-0.2,0.0935157222,-1.1398186e-05,1.13945834e-05,1.14681603e-05,6.13436845e-31,1.07838155e-16,-2.78008791e-15,2.67224976e-15,2,-0.000187032132,0.000205497032,-0.000144446548
0.582,1.57060929,1.90836276,3.60021375e-16,1.48469597e-14,-2.34176741e-13,0.0935160662,-0.2,0.0935157222,-1.1398186e-05,1.13945834e-05,1.14681603e-05,6.3672036e-31,3.36677828e-17,-2.96939193e-15,2.93572415e-15,2,-0.000187032132,0.000205497032,-0.000144446548
0.584,1.57060929,1.90836276,1.19783905e-15,1.32919623e-14,6.07018625e-13,0.0935160662,-0.2,0.0935157222,-1.1398186e-05,1.13945834e-05,1.14681603e-05,4.85839599e-31,1.12017196e-16,-2.65839247e-15,2.54637527e-15,2,-0.000187032132,0.000205497032,-0.000144446548
0.586,1.57060929,1.90836276,1.28254141e-15,9.00141785e-15,-4.2399581e-13,0.0935160662,-0.2,0.0935157222,-1.1398186e-05,1.13945834e-05,1.14681603e-05,2.18659576e-31,1.19938228e-16,-1.80028357e-15,1.68034534e-15,2,-0.000187032132,0.000205497032,-0.000144446548
0.588,1.57060929,1.90836276,7.90113704e-16,5.73020272e-15,-4.6273487e-13,0.0935160662,-0.2,0.0935157222,-1.1398186e-05,1.13945834e-05,1.14681603e-05,9.76506659e-32,7.38883255e-17,-1.14604054e-15,1.07215222e-15,2,-0.000187032132,0.000205497032,-0.000144446548
0.59,1.57060929,1.90836276,3.62062478e-16,3.55372652e-15,-3.07111797e-13,0.0935160662,-0.2,0.0935157222,-1.1398186e-05,1.13945834e-05,1.14681603e-05,5.66308106e-32,3.38586586e-17,-7.10745304e-16,6.76886645e-16,2,-0.000187032132,0.000205497032,-0.000144446548
0.592,1.57060929,1.90836276,4.06130136e-16,1.23943283e-15,4.1787643e-14,0.0935160662,-0.2,0.0935157222,-1.1398186e-05,1.13945834e-05,1.14681603e-05,3.2777521e-32,3.79796927e-17,-2.47886565e-16,2.09906873e-16,2,-0.000187032132,0.000205497032,-0.000144446548
0.594,1.57060929,1.90836276,2.95283224e-16,-1.4337064e-15,-2.37509818e-13,0.0935160662,-0.2,0.0935157222,-1.1398186e-05,1.13945834e-05,1.14681603e-05,3.40352144e-32,2.76137255e-17,2.86741281e-16,-3.14355006e-16,2,-0.000187032132,0.000205497032,-0.000144446548
0.596,1.57060929,1.90836276,5.56809359e-17,-3.30334367e-15,-1.88270464e-13,0.0935160662,-0.2,0.0935157222,-1.1398186e-05,1.13945834e-05,1.14681603e-05,5.78153852e-32,5.20706208e-18,6.60668733e-16,-6.65875796e-16,2,-0.000187032132,0.000205497032,-0.000144446548
0.598,1.57060929,1.90836276,-1.11251416e-16,-4.50989678e-15,-1.01480665e-13,0.0935160662,-0.2,0.0935157222,-1.1398186e-05,1.13945834e-05,1.14681603e-05,8.30515262e-32,-1.04037948e-17,9.01979357e-16,-8.91575562e-16,2,-0.000187032132,0.000205497032,-0.000144446548
0.6,1.57060929,1.90836276,-3.59467108e-16,-3.85721396e-15,4.17746519e-13,0.0935160662,-0.2,0.0935157222,-1.1398186e-05,1.13945834e-05,1.14681603e-05,7.08719373e-32,-3.36159499e-17,7.71442791e-16,-7.37826841e-16,2,-0.000187032132,0.000205497032,-0.000144446548
0.602,1.57060929,1.90836276,-1.13135019e-16,-4.61390998e-15,9.19189854e-14,0.0935160662,-0.2,0.0935157222,-1.1398186e-05,1.13945834e-05,1.14681603e-05,8.6539175e-32,-1.05799419e-17,9.22781997e-16,-9.12202055e-16,2,-0.000187032132,0.000205497032,-0.000144446548
0.604,1.57060929,1.90836276,-1.56015816e-16,-3.87021561e-15,2.82515839e-13,0.0935160662,-0.2,0.0935157222,-1.1398186e-05,1.13945834e-05,1.14681603e-05,7.23933088e-32,-1.45899853e-17,7.74043121e-16,-7.59453136e-16,2,-0.000187032132,0.000205497032,-0.000144446548
0.606,1.57060929,1.90836276,-5.83776508e-18,-4.65291493e-15,3.91374017e-14,0.0935160662,-0.2,0.0935157222,-1.1398186e-05,1.13945834e-05,1.14681603e-05,8.85353015e-32,-5.45924826e-19,9.30582987e-16,-9.30037062e-16,2,-0.000187032132,0.000205497032,-0.000144446548
0.608,1.57060929,1.90836276,-7.6830618e-17,-3.97162848e-15,2.45478915e-13,0.0935160662,-0.2,0.0935157222,-1.1398186e-05,1.13945834e-05,1.14681603e-05,7.61021632e-32,-7.18489716e-18,7.94325695e-16,-7.87140798e-16,2,-0.000187032132,0.000205497032,-0.000144446548
0.61,1.57060929,1.90836276,4.27845576e-17,-4.74652681e-15,1.29939279e-14,0.0935160662,-0.2,0.0935157222,-1.1398186e-05,1.13945834e-05,1.14681603e-05,9.17987824e-32,4.00104352e-18,9.49305362e-16,-9.53306406e-16,2,-0.000187032132,0.000205497032,-0.000144446548
0.612,1.57060929,1.90836276,-6.54784093e-16,-2.83268394e-15,-1.87879548e-12,0.0935160662,-0.2,0.0935157222,-1.1398186e-05,1.13945834e-05,1.14681603e-05,4.83579214e-32,-6.12328326e-17,5.66536788e-16,-5.05303955e-16,2,-0.000187032132,0.000205497032,-0.000144446548
0.614,1.57060929,1.90836276,-1.25573435e-15,2.69301729e-15,7.89225936e-13,0.0935160662,-0.2,0.0935157222,-1.1398186e-05,1.13945834e-05,1.14681603e-05,2.45614032e-32,-1.17431336e-16,-5.38603458e-16,6.56034795e-16,2,-0.000187032132,0.000205497032,-0.000144446548
0.616,1.57060929,1.90836276,5.85728343e-16,2.17295129e-15,6.51367449e-13,0.0935160662,-0.2,0.0935157222,-1.1398186e-05,1.13945834e-05,1.14681603e-05,1.32133002e-32,5.47750105e-17,-4.34590259e-16,3.79815248e-16,2,-0.000187032132,0.000205497032,-0.000144446548
0.618,1.57060929,1.90836276,8.24062062e-16,-5.20990577e-16,-2.11692552e-13,0.0935160662,-0.2,0.0935157222,-1.1398186e-05,1.13945834e-05,1.14681603e-05,3.99464549e-33,7.70630424e-17,1.04198115e-16,-1.81261158e-16,2,-0.000187032132,0.000205497032,-0.000144446548
0.62,1.57060929,1.90836276,1.57083115e-16,-1.63133148e-15,-3.41982377e-13,0.0935160662,-0.2,0.0935157222,-1.1398186e-05,1.13945834e-05,1.14681603e-05,8.52057594e-33,1.4689795e-17,3.26266297e-16,-3.40956092e-16,2,-0.000187032132,0.000205497032,-0.000144446548
0.622,1.57060929,1.90836276,3.29736236e-16,-2.74687305e-15,-2.32957688e-12,0.0935160662,-0.2,0.0935157222,-1.1398186e-05,1.13945834e-05,1.14681603e-05,2.02978416e-32,3.08356357e-17,5.4937461e-16,-5.80210245e-16,2,-0.000187032132,0.000205497032,-0.000144446548
0.624,1.57060929,1.90836276,-9.27456165e-16,1.18222557e-15,6.23607297e-15,0.0935160662,-0.2,0.0935157222,-1.1398186e-05,1.13945834e-05,1.14681603e-05,6.83257967e-33,-8.67320521e-17,-2.36445114e-16,3.23177166e-16,2,-0.000187032132,0.000205497032,-0.000144446548
0.626,1.57060929,1.90836276,4.33621089e-16,8.20779699e-16,5.31016145e-13,0.0935160662,-0.2,0.0935157222,-1.1398186e-05,1.13945834e-05,1.14681603e-05,2.06311327e-33,4.05505385e-17,-1.6415594e-16,1.23605401e-16,2,-0.000187032132,0.000205497032,-0.000144446548
0.628,1.57060929,1.90836276,6.14898721e-16,-1.46231003e-15,-1.75962938e-13,0.0935160662,-0.2,0.0935157222,-1.1398186e-05,1.13945834e-05,1.14681603e-05,9.28323694e-33,5.75029095e-17,2.92462007e-16,-3.49964916e-16,2,-0.000187032132,0.000205497032,-0.000144446548
0.63,1.57060929,1.90836276,-7.47171944e-16,6.49157919e-16,-3.87523491e-13,0.0935160662,-0.2,0.0935157222,-1.1398186e-05,1.13945834e-05,1.14681603e-05,2.23030425e-33,-6.9872581e-17,-1.29831584e-16,1.99704165e-16,2,-0.000187032132,0.000205497032,-0.000144446548
0.632,1.57060929,1.90836276,3.64540698e-16,3.1891601e-16,-3.12318604e-13,0.0935160662,-0.2,0.0935157222,-1.1398186e-05,1.13945834e-05,1.14681603e-05,2.10179162e-33,3.4090412e-17,-6.37832021e-17,2.96927901e-17,2,-0.000187032132,0.000205497032,-0.000144446548
0.634,1.57060929,1.90836276,3.44748737e-16,-7.49819616e-16,3.41511688e-13,0.0935160662,-0.2,0.0935157222,-1.1398186e-05,1.13945834e-05,1.14681603e-05,2.74596446e-33,3.22395457e-17,1.49963923e-16,-1.82203469e-16,2,-0.000187032132,0.000205497032,-0.000144446548
0.636,1.57060929,1.90836276,-6.47599279e-16,3.3191766e-16,-5.44584997e-13,0.0935160662,-0.2,0.0935157222,-1.1398186e-05,1.13945834e-05,1.14681603e-05,4.42744692e-33,-6.0560937e-17,-6.63835321e-17,1.26944469e-16,2,-0.000187032132,0.000205497032,-0.000144446548
0.638,1.57060929,1.90836276,1.9995766e-16,1.35904801e-15,9.02092168e-13,0.0935160662,-0.2,0.0935157222,-1.1398186e-05,1.13945834e-05,1.14681603e-05,6.11284573e-33,1.86992538e-17,-2.71809601e-16,2.53110348e-16,2,-0.000187032132,0.000205497032,-0.000144446548
0.64,1.57060929,1.90836276,6.27201769e-16,-9.57846015e-16,-1.11353873e-13,0.0935160662,-0.2,0.0935157222,-1.1398186e-05,1.13945834e-05,1.14681603e-05,4.10091939e-33,5.86534421e-17,1.91569203e-16,-2.50222645e-16,2,-0.000187032132,0.000205497032,-0.000144446548
0.642,1.57060929,1.90836276,-1.88930264e-16,-1.66253544e-15,-1.55792982e-12,0.0935160662,-0.2,0.0935157222,-1.1398186e-05,1.13945834e-05,1.14681603e-05,1.02634171e-32,-1.76680151e-17,3.32507089e-16,-3.14839073e-16,2,-0.000187032132,0.000205497032,-0.000144446548
0.644,1.57060929,1.90836276,-9.47799382e-16,2.19375393e-15,2.47753138e-12,0.0935160662,-0.2,0.0935157222,-1.1398186e-05,1.13945834e-05,1.14681603e-05,1.41850814e-32,-8.86344698e-17,-4.38750787e-16,5.27385257e-16,2,-0.000187032132,0.000205497032,-0.000144446548
0.646,1.57060929,1.90836276,5.23097268e-16,2.38305781e-16,2.38062398e-13,0.0935160662,-0.2,0.0935157222,-1.1398186e-05,1.13945834e-05,1.14681603e-05,2.4625166e-33,4.89179988e-17,-4.76611562e-17,-1.25684261e-18,2,-0.000187032132,0.000205497032,-0.000144446548
0.648,1.57060929,1.90836276,1.45956524e-16,-9.63046675e-16,-2.69742663e-13,0.0935160662,-0.2,0.0935157222,-1.1398186e-05,1.13945834e-05,1.14681603e-05,4.2168153e-33,1.364928e-17,1.92609335e-16,-2.06258615e-16,2,-0.000187032132,0.000205497032,-0.000144446548
0.65,1.57060929,1.90836276,-6.67347841e-16,6.38756599e-16,-4.67275631e-13,0.0935160662,-0.2,0.0935157222,-1.1398186e-05,1.13945834e-05,1.14681603e-05,1.10762335e-32,-6.24077449e-17,-1.2775132e-16,1.90159065e-16,2,-0.000187032132,0.000205497032,-0.000144446548
0.652,1.57060929,1.90836276,3.88217829e-16,2.74710401e-16,4.52851257e-13,0.0935160662,-0.2,0.0935157222,-1.1398186e-05,1.13945834e-05,1.14681603e-05,1.57879392e-33,3.63046042e-17,-5.49420801e-17,1.8637476e-17,2,-0.000187032132,0.000205497032,-0.000144446548
0.654,1.57060929,1.90836276,5.33273858e-16,-1.85495986e-15,-2.49438525e-12,0.0935160662,-0.2,0.0935157222,-1.1398186e-05,1.13945834e-05,1.14681603e-05,1.07361727e-32,4.98696734e-17,3.70991972e-16,-4.20861646e-16,2,-0.000187032132,0.000205497032,-0.000144446548
0.656,1.57060929,1.90836276,-8.59272083e-16,1.7048919e-15,2.27687999e-12,0.0935160662,-0.2,0.0935157222,-1.1398186e-05,1.13945834e-05,1.14681603e-05,9.13941231e-33,-8.0355745e-17,-3.40978379e-16,4.21334124e-16,2,-0.000187032132,0.000205497032,-0.000144446548
0.658,1.57060929,1.90836276,4.83577255e-16,-1.59544708e-16,2.14818311e-13,0.0935160662,-0.2,0.0935157222,-1.1398186e-05,1.13945834e-05,1.14681603e-05,1.85372647e-33,4.52222426e-17,3.19089416e-17,-7.71311842e-17,2,-0.000187032132,0.000205497032,-0.000144446548
0.66,1.57060929,1.90836276,-1.36378037e-16,-1.00465196e-15,-1.51775386e-12,0.0935160662,-0.2,0.0935157222,-1.1398186e-05,1.13945834e-05,1.14681603e-05,5.79714347e-33,-1.27535375e-17,2.00930391e-16,-1.88176854e-16,2,-0.000187032132,0.000205497032,-0.000144446548
0.662,1.57060929,1.90836276,-2.59562358e-16,1.40325362e-15,1.44519095e-12,0.0935160662,-0.2,0.0935157222,-1.1398186e-05,1.13945834e-05,1.14681603e-05,5.71952066e-33,-2.42732507e-17,-2.80650723e-16,3.04923974e-16,2,-0.000187032132,0.000205497032,-0.000144446548
0.664,1.57060929,1.90836276,3.29480547e-16,-3.93574407e-16,-4.19554508e-13,0.0935160662,-0.2,0.0935157222,-1.1398186e-05,1.13945834e-05,1.14681603e-05,9.29278476e-34,3.08117247e-17,7.87148814e-17,-1.09526606e-16,2,-0.000187032132,0.000205497032,-0.000144446548
0.666,1.57060929,1.90836276,2.55227408e-16,-1.27248594e-15,-2.00344291e-12,0.0935160662,-0.2,0.0935157222,-1.1398186e-05,1.13945834e-05,1.14681603e-05,6.60124493e-33,2.38678632e-17,2.54497189e-16,-2.78365052e-16,2,-0.000187032132,0.000205497032,-0.000144446548
0.668,1.57060929,1.90836276,-1.97543074e-16,1.03140643e-15,1.3254951e-12,0.0935160662,-0.2,0.0935157222,-1.1398186e-05,1.13945834e-05,1.14681603e-05,5.04575815e-33,-1.84734511e-17,-2.06281286e-16,2.24754737e-16,2,-0.000187032132,0.000205497032,-0.000144446548
0.67,1.57060929,1.90836276,5.2171313e-16,-9.89049975e-16,1.57385594e-14,0.0935160662,-0.2,0.0935157222,-1.1398186e-05,1.13945834e-05,1.14681603e-05,3.51736736e-33,4.87885596e-17,1.97809995e-16,-2.46598555e-16,2,-0.000187032132,0.000205497032,-0.000144446548
0.672,1.57060929,1.90836276,-7.28414032e-16,1.03140643e-15,1.95828882e-12,0.0935160662,-0.2,0.0935157222,-1.1398186e-05,1.13945834e-05,1.14681603e-05,3.60073826e-33,-6.81184148e-17,-2.06281286e-16,2.743997e-16,2,-0.000187032132,0.000205497032,-0.000144446548
0.674,1.57060929,1.90836276,4.25639606e-16,-7.42018626e-16,1.70421021e-13,0.0935160662,-0.2,0.0935157222,-1.1398186e-05,1.13945834e-05,1.14681603e-05,4.12973927e-33,3.98041416e-17,1.48403725e-16,-1.88207867e-16,2,-0.000187032132,0.000205497032,-0.000144446548
0.676,1.57060929,1.90836276,-7.20253542e-16,1.24723382e-15,-3.53078246e-13,0.0935160662,-0.2,0.0935157222,-1.1398186e-05,1.13945834e-05,1.14681603e-05,5.04794804e-33,-6.73552779e-17,-2.49446763e-16,3.16802041e-16,2,-0.000187032132,0.000205497032,-0.000144446548
0.678,1.57060929,1.90836276,4.03510948e-16,7.27167819e-16,4.69736575e-13,0.0935160662,-0.2,0.0935157222,-1.1398186e-05,1.13945834e-05,1.14681603e-05,3.03390752e-33,3.77347565e-17,-1.45433564e-16,1.07698807e-16,2,-0.000187032132,0.000205497032,-0.000144446548
0.68,1.57060929,1.90836276,1.70229192e-16,-5.31391897e-16,-2.23231419e-13,0.0935160662,-0.2,0.0935157222,-1.1398186e-05,1.13945834e-05,1.14681603e-05,2.9311279e-33,1.59191644e-17,1.06278379e-16,-1.22197544e-16,2,-0.000187032132,0.000205497032,-0.000144446548
0.682,1.57060929,1.90836276,3.96816578e-16,-1.98497636e-15,-2.33399744e-12,0.0935160662,-0.2,0.0935157222,-1.1398186e-05,1.13945834e-05,1.14681603e-05,1.08231025e-32,3.71087254e-17,3.96995272e-16,-4.34103998e-16,2,-0.000187032132,0.000205497032,-0.000144446548
0.684,1.57060929,1.90836276,-8.78394613e-16,1.65028497e-15,2.29302633e-12,0.0935160662,-0.2,0.0935157222,-1.1398186e-05,1.13945834e-05,1.14681603e-05,1.05895278e-32,-8.21440088e-17,-3.30056993e-16,4.12201002e-16,2,-0.000187032132,0.000205497032,-0.000144446548
0.686,1.57060929,1.90836276,4.81654674e-16,-1.88148338e-16,2.09213413e-13,0.0935160662,-0.2,0.0935157222,-1.1398186e-05,1.13945834e-05,1.14681603e-05,7.92536852e-34,4.50424504e-17,3.76296676e-17,-8.2672118e-17,2,-0.000187032132,0.000205497032,-0.000144446548
0.688,1.57060929,1.90836276,-1.37377655e-16,-1.01245295e-15,-1.51792823e-12,0.0935160662,-0.2,0.0935157222,-1.1398186e-05,1.13945834e-05,1.14681603e-05,4.59133684e-33,-1.28470179e-17,2.02490589e-16,-1.89643571e-16,2,-0.000187032132,0.000205497032,-0.000144446548
0.69,1.57060929,1.90836276,-2.57702492e-16,1.40325362e-15,1.44949782e-12,0.0935160662,-0.2,0.0935157222,-1.1398186e-05,1.13945834e-05,1.14681603e-05,5.46076557e-33,-2.40993233e-17,-2.80650723e-16,3.04750047e-16,2,-0.000187032132,0.000205497032,-0.000144446548
0.692,1.57060929,1.90836276,3.28254683e-16,-3.96174737e-16,-4.21887788e-13,0.0935160662,-0.2,0.0935157222,-1.1398186e-05,1.13945834e-05,1.14681603e-05,7.59098816e-34,3.06970867e-17,7.92349474e-17,-1.09932034e-16,2,-0.000187032132,0.000205497032,-0.000144446548
0.694,1.57060929,1.90836276,2.499251e-16,-1.27248594e-15,-1.99616333e-12,0.0935160662,-0.2,0.0935157222,-1.1398186e-05,1.13945834e-05,1.14681603e-05,6.93217355e-33,2.33720122e-17,2.54497189e-16,-2.77869201e-16,2,-0.000187032132,0.000205497032,-0.000144446548
0.696,1.57060929,1.90836276,-1.99252584e-16,1.03920742e-15,1.33224736e-12,0.0935160662,-0.2,0.0935157222,-1.1398186e-05,1.13945834e-05,1.14681603e-05,5.2999732e-33,-1.86333178e-17,-2.07841484e-16,2.26474801e-16,2,-0.000187032132,0.000205497032,-0.000144446548
0.698,1.57060929,1.90836276,5.25948835e-16,-9.86449645e-16,8.35776461e-15,0.0935160662,-0.2,0.0935157222,-1.1398186e-05,1.13945834e-05,1.14681603e-05,3.44665347e-33,4.9184666e-17,1.97289929e-16,-2.46474595e-16,2,-0.000187032132,0.000205497032,-0.000144446548
0.7,1.57060929,1.90836276,-7.28957862e-16,1.02620577e-15,-3.72068929e-13,0.0935160662,-0.2,0.0935157222,-1.1398186e-05,1.13945834e-05,1.14681603e-05,3.57945281e-33,-6.81692717e-17,-2.05241154e-16,2.73410425e-16,2,-0.000187032132,0.000205497032,-0.000144446548
0.702,1.57060929,1.90836276,3.76360074e-16,5.6334703e-16,4.72736873e-13,0.0935160662,-0.2,0.0935157222,-1.1398186e-05,1.13945834e-05,1.14681603e-05,1.69665613e-33,3.51957136e-17,-1.12669406e-16,7.74736924e-17,2,-0.000187032132,0.000205497032,-0.000144446548
0.704,1.57060929,1.90836276,5.35604298e-16,-1.65993511e-15,-9.50429241e-13,0.0935160662,-0.2,0.0935157222,-1.1398186e-05,1.13945834e-05,1.14681603e-05,1.30844617e-32,5.0087607e-17,3.31987023e-16,-3.8207463e-16,2,-0.000187032132,0.000205497032,-0.000144446548
0.706,1.57060929,1.90836276,-9.99819826e-16,1.57227507e-15,2.45366606e-12,0.0935160662,-0.2,0.0935157222,-1.1398186e-05,1.13945834e-05,1.14681603e-05,1.53473778e-32,-9.3499217e-17,-3.14455013e-16,4.0795423e-16,2,-0.000187032132,0.000205497032,-0.000144446548
0.708,1.57060929,1.90836276,4.59287965e-16,-1.64745368e-16,2.62792967e-13,0.0935160662,-0.2,0.0935157222,-1.1398186e-05,1.13945834e-05,1.14681603e-05,4.144998e-34,4.29508038e-17,3.29490736e-17,-7.58998773e-17,2,-0.000187032132,0.000205497032,-0.000144446548
0.71,1.57060929,1.90836276,-1.30929293e-16,-9.89049975e-16,-1.51882997e-12,0.0935160662,-0.2,0.0935157222,-1.1398186e-05,1.13945834e-05,1.14681603e-05,3.29951232e-33,-1.22439924e-17,1.97809995e-16,-1.85566003e-16,2,-0.000187032132,0.000205497032,-0.000144446548
0.712,1.57060929,1.90836276,-2.57838262e-16,1.44225857e-15,1.45318541e-12,0.0935160662,-0.2,0.0935157222,-1.1398186e-05,1.13945834e-05,1.14681603e-05,5.64452292e-33,-2.411202e-17,-2.88451713e-16,3.12563733e-16,2,-0.000187032132,0.000205497032,-0.000144446548
0.714,1.57060929,1.90836276,5.440045e-16,-6.71809716e-16,2.5891443e-14,0.0935160662,-0.2,0.0935157222,-1.1398186e-05,1.13945834e-05,1.14681603e-05,4.36075557e-33,5.08731608e-17,1.34361943e-16,-1.85235104e-16,2,-0.000187032132,0.000205497032,-0.000144446548
0.716,1.57060929,1.90836276,-5.14378785e-16,-7.62821266e-16,-1.75099164e-12,0.0935160662,-0.2,0.0935157222,-1.1398186e-05,1.13945834e-05,1.14681603e-05,2.46257723e-33,-4.81026805e-17,1.52564253e-16,-1.04461573e-16,2,-0.000187032132,0.000205497032,-0.000144446548
0.718,1.57060929,1.90836276,-2.89561305e-16,2.15734931e-15,1.66124683e-12,0.0935160662,-0.2,0.0935157222,-1.1398186e-05,1.13945834e-05,1.14681603e-05,1.72692668e-32,-2.70786342e-17,-4.31469863e-16,4.58548497e-16,2,-0.000187032132,0.000205497032,-0.000144446548
0.72,1.57060929,1.90836276,6.28233577e-16,-1.02337448e-16,4.43222034e-14,0.0935160662,-0.2,0.0935157222,-1.1398186e-05,1.13945834e-05,1.14681603e-05,6.28112217e-34,5.87499328e-17,2.04674896e-17,-7.92174224e-17,2,-0.000187032132,0.000205497032,-0.000144446548
0.722,1.57060929,1.90836276,5.11672166e-16,-2.27881365e-15,-2.41898659e-13,0.0935160662,-0.2,0.0935157222,-1.1398186e-05,1.13945834e-05,1.14681603e-05,1.80863864e-32,4.78495682e-17,4.5576273e-16,-5.03612298e-16,2,-0.000187032132,0.000205497032,-0.000144446548
0.724,1.57060929,1.90836276,-9.34801017e-16,4.3853119e-16,-2.09718733e-13,0.0935160662,-0.2,0.0935157222,-1.1398186e-05,1.13945834e-05,1.14681603e-05,1.98793281e-33,-8.74189138e-17,-8.7706238e-17,1.75125152e-16,2,-0.000187032132,0.000205497032,-0.000144446548
0.726,1.57060929,1.90836276,1.31987885e-16,1.59047738e-15,1.0024062e-12,0.0935160662,-0.2,0.0935157222,-1.1398186e-05,1.13945834e-05,1.14681603e-05,6.81323888e-33,1.23429878e-17,-3.18095475e-16,3.05752487e-16,2,-0.000187032132,0.000205497032,-0.000144446548
0.728,1.57060929,1.90836276,6.24740576e-16,-7.62821266e-16,-8.9477715e-14,0.0935160662,-0.2,0.0935157222,-1.1398186e-05,1.13945834e-05,1.14681603e-05,4.6539056e-33,5.8423281e-17,1.52564253e-16,-2.10987534e-16,2,-0.000187032132,0.000205497032,-0.000144446548
0.73,1.57060929,1.90836276,5.43174569e-17,-1.75874765e-15,-2.63483325e-12,0.0935160662,-0.2,0.0935157222,-1.1398186e-05,1.13945834e-05,1.14681603e-05,9.52273563e-33,5.0795549e-18,3.5174953e-16,-3.56829085e-16,2,-0.000187032132,0.000205497032,-0.000144446548
0.732,1.57060929,1.90836276,-2.95654591e-16,1.14582095e-15,1.49417397e-12,0.0935160662,-0.2,0.0935157222,-1.1398186e-05,1.13945834e-05,1.14681603e-05,9.17207459e-33,-2.76484543e-17,-2.2916419e-16,2.56812644e-16,2,-0.000187032132,0.000205497032,-0.000144446548
0.734,1.57060929,1.90836276,5.3310354e-16,-8.40831166e-16,3.6191558e-14,0.0935160662,-0.2,0.0935157222,-1.1398186e-05,1.13945834e-05,1.14681603e-05,2.30157025e-33,4.98537459e-17,1.68166233e-16,-2.18019979e-16,2,-0.000187032132,0.000205497032,-0.000144446548
0.736,1.57060929,1.90836276,-7.0360068e-16,1.13021897e-15,1.96461966e-12,0.0935160662,-0.2,0.0935157222,-1.1398186e-05,1.13945834e-05,1.14681603e-05,4.37044315e-33,-6.57979678e-17,-2.26043794e-16,2.91841761e-16,2,-0.000187032132,0.000205497032,-0.000144446548
0.738,1.57060929,1.90836276,4.43275169e-16,-6.64008726e-16,1.65038443e-13,0.0935160662,-0.2,0.0935157222,-1.1398186e-05,1.13945834e-05,1.14681603e-05,3.10809178e-33,4.145335e-17,1.32801745e-16,-1.74255095e-16,2,-0.000187032132,0.000205497032,-0.000144446548
0.74,1.57060929,1.90836276,-7.17356433e-16,1.31744273e-15,2.00345827e-12,0.0935160662,-0.2,0.0935157222,-1.1398186e-05,1.13945834e-05,1.14681603e-05,5.40433041e-33,-6.70843517e-17,-2.63488545e-16,3.30572897e-16,2,-0.000187032132,0.000205497032,-0.000144446548
0.742,1.57060929,1.90836276,4.56731279e-16,-5.36592557e-16,1.65436808e-13,0.0935160662,-0.2,0.0935157222,-1.1398186e-05,1.13945834e-05,1.14681603e-05,4.18967803e-33,4.27117125e-17,1.07318511e-16,-1.50030224e-16,2,-0.000187032132,0.000205497032,-0.000144446548
0.744,1.57060929,1.90836276,-8.60907355e-16,7.08965509e-16,-2.29969654e-13,0.0935160662,-0.2,0.0935157222,-1.1398186e-05,1.13945834e-05,1.14681603e-05,4.61234453e-33,-8.05086692e-17,-1.41793102e-16,2.22301771e-16,2,-0.000187032132,0.000205497032,-0.000144446548
0.746,1.57060929,1.90836276,3.46183471e-16,4.2032888e-16,5.07933816e-13,0.0935160662,-0.2,0.0935157222,-1.1398186e-05,1.13945834e-05,1.14681603e-05,6.48744459e-34,3.23737164e-17,-8.4065776e-17,5.16920597e-17,2,-0.000187032132,0.000205497032,-0.000144446548
0.748,1.57060929,1.90836276,5.33014422e-16,-1.73014402e-15,-9.40181976e-13,0.0935160662,-0.2,0.0935157222,-1.1398186e-05,1.13945834e-05,1.14681603e-05,1.12911618e-32,4.9845412e-17,3.46028805e-16,-3.95874217e-16,2,-0.000187032132,0.000205497032,-0.000144446548
0.75,1.57060929,1.90836276,-1.00016851e-15,1.53847078e-15,1.13933698e-13,0.0935160662,-0.2,0.0935157222,-1.1398186e-05,1.13945834e-05,1.14681603e-05,1.73882001e-32,-9.35318244e-17,-3.07694155e-16,4.0122598e-16,2,-0.000187032132,0.000205497032,-0.000144446548
0.752,1.57060929,1.90836276,4.28961684e-16,1.09641468e-15,5.39258869e-13,0.0935160662,-0.2,0.0935157222,-1.1398186e-05,1.13945834e-05,1.14681603e-05,4.8223647e-33,4.01148093e-17,-2.19282936e-16,1.79168126e-16,2,-0.000187032132,0.000205497032,-0.000144446548
0.754,1.57060929,1.90836276,6.17022619e-16,-1.2776866e-15,-1.8201133e-13,0.0935160662,-0.2,0.0935157222,-1.1398186e-05,1.13945834e-05,1.14681603e-05,5.91439187e-33,5.7701528e-17,2.55537321e-16,-3.13238849e-16,2,-0.000187032132,0.000205497032,-0.000144446548
0.756,1.57060929,1.90836276,-2.37444946e-16,-1.90436613e-15,-1.56471376e-12,0.0935160662,-0.2,0.0935157222,-1.1398186e-05,1.13945834e-05,1.14681603e-05,1.25203489e-32,-2.22049172e-17,3.80873226e-16,-3.58668309e-16,2,-0.000187032132,0.000205497032,-0.000144446548
0.758,1.57060929,1.90836276,-9.90845042e-16,2.0611371e-15,1.53814651e-13,0.0935160662,-0.2,0.0935157222,-1.1398186e-05,1.13945834e-05,1.14681603e-05,1.28035358e-32,-9.26599305e-17,-4.12227421e-16,5.04887351e-16,2,-0.000187032132,0.000205497032,-0.000144446548
0.76,1.57060929,1.90836276,4.52552481e-16,1.47866319e-15,5.55137965e-13,0.0935160662,-0.2,0.0935157222,-1.1398186e-05,1.13945834e-05,1.14681603e-05,6.5537775e-33,4.23209278e-17,-2.95732637e-16,2.5341171e-16,2,-0.000187032132,0.000205497032,-0.000144446548
0.762,1.57060929,1.90836276,6.45280069e-16,-1.01765361e-15,-9.76370783e-13,0.0935160662,-0.2,0.0935157222,-1.1398186e-05,1.13945834e-05,1.14681603e-05,8.19494397e-33,6.03440537e-17,2.03530721e-16,-2.63874775e-16,2,-0.000187032132,0.000205497032,-0.000144446548
0.764,1.57060929,1.90836276,1.7276334e-18,-1.60272785e-15,-2.01693083e-13,0.0935160662,-0.2,0.0935157222,-1.1398186e-05,1.13945834e-05,1.14681603e-05,1.02267399e-32,1.6156148e-19,3.20545571e-16,-3.20707132e-16,2,-0.000187032132,0.000205497032,-0.000144446548
0.766,1.57060929,1.90836276,-6.96097655e-16,-1.12738768e-16,-5.79069006e-13,0.0935160662,-0.2,0.0935157222,-1.1398186e-05,1.13945834e-05,1.14681603e-05,5.5368546e-33,-6.50963144e-17,2.25477536e-17,4.25485608e-17,2,-0.000187032132,0.000205497032,-0.000144446548
0.768,1.57060929,1.90836276,-2.14109835e-16,2.39397934e-15,1.62032919e-12,0.0935160662,-0.2,0.0935157222,-1.1398186e-05,1.13945834e-05,1.14681603e-05,1.9703297e-32,-2.00227095e-17,-4.78795869e-16,4.98818578e-16,2,-0.000187032132,0.000205497032,-0.000144446548
0.77,1.57060929,1.90836276,6.69344159e-16,6.87641154e-18,1.75144581e-14,0.0935160662,-0.2,0.0935157222,-1.1398186e-05,1.13945834e-05,1.14681603e-05,7.27735683e-34,6.25944327e-17,-1.37528231e-18,-6.12191504e-17,2,-0.000187032132,0.000205497032,-0.000144446548
0.772,1.57060929,1.90836276,5.25560208e-16,-2.21120507e-15,-2.5156828e-13,0.0935160662,-0.2,0.0935157222,-1.1398186e-05,1.13945834e-05,1.14681603e-05,1.7570988e-32,4.91483233e-17,4.42241014e-16,-4.91389337e-16,2,-0.000187032132,0.000205497032,-0.000144446548
0.774,1.57060929,1.90836276,-6.9907996e-16,-1.22307967e-15,-8.36770148e-13,0.0935160662,-0.2,0.0935157222,-1.1398186e-05,1.13945834e-05,1.14681603e-05,7.04643843e-33,-6.53752078e-17,2.44615935e-16,-1.79240727e-16,2,-0.000187032132,0.000205497032,-0.000144446548
0.776,1.57060929,1.90836276,-9.74768314e-16,2.7892295e-15,2.92504343e-13,0.0935160662,-0.2,0.0935157222,-1.1398186e-05,1.13945834e-05,1.14681603e-05,2.2302078e-32,-9.11564981e-17,-5.578459e-16,6.49002399e-16,2,-0.000187032132,0.000205497032,-0.000144446548
0.778,1.57060929,1.90836276,5.46444822e-16,1.99872918e-15,5.36262078e-13,0.0935160662,-0.2,0.0935157222,-1.1398186e-05,1.13945834e-05,1.14681603e-05,1.13779723e-32,5.11013701e-17,-3.99745837e-16,3.48644467e-16,2,-0.000187032132,0.000205497032,-0.000144446548
0.78,1.57060929,1.90836276,7.12089377e-16,-6.77010376e-16,-2.15750057e-13,0.0935160662,-0.2,0.0935157222,-1.1398186e-05,1.13945834e-05,1.14681603e-05,6.45764559e-33,6.65917974e-17,1.35402075e-16,-2.01993873e-16,2,-0.000187032132,0.000205497032,-0.000144446548
0.782,1.57060929,1.90836276,5.96757808e-17,-1.75094666e-15,-3.25858849e-13,0.0935160662,-0.2,0.0935157222,-1.1398186e-05,1.13945834e-05,1.14681603e-05,8.78142741e-33,5.58064427e-18,3.50189333e-16,-3.55769977e-16,2,-0.000187032132,0.000205497032,-0.000144446548
0.784,1.57060929,1.90836276,7.92322389e-17,-2.1357955e-15,-1.92079281e-12,0.0935160662,-0.2,0.0935157222,-1.1398186e-05,1.13945834e-05,1.14681603e-05,1.78576361e-32,7.4094873e-18,4.271591e-16,-4.34568588e-16,2,-0.000187032132,0.000205497032,-0.000144446548
0.786,1.57060929,1.90836276,-9.1706057e-16,1.73349553e-15,6.29835266e-14,0.0935160662,-0.2,0.0935157222,-1.1398186e-05,1.13945834e-05,1.14681603e-05,1.76782614e-32,-8.5759897e-17,-3.46699105e-16,4.32459002e-16,2,-0.000187032132,0.000205497032,-0.000144446548
0.788,1.57060929,1.90836276,4.66034402e-16,1.2108292e-15,5.16786807e-13,0.0935160662,-0.2,0.0935157222,-1.1398186e-05,1.13945834e-05,1.14681603e-05,5.292663e-33,4.3581704e-17,-2.42165839e-16,1.98584136e-16,2,-0.000187032132,0.000205497032,-0.000144446548
0.79,1.57060929,1.90836276,6.3677263e-16,-1.20227703e-15,-1.90318362e-13,0.0935160662,-0.2,0.0935157222,-1.1398186e-05,1.13945834e-05,1.14681603e-05,5.60436288e-33,5.95484715e-17,2.40455407e-16,-3.00003878e-16,2,-0.000187032132,0.000205497032,-0.000144446548
0.792,1.57060929,1.90836276,-2.27754194e-16,-1.8497592e-15,-1.55799858e-12,0.0935160662,-0.2,0.0935157222,-1.1398186e-05,1.13945834e-05,1.14681603e-05,1.21505559e-32,-2.12986763e-17,3.6995184e-16,-3.48653164e-16,2,-0.000187032132,0.000205497032,-0.000144446548
0.794,1.57060929,1.90836276,-9.77939432e-16,2.08193974e-15,1.54540724e-13,0.0935160662,-0.2,0.0935157222,-1.1398186e-05,1.13945834e-05,1.14681603e-05,1.29752351e-32,-9.14530486e-17,-4.16387949e-16,5.07840998e-16,2,-0.000187032132,0.000205497032,-0.000144446548
0.796,1.57060929,1.90836276,4.64911632e-16,1.4708622e-15,5.32035601e-13,0.0935160662,-0.2,0.0935157222,-1.1398186e-05,1.13945834e-05,1.14681603e-05,6.5659921e-33,4.3476707e-17,-2.94172439e-16,2.50695732e-16,2,-0.000187032132,0.000205497032,-0.000144446548
0.798,1.57060929,1.90836276,6.44527677e-16,-1.02545459e-15,-1.77475609e-13,0.0935160662,-0.2,0.0935157222,-1.1398186e-05,1.13945834e-05,1.14681603e-05,8.36274442e-33,6.02736929e-17,2.05090919e-16,-2.65364612e-16,2,-0.000187032132,0.000205497032,-0.000144446548
0.8,1.57060929,1.90836276,1.94057897e-16,-2.67666414e-15,-3.03795487e-12,0.0935160662,-0.2,0.0935157222,-1.1398186e-05,1.13945834e-05,1.14681603e-05,2.25554292e-32,1.81475311e-17,5.35332828e-16,-5.53480359e-16,2,-0.000187032132,0.000205497032,-0.000144446548
0.802,1.57060929,1.90836276,-1.19245502e-15,2.31856977e-15,2.85488031e-12,0.0935160662,-0.2,0.0935157222,-1.1398186e-05,1.13945834e-05,1.14681603e-05,3.05070589e-32,-1.11513703e-16,-4.63713955e-16,5.75227657e-16,2,-0.000187032132,0.000205497032,-0.000144446548
0.804,1.57060929,1.90836276,5.28417954e-16,4.9053779e-16,3.01415545e-13,0.0935160662,-0.2,0.0935157222,-1.1398186e-05,1.13945834e-05,1.14681603e-05,1.91875446e-33,4.94155684e-17,-9.8107558e-17,4.86919896e-17,2,-0.000187032132,0.000205497032,-0.000144446548
0.806,1.57060929,1.90836276,5.69651486e-16,-1.77694996e-15,-2.08823822e-13,0.0935160662,-0.2,0.0935157222,-1.1398186e-05,1.13945834e-05,1.14681603e-05,1.02632452e-32,5.32715661e-17,3.55389992e-16,-4.08661559e-16,2,-0.000187032132,0.000205497032,-0.000144446548
0.808,1.57060929,1.90836276,-6.4378545e-16,-9.16240735e-16,-8.51093468e-13,0.0935160662,-0.2,0.0935157222,-1.1398186e-05,1.13945834e-05,1.14681603e-05,3.76525403e-33,-6.02042828e-17,1.83248147e-16,-1.23043864e-16,2,-0.000187032132,0.000205497032,-0.000144446548
0.81,1.57060929,1.90836276,-9.42938753e-16,2.99465557e-15,2.62589269e-12,0.0935160662,-0.2,0.0935157222,-1.1398186e-05,1.13945834e-05,1.14681603e-05,2.58617381e-32,-8.81799229e-17,-5.98931114e-16,6.87111037e-16,2,-0.000187032132,0.000205497032,-0.000144446548
0.812,1.57060929,1.90836276,6.08261502e-16,8.15579039e-16,2.29853157e-13,0.0935160662,-0.2,0.0935157222,-1.1398186e-05,1.13945834e-05,1.14681603e-05,3.34746814e-33,5.68822229e-17,-1.63115808e-16,1.06233585e-16,2,-0.000187032132,0.000205497032,-0.000144446548
0.814,1.57060929,1.90836276,5.99506909e-16,-1.59232653e-15,-1.02595604e-12,0.0935160662,-0.2,0.0935157222,-1.1398186e-05,1.13945834e-05,1.14681603e-05,1.33853858e-32,5.60635278e-17,3.18465307e-16,-3.74528834e-16,2,-0.000187032132,0.000205497032,-0.000144446548
0.816,1.57060929,1.90836276,-6.82836252e-16,-7.57620606e-16,-1.50731846e-12,0.0935160662,-0.2,0.0935157222,-1.1398186e-05,1.13945834e-05,1.14681603e-05,8.41070066e-33,-6.38561601e-17,1.51524121e-16,-8.76679611e-17,2,-0.000187032132,0.000205497032,-0.000144446548
0.818,1.57060929,1.90836276,5.51660868e-17,9.37794548e-16,1.01825667e-12,0.0935160662,-0.2,0.0935157222,-1.1398186e-05,1.13945834e-05,1.14681603e-05,8.87266475e-33,5.15891543e-18,-1.8755891e-16,1.82399994e-16,2,-0.000187032132,0.000205497032,-0.000144446548
0.82,1.57060929,1.90836276,5.65567006e-16,-1.17107307e-15,-6.26154618e-14,0.0935160662,-0.2,0.0935157222,-1.1398186e-05,1.13945834e-05,1.14681603e-05,4.11084419e-33,5.28896016e-17,2.34214615e-16,-2.87104216e-16,2,-0.000187032132,0.000205497032,-0.000144446548
0.822,1.57060929,1.90836276,-5.64285356e-16,-4.55982327e-16,-8.46264573e-13,0.0935160662,-0.2,0.0935157222,-1.1398186e-05,1.13945834e-05,1.14681603e-05,1.04342946e-33,-5.27697467e-17,9.11964654e-17,-3.84267187e-17,2,-0.000187032132,0.000205497032,-0.000144446548
0.824,1.57060929,1.90836276,-2.50778917e-16,2.04293479e-15,1.57129706e-12,0.0935160662,-0.2,0.0935157222,-1.1398186e-05,1.13945834e-05,1.14681603e-05,1.14520155e-32,-2.34518578e-17,-4.08586959e-16,4.32038817e-16,2,-0.000187032132,0.000205497032,-0.000144446548
0.826,1.57060929,1.90836276,6.09654255e-16,-2.01149988e-16,2.62813418e-14,0.0935160662,-0.2,0.0935157222,-1.1398186e-05,1.13945834e-05,1.14681603e-05,2.41806063e-33,5.70124677e-17,4.02299976e-17,-9.72424652e-17,2,-0.000187032132,0.000205497032,-0.000144446548
0.828,1.57060929,1.90836276,4.92414537e-16,-2.33602091e-15,-2.56650552e-12,0.0935160662,-0.2,0.0935157222,-1.1398186e-05,1.13945834e-05,1.14681603e-05,2.22060717e-32,4.60486704e-17,4.67204182e-16,-5.13252853e-16,2,-0.000187032132,0.000205497032,-0.000144446548
0.83,1.57060929,1.90836276,-9.30390034e-16,1.33304471e-15,-6.2058017e-14,0.0935160662,-0.2,0.0935157222,-1.1398186e-05,1.13945834e-05,1.14681603e-05,6.19993766e-33,-8.7006416e-17,-2.66608941e-16,3.53615357e-16,2,-0.000187032132,0.000205497032,-0.000144446548
0.832,1.57060929,1.90836276,3.81395385e-16,8.85787949e-16,5.32208724e-13,0.0935160662,-0.2,0.0935157222,-1.1398186e-05,1.13945834e-05,1.14681603e-05,3.74444836e-33,3.56665961e-17,-1.7715759e-16,1.41490994e-16,2,-0.000187032132,0.000205497032,-0.000144446548
0.834,1.57060929,1.90836276,1.87663902e-16,-4.11776717e-16,-2.20215713e-13,0.0935160662,-0.2,0.0935157222,-1.1398186e-05,1.13945834e-05,1.14681603e-05,2.66004484e-33,1.75495899e-17,8.23553434e-17,-9.99049333e-17,2,-0.000187032132,0.000205497032,-0.000144446548
0.836,1.57060929,1.90836276,4.17057128e-16,-1.9017658e-15,-2.34476625e-12,0.0935160662,-0.2,0.0935157222,-1.1398186e-05,1.13945834e-05,1.14681603e-05,9.9791944e-33,3.9001542e-17,3.8035316e-16,-4.19354702e-16,2,-0.000187032132,0.000205497032,-0.000144446548
0.838,1.57060929,1.90836276,-8.66382584e-16,1.71269289e-15,2.29287388e-12,0.0935160662,-0.2,0.0935157222,-1.1398186e-05,1.13945834e-05,1.14681603e-05,1.11367226e-32,-8.10206911e-17,-3.42538577e-16,4.23559268e-16,2,-0.000187032132,0.000205497032,-0.000144446548
0.84,1.57060929,1.90836276,4.94632206e-16,-1.41342398e-16,2.09941939e-13,0.0935160662,-0.2,0.0935157222,-1.1398186e-05,1.13945834e-05,1.14681603e-05,7.64243444e-34,4.62560582e-17,2.82684796e-17,-7.45245378e-17,2,-0.000187032132,0.000205497032,-0.000144446548
0.842,1.57060929,1.90836276,4.93141936e-16,-2.2398087e-15,-3.32819926e-12,0.0935160662,-0.2,0.0935157222,-1.1398186e-05,1.13945834e-05,1.14681603e-05,1.85878163e-32,4.61166939e-17,4.4796174e-16,-4.94078434e-16,2,-0.000187032132,0.000205497032,-0.000144446548
0.844,1.57060929,1.90836276,-9.24618878e-16,1.77770114e-15,3.15980916e-14,0.0935160662,-0.2,0.0935157222,-1.1398186e-05,1.13945834e-05,1.14681603e-05,1.05110543e-32,-8.64667202e-17,-3.55540227e-16,4.42006947e-16,2,-0.000187032132,0.000205497032,-0.000144446548
0.846,1.57060929,1.90836276,4.45131356e-16,1.23423217e-15,5.3796053e-13,0.0935160662,-0.2,0.0935157222,-1.1398186e-05,1.13945834e-05,1.14681603e-05,4.41183962e-33,4.16269333e-17,-2.46846433e-16,2.052195e-16,2,-0.000187032132,0.000205497032,-0.000144446548
0.848,1.57060929,1.90836276,6.2279219e-16,-1.18927538e-15,-9.73294731e-13,0.0935160662,-0.2,0.0935157222,-1.1398186e-05,1.13945834e-05,1.14681603e-05,8.11160171e-33,5.82410757e-17,2.37855077e-16,-2.96096153e-16,2,-0.000187032132,0.000205497032,-0.000144446548
0.85,1.57060929,1.90836276,-1.16472216e-17,-1.71714237e-15,-1.7406365e-12,0.0935160662,-0.2,0.0935157222,-1.1398186e-05,1.13945834e-05,1.14681603e-05,1.18024067e-32,-1.08920234e-18,3.43428475e-16,-3.42339272e-16,2,-0.000187032132,0.000205497032,-0.000144446548
0.852,1.57060929,1.90836276,-2.77774725e-16,8.46782999e-16,1.40716082e-12,0.0935160662,-0.2,0.0935157222,-1.1398186e-05,1.13945834e-05,1.14681603e-05,5.35087283e-33,-2.59763996e-17,-1.693566e-16,1.95332999e-16,2,-0.000187032132,0.000205497032,-0.000144446548
0.854,1.57060929,1.90836276,5.01587801e-16,-1.09306317e-15,-2.30442321e-12,0.0935160662,-0.2,0.0935157222,-1.1398186e-05,1.13945834e-05,1.14681603e-05,3.78946567e-33,4.6906518e-17,2.18612635e-16,-2.65519153e-16,2,-0.000187032132,0.000205497032,-0.000144446548
0.856,1.57060929,1.90836276,-1.56402775e-16,1.0288061e-15,1.25599522e-12,0.0935160662,-0.2,0.0935157222,-1.1398186e-05,1.13945834e-05,1.14681603e-05,2.87913402e-33,-1.46261723e-17,-2.0576122e-16,2.20387392e-16,2,-0.000187032132,0.000205497032,-0.000144446548
0.858,1.57060929,1.90836276,5.19473007e-16,-1.02025393e-15,-4.74813484e-16,0.0935160662,-0.2,0.0935157222,-1.1398186e-05,1.13945834e-05,1.14681603e-05,5.69282059e-33,4.85790722e-17,2.04050787e-16,-2.52629859e-16,2,-0.000187032132,0.000205497032,-0.000144446548
0.86,1.57060929,1.90836276,-7.35214319e-16,9.89801148e-16,1.96575384e-12,0.0935160662,-0.2,0.0935157222,-1.1398186e-05,1.13945834e-05,1.14681603e-05,3.58035838e-33,-6.87543509e-17,-1.9796023e-16,2.66714581e-16,2,-0.000187032132,0.000205497032,-0.000144446548
0.862,1.57060929,1.90836276,4.18443623e-16,-7.52419946e-16,-6.11834429e-13,0.0935160662,-0.2,0.0935157222,-1.1398186e-05,1.13945834e-05,1.14681603e-05,5.44539046e-33,3.91312015e-17,1.50483989e-16,-1.89615191e-16,2,-0.000187032132,0.000205497032,-0.000144446548
0.864,1.57060929,1.90836276,-1.78391519e-16,7.21967159e-16,1.2399931e-12,0.0935160662,-0.2,0.0935157222,-1.1398186e-05,1.13945834e-05,1.14681603e-05,2.1109716e-33,-1.66824731e-17,-1.44393432e-16,1.61075905e-16,2,-0.000187032132,0.000205497032,-0.000144446548
0.866,1.57060929,1.90836276,4.95476843e-16,-1.24908297e-15,-3.13235266e-12,0.0935160662,-0.2,0.0935157222,-1.1398186e-05,1.13945834e-05,1.14681603e-05,5.89989151e-33,4.63350452e-17,2.49816595e-16,-2.9615164e-16,2,-0.000187032132,0.000205497032,-0.000144446548
0.868,1.57060929,1.90836276,-1.95143243e-16,1.27063679e-15,1.35217934e-12,0.0935160662,-0.2,0.0935157222,-1.1398186e-05,1.13945834e-05,1.14681603e-05,4.98239941e-33,-1.82490284e-17,-2.54127357e-16,2.72376386e-16,2,-0.000187032132,0.000205497032,-0.000144446548
0.87,1.57060929,1.90836276,5.4204056e-16,-8.17428196e-16,1.20249936e-14,0.0935160662,-0.2,0.0935157222,-1.1398186e-05,1.13945834e-05,1.14681603e-05,3.56267882e-33,5.06895009e-17,1.63485639e-16,-2.1417514e-16,2,-0.000187032132,0.000205497032,-0.000144446548
0.872,1.57060929,1.90836276,-7.21240442e-16,5.1134043e-16,-4.51123493e-13,0.0935160662,-0.2,0.0935157222,-1.1398186e-05,1.13945834e-05,1.14681603e-05,4.05929814e-33,-6.74475689e-17,-1.02268086e-16,1.69715655e-16,2,-0.000187032132,0.000205497032,-0.000144446548
0.874,1.57060929,1.90836276,3.55373513e-16,1.91499841e-16,4.60199563e-13,0.0935160662,-0.2,0.0935157222,-1.1398186e-05,1.13945834e-05,1.14681603e-05,2.9703002e-34,3.3233133e-17,-3.82999682e-17,5.0668352e-18,2,-0.000187032132,0.000205497032,-0.000144446548
0.876,1.57060929,1.90836276,5.11251408e-16,-1.91216712e-15,-2.49440789e-12,0.0935160662,-0.2,0.0935157222,-1.1398186e-05,1.13945834e-05,1.14681603e-05,1.29634395e-32,4.78102206e-17,3.82433424e-16,-4.30243645e-16,2,-0.000187032132,0.000205497032,-0.000144446548
0.878,1.57060929,1.90836276,-8.7664463e-16,1.6528853e-15,-5.5434169e-14,0.0935160662,-0.2,0.0935157222,-1.1398186e-05,1.13945834e-05,1.14681603e-05,8.40805109e-33,-8.19803573e-17,-3.30577059e-16,4.12557416e-16,2,-0.000187032132,0.000205497032,-0.000144446548
0.88,1.57060929,1.90836276,4.31123281e-16,1.09381435e-15,5.10409193e-13,0.0935160662,-0.2,0.0935157222,-1.1398186e-05,1.13945834e-05,1.14681603e-05,4.03906056e-33,4.03169533e-17,-2.1876287e-16,1.78445916e-16,2,-0.000187032132,0.000205497032,-0.000144446548
0.882,1.57060929,1.90836276,2.75051795e-16,-6.40605756e-16,-4.00746057e-13,0.0935160662,-0.2,0.0935157222,-1.1398186e-05,1.13945834e-05,1.14681603e-05,1.47409955e-33,2.57217619e-17,1.28121151e-16,-1.53842913e-16,2,-0.000187032132,0.000205497032,-0.000144446548
0.884,1.57060929,1.90836276,3.33663883e-16,-1.76394831e-15,1.31689564e-13,0.0935160662,-0.2,0.0935157222,-1.1398186e-05,1.13945834e-05,1.14681603e-05,9.22524029e-33,3.12029338e-17,3.52789662e-16,-3.83992596e-16,2,-0.000187032132,0.000205497032,-0.000144446548
0.886,1.57060929,1.90836276,-8.24388032e-16,5.6594736e-16,-3.09501074e-13,0.0935160662,-0.2,0.0935157222,-1.1398186e-05,1.13945834e-05,1.14681603e-05,3.19339723e-33,-7.70935258e-17,-1.13189472e-16,1.90282998e-16,2,-0.000187032132,0.000205497032,-0.000144446548
0.888,1.57060929,1.90836276,1.73647411e-16,1.61388035e-15,9.52504058e-13,0.0935160662,-0.2,0.0935157222,-1.1398186e-05,1.13945834e-05,1.14681603e-05,7.38763556e-33,1.62388228e-17,-3.22776069e-16,3.06537246e-16,2,-0.000187032132,0.000205497032,-0.000144446548
0.89,1.57060929,1.90836276,6.32027779e-16,-7.55020276e-16,-1.06984652e-13,0.0935160662,-0.2,0.0935157222,-1.1398186e-05,1.13945834e-05,1.14681603e-05,3.7924609e-33,5.91047517e-17,1.51004055e-16,-2.10108807e-16,2,-0.000187032132,0.000205497032,-0.000144446548
0.892,1.57060929,1.90836276,4.42309751e-16,-2.77287635e-15,-3.37251183e-12,0.0935160662,-0.2,0.0935157222,-1.1398186e-05,1.13945834e-05,1.14681603e-05,2.8091839e-32,4.1363068e-17,5.5457527e-16,-5.95938338e-16,2,-0.000187032132,0.000205497032,-0.000144446548
0.894,1.57060929,1.90836276,-1.0522092e-15,1.76209916e-15,2.12206683e-13,0.0935160662,-0.2,0.0935157222,-1.1398186e-05,1.13945834e-05,1.14681603e-05,1.3216017e-32,-9.83984648e-17,-3.52419831e-16,4.50818296e-16,2,-0.000187032132,0.000205497032,-0.000144446548
0.896,1.57060929,1.90836276,4.32197215e-16,1.29143943e-15,5.64030569e-13,0.0935160662,-0.2,0.0935157222,-1.1398186e-05,1.13945834e-05,1.14681603e-05,4.83653039e-33,4.04173833e-17,-2.58287885e-16,2.17870502e-16,2,-0.000187032132,0.000205497032,-0.000144446548
0.898,1.57060929,1.90836276,6.33883487e-16,-1.14246944e-15,-1.77854947e-13,0.0935160662,-0.2,0.0935157222,-1.1398186e-05,1.13945834e-05,1.14681603e-05,6.40784379e-33,5.92782902e-17,2.28493889e-16,-2.87772179e-16,2,-0.000187032132,0.000205497032,-0.000144446548
0.9,1.57060929,1.90836276,-5.56071226e-16,-1.16327208e-15,-1.77654219e-12,0.0935160662,-0.2,0.0935157222,-1.1398186e-05,1.13945834e-05,1.14681603e-05,4.67403667e-33,-5.20015936e-17,2.32654417e-16,-1.80652823e-16,2,-0.000187032132,0.000205497032,-0.000144446548
0.902,1.57060929,1.90836276,-3.38740064e-16,1.88171434e-15,1.67046095e-12,0.0935160662,-0.2,0.0935157222,-1.1398186e-05,1.13945834e-05,1.14681603e-05,1.45568748e-32,-3.16776383e-17,-3.76342867e-16,4.08020505e-16,2,-0.000187032132,0.000205497032,-0.000144446548
0.904,1.57060929,1.90836276,5.95823836e-16,-2.89561207e-16,4.70459577e-14,0.0935160662,-0.2,0.0935157222,-1.1398186e-05,1.13945834e-05,1.14681603e-05,7.60225588e-34,5.57191013e-17,5.79122415e-17,-1.13631343e-16,2,-0.000187032132,0.000205497032,-0.000144446548
0.906,1.57060929,1.90836276,4.87309177e-16,-2.3958285e-15,-2.5662349e-12,0.0935160662,-0.2,0.0935157222,-1.1398186e-05,1.13945834e-05,1.14681603e-05,1.94678836e-32,4.55712373e-17,4.791657e-16,-5.24736937e-16,2,-0.000187032132,0.000205497032,-0.000144446548
0.908,1.57060929,1.90836276,-9.30217028e-16,1.29664009e-15,-5.83750072e-14,0.0935160662,-0.2,0.0935157222,-1.1398186e-05,1.13945834e-05,1.14681603e-05,5.70382184e-33,-8.69902371e-17,-2.59328017e-16,3.46318255e-16,2,-0.000187032132,0.000205497032,-0.000144446548
0.91,1.57060929,1.90836276,3.81213445e-16,8.64985309e-16,5.27534126e-13,0.0935160662,-0.2,0.0935157222,-1.1398186e-05,1.13945834e-05,1.14681603e-05,2.981136e-33,3.56495818e-17,-1.72997062e-16,1.3734748e-16,2,-0.000187032132,0.000205497032,-0.000144446548
0.912,1.57060929,1.90836276,5.70761206e-16,-1.43110607e-15,-9.60388762e-13,0.0935160662,-0.2,0.0935157222,-1.1398186e-05,1.13945834e-05,1.14681603e-05,1.14541392e-32,5.33753428e-17,2.86221215e-16,-3.39596557e-16,2,-0.000187032132,0.000205497032,-0.000144446548
0.914,1.57060929,1.90836276,-1.01926154e-15,6.93363529e-16,-1.26341113e-14,0.0935160662,-0.2,0.0935157222,-1.1398186e-05,1.13945834e-05,1.14681603e-05,1.42730866e-32,-9.53173293e-17,-1.38672706e-16,2.33990035e-16,2,-0.000187032132,0.000205497032,-0.000144446548
0.916,1.57060929,1.90836276,3.38711018e-16,5.0613977e-16,5.56964497e-13,0.0935160662,-0.2,0.0935157222,-1.1398186e-05,1.13945834e-05,1.14681603e-05,2.68037858e-33,3.1674922e-17,-1.01227954e-16,6.9553032e-17,2,-0.000187032132,0.000205497032,-0.000144446548
0.918,1.57060929,1.90836276,5.51921687e-16,-1.66253544e-15,-1.61247038e-13,0.0935160662,-0.2,0.0935157222,-1.1398186e-05,1.13945834e-05,1.14681603e-05,8.57646602e-33,5.1613545e-17,3.32507089e-16,-3.84120634e-16,2,-0.000187032132,0.000205497032,-0.000144446548
0.92,1.57060929,1.90836276,-7.90006608e-16,5.0353944e-16,-3.7793567e-13,0.0935160662,-0.2,0.0935157222,-1.1398186e-05,1.13945834e-05,1.14681603e-05,1.55465084e-33,-7.38783102e-17,-1.00707888e-16,1.74586198e-16,2,-0.000187032132,0.000205497032,-0.000144446548
0.922,1.57060929,1.90836276,1.58525513e-16,1.55147243e-15,9.565223e-13,0.0935160662,-0.2,0.0935157222,-1.1398186e-05,1.13945834e-05,1.14681603e-05,6.47846418e-33,1.48246824e-17,-3.10294485e-16,2.95469803e-16,2,-0.000187032132,0.000205497032,-0.000144446548
0.924,1.57060929,1.90836276,6.16719455e-16,-8.09627206e-16,-1.03803311e-13,0.0935160662,-0.2,0.0935157222,-1.1398186e-05,1.13945834e-05,1.14681603e-05,5.59351677e-33,5.76731774e-17,1.61925441e-16,-2.19598619e-16,2,-0.000187032132,0.000205497032,-0.000144446548
0.926,1.57060929,1.90836276,9.99700501e-17,-2.14879715e-15,-2.78873377e-12,0.0935160662,-0.2,0.0935157222,-1.1398186e-05,1.13945834e-05,1.14681603e-05,1.23813902e-32,9.34880583e-18,4.2975943e-16,-4.39108236e-16,2,-0.000187032132,0.000205497032,-0.000144446548
0.928,1.57060929,1.90836276,-1.01212223e-15,2.42258297e-15,2.66107329e-12,0.0935160662,-0.2,0.0935157222,-1.1398186e-05,1.13945834e-05,1.14681603e-05,2.94457105e-32,-9.46496895e-17,-4.84516595e-16,5.79166284e-16,2,-0.000187032132,0.000205497032,-0.000144446548
0.93,1.57060929,1.90836276,5.62288088e-16,4.7493581e-16,2.54949602e-13,0.0935160662,-0.2,0.0935157222,-1.1398186e-05,1.13945834e-05,1.14681603e-05,1.60629358e-33,5.25829701e-17,-9.4987162e-17,4.24041919e-17,2,-0.000187032132,0.000205497032,-0.000144446548
0.932,1.57060929,1.90836276,5.71681265e-16,-1.80555359e-15,-2.14403709e-13,0.0935160662,-0.2,0.0935157222,-1.1398186e-05,1.13945834e-05,1.14681603e-05,1.08569119e-32,5.3461383e-17,3.61110718e-16,-4.14572101e-16,2,-0.000187032132,0.000205497032,-0.000144446548
0.934,1.57060929,1.90836276,-6.40237766e-16,-9.39643705e-16,-8.56070102e-13,0.0935160662,-0.2,0.0935157222,-1.1398186e-05,1.13945834e-05,1.14681603e-05,4.04202102e-33,-5.98725173e-17,1.87928741e-16,-1.28056224e-16,2,-0.000187032132,0.000205497032,-0.000144446548
0.936,1.57060929,1.90836276,-9.36895269e-16,2.96605194e-15,2.61387702e-12,0.0935160662,-0.2,0.0935157222,-1.1398186e-05,1.13945834e-05,1.14681603e-05,2.5312683e-32,-8.761476e-17,-5.93210388e-16,6.80825148e-16,2,-0.000187032132,0.000205497032,-0.000144446548
0.938,1.57060929,1.90836276,6.03888991e-16,8.20779699e-16,2.32476759e-13,0.0935160662,-0.2,0.0935157222,-1.1398186e-05,1.13945834e-05,1.14681603e-05,3.41060946e-33,5.64733229e-17,-1.6415594e-16,1.07682617e-16,2,-0.000187032132,0.000205497032,-0.000144446548
0.94,1.57060929,1.90836276,5.98908108e-16,-1.58712587e-15,-1.01736815e-12,0.0935160662,-0.2,0.0935157222,-1.1398186e-05,1.13945834e-05,1.14681603e-05,1.34340986e-32,5.60075302e-17,3.17425175e-16,-3.73432705e-16,2,-0.000187032132,0.000205497032,-0.000144446548
0.942,1.57060929,1.90836276,-6.78067881e-16,-7.60220936e-16,-7.22467942e-13,0.0935160662,-0.2,0.0935157222,-1.1398186e-05,1.13945834e-05,1.14681603e-05,8.2974568e-33,-6.34102409e-17,1.52044187e-16,-8.86339463e-17,2,-0.000187032132,0.000205497032,-0.000144446548
0.944,1.57060929,1.90836276,7.10151364e-17,5.8154934e-16,9.14995624e-13,0.0935160662,-0.2,0.0935157222,-1.1398186e-05,1.13945834e-05,1.14681603e-05,3.01166917e-33,6.64105619e-18,-1.16309868e-16,1.09668812e-16,2,-0.000187032132,0.000205497032,-0.000144446548
0.946,1.57060929,1.90836276,5.23511687e-16,-1.45450904e-15,-2.40784768e-12,0.0935160662,-0.2,0.0935157222,-1.1398186e-05,1.13945834e-05,1.14681603e-05,6.62732913e-33,4.89567536e-17,2.90901809e-16,-3.39858562e-16,2,-0.000187032132,0.000205497032,-0.000144446548
0.948,1.57060929,1.90836276,-8.13221752e-16,1.99612885e-15,2.26682421e-12,0.0935160662,-0.2,0.0935157222,-1.1398186e-05,1.13945834e-05,1.14681603e-05,1.21907876e-32,-7.60492992e-17,-3.99225771e-16,4.7527507e-16,2,-0.000187032132,0.000205497032,-0.000144446548
0.95,1.57060929,1.90836276,5.21441102e-16,3.02793815e-17,1.96378422e-13,0.0935160662,-0.2,0.0935157222,-1.1398186e-05,1.13945834e-05,1.14681603e-05,1.51775082e-33,4.87631206e-17,-6.05587629e-18,-4.27072443e-17,2,-0.000187032132,0.000205497032,-0.000144446548
0.952,1.57060929,1.90836276,5.05651546e-16,-2.12019352e-15,-3.33080978e-12,0.0935160662,-0.2,0.0935157222,-1.1398186e-05,1.13945834e-05,1.14681603e-05,1.86477931e-32,4.72865435e-17,4.24038704e-16,-4.71325248e-16,2,-0.000187032132,0.000205497032,-0.000144446548
0.954,1.57060929,1.90836276,-3.53987823e-16,9.71598838e-16,1.51569289e-12,0.0935160662,-0.2,0.0935157222,-1.1398186e-05,1.13945834e-05,1.14681603e-05,3.95394526e-33,-3.31035487e-17,-1.94319768e-16,2.27423316e-16,2,-0.000187032132,0.000205497032,-0.000144446548
0.956,1.57060929,1.90836276,5.00352186e-16,-9.63046675e-16,5.55658826e-14,0.0935160662,-0.2,0.0935157222,-1.1398186e-05,1.13945834e-05,1.14681603e-05,3.7279066e-33,4.67909681e-17,1.92609335e-16,-2.39400303e-16,2,-0.000187032132,0.000205497032,-0.000144446548
0.958,1.57060929,1.90836276,-7.26286326e-16,1.07301171e-15,-3.58030651e-13,0.0935160662,-0.2,0.0935157222,-1.1398186e-05,1.13945834e-05,1.14681603e-05,3.81469355e-33,-6.79194402e-17,-2.14602342e-16,2.82521782e-16,2,-0.000187032132,0.000205497032,-0.000144446548
0.96,1.57060929,1.90836276,3.91930584e-16,5.9455099e-16,4.66109679e-13,0.0935160662,-0.2,0.0935157222,-1.1398186e-05,1.13945834e-05,1.14681603e-05,2.01918801e-33,3.66518065e-17,-1.18910198e-16,8.22583914e-17,2,-0.000187032132,0.000205497032,-0.000144446548
0.962,1.57060929,1.90836276,2.18047026e-16,-9.86449645e-16,-3.81837146e-13,0.0935160662,-0.2,0.0935157222,-1.1398186e-05,1.13945834e-05,1.14681603e-05,2.83038426e-33,2.03909001e-17,1.97289929e-16,-2.17680829e-16,2,-0.000187032132,0.000205497032,-0.000144446548
0.964,1.57060929,1.90836276,-3.2040618e-16,-7.52419946e-16,-1.18577631e-12,0.0935160662,-0.2,0.0935157222,-1.1398186e-05,1.13945834e-05,1.14681603e-05,4.34332854e-33,-2.99631255e-17,1.50483989e-16,-1.20520864e-16,2,-0.000187032132,0.000205497032,-0.000144446548
0.966,1.57060929,1.90836276,-2.30452151e-16,1.71269289e-15,1.50371213e-12,0.0935160662,-0.2,0.0935157222,-1.1398186e-05,1.13945834e-05,1.14681603e-05,1.06564728e-32,-2.15509786e-17,-3.42538577e-16,3.64089556e-16,2,-0.000187032132,0.000205497032,-0.000144446548
0.968,1.57060929,1.90836276,5.88862066e-16,-4.63783317e-16,2.63157732e-14,0.0935160662,-0.2,0.0935157222,-1.1398186e-05,1.13945834e-05,1.14681603e-05,1.38024092e-33,5.50680639e-17,9.27566634e-17,-1.47824727e-16,2,-0.000187032132,0.000205497032,-0.000144446548
0.97,1.57060929,1.90836276,-1.51763151e-16,-1.28028693e-15,-1.54929381e-12,0.0935160662,-0.2,0.0935157222,-1.1398186e-05,1.13945834e-05,1.14681603e-05,6.22503287e-33,-1.41922928e-17,2.56057387e-16,-2.41865094e-16,2,-0.000187032132,0.000205497032,-0.000144446548
0.972,1.57060929,1.90836276,-2.92676253e-16,1.22643118e-15,1.46024565e-12,0.0935160662,-0.2,0.0935157222,-1.1398186e-05,1.13945834e-05,1.14681603e-05,4.24600395e-33,-2.73699319e-17,-2.45286235e-16,2.72656167e-16,2,-0.000187032132,0.000205497032,-0.000144446548
0.974,1.57060929,1.90836276,5.1219509e-16,-8.14827866e-16,4.03776474e-14,0.0935160662,-0.2,0.0935157222,-1.1398186e-05,1.13945834e-05,1.14681603e-05,5.71432213e-33,4.789847e-17,1.62965573e-16,-2.10864043e-16,2,-0.000187032132,0.000205497032,-0.000144446548
0.976,1.57060929,1.90836276,-9.36300978e-16,8.36381679e-16,-9.83242222e-14,0.0935160662,-0.2,0.0935157222,-1.1398186e-05,1.13945834e-05,1.14681603e-05,9.91068228e-33,-8.75591843e-17,-1.67276336e-16,2.5483552e-16,2,-0.000187032132,0.000205497032,-0.000144446548
0.978,1.57060929,1.90836276,3.56175163e-16,5.6854769e-16,5.41871538e-13,0.0935160662,-0.2,0.0935157222,-1.1398186e-05,1.13945834e-05,1.14681603e-05,1.75476236e-33,3.33081001e-17,-1.13709538e-16,8.04014378e-17,2,-0.000187032132,0.000205497032,-0.000144446548
0.98,1.57060929,1.90836276,5.54008386e-16,-1.62353049e-15,-1.51838473e-13,0.0935160662,-0.2,0.0935157222,-1.1398186e-05,1.13945834e-05,1.14681603e-05,8.97020267e-33,5.18086849e-17,3.24706099e-16,-3.76514784e-16,2,-0.000187032132,0.000205497032,-0.000144446548
0.982,1.57060929,1.90836276,-7.8739594e-16,5.3214307e-16,-3.83721189e-13,0.0935160662,-0.2,0.0935157222,-1.1398186e-05,1.13945834e-05,1.14681603e-05,1.68244258e-33,-7.36341708e-17,-1.06428614e-16,1.80062785e-16,2,-0.000187032132,0.000205497032,-0.000144446548
0.984,1.57060929,1.90836276,1.66959068e-16,1.56187375e-15,9.47935307e-13,0.0935160662,-0.2,0.0935157222,-1.1398186e-05,1.13945834e-05,1.14681603e-05,6.64277319e-33,1.56133552e-17,-3.12374749e-16,2.96761394e-16,2,-0.000187032132,0.000205497032,-0.000144446548
0.986,1.57060929,1.90836276,6.20088573e-16,-8.12227536e-16,-8.85912248e-13,0.0935160662,-0.2,0.0935157222,-1.1398186e-05,1.13945834e-05,1.14681603e-05,6.00814213e-33,5.7988244e-17,1.62445507e-16,-2.20433751e-16,2,-0.000187032132,0.000205497032,-0.000144446548
0.988,1.57060929,1.90836276,2.85709244e-17,-1.42850574e-15,-1.84417539e-13,0.0935160662,-0.2,0.0935157222,-1.1398186e-05,1.13945834e-05,1.14681603e-05,9.48497479e-33,2.67184046e-18,2.85701149e-16,-2.88372989e-16,2,-0.000187032132,0.000205497032,-0.000144446548
0.99,1.57060929,1.90836276,-8.32081878e-16,1.34604636e-15,-1.20391338e-13,0.0935160662,-0.2,0.0935157222,-1.1398186e-05,1.13945834e-05,1.14681603e-05,1.52323804e-32,-7.7813024e-17,-2.69209271e-16,3.47022295e-16,2,-0.000187032132,0.000205497032,-0.000144446548
0.992,1.57060929,1.90836276,4.31028857e-16,8.77986959e-16,5.02842678e-13,0.0935160662,-0.2,0.0935157222,-1.1398186e-05,1.13945834e-05,1.14681603e-05,3.59862003e-33,4.03081231e-17,-1.75597392e-16,1.35289269e-16,2,-0.000187032132,0.000205497032,-0.000144446548
0.994,1.57060929,1.90836276,5.98323764e-16,-1.43890706e-15,-1.8636531e-13,0.0935160662,-0.2,0.0935157222,-1.1398186e-05,1.13945834e-05,1.14681603e-05,7.11080217e-33,5.59528847e-17,2.87781413e-16,-3.43734297e-16,2,-0.000187032132,0.000205497032,-0.000144446548
0.996,1.57060929,1.90836276,-6.0464003e-16,-6.79610706e-16,-8.62660005e-13,0.0935160662,-0.2,0.0935157222,-1.1398186e-05,1.13945834e-05,1.14681603e-05,2.50970814e-33,-5.65435571e-17,1.35922141e-16,-7.93785842e-17,2,-0.000187032132,0.000205497032,-0.000144446548
0.998,1.57060929,1.90836276,-2.93913715e-16,1.90251698e-15,1.58877012e-12,0.0935160662,-0.2,0.0935157222,-1.1398186e-05,1.13945834e-05,1.14681603e-05,9.78217494e-33,-2.74856544e-17,-3.80503395e-16,4.07989049e-16,2,-0.000187032132,0.000205497032,-0.000144446548
1,1.57060929,1.90836276,5.82190973e-16,-2.97362197e-16,4.71019289e-14,0.0935160662,-0.2,0.0935157222,-1.1398186e-05,1.13945834e-05,1.14681603e-05,3.3504777e-33,5.44442096e-17,5.94724395e-17,-1.13916649e-16,2,-0.000187032132,0.000205497032,-0.000144446548
1.002,1.57060929,1.90836276,4.75946727e-16,-2.40622982e-15,-3.35473494e-12,0.0935160662,-0.2,0.0935157222,-1.1398186e-05,1.13945834e-05,1.14681603e-05,2.41293262e-32,4.45086656e-17,4.81245964e-16,-5.2575463e-16,2,-0.000187032132,0.000205497032,-0.000144446548
1.004,1.57060929,1.90836276,-1.12690774e-15,2.34457307e-15,2.76000669e-12,0.0935160662,-0.2,0.0935157222,-1.1398186e-05,1.13945834e-05,1.14681603e-05,2.56703484e-32,-1.05383979e-16,-4.68914615e-16,5.74298593e-16,2,-0.000187032132,0.000205497032,-0.000144446548
1.006,1.57060929,1.90836276,5.29143127e-16,4.9053779e-16,2.94131449e-13,0.0935160662,-0.2,0.0935157222,-1.1398186e-05,1.13945834e-05,1.14681603e-05,1.25639004e-33,4.94833837e-17,-9.8107558e-17,4.86241743e-17,2,-0.000187032132,0.000205497032,-0.000144446548
1.008,1.57060929,1.90836276,5.68697966e-16,-1.78215062e-15,-2.10257605e-13,0.0935160662,-0.2,0.0935157222,-1.1398186e-05,1.13945834e-05,1.14681603e-05,1.1181981e-32,5.31823966e-17,3.56430124e-16,-4.09612521e-16,2,-0.000187032132,0.000205497032,-0.000144446548
1.01,1.57060929,1.90836276,-8.52020967e-16,-6.12002126e-16,-5.12167759e-13,0.0935160662,-0.2,0.0935157222,-1.1398186e-05,1.13945834e-05,1.14681603e-05,2.10746858e-33,-7.96776492e-17,1.22400425e-16,-4.27227761e-17,2,-0.000187032132,0.000205497032,-0.000144446548
1.012,1.57060929,1.90836276,-9.27591564e-16,3.33009814e-15,2.68450474e-12,0.0935160662,-0.2,0.0935157222,-1.1398186e-05,1.13945834e-05,1.14681603e-05,3.36421508e-32,-8.67447141e-17,-6.66019628e-16,7.52764342e-16,2,-0.000187032132,0.000205497032,-0.000144446548
1.014,1.57060929,1.90836276,6.46844879e-16,1.08861369e-15,2.3565675e-13,0.0935160662,-0.2,0.0935157222,-1.1398186e-05,1.13945834e-05,1.14681603e-05,3.94308311e-33,6.04903885e-17,-2.17722738e-16,1.57232349e-16,2,-0.000187032132,0.000205497032,-0.000144446548
1.016,1.57060929,1.90836276,6.30442025e-16,-1.39990211e-15,-2.41493676e-13,0.0935160662,-0.2,0.0935157222,-1.1398186e-05,1.13945834e-05,1.14681603e-05,1.01550829e-32,5.89564581e-17,2.79980423e-16,-3.38936881e-16,2,-0.000187032132,0.000205497032,-0.000144446548
1.018,1.57060929,1.90836276,-2.55415805e-17,-2.23720837e-15,-3.03969686e-13,0.0935160662,-0.2,0.0935157222,-1.1398186e-05,1.13945834e-05,1.14681603e-05,1.39840387e-32,-2.38854813e-18,4.47441674e-16,-4.45053126e-16,2,-0.000187032132,0.000205497032,-0.000144446548
1.02,1.57060929,1.90836276,-9.93382963e-16,1.12501831e-15,4.95128858e-14,0.0935160662,-0.2,0.0935157222,-1.1398186e-05,1.13945834e-05,1.14681603e-05,1.68964542e-32,-9.28972669e-17,-2.25003662e-16,3.17900928e-16,2,-0.000187032132,0.000205497032,-0.000144446548
1.022,1.57060929,1.90836276,3.9079233e-16,8.07778049e-16,5.57397243e-13,0.0935160662,-0.2,0.0935157222,-1.1398186e-05,1.13945834e-05,1.14681603e-05,3.95105812e-33,3.65453615e-17,-1.6155561e-16,1.25010248e-16,2,-0.000187032132,0.000205497032,-0.000144446548
1.024,1.57060929,1.90836276,5.976532e-16,-1.46491036e-15,-1.70147746e-13,0.0935160662,-0.2,0.0935157222,-1.1398186e-05,1.13945834e-05,1.14681603e-05,6.9431572e-33,5.58901762e-17,2.92982073e-16,-3.48872249e-16,2,-0.000187032132,0.000205497032,-0.000144446548
1.026,1.57060929,1.90836276,-7.60843935e-16,6.20554289e-16,-4.04716291e-13,0.0935160662,-0.2,0.0935157222,-1.1398186e-05,1.13945834e-05,1.14681603e-05,1.84218805e-33,-7.11511318e-17,-1.24110858e-16,1.9526199e-16,2,-0.000187032132,0.000205497032,-0.000144446548
1.028,1.57060929,1.90836276,3.39626865e-16,2.95513041e-16,4.88357136e-13,0.0935160662,-0.2,0.0935157222,-1.1398186e-05,1.13945834e-05,1.14681603e-05,1.20068606e-33,3.17605684e-17,-5.91026081e-17,2.73420397e-17,2,-0.000187032132,0.000205497032,-0.000144446548
1.03,1.57060929,1.90836276,5.10678731e-16,-1.83935788e-15,-2.48441435e-12,0.0935160662,-0.2,0.0935157222,-1.1398186e-05,1.13945834e-05,1.14681603e-05,1.50096819e-32,4.7756666e-17,3.67871576e-16,-4.15628242e-16,2,-0.000187032132,0.000205497032,-0.000144446548
1.032,1.57060929,1.90836276,-8.69599419e-16,1.69969124e-15,-7.02711617e-14,0.0935160662,-0.2,0.0935157222,-1.1398186e-05,1.13945834e-05,1.14681603e-05,8.84127215e-33,-8.13215168e-17,-3.39938247e-16,4.21259764e-16,2,-0.000187032132,0.000205497032,-0.000144446548
1.034,1.57060929,1.90836276,4.32097299e-16,1.13801996e-15,5.06914051e-13,0.0935160662,-0.2,0.0935157222,-1.1398186e-05,1.13945834e-05,1.14681603e-05,4.82444295e-33,4.04080396e-17,-2.27603992e-16,1.87195952e-16,2,-0.000187032132,0.000205497032,-0.000144446548
1.036,1.57060929,1.90836276,3.933243e-16,-9.50045025e-16,-6.19026579e-13,0.0935160662,-0.2,0.0935157222,-1.1398186e-05,1.13945834e-05,1.14681603e-05,3.61176374e-33,3.67821412e-17,1.90009005e-16,-2.26791146e-16,2,-0.000187032132,0.000205497032,-0.000144446548
1.038,1.57060929,1.90836276,1.90409639e-16,-1.7197427e-15,3.2118405e-13,0.0935160662,-0.2,0.0935157222,-1.1398186e-05,1.13945834e-05,1.14681603e-05,9.34372981e-33,1.78063604e-17,3.43948541e-16,-3.61754901e-16,2,-0.000187032132,0.000205497032,-0.000144446548
1.04,1.57060929,1.90836276,-8.3516514e-16,6.75161219e-16,-2.69916037e-13,0.0935160662,-0.2,0.0935157222,-1.1398186e-05,1.13945834e-05,1.14681603e-05,4.16941739e-33,-7.81013585e-17,-1.35032244e-16,2.13133602e-16,2,-0.000187032132,0.000205497032,-0.000144446548
1.042,1.57060929,1.90836276,1.86647938e-16,1.71269289e-15,9.63626834e-13,0.0935160662,-0.2,0.0935157222,-1.1398186e-05,1.13945834e-05,1.14681603e-05,8.49273208e-33,1.74545809e-17,-3.42538577e-16,3.25083996e-16,2,-0.000187032132,0.000205497032,-0.000144446548
1.044,1.57060929,1.90836276,6.47169085e-16,-6.92612356e-16,-1.08310448e-13,0.0935160662,-0.2,0.0935157222,-1.1398186e-05,1.13945834e-05,1.14681603e-05,3.32268544e-33,6.0520707e-17,1.38522471e-16,-1.99043178e-16,2,-0.000187032132,0.000205497032,-0.000144446548
1.046,1.57060929,1.90836276,4.45299072e-16,-2.72867074e-15,-3.36951381e-12,0.0935160662,-0.2,0.0935157222,-1.1398186e-05,1.13945834e-05,1.14681603e-05,2.70797205e-32,4.16426175e-17,5.45734148e-16,-5.87376765e-16,2,-0.000187032132,0.000205497032,-0.000144446548
1.048,1.57060929,1.90836276,-1.04591749e-15,1.79850378e-15,2.06450021e-13,0.0935160662,-0.2,0.0935157222,-1.1398186e-05,1.13945834e-05,1.14681603e-05,1.3699252e-32,-9.78100897e-17,-3.59700755e-16,4.57510845e-16,2,-0.000187032132,0.000205497032,-0.000144446548
1.05,1.57060929,1.90836276,4.34109233e-16,1.32264339e-15,5.64444789e-13,0.0935160662,-0.2,0.0935157222,-1.1398186e-05,1.13945834e-05,1.14681603e-05,5.077576e-33,4.05961878e-17,-2.64528677e-16,2.2393249e-16,2,-0.000187032132,0.000205497032,-0.000144446548
1.052,1.57060929,1.90836276,6.3373988e-16,-1.10606482e-15,-1.77323681e-13,0.0935160662,-0.2,0.0935157222,-1.1398186e-05,1.13945834e-05,1.14681603e-05,6.11601696e-33,5.92648606e-17,2.21212965e-16,-2.80477826e-16,2,-0.000187032132,0.000205497032,-0.000144446548
1.054,1.57060929,1.90836276,1.85874046e-16,-2.72867074e-15,-3.02888887e-12,0.0935160662,-0.2,0.0935157222,-1.1398186e-05,1.13945834e-05,1.14681603e-05,2.17817412e-32,1.73822096e-17,5.45734148e-16,-5.63116357e-16,2,-0.000187032132,0.000205497032,-0.000144446548
1.056,1.57060929,1.90836276,-1.07468816e-15,1.94152193e-15,2.84625604e-13,0.0935160662,-0.2,0.0935157222,-1.1398186e-05,1.13945834e-05,1.14681603e-05,1.91937008e-32,-1.00500609e-16,-3.88304385e-16,4.88804994e-16,2,-0.000187032132,0.000205497032,-0.000144446548
1.058,1.57060929,1.90836276,4.52351102e-16,1.45526022e-15,5.82819808e-13,0.0935160662,-0.2,0.0935157222,-1.1398186e-05,1.13945834e-05,1.14681603e-05,6.87681032e-33,4.23020956e-17,-2.91052043e-16,2.48749948e-16,2,-0.000187032132,0.000205497032,-0.000144446548
1.06,1.57060929,1.90836276,6.58247531e-16,-1.02285426e-15,-1.87904357e-13,0.0935160662,-0.2,0.0935157222,-1.1398186e-05,1.13945834e-05,1.14681603e-05,4.67212149e-33,6.15567197e-17,2.04570853e-16,-2.66127573e-16,2,-0.000187032132,0.000205497032,-0.000144446548
1.062,1.57060929,1.90836276,4.16655074e-16,-2.98090275e-15,-2.59129413e-12,0.0935160662,-0.2,0.0935157222,-1.1398186e-05,1.13945834e-05,1.14681603e-05,3.06404651e-32,3.89639434e-17,5.9618055e-16,-6.35144493e-16,2,-0.000187032132,0.000205497032,-0.000144446548
1.064,1.57060929,1.90836276,-1.06114752e-15,1.26023547e-15,1.16833011e-13,0.0935160662,-0.2,0.0935157222,-1.1398186e-05,1.13945834e-05,1.14681603e-05,6.45272143e-33,-9.92343413e-17,-2.52047093e-16,3.51281435e-16,2,-0.000187032132,0.000205497032,-0.000144446548
1.066,1.57060929,1.90836276,2.14446882e-16,2.25616185e-15,1.02966277e-12,0.0935160662,-0.2,0.0935157222,-1.1398186e-05,1.13945834e-05,1.14681603e-05,1.38275526e-32,2.00542288e-17,-4.51232371e-16,4.31178142e-16,2,-0.000187032132,0.000205497032,-0.000144446548
1.068,1.57060929,1.90836276,7.05668548e-16,-3.18164837e-16,-1.19605179e-13,0.0935160662,-0.2,0.0935157222,-1.1398186e-05,1.13945834e-05,1.14681603e-05,3.05269763e-33,6.59913466e-17,6.36329675e-17,-1.29624314e-16,2,-0.000187032132,0.000205497032,-0.000144446548
1.07,1.57060929,1.90836276,2.79123641e-16,-2.17220012e-15,-7.08185349e-13,0.0935160662,-0.2,0.0935157222,-1.1398186e-05,1.13945834e-05,1.14681603e-05,1.44398604e-32,2.61025449e-17,4.34440024e-16,-4.60542569e-16,2,-0.000187032132,0.000205497032,-0.000144446548
1.072,1.57060929,1.90836276,-1.12022257e-15,3.08514691e-16,6.69871471e-14,0.0935160662,-0.2,0.0935157222,-1.1398186e-05,1.13945834e-05,1.14681603e-05,1.87756969e-32,-1.04758808e-16,-6.17029381e-17,1.66461747e-16,2,-0.000187032132,0.000205497032,-0.000144446548
1.074,1.57060929,1.90836276,1.25970994e-16,1.61648068e-15,1.0633336e-12,0.0935160662,-0.2,0.0935157222,-1.1398186e-05,1.13945834e-05,1.14681603e-05,1.37801071e-32,1.17803118e-17,-3.23296135e-16,3.11515823e-16,2,-0.000187032132,0.000205497032,-0.000144446548
1.076,1.57060929,1.90836276,6.49426792e-16,-7.31617306e-16,-9.5183833e-14,0.0935160662,-0.2,0.0935157222,-1.1398186e-05,1.13945834e-05,1.14681603e-05,2.02201936e-33,6.07318389e-17,1.46323461e-16,-2.070553e-16,2,-0.000187032132,0.000205497032,-0.000144446548
1.078,1.57060929,1.90836276,4.52826909e-16,-2.74947338e-15,-2.58376276e-12,0.0935160662,-0.2,0.0935157222,-1.1398186e-05,1.13945834e-05,1.14681603e-05,2.38902441e-32,4.23465912e-17,5.49894676e-16,-5.92241267e-16,2,-0.000187032132,0.000205497032,-0.000144446548
1.08,1.57060929,1.90836276,-9.71082672e-16,1.06781105e-15,-4.34219976e-14,0.0935160662,-0.2,0.0935157222,-1.1398186e-05,1.13945834e-05,1.14681603e-05,4.37280388e-33,-9.08118314e-17,-2.1356221e-16,3.04374041e-16,2,-0.000187032132,0.000205497032,-0.000144446548
1.082,1.57060929,1.90836276,1.94975495e-16,2.0611371e-15,1.00351864e-12,0.0935160662,-0.2,0.0935157222,-1.1398186e-05,1.13945834e-05,1.14681603e-05,1.13956118e-32,1.82333413e-17,-4.12227421e-16,3.9399408e-16,2,-0.000187032132,0.000205497032,-0.000144446548
1.084,1.57060929,1.90836276,6.72224183e-16,-4.32579357e-16,-9.61448715e-14,0.0935160662,-0.2,0.0935157222,-1.1398186e-05,1.13945834e-05,1.14681603e-05,4.22815765e-33,6.28637612e-17,8.65158714e-17,-1.49379633e-16,2,-0.000187032132,0.000205497032,-0.000144446548
1.086,1.57060929,1.90836276,4.70125484e-16,-2.54924797e-15,-1.03926733e-12,0.0935160662,-0.2,0.0935157222,-1.1398186e-05,1.13945834e-05,1.14681603e-05,2.66019122e-32,4.39642859e-17,5.09849594e-16,-5.5381388e-16,2,-0.000187032132,0.000205497032,-0.000144446548
1.088,1.57060929,1.90836276,-1.10141066e-15,9.45595538e-16,1.27860416e-13,0.0935160662,-0.2,0.0935157222,-1.1398186e-05,1.13945834e-05,1.14681603e-05,9.181932e-33,-1.02999592e-16,-1.89119108e-16,2.921187e-16,2,-0.000187032132,0.000205497032,-0.000144446548
1.09,1.57060929,1.90836276,1.73258278e-16,2.07413875e-15,1.05654835e-12,0.0935160662,-0.2,0.0935157222,-1.1398186e-05,1.13945834e-05,1.14681603e-05,1.34980619e-32,1.62024326e-17,-4.14827751e-16,3.98625318e-16,2,-0.000187032132,0.000205497032,-0.000144446548
1.092,1.57060929,1.90836276,6.8489397e-16,-4.09176387e-16,-1.01077031e-13,0.0935160662,-0.2,0.0935157222,-1.1398186e-05,1.13945834e-05,1.14681603e-05,1.72962088e-33,6.40485898e-17,8.18352774e-17,-1.45883867e-16,2,-0.000187032132,0.000205497032,-0.000144446548
1.094,1.57060929,1.90836276,4.82710545e-16,-2.53624632e-15,-2.53434558e-13,0.0935160662,-0.2,0.0935157222,-1.1398186e-05,1.13945834e-05,1.14681603e-05,2.30474718e-32,4.51411913e-17,5.07249264e-16,-5.52390455e-16,2,-0.000187032132,0.000205497032,-0.000144446548
1.096,1.57060929,1.90836276,-1.08191984e-15,5.9975165e-16,3.21712139e-14,0.0935160662,-0.2,0.0935157222,-1.1398186e-05,1.13945834e-05,1.14681603e-05,5.08571911e-33,-1.01176887e-16,-1.1995033e-16,2.21127217e-16,2,-0.000187032132,0.000205497032,-0.000144446548
1.098,1.57060929,1.90836276,1.45633575e-16,1.79330312e-15,1.04207393e-12,0.0935160662,-0.2,0.0935157222,-1.1398186e-05,1.13945834e-05,1.14681603e-05,9.45889399e-33,1.36190791e-17,-3.58660623e-16,3.45041544e-16,2,-0.000187032132,0.000205497032,-0.000144446548
1.1,1.57060929,1.90836276,6.53055962e-16,-6.12002126e-16,-9.77870728e-14,0.0935160662,-0.2,0.0935157222,-1.1398186e-05,1.13945834e-05,1.14681603e-05,2.84362413e-33,6.10712246e-17,1.22400425e-16,-1.8347165e-16,2,-0.000187032132,0.000205497032,-0.000144446548
1.102,1.57060929,1.90836276,4.56934639e-16,-2.66626282e-15,-3.37699217e-12,0.0935160662,-0.2,0.0935157222,-1.1398186e-05,1.13945834e-05,1.14681603e-05,2.58856697e-32,4.27307299e-17,5.33252564e-16,-5.75983294e-16,2,-0.000187032132,0.000205497032,-0.000144446548
1.104,1.57060929,1.90836276,-1.0365025e-15,1.82710741e-15,1.98930776e-13,0.0935160662,-0.2,0.0935157222,-1.1398186e-05,1.13945834e-05,1.14681603e-05,1.40518021e-32,-9.69296361e-17,-3.65421481e-16,4.62351117e-16,2,-0.000187032132,0.000205497032,-0.000144446548
1.106,1.57060929,1.90836276,4.45539534e-16,1.33304471e-15,5.56620266e-13,0.0935160662,-0.2,0.0935157222,-1.1398186e-05,1.13945834e-05,1.14681603e-05,5.1749873e-33,4.16651046e-17,-2.66608941e-16,2.24943837e-16,2,-0.000187032132,0.000205497032,-0.000144446548
1.108,1.57060929,1.90836276,6.38722483e-16,-1.11906647e-15,-1.92144355e-13,0.0935160662,-0.2,0.0935157222,-1.1398186e-05,1.13945834e-05,1.14681603e-05,6.18906662e-33,5.9730814e-17,2.23813295e-16,-2.83544109e-16,2,-0.000187032132,0.000205497032,-0.000144446548
1.11,1.57060929,1.90836276,1.86292404e-16,-2.73907206e-15,-3.02961225e-12,0.0935160662,-0.2,0.0935157222,-1.1398186e-05,1.13945834e-05,1.14681603e-05,2.19354546e-32,1.74213328e-17,5.47814412e-16,-5.65235745e-16,2,-0.000187032132,0.000205497032,-0.000144446548
1.112,1.57060929,1.90836276,-1.07409484e-15,1.92852028e-15,2.80551925e-13,0.0935160662,-0.2,0.0935157222,-1.1398186e-05,1.13945834e-05,1.14681603e-05,1.90418528e-32,-1.00445124e-16,-3.85704055e-16,4.86149179e-16,2,-0.000187032132,0.000205497032,-0.000144446548
1.114,1.57060929,1.90836276,4.55156255e-16,1.44225857e-15,5.72116855e-13,0.0935160662,-0.2,0.0935157222,-1.1398186e-05,1.13945834e-05,1.14681603e-05,6.75642023e-33,4.25644225e-17,-2.88451713e-16,2.45887291e-16,2,-0.000187032132,0.000205497032,-0.000144446548
1.116,1.57060929,1.90836276,6.57669231e-16,-1.02805492e-15,-1.87327278e-13,0.0935160662,-0.2,0.0935157222,-1.1398186e-05,1.13945834e-05,1.14681603e-05,4.7020029e-33,6.15026394e-17,2.05610985e-16,-2.67113624e-16,2,-0.000187032132,0.000205497032,-0.000144446548
1.118,1.57060929,1.90836276,4.12818369e-16,-2.98090275e-15,-2.59010792e-12,0.0935160662,-0.2,0.0935157222,-1.1398186e-05,1.13945834e-05,1.14681603e-05,3.06673952e-32,3.86051499e-17,5.9618055e-16,-6.347857e-16,2,-0.000187032132,0.000205497032,-0.000144446548
1.12,1.57060929,1.90836276,-1.12024268e-15,1.24463349e-15,1.95029979e-13,0.0935160662,-0.2,0.0935157222,-1.1398186e-05,1.13945834e-05,1.14681603e-05,6.7336387e-33,-1.04760689e-16,-2.48926697e-16,3.53687386e-16,2,-0.000187032132,0.000205497032,-0.000144446548
1.122,1.57060929,1.90836276,2.05823339e-16,2.27436416e-15,1.04977736e-12,0.0935160662,-0.2,0.0935157222,-1.1398186e-05,1.13945834e-05,1.14681603e-05,1.41112213e-32,1.9247789e-17,-4.54872833e-16,4.35625044e-16,2,-0.000187032132,0.000205497032,-0.000144446548
1.124,1.57060929,1.90836276,7.06517056e-16,-2.84360547e-16,-1.11674204e-13,0.0935160662,-0.2,0.0935157222,-1.1398186e-05,1.13945834e-05,1.14681603e-05,2.8355956e-33,6.60706958e-17,5.68721095e-17,-1.22942805e-16,2,-0.000187032132,0.000205497032,-0.000144446548
1.126,1.57060929,1.90836276,1.65266075e-16,-1.80815392e-15,-4.69527868e-13,0.0935160662,-0.2,0.0935157222,-1.1398186e-05,1.13945834e-05,1.14681603e-05,8.76597283e-33,1.54550332e-17,3.61630784e-16,-3.77085818e-16,2,-0.000187032132,0.000205497032,-0.000144446548
1.128,1.57060929,1.90836276,-4.15386816e-16,-1.32189221e-15,-1.16658102e-12,0.0935160662,-0.2,0.0935157222,-1.1398186e-05,1.13945834e-05,1.14681603e-05,6.85813172e-33,-3.8845341e-17,2.64378443e-16,-2.25533102e-16,2,-0.000187032132,0.000205497032,-0.000144446548
1.13,1.57060929,1.90836276,-9.19790998e-16,2.59680508e-15,2.54671357e-12,0.0935160662,-0.2,0.0935157222,-1.1398186e-05,1.13945834e-05,1.14681603e-05,2.46834621e-32,-8.60152359e-17,-5.19361017e-16,6.05376252e-16,2,-0.000187032132,0.000205497032,-0.000144446548
1.132,1.57060929,1.90836276,5.88822389e-16,5.3734373e-16,2.22622478e-13,0.0935160662,-0.2,0.0935157222,-1.1398186e-05,1.13945834e-05,1.14681603e-05,1.2589072e-33,5.50643536e-17,-1.07468746e-16,5.24043924e-17,2,-0.000187032132,0.000205497032,-0.000144446548
1.134,1.57060929,1.90836276,5.78582555e-16,-1.77694996e-15,-2.25647485e-13,0.0935160662,-0.2,0.0935157222,-1.1398186e-05,1.13945834e-05,1.14681603e-05,1.2204558e-32,5.41067645e-17,3.55389992e-16,-4.09496757e-16,2,-0.000187032132,0.000205497032,-0.000144446548
1.136,1.57060929,1.90836276,-6.42031741e-16,-9.34443045e-16,-8.63493672e-13,0.0935160662,-0.2,0.0935157222,-1.1398186e-05,1.13945834e-05,1.14681603e-05,4.85117481e-33,-6.00402828e-17,1.86888609e-16,-1.26848326e-16,2,-0.000187032132,0.000205497032,-0.000144446548
1.138,1.57060929,1.90836276,-9.42688769e-16,2.96865227e-15,2.61341198e-12,0.0935160662,-0.2,0.0935157222,-1.1398186e-05,1.13945834e-05,1.14681603e-05,2.50641284e-32,-8.81565454e-17,-5.93730454e-16,6.81887e-16,2,-0.000187032132,0.000205497032,-0.000144446548
1.14,1.57060929,1.90836276,6.02827827e-16,8.15579039e-16,2.29545777e-13,0.0935160662,-0.2,0.0935157222,-1.1398186e-05,1.13945834e-05,1.14681603e-05,3.72075654e-33,5.6374087e-17,-1.63115808e-16,1.06741721e-16,2,-0.000187032132,0.000205497032,-0.000144446548
1.142,1.57060929,1.90836276,2.69879783e-16,-9.42244035e-16,-4.49578408e-13,0.0935160662,-0.2,0.0935157222,-1.1398186e-05,1.13945834e-05,1.14681603e-05,2.51864282e-33,2.52380957e-17,1.88448807e-16,-2.13686903e-16,2,-0.000187032132,0.000205497032,-0.000144446548
1.144,1.57060929,1.90836276,1.88879228e-16,-1.6417328e-15,3.50227433e-13,0.0935160662,-0.2,0.0935157222,-1.1398186e-05,1.13945834e-05,1.14681603e-05,1.12431127e-32,1.76632424e-17,3.28346561e-16,-3.46009803e-16,2,-0.000187032132,0.000205497032,-0.000144446548
1.146,1.57060929,1.90836276,-8.19161282e-16,7.45370129e-16,-2.6799005e-13,0.0935160662,-0.2,0.0935157222,-1.1398186e-05,1.13945834e-05,1.14681603e-05,6.2002692e-33,-7.66047407e-17,-1.49074026e-16,2.25678767e-16,2,-0.000187032132,0.000205497032,-0.000144446548
1.148,1.57060929,1.90836276,3.63676425e-16,4.2812987e-16,4.95964076e-13,0.0935160662,-0.2,0.0935157222,-1.1398186e-05,1.13945834e-05,1.14681603e-05,8.09028322e-34,3.40095886e-17,-8.5625974e-17,5.16163854e-17,2,-0.000187032132,0.000205497032,-0.000144446548
1.15,1.57060929,1.90836276,5.4415085e-16,-1.73014402e-15,-2.50109127e-12,0.0935160662,-0.2,0.0935157222,-1.1398186e-05,1.13945834e-05,1.14681603e-05,1.07474242e-32,5.08868469e-17,3.46028805e-16,-3.96915651e-16,2,-0.000187032132,0.000205497032,-0.000144446548
1.152,1.57060929,1.90836276,-8.47199262e-16,1.77250048e-15,2.26702258e-12,0.0935160662,-0.2,0.0935157222,-1.1398186e-05,1.13945834e-05,1.14681603e-05,9.47589828e-33,-7.92267422e-17,-3.54500095e-16,4.33726837e-16,2,-0.000187032132,0.000205497032,-0.000144446548
1.154,1.57060929,1.90836276,4.95865291e-16,-1.28340748e-16,2.02967494e-13,0.0935160662,-0.2,0.0935157222,-1.1398186e-05,1.13945834e-05,1.14681603e-05,2.38326552e-33,4.63713714e-17,2.56681496e-17,-7.2039521e-17,2,-0.000187032132,0.000205497032,-0.000144446548
1.156,1.57060929,1.90836276,4.88459098e-16,-2.23200771e-15,-3.32539473e-12,0.0935160662,-0.2,0.0935157222,-1.1398186e-05,1.13945834e-05,1.14681603e-05,2.11047628e-32,4.56787733e-17,4.46401542e-16,-4.92080316e-16,2,-0.000187032132,0.000205497032,-0.000144446548
1.158,1.57060929,1.90836276,-1.10250773e-15,2.48499089e-15,2.76796645e-12,0.0935160662,-0.2,0.0935157222,-1.1398186e-05,1.13945834e-05,1.14681603e-05,2.80933302e-32,-1.03102186e-16,-4.96998179e-16,6.00100365e-16,2,-0.000187032132,0.000205497032,-0.000144446548
1.16,1.57060929,1.90836276,5.54375276e-16,5.607467e-16,2.83303551e-13,0.0935160662,-0.2,0.0935157222,-1.1398186e-05,1.13945834e-05,1.14681603e-05,1.55257293e-33,5.1842995e-17,-1.1214934e-16,6.03063449e-17,2,-0.000187032132,0.000205497032,-0.000144446548
1.162,1.57060929,1.90836276,5.78413442e-16,-1.73534468e-15,-2.13019112e-13,0.0935160662,-0.2,0.0935157222,-1.1398186e-05,1.13945834e-05,1.14681603e-05,1.06089012e-32,5.40909497e-17,3.47068937e-16,-4.01159886e-16,2,-0.000187032132,0.000205497032,-0.000144446548
1.164,1.57060929,1.90836276,-6.38910363e-16,-8.92837765e-16,-8.56003416e-13,0.0935160662,-0.2,0.0935157222,-1.1398186e-05,1.13945834e-05,1.14681603e-05,4.00658961e-33,-5.97483838e-17,1.78567553e-16,-1.18819169e-16,2,-0.000187032132,0.000205497032,-0.000144446548
1.166,1.57060929,1.90836276,-9.34840068e-16,3.01025755e-15,2.61335742e-12,0.0935160662,-0.2,0.0935157222,-1.1398186e-05,1.13945834e-05,1.14681603e-05,2.59106333e-32,-8.74225657e-17,-6.0205151e-16,6.89474076e-16,2,-0.000187032132,0.000205497032,-0.000144446548
1.168,1.57060929,1.90836276,6.05375318e-16,8.64985309e-16,2.40770641e-13,0.0935160662,-0.2,0.0935157222,-1.1398186e-05,1.13945834e-05,1.14681603e-05,3.67580429e-33,5.66123183e-17,-1.72997062e-16,1.16384743e-16,2,-0.000187032132,0.000205497032,-0.000144446548
1.17,1.57060929,1.90836276,2.73992806e-16,-9.03239085e-16,-4.43464299e-13,0.0935160662,-0.2,0.0935157222,-1.1398186e-05,1.13945834e-05,1.14681603e-05,2.37136752e-33,2.56227294e-17,1.80647817e-16,-2.06270546e-16,2,-0.000187032132,0.000205497032,-0.000144446548
1.172,1.57060929,1.90836276,1.92870855e-16,-1.61832983e-15,3.55568698e-13,0.0935160662,-0.2,0.0935157222,-1.1398186e-05,1.13945834e-05,1.14681603e-05,1.12255796e-32,1.80365237e-17,3.23665967e-16,-3.4170249e-16,2,-0.000187032132,0.000205497032,-0.000144446548
1.174,1.57060929,1.90836276,-6.46386475e-16,-5.72997177e-16,-7.36394388e-13,0.0935160662,-0.2,0.0935157222,-1.1398186e-05,1.13945834e-05,1.14681603e-05,2.9253546e-33,-6.04475204e-17,1.14599435e-16,-5.41519149e-17,2,-0.000187032132,0.000205497032,-0.000144446548
1.176,1.57060929,1.90836276,-8.81062663e-16,3.26508989e-15,2.61050164e-12,0.0935160662,-0.2,0.0935157222,-1.1398186e-05,1.13945834e-05,1.14681603e-05,3.46406394e-32,-8.23935143e-17,-6.53017978e-16,7.35411492e-16,2,-0.000187032132,0.000205497032,-0.000144446548
1.178,1.57060929,1.90836276,6.5520304e-16,1.02360544e-15,2.17564763e-13,0.0935160662,-0.2,0.0935157222,-1.1398186e-05,1.13945834e-05,1.14681603e-05,3.40459204e-33,6.12720109e-17,-2.04721088e-16,1.43449077e-16,2,-0.000187032132,0.000205497032,-0.000144446548
1.18,1.57060929,1.90836276,6.31419072e-16,-1.4597097e-15,-2.46104298e-13,0.0935160662,-0.2,0.0935157222,-1.1398186e-05,1.13945834e-05,1.14681603e-05,9.66689558e-33,5.90478277e-17,2.91941941e-16,-3.50989768e-16,2,-0.000187032132,0.000205497032,-0.000144446548
1.182,1.57060929,1.90836276,3.55112316e-16,-3.29034202e-15,-3.37150014e-12,0.0935160662,-0.2,0.0935157222,-1.1398186e-05,1.13945834e-05,1.14681603e-05,3.84475974e-32,3.32087068e-17,6.58068403e-16,-6.9127711e-16,2,-0.000187032132,0.000205497032,-0.000144446548
1.184,1.57060929,1.90836276,-1.11984674e-15,1.42145593e-15,2.37694673e-13,0.0935160662,-0.2,0.0935157222,-1.1398186e-05,1.13945834e-05,1.14681603e-05,9.66665494e-33,-1.04723662e-16,-2.84291185e-16,3.89014847e-16,2,-0.000187032132,0.000205497032,-0.000144446548
1.186,1.57060929,1.90836276,2.28208288e-16,2.40438066e-15,1.04429746e-12,0.0935160662,-0.2,0.0935157222,-1.1398186e-05,1.13945834e-05,1.14681603e-05,1.64057202e-32,2.13411414e-17,-4.80876133e-16,4.59534991e-16,2,-0.000187032132,0.000205497032,-0.000144446548
1.188,1.57060929,1.90836276,7.28100866e-16,-2.01149988e-16,-1.12563315e-13,0.0935160662,-0.2,0.0935157222,-1.1398186e-05,1.13945834e-05,1.14681603e-05,2.05183562e-33,6.80891288e-17,4.02299976e-17,-1.08319126e-16,2,-0.000187032132,0.000205497032,-0.000144446548
1.19,1.57060929,1.90836276,5.05914298e-16,-2.40102916e-15,-2.72824234e-13,0.0935160662,-0.2,0.0935157222,-1.1398186e-05,1.13945834e-05,1.14681603e-05,2.2279245e-32,4.7311115e-17,4.80205832e-16,-5.27516947e-16,2,-0.000187032132,0.000205497032,-0.000144446548
1.192,1.57060929,1.90836276,-1.11079735e-15,-3.46768467e-16,-1.08257004e-13,0.0935160662,-0.2,0.0935157222,-1.1398186e-05,1.13945834e-05,1.14681603e-05,6.65931039e-33,-1.03877398e-16,6.93536935e-17,3.45237048e-17,2,-0.000187032132,0.000205497032,-0.000144446548
1.194,1.57060929,1.90836276,-3.03733745e-16,2.43038396e-15,1.74141784e-12,0.0935160662,-0.2,0.0935157222,-1.1398186e-05,1.13945834e-05,1.14681603e-05,2.03005342e-32,-2.8403985e-17,-4.86076793e-16,5.14480778e-16,2,-0.000187032132,0.000205497032,-0.000144446548
1.196,1.57060929,1.90836276,6.60375093e-16,1.10889611e-16,4.96563574e-14,0.0935160662,-0.2,0.0935157222,-1.1398186e-05,1.13945834e-05,1.14681603e-05,7.10225828e-34,6.17556809e-17,-2.21779222e-17,-3.95777586e-17,2,-0.000187032132,0.000205497032,-0.000144446548
1.198,1.57060929,1.90836276,5.40146611e-16,-2.13319517e-15,-2.46933816e-13,0.0935160662,-0.2,0.0935157222,-1.1398186e-05,1.13945834e-05,1.14681603e-05,1.64908365e-32,5.05123863e-17,4.26639034e-16,-4.77151421e-16,2,-0.000187032132,0.000205497032,-0.000144446548
1.2,1.57060929,1.90836276,-8.07365841e-16,-8.22628856e-16,-6.0994936e-13,0.0935160662,-0.2,0.0935157222,-1.1398186e-05,1.13945834e-05,1.14681603e-05,2.74709665e-33,-7.55016774e-17,1.64525771e-16,-8.90240937e-17,2,-0.000187032132,0.000205497032,-0.000144446548
1.202,1.57060929,1.90836276,-9.38367497e-16,3.1532757e-15,2.65964813e-12,0.0935160662,-0.2,0.0935157222,-1.1398186e-05,1.13945834e-05,1.14681603e-05,2.96829172e-32,-8.7752437e-17,-6.3065514e-16,7.18407577e-16,2,-0.000187032132,0.000205497032,-0.000144446548
1.204,1.57060929,1.90836276,6.38685713e-16,9.48195868e-16,2.23326648e-13,0.0935160662,-0.2,0.0935157222,-1.1398186e-05,1.13945834e-05,1.14681603e-05,3.39270278e-33,5.97273754e-17,-1.89639174e-16,1.29911798e-16,2,-0.000187032132,0.000205497032,-0.000144446548
1.206,1.57060929,1.90836276,6.17508412e-16,-1.50131498e-15,-1.02060463e-12,0.0935160662,-0.2,0.0935157222,-1.1398186e-05,1.13945834e-05,1.14681603e-05,1.15172028e-32,5.77469575e-17,3.00262997e-16,-3.58009954e-16,2,-0.000187032132,0.000205497032,-0.000144446548
1.208,1.57060929,1.90836276,-4.42834503e-17,-1.94337108e-15,-2.5311726e-12,0.0935160662,-0.2,0.0935157222,-1.1398186e-05,1.13945834e-05,1.14681603e-05,1.33034697e-32,-4.14121407e-18,3.88674216e-16,-3.84533002e-16,2,-0.000187032132,0.000205497032,-0.000144446548
1.21,1.57060929,1.90836276,-3.22027415e-16,1.0548094e-15,1.52260623e-12,0.0935160662,-0.2,0.0935157222,-1.1398186e-05,1.13945834e-05,1.14681603e-05,1.09611098e-32,-3.0114737e-17,-2.1096188e-16,2.41076617e-16,2,-0.000187032132,0.000205497032,-0.000144446548
1.212,1.57060929,1.90836276,5.25235145e-16,-8.95438095e-16,4.89490295e-14,0.0935160662,-0.2,0.0935157222,-1.1398186e-05,1.13945834e-05,1.14681603e-05,2.55342452e-33,4.91179246e-17,1.79087619e-16,-2.28205544e-16,2,-0.000187032132,0.000205497032,-0.000144446548
1.214,1.57060929,1.90836276,-7.06635895e-16,1.11721732e-15,1.97405577e-12,0.0935160662,-0.2,0.0935157222,-1.1398186e-05,1.13945834e-05,1.14681603e-05,4.53151278e-33,-6.60818092e-17,-2.23443464e-16,2.89525273e-16,2,-0.000187032132,0.000205497032,-0.000144446548
1.216,1.57060929,1.90836276,4.5084653e-16,-6.77010376e-16,1.61543082e-13,0.0935160662,-0.2,0.0935157222,-1.1398186e-05,1.13945834e-05,1.14681603e-05,2.85761871e-33,4.21613939e-17,1.35402075e-16,-1.77563469e-16,2,-0.000187032132,0.000205497032,-0.000144446548
1.218,1.57060929,1.90836276,-7.09050399e-16,1.29924042e-15,1.99142758e-12,0.0935160662,-0.2,0.0935157222,-1.1398186e-05,1.13945834e-05,1.14681603e-05,5.23555397e-33,-6.6307604e-17,-2.59848083e-16,3.26155687e-16,2,-0.000187032132,0.000205497032,-0.000144446548
1.22,1.57060929,1.90836276,4.59229966e-16,-5.49594207e-16,1.64581068e-13,0.0935160662,-0.2,0.0935157222,-1.1398186e-05,1.13945834e-05,1.14681603e-05,4.08454758e-33,4.29453799e-17,1.09918841e-16,-1.52864221e-16,2,-0.000187032132,0.000205497032,-0.000144446548
1.222,1.57060929,1.90836276,-5.28829709e-16,3.54800414e-17,-8.16841633e-13,0.0935160662,-0.2,0.0935157222,-1.1398186e-05,1.13945834e-05,1.14681603e-05,2.07529678e-33,-4.94540741e-17,-7.09600829e-18,5.65500824e-17,2,-0.000187032132,0.000205497032,-0.000144446548
1.224,1.57060929,1.90836276,1.41533684e-16,1.06261039e-15,8.69921401e-13,0.0935160662,-0.2,0.0935157222,-1.1398186e-05,1.13945834e-05,1.14681603e-05,4.12840527e-33,1.32356734e-17,-2.12522078e-16,1.99286404e-16,2,-0.000187032132,0.000205497032,-0.000144446548
1.226,1.57060929,1.90836276,2.30435465e-16,-4.97587607e-16,-2.95854293e-13,0.0935160662,-0.2,0.0935157222,-1.1398186e-05,1.13945834e-05,1.14681603e-05,8.87253391e-34,2.15494182e-17,9.95175214e-17,-1.2106694e-16,2,-0.000187032132,0.000205497032,-0.000144446548
1.228,1.57060929,1.90836276,2.34578216e-16,-1.29328858e-15,-1.96369497e-12,0.0935160662,-0.2,0.0935157222,-1.1398186e-05,1.13945834e-05,1.14681603e-05,9.10693828e-33,2.1936832e-17,2.58657717e-16,-2.80594549e-16,2,-0.000187032132,0.000205497032,-0.000144446548
1.23,1.57060929,1.90836276,-1.89227866e-16,1.02360544e-15,1.3194866e-12,0.0935160662,-0.2,0.0935157222,-1.1398186e-05,1.13945834e-05,1.14681603e-05,6.47215768e-33,-1.76958457e-17,-2.04721088e-16,2.22416933e-16,2,-0.000187032132,0.000205497032,-0.000144446548
1.232,1.57060929,1.90836276,5.29270316e-16,-9.94250635e-16,2.62172233e-15,0.0935160662,-0.2,0.0935157222,-1.1398186e-05,1.13945834e-05,1.14681603e-05,3.22054216e-33,4.94952779e-17,1.98850127e-16,-2.48345405e-16,2,-0.000187032132,0.000205497032,-0.000144446548
1.234,1.57060929,1.90836276,-7.30162595e-16,1.0288061e-15,1.96655125e-12,0.0935160662,-0.2,0.0935157222,-1.1398186e-05,1.13945834e-05,1.14681603e-05,3.67036801e-33,-6.82819335e-17,-2.0576122e-16,2.74043153e-16,2,-0.000187032132,0.000205497032,-0.000144446548
1.236,1.57060929,1.90836276,4.33325995e-16,-7.39418296e-16,1.64727315e-13,0.0935160662,-0.2,0.0935157222,-1.1398186e-05,1.13945834e-05,1.14681603e-05,3.76779667e-33,4.05229424e-17,1.47883659e-16,-1.88406602e-16,2,-0.000187032132,0.000205497032,-0.000144446548
1.238,1.57060929,1.90836276,-7.18074485e-16,1.24463349e-15,1.98601136e-12,0.0935160662,-0.2,0.0935157222,-1.1398186e-05,1.13945834e-05,1.14681603e-05,4.9686159e-33,-6.71515011e-17,-2.48926697e-16,3.16078199e-16,2,-0.000187032132,0.000205497032,-0.000144446548
1.24,1.57060929,1.90836276,4.51158135e-16,-5.93799816e-16,1.63857644e-13,0.0935160662,-0.2,0.0935157222,-1.1398186e-05,1.13945834e-05,1.14681603e-05,4.63977204e-33,4.2190534e-17,1.18759963e-16,-1.60950497e-16,2,-0.000187032132,0.000205497032,-0.000144446548
1.242,1.57060929,1.90836276,-2.64140767e-16,8.15579039e-16,1.36827539e-12,0.0935160662,-0.2,0.0935157222,-1.1398186e-05,1.13945834e-05,1.14681603e-05,3.09291443e-33,-2.47014054e-17,-1.63115808e-16,1.87817213e-16,2,-0.000187032132,0.000205497032,-0.000144446548
1.244,1.57060929,1.90836276,4.89021592e-16,-1.11906647e-15,2.36539971e-14,0.0935160662,-0.2,0.0935157222,-1.1398186e-05,1.13945834e-05,1.14681603e-05,4.59912058e-33,4.57313756e-17,2.23813295e-16,-2.6954467e-16,2,-0.000187032132,0.000205497032,-0.000144446548
1.246,1.57060929,1.90836276,-9.21559069e-16,1.65808596e-15,2.36563665e-12,0.0935160662,-0.2,0.0935157222,-1.1398186e-05,1.13945834e-05,1.14681603e-05,1.49114335e-32,-8.61805789e-17,-3.31617191e-16,4.1779777e-16,2,-0.000187032132,0.000205497032,-0.000144446548
1.248,1.57060929,1.90836276,4.86005741e-16,-1.41342398e-16,2.25928366e-13,0.0935160662,-0.2,0.0935157222,-1.1398186e-05,1.13945834e-05,1.14681603e-05,3.91884304e-34,4.54493451e-17,2.82684796e-17,-7.37178246e-17,2,-0.000187032132,0.000205497032,-0.000144446548
1.25,1.57060929,1.90836276,-1.25305136e-16,-9.76048325e-16,23.0834856,0.0935160662,0,-0,-1.1398186e-05,1.13945834e-05,1.14681603e-05,3.38019469e-33,-1.17180434e-17,-0,-5.96396143e-17,2,-0.000187032132,0.000205497032,-0.000144446548
1.252,1.57063103,1.90838192,0.0143695706,0.0123406513,3.11936954,0.0108004581,0,-0,-9.59760933e-06,9.59458009e-06,9.64430302e-06,7.05676183e-07,0.000155197945,0,2.42927615e-05,2,-0.000165296622,0.000182336571,-0.000125280559
1.254,1.57066167,1.90840663,0.0151425342,0.0117231694,-1.74935513,-0.0083849006,0,-0,-7.52107748e-06,7.51870808e-06,7.54494863e-06,6.9696454e-07,-0.000126968644,0,-3.42799287e-05,2,-0.00013465554,0.000149239137,-0.000100570565
1.256,1.57068923,1.90842652,0.0128363715,0.00883668271,-2.49926079,-0.0106340764,0,-0,-6.12167231e-06,6.11974684e-06,6.13407941e-06,4.44280503e-07,-0.000136502956,0,-2.17122129e-05,2,-0.000107095562,0.000119004269,-8.06867294e-05
1.258,1.57071165,1.90844087,0.0102625693,0.00626889149,-2.23246646,-0.00897411778,0,-0,-5.34724853e-06,5.34556869e-06,5.35595401e-06,2.54934051e-07,-9.20975057e-05,0,-8.37003674e-06,2,-8.46774576e-05,9.40345328e-05,-6.63319878e-05
1.26,1.57072936,1.908451,0.00807044952,0.00443043821,-1.79698657,-0.00686989935,0,-0,-4.97796005e-06,4.97639767e-06,4.98707337e-06,1.44855766e-07,-5.54431759e-05,0,-2.48337763e-06,2,-6.69646965e-05,7.40394623e-05,-5.6203055e-05
1.262,1.57074326,1.90845826,0.00632970083,0.00321424507,-1.40366059,-0.0051152968,0,-0,-4.82617228e-06,4.82465859e-06,4.8380173e-06,8.43224274e-08,-3.23782984e-05,0,-5.95561915e-07,2,-5.30664147e-05,5.81813035e-05,-4.89452344e-05
1.264,1.57075417,1.90846366,0.00497456958,0.0024393398,-1.08898396,-0.00379555007,0,-0,-4.76586102e-06,4.76436704e-06,4.78173858e-06,5.08857407e-08,-1.88812279e-05,0,-1.54904598e-07,2,-4.21545957e-05,4.56371616e-05,-4.35412497e-05
1.266,1.57076277,1.9084679,0.00392311129,0.00195471066,-0.845940065,-0.00283490737,0,-0,-4.72209279e-06,4.72061315e-06,4.74246216e-06,3.19573975e-08,-1.11216571e-05,0,-1.04909899e-07,2,-3.35612982e-05,3.57191082e-05,-3.93041177e-05
1.268,1.57076956,1.90847141,0.00310523167,0.00165259992,-0.65980765,-0.00214154554,0,-0,-4.6553449e-06,4.65388667e-06,4.67999269e-06,2.09247448e-08,-6.64999503e-06,0,-1.16062618e-07,2,-2.67692256e-05,2.78776241e-05,-3.57943437e-05
1.27,1.57077494,1.90847446,0.00246622896,0.00146090826,-0.517110453,-0.0016402024,0,-0,-4.54866655e-06,4.54724215e-06,4.57693434e-06,1.4306043e-08,-4.04511466e-06,0,-1.18762451e-07,2,-2.13818848e-05,2.16793188e-05,-3.27417763e-05
1.272,1.57077923,1.90847722,0.00196456091,0.0013332027,-0.407217758,-0.00127517092,0,-0,-4.39858982e-06,4.39721273e-06,4.42959154e-06,1.02182597e-08,-2.50515094e-06,0,-1.13134984e-07,2,-1.70952672e-05,1.67830401e-05,-2.99869224e-05
1.274,1.57078265,1.90847976,0.00156886405,0.00124053937,-0.322108466,-0.00100667914,0,-0,-4.20909023e-06,4.20777274e-06,4.24187778e-06,7.61038509e-09,-1.57934272e-06,0,-1.07918818e-07,2,-1.36752823e-05,1.29197911e-05,-2.74401987e-05
1.276,1.57078539,1.90848215,0.0012554107,0.00116553429,-0.255806273,-0.000806717779,0,-0,-3.98773647e-06,3.98648847e-06,4.02140763e-06,5.88058222e-09,-1.01276214e-06,0,-1.06957082e-07,2,-1.09406715e-05,9.87690552e-06,-2.50546917e-05
1.278,1.57078758,1.90848439,0.00100615768,0.00109826441,-0.203862194,-0.000655656249,0,-0,-3.74333198e-06,3.74216066e-06,3.7770913e-06,4.67891221e-09,-6.59693568e-07,0,-1.09611075e-07,2,-8.75026426e-06,7.48580254e-06,-2.28084064e-05
1.28,1.57078933,1.90848651,0.000807298361,0.00103350309,-0.162951513,-0.000539748024,0,-0,-3.48454404e-06,3.48345384e-06,3.51773005e-06,3.80088544e-09,-4.35737695e-07,0,-1.13455402e-07,2,-6.99348756e-06,5.6125362e-06,-2.06929744e-05
1.282,1.57079074,1.9084885,0.000648198329,0.000968887723,-0.130575222,-0.000449354318,0,-0,-3.21917034e-06,3.21816329e-06,3.25126108e-06,3.1273148e-09,-2.91270718e-07,0,-1.16157832e-07,2,-5.58327466e-06,4.15047974e-06,-1.87066711e-05
1.284,1.57079188,1.90849035,0.000520613002,0.000903725278,-0.104842455,-0.00037769699,0,-0,-2.95380668e-06,2.95288274e-06,2.9844122e-06,2.58911921e-09,-1.96633964e-07,0,-1.1626133e-07,2,-4.45073604e-06,3.0146353e-06,-1.6850262e-05
1.286,1.57079279,1.90849208,0.000418110509,0.000838228587,-0.0843124975,-0.0003199884,0,-0,-2.69375795e-06,2.69291544e-06,2.7226059e-06,2.14633598e-09,-1.33790513e-07,0,-1.13261612e-07,2,-3.54112829e-06,2.13718487e-06,-1.51246729e-05
1.288,1.57079352,1.90849367,0.000335643581,0.000773040206,-0.0678799037,-0.000272826127,0,-0,-2.44308921e-06,2.44232516e-06,2.47000761e-06,1.77557667e-09,-9.15723383e-08,0,-1.07371668e-07,2,-2.81078355e-06,1.46399407e-06,-1.35298096e-05
1.29,1.5707941,1.90849514,0.000269229955,0.000708945936,-0.05469061,-0.000233772661,0,-0,-2.20475044e-06,2.20406098e-06,2.22964991e-06,1.4626212e-09,-6.2938603e-08,0,-9.92175886e-08,2,-2.22475423e-06,9.51851935e-07,-1.20640799e-05
1.292,1.57079457,1.90849648,0.00021571215,0.00064671155,-0.0440803756,-0.000201063852,0,-0,-1.98073322e-06,1.98011385e-06,2.00359025e-06,1.19815502e-09,-4.33719158e-08,0,-8.95811017e-08,2,-1.75499379e-06,5.66282651e-07,-1.0724327e-05
1.294,1.57079495,1.9084977,0.000172575605,0.000586998006,-0.0355293338,-0.000173406843,0,-0,-1.77223417e-06,1.77168004e-06,1.79307606e-06,9.75408519e-10,-2.99257908e-08,0,-7.92241869e-08,2,-1.37894236e-06,2.79804517e-07,-9.50598468e-06
1.296,1.57079525,1.9084988,0.000137810011,0.000530325351,-0.0286282199,-0.000149840069,0,-0,-1.57981055e-06,1.5793166e-06,1.59870244e-06,7.88919836e-10,-2.06494616e-08,0,-6.87914224e-08,2,-1.07841998e-06,7.05404059e-08,-8.40333789e-06
1.298,1.57079549,1.90849979,0.000109802809,0.000477065655,-0.0230531026,-0.000129636272,0,-0,-1.40352051e-06,1.40308171e-06,1.42055445e-06,6.33936639e-10,-1.42344268e-08,0,-5.87709953e-08,2,-8.38755546e-07,-7.88940505e-08,-7.40981709e-06
1.3,1.57079568,1.90850068,8.72568125e-05,0.000427452238,-0.0185463423,-0.000112235272,0,-0,-1.24304484e-06,1.24265622e-06,1.25833085e-06,5.06161743e-10,-9.79329208e-09,0,-4.94935752e-08,2,-6.48097581e-07,-1.8228188e-07,-6.51828424e-06
1.302,1.57079583,1.90850148,6.91260704e-05,0.000381597068,-0.0149021363,-9.71973077e-05,0,-0,-1.09778949e-06,1.0974463e-06,1.11144839e-06,4.01668724e-10,-6.71886794e-09,0,-4.11519136e-08,2,-4.96866089e-07,-2.50520606e-07,-5.72128942e-06
1.304,1.57079595,1.90850219,5.45655972e-05,0.000339511314,-0.0119554642,-8.417057e-05,0,-0,-9.66970012e-07,9.66667724e-07,9.79127776e-07,3.16889987e-10,-4.59281741e-09,0,-3.3829063e-08,2,-3.77314832e-07,-2.92197726e-07,-5.01128808e-06
1.306,1.57079604,1.90850282,4.28917436e-05,0.000301126071,-0.00957357381,-7.28685279e-05,0,-0,-8.49679443e-07,8.49413829e-07,8.60462933e-07,2.48626196e-10,-3.12545821e-09,0,-2.75276557e-08,2,-2.8318038e-07,-3.1405366e-07,-4.38081657e-06
1.308,1.57079612,1.90850338,3.35507832e-05,0.000266311607,-0.00764937488,-6.30539983e-05,0,-0,-7.44941889e-07,7.44709022e-07,7.54475629e-07,1.94053251e-10,-2.11551103e-09,0,-2.21961429e-08,2,-2.09399836e-07,-3.21354303e-07,-3.82262792e-06
1.31,1.57079617,1.90850387,2.60938872e-05,0.000234894305,-0.00609628005,-5.45278624e-05,0,-0,-6.51753824e-07,6.51550091e-07,6.60157705e-07,1.50718094e-10,-1.42284389e-09,0,-1.77502365e-08,2,-1.51883148e-07,-3.18190781e-07,-3.32979194e-06
1.312,1.57079622,1.90850431,2.01571002e-05,0.000206671028,-0.00484414926,-4.71209834e-05,0,-0,-5.69115188e-07,5.68937291e-07,5.7650289e-07,1.1652235e-10,-9.49822386e-10,0,-1.40892263e-08,2,-1.07329036e-07,-3.07720551e-07,-2.8957646e-06
1.314,1.57079625,1.90850469,1.54452566e-05,0.000181420908,-0.00383608304,-4.06883358e-05,0,-0,-4.96052117e-07,4.95897061e-07,5.025301e-07,8.96962005e-11,-6.28441789e-10,0,-1.11076189e-08,2,-7.30758946e-08,-2.92361151e-07,-2.51443196e-06
1.316,1.57079628,1.90850502,1.1719018e-05,0.000158914754,-0.00302587303,-3.51046642e-05,0,-0,-4.31632919e-07,4.31498001e-07,4.37299866e-07,6.87659438e-11,-4.11392191e-10,0,-8.70287987e-09,2,-4.69808515e-08,-2.73945744e-07,-2.18013354e-06
1.318,1.5707963,1.90850531,8.78439661e-06,0.000138922354,-0.00237596539,-3.02612066e-05,0,-0,-3.74978702e-07,3.74861494e-07,3.79925301e-07,5.25185482e-11,-2.65826441e-10,0,-6.78014458e-09,2,-2.73215529e-08,-2.53847785e-07,-1.88766947e-06
1.32,1.57079631,1.90850557,6.48426825e-06,0.000121217972,-0.00185582657,-2.60631662e-05,0,-0,-3.25269826e-07,3.25168156e-07,3.29578801e-07,3.99658753e-11,-1.69000561e-10,0,-5.25469572e-09,2,-1.27163501e-08,-2.33080781e-07,-1.63229548e-06
1.322,1.57079632,1.90850579,4.69148307e-06,0.000105584327,-0.00144062723,-2.24277118e-05,0,-0,-2.81749137e-07,2.81661072e-07,2.85495466e-07,3.03104892e-11,-1.0521923e-10,0,-4.05288546e-09,2,-2.0594071e-09,-2.12377936e-07,-1.40970869e-06
1.324,1.57079633,1.90850599,3.3032654e-06,9.18153519e-05,-0.00111017883,-1.92823607e-05,0,-0,-2.43722803e-07,2.43646624e-07,2.46974062e-07,2.29142699e-11,-6.36947549e-11,0,-3.11203682e-09,2,5.53206736e-09,-1.92255579e-07,-1.21602714e-06
1.326,1.57079634,1.90850615,2.23665591e-06,7.97179497e-05,-0.000848071903,-1.65636419e-05,0,-0,-2.10559367e-07,2.10493555e-07,2.13376164e-07,1.72704755e-11,-3.70471675e-11,0,-2.37972617e-09,2,1.07607248e-08,-1.73063528e-07,-1.04776496e-06
1.328,1.57079634,1.9085063,1.42479909e-06,6.91129873e-05,-0.000640976409,-1.42159705e-05,0,-0,-1.81687559e-07,1.81630771e-07,1.84124006e-07,1.29794792e-11,-2.02549019e-11,0,-1.81273514e-09,2,1.418395e-08,-1.55024938e-07,-9.01805171e-07
1.33,1.57079634,1.90850643,8.13917751e-07,5.9835686e-05,-0.000478072362,-1.21906841e-05,0,-0,-1.56593239e-07,1.56544295e-07,1.58697463e-07,9.72811589e-12,-9.92221421e-12,0,-1.37586884e-09,2,1.62421907e-08,-1.3826772e-07,-7.75371106e-07
1.332,1.57079634,1.90850654,3.60846666e-07,5.17355684e-05,-0.000350585968,-1.04452093e-05,0,-0,-1.3481581e-07,1.34773673e-07,1.36630459e-07,7.27239159e-12,-3.76911897e-12,0,-1.04076783e-09,2,1.7281952e-08,-1.22849175e-07,-6.65997754e-07
1.334,1.57079634,1.90850663,3.1022188e-08,4.4676078e-05,-0.000251411189,-8.94233269e-06,0,-0,-1.1594433e-07,1.15908091e-07,1.17507075e-07,5.42321217e-12,-2.77410725e-13,0,-7.84790407e-10,2,1.75744435e-08,-1.08775232e-07,-5.71503576e-07
1.336,1.57079634,1.90850671,-2.03156201e-07,3.8533972e-05,-0.000174800862,-7.64955995e-06,0,-0,-9.96134964e-08,9.95823617e-08,1.00957515e-07,4.03474554e-12,1.55405554e-12,0,-5.90006235e-10,2,1.73306819e-08,-9.60153558e-08,-4.89963397e-07
1.338,1.57079634,1.90850678,-3.63660585e-07,3.31985613e-05,-0.000116114317,-6.53855019e-06,0,-0,-8.54996565e-08,8.54729332e-08,8.66540873e-08,2.99503107e-12,2.37781299e-12,0,-4.4231837e-10,2,1.67137062e-08,-8.45140285e-08,-4.19682705e-07
1.34,1.57079634,1.90850684,-4.67921183e-07,2.85708603e-05,-7.16112476e-05,-5.58461475e-06,0,-0,-7.33169136e-08,7.32939981e-08,7.43072838e-08,2.21847179e-12,2.61315954e-12,0,-3.30715344e-10,2,1.58484413e-08,-7.41995052e-08,-3.59173601e-07
1.342,1.57079634,1.90850689,-5.29710177e-07,2.45626912e-05,-3.82832613e-05,-4.7662733e-06,0,-0,-6.28134141e-08,6.27937816e-08,6.36620358e-08,1.63988102e-12,2.52474347e-12,0,-2.4664606e-10,2,1.48296484e-08,-6.49904222e-08,-3.07132506e-07
1.344,1.57079634,1.90850694,-5.59859926e-07,2.10957767e-05,-1.37162752e-05,-4.06486029e-06,0,-0,-5.37678492e-08,5.37510439e-08,5.44941817e-08,1.20979571e-12,2.27575238e-12,0,-1.83505281e-10,2,1.37283198e-08,-5.68007158e-08,-2.62419679e-07
1.346,1.57079634,1.90850698,-5.66845875e-07,1.81008474e-05,4.02182188e-06,-3.46417634e-06,0,-0,-4.59861987e-08,4.59718257e-08,4.66071791e-08,8.90811206e-13,1.96365407e-12,0,-1.36215576e-10,2,1.25968114e-08,-4.95432208e-08,-2.24040537e-07
1.348,1.57079634,1.90850701,-5.57259043e-07,1.5516781e-05,1.64728734e-05,-2.95017965e-06,0,-0,-3.92987285e-08,3.92864457e-08,3.98290705e-08,6.54731671e-13,1.64401429e-12,0,-1.0089131e-10,2,1.14729497e-08,-4.31322429e-08,-1.9112872e-07
1.35,1.57079634,1.90850704,-5.36188381e-07,1.32897856e-05,2.48632484e-05,-2.51071332e-06,0,-0,-3.35572435e-08,3.35467552e-08,3.40097066e-08,4.80366678e-13,1.34621531e-12,0,-7.45711153e-11,2,1.03833104e-08,-3.74853391e-08,-1.62930827e-07
1.352,1.57079634,1.90850706,-5.07529659e-07,1.13726351e-05,3.01647382e-05,-2.13526475e-06,0,-0,-2.86325927e-08,2.86236436e-08,2.90182234e-08,3.51835708e-13,1.08371019e-12,0,-5.50066291e-11,2,9.3458261e-09,-3.25244932e-08,-1.38792716e-07
1.354,1.57079634,1.90850708,-4.74234535e-07,9.72395977e-06,3.314418e-05,-1.81475365e-06,0,-0,-2.44124151e-08,2.4404785e-08,2.47407614e-08,2.5726943e-13,8.60618851e-13,0,-4.04968681e-11,2,8.37185264e-09,-2.81768319e-08,-1.18147273e-07
1.356,1.57079633,1.9085071,-4.38510924e-07,8.3075948e-06,3.44037378e-05,-1.54134556e-06,0,-0,-2.07991146e-08,2.07926137e-08,2.10784166e-08,1.8781903e-13,6.75896864e-13,0,-2.9759218e-11,2,7.46780035e-09,-2.43749993e-08,-1.00503518e-07
1.358,1.57079633,1.90850712,-4.01983827e-07,7.09198623e-06,3.44136623e-05,-1.30828825e-06,0,-0,-1.77080473e-08,1.77025127e-08,1.79454068e-08,1.36903451e-13,5.25910717e-13,0,-2.18295287e-11,2,6.63641477e-09,-2.10572788e-08,-8.54369502e-08
1.36,1.57079633,1.90850713,-3.65824048e-07,6.04965223e-06,3.35387724e-05,-1.1097683e-06,0,-0,-1.50659084e-08,1.50611995e-08,1.52674376e-08,9.96394456e-14,4.05979932e-13,0,-1.59851497e-11,2,5.87777708e-09,-1.8167534e-08,-7.25810058e-08
1.362,1.57079633,1.90850714,-3.30850934e-07,5.15669764e-06,3.20599906e-05,-9.40785566e-07,0,-0,-1.28092978e-08,1.28052942e-08,1.29802496e-08,7.24115112e-14,3.11259783e-13,0,-1.16859278e-11,2,5.19008048e-09,-1.56550232e-08,-6.16195296e-08
1.364,1.57079633,1.90850715,-2.97614066e-07,4.39237853e-06,3.01916066e-05,-7.97043671e-07,0,-0,-1.08834521e-08,1.08800504e-08,1.10283363e-08,5.25483757e-14,2.37211407e-13,0,-8.5291646e-12,2,4.570228e-09,-1.34741285e-08,-5.22801534e-08
1.366,1.57079633,1.90850716,-2.66457996e-07,3.73871326e-06,2.80952962e-05,-6.74854404e-07,0,-0,-9.24112551e-09,9.23823723e-09,9.36380882e-09,3.80803656e-14,1.79820352e-13,0,-6.21537721e-12,2,4.01428877e-09,-1.15840327e-08,-4.43284865e-08
1.368,1.57079633,1.90850716,-2.37573324e-07,3.18013637e-06,2.58913534e-05,-5.71054532e-07,0,-0,-7.84160523e-09,7.83915433e-09,7.94539868e-09,2.75579341e-14,1.35667323e-13,0,-4.52236327e-12,2,3.5178423e-09,-9.94836652e-09,-3.75630308e-08
1.37,1.57079633,1.90850717,-2.11036775e-07,2.70319171e-06,2.36676698e-05,-4.8293351e-07,0,-0,-6.64984601e-09,6.64776761e-09,6.73758245e-09,1.99162917e-14,1.0191673e-13,0,-3.28562567e-12,2,3.07623477e-09,-8.53484453e-09,-3.18107369e-08
1.372,1.57079633,1.90850718,-1.86842509e-07,2.29626122e-06,2.14869962e-05,-4.08170654e-07,0,-0,-5.6357135e-09,5.63395203e-09,5.70981325e-09,1.43746777e-14,7.62636293e-14,0,-2.38364611e-12,2,2.6847664e-09,-7.31490239e-09,-2.69231307e-08
1.374,1.57079633,1.90850718,-1.6492638e-07,1.94932573e-06,1.93926317e-05,-3.44780757e-07,0,-0,-4.773322e-09,4.7718301e-09,4.83585138e-09,1.03615844e-14,5.6863442e-14,0,-1.72683787e-12,2,2.33882531e-09,-6.26334427e-09,-2.27729404e-08
1.376,1.57079633,1.90850718,-1.45184608e-07,1.65375474e-06,1.74130347e-05,-2.91066949e-07,0,-0,-4.04045712e-09,4.0391942e-09,4.09317789e-09,7.45937356e-15,4.22584408e-14,0,-1.24928443e-12,2,2.03397998e-09,-5.3580066e-09,-1.92511659e-08
1.378,1.57079633,1.90850719,-1.27488016e-07,1.40212203e-06,1.55653963e-05,-2.45579977e-07,0,-0,-3.41807258e-09,3.41700429e-09,3.46248593e-09,5.3633428e-15,3.1308504e-14,0,-9.02575995e-13,2,1.76604011e-09,-4.57944206e-09,-1.62645361e-08
1.38,1.57079633,1.90850719,-1.11692757e-07,1.18804421e-06,1.38585186e-05,-2.07083004e-07,0,-0,-2.88985342e-09,2.88895025e-09,2.92723679e-09,3.85153508e-15,2.31296716e-14,0,-6.51224344e-13,2,1.53109358e-09,-3.91062606e-09,-1.37333049e-08
1.382,1.57079633,1.90850719,-9.76482783e-08,1.00603976e-06,1.22950288e-05,-1.74521281e-07,0,-0,-2.44183616e-09,2.44107295e-09,2.4732755e-09,2.76251473e-15,1.70417026e-14,0,-4.69259019e-13,2,1.32552535e-09,-3.3366866e-09,-1.15893453e-08
1.384,1.57079633,1.90850719,-8.52031429e-08,8.51406079e-07,1.08731037e-05,-1.46995979e-07,0,-0,-2.06207997e-09,2.06143536e-09,2.08849793e-09,1.97903925e-15,1.25245194e-14,0,-3.37706597e-13,2,1.14602339e-09,-2.84465776e-09,-9.77450177e-09
1.386,1.57079633,1.90850719,-7.42091604e-08,7.20112528e-07,9.58783369e-06,-1.23741705e-07,0,-0,-1.74038166e-09,1.73983766e-09,1.76256142e-09,1.41608464e-15,9.18276804e-15,0,-2.42728261e-13,2,9.89575014e-10,-2.42325615e-09,-8.23916834e-09
1.388,1.57079633,1.9085072,-6.45242397e-08,6.08707461e-07,8.43223688e-06,-1.0410713e-07,0,-0,-1.4680305e-09,1.46757156e-09,1.4866359e-09,1.01207872e-15,6.71743344e-15,0,-1.74246122e-13,2,8.53456658e-10,-2.06267942e-09,-6.94106318e-09
1.39,1.57079633,1.9085072,-5.60142471e-08,5.14237598e-07,7.39804842e-06,-8.75383692e-08,0,-0,-1.23759456e-09,1.23720767e-09,1.25318836e-09,7.22494079e-16,4.90339584e-15,0,-1.24932422e-13,2,7.35219209e-10,-1.75442556e-09,-5.84417304e-09
1.392,1.57079633,1.9085072,-4.85541171e-08,4.34178154e-07,6.47632596e-06,-7.35647233e-08,0,-0,-1.04273834e-09,1.04241243e-09,1.0557964e-09,5.15173202e-16,3.57187019e-15,0,-8.94670772e-14,2,6.32670617e-10,-1.49113152e-09,-4.91784548e-09
1.394,1.57079633,1.9085072,-4.20284052e-08,3.66372381e-07,5.6578258e-06,-6.17864687e-08,0,-0,-8.78064954e-10,8.77790396e-10,8.88989936e-10,3.66922739e-16,2.59678675e-15,0,-6.39930995e-14,2,5.4385699e-10,-1.2664298e-09,-4.13600879e-09
1.396,1.57079633,1.9085072,-3.63314445e-08,3.08979379e-07,4.93337987e-06,-5.18643257e-08,0,-0,-7.38979766e-10,7.38748784e-10,7.48112027e-10,2.61036503e-16,1.88430587e-15,0,-4.57183013e-14,2,4.67043096e-10,-1.07482121e-09,-3.4765024e-09
1.398,1.57079633,1.9085072,-3.13671893e-08,2.60429024e-07,4.29408172e-06,-4.35105392e-08,0,-0,-6.21574525e-10,6.21380225e-10,6.29201316e-10,1.85496367e-16,1.36480332e-15,0,-3.2624106e-14,2,4.00692971e-10,-9.11562549e-10,-2.92050254e-09
1.4,1.57079633,1.9085072,-2.70488707e-08,2.19383124e-07,3.73145436e-06,-3.64811866e-08,0,-0,-5.225266e-10,5.22363264e-10,5.28890052e-10,1.31667586e-16,9.867749e-16,0,-2.32532067e-14,2,3.4345108e-10,-7.72567691e-10,-2.45203012e-09
1.402,1.57079633,1.9085072,-2.3298505e-08,1.84701969e-07,3.23751131e-06,-3.05696555e-08,0,-0,-4.39013315e-10,4.38876102e-10,4.44317766e-10,9.3353974e-17,7.1222727e-16,0,-1.65548741e-14,2,2.94124361e-10,-6.54320628e-10,-2.05752951e-09
1.404,1.57079633,1.9085072,-2.00463332e-08,1.55415587e-07,2.80485752e-06,-2.5601005e-08,0,-0,-3.68638187e-10,3.68522879e-10,3.73055534e-10,6.6114674e-17,5.13206277e-16,0,-1.17725515e-14,2,2.51665342e-10,-5.53799286e-10,-1.72550818e-09
1.406,1.57079633,1.9085072,-1.7230203e-08,1.30699027e-07,2.42667959e-06,-2.14272188e-08,0,-0,-3.09367865e-10,3.09271109e-10,3.13042883e-10,4.67707294e-17,3.69195329e-16,0,-8.362171e-15,2,2.15156467e-10,-4.68408884e-10,-1.44622868e-09
1.408,1.57079633,1.9085072,-1.47949369e-08,1.09851141e-07,2.09675926e-06,-1.79231485e-08,0,-0,-2.59478261e-10,2.5939717e-10,2.6253258e-10,3.30492191e-17,2.6517185e-16,0,-5.93298062e-15,2,1.83795666e-10,-3.95923812e-10,-1.21144563e-09
1.41,1.57079633,1.9085072,-1.26917145e-08,9.22764041e-08,1.80945421e-06,-1.4983017e-08,0,-0,-2.17508456e-10,2.1744051e-10,2.20044331e-10,2.33269559e-17,1.90160174e-16,0,-4.20468035e-15,2,1.56883179e-10,-3.34436963e-10,-1.01418132e-09
1.412,1.57079633,1.9085072,-1.08774638e-08,7.74693271e-08,1.55968594e-06,-1.25174877e-08,0,-0,-1.82221171e-10,1.82164117e-10,1.8432427e-10,1.64461114e-17,1.36158518e-16,0,-2.97645927e-15,2,1.33809613e-10,-2.82315713e-10,-8.48534271e-10
1.414,1.57079633,1.9085072,-9.31428663e-09,6.50011165e-08,1.34289192e-06,-1.0451148e-08,0,-0,-1.52569113e-10,1.5252144e-10,1.54311396e-10,1.15817617e-17,9.73449879e-17,0,-2.10461932e-15,2,1.14045162e-10,-2.38163681e-10,-7.09516198e-10
1.416,1.57079633,1.9085072,-7.96891656e-09,5.45082605e-08,1.15499478e-06,-8.72039035e-09,0,-0,-1.276665e-10,1.27626576e-10,1.29108272e-10,8.14684751e-18,6.94920631e-17,0,-1.48645984e-15,2,9.71299463e-11,-2.00787613e-10,-5.92913152e-10
1.418,1.57079633,1.9085072,-6.81222387e-09,4.56827879e-08,9.92373928e-07,-7.27156621e-09,0,-0,-1.06764642e-10,1.06731179e-10,1.07956175e-10,5.72406974e-18,4.95355369e-17,0,-1.04866732e-15,2,8.26653711e-11,-1.69168696e-10,-4.95167377e-10
1.42,1.57079633,1.9085072,-5.81874965e-09,3.82639329e-08,8.51811598e-07,-6.05947503e-09,0,-0,-8.92306229e-11,8.92027563e-11,9.02143117e-11,4.01713825e-18,3.52585682e-17,0,-7.38966903e-16,2,7.03064465e-11,-1.42437792e-10,-4.13276853e-10
1.422,1.57079633,1.9085072,-4.96628749e-09,3.20310373e-08,7.30469964e-07,-5.0460481e-09,0,-0,-7.45304707e-11,7.45071782e-11,7.53414289e-11,2.81592284e-18,2.50601255e-17,0,-5.20131075e-16,2,5.97549711e-11,-1.19854032e-10,-3.44709934e-10
1.424,1.57079633,1.9085072,-4.23550215e-09,2.67974929e-08,6.25843533e-07,-4.19924358e-09,0,-0,-6.2213168e-11,6.21937501e-11,6.28809499e-11,1.97156851e-18,1.77859052e-17,0,-3.65677241e-16,2,5.07535087e-11,-1.00786396e-10,-2.87332852e-10
1.426,1.57079633,1.9085072,-3.60958782e-09,2.24055773e-08,5.35737215e-07,-3.49210257e-09,0,-0,-5.18986187e-11,5.18823873e-11,5.24476016e-11,1.37874689e-18,1.26050509e-17,0,-2.56789801e-16,2,4.30800834e-11,-8.46978355e-11,-2.39348207e-10
1.428,1.57079633,1.9085072,-3.07395693e-09,1.87220512e-08,4.58211417e-07,-2.90197233e-09,0,-0,-4.32661906e-11,4.32526792e-11,4.37169599e-11,9.63012908e-19,8.92053795e-18,0,-1.80113675e-16,2,3.65435139e-11,-7.11316309e-11,-1.99242811e-10
1.43,1.57079633,1.9085072,-2.61597277e-09,1.56344469e-08,3.91585612e-07,-2.40979181e-09,0,-0,-3.60459662e-11,3.60347308e-11,3.64154988e-11,6.71812253e-19,6.30394975e-18,0,-1.26182891e-16,2,3.09793113e-11,-5.969965e-11,-1.65743446e-10
1.432,1.57079633,1.9085072,-2.22469368e-09,1.30478561e-08,3.34381912e-07,-1.99958594e-09,0,-0,-3.0010483e-11,3.00011127e-11,3.03128973e-11,4.68084065e-19,4.44846621e-18,0,-8.82947007e-17,2,2.62461087e-11,-5.00722908e-11,-1.37779429e-10
1.434,1.57079633,1.9085072,-1.89066892e-09,1.08822552e-08,2.85315321e-07,-1.65791825e-09,0,-0,-2.49684717e-11,2.49606447e-11,2.52155476e-11,3.25725321e-19,3.13457451e-18,0,-6.17080467e-17,2,2.22225257e-11,-4.19698599e-11,-1.14450895e-10
1.436,1.57079633,1.9085072,-1.60573648e-09,9.07019656e-09,2.43263582e-07,-1.37353978e-09,0,-0,-2.07590389e-11,2.07525663e-11,2.09605387e-11,2.26371237e-19,2.20554292e-18,0,-4.30739531e-17,2,1.88044443e-11,-3.51551722e-11,-9.50019797e-11
1.438,1.57079633,1.9085072,-1.36286374e-09,7.55487601e-09,2.07259766e-07,-1.13699833e-09,0,-0,-1.7246915e-11,1.7241486e-11,1.74109208e-11,1.57116993e-19,1.5495738e-18,0,-3.00293701e-17,2,1.59026341e-11,-2.942724e-11,-7.87981285e-11
1.44,1.57079633,1.9085072,-1.15599039e-09,6.28846613e-09,1.7645809e-07,-9.403949e-10,0,-0,-1.43184131e-11,1.43139389e-11,1.445166e-11,1.08904476e-19,1.08708746e-18,0,-2.09087477e-17,2,1.34406937e-11,-2.46158483e-11,-6.53069376e-11
1.442,1.57079633,1.9085072,-9.79905547e-10,5.230734e-09,1.50128696e-07,-7.77102066e-10,0,-0,-1.18782317e-11,1.18745014e-11,1.19862387e-11,7.53836406e-20,7.61486625e-19,0,-1.45395164e-17,2,1.13532596e-11,-2.05769487e-11,-5.40819633e-11
1.444,1.57079633,1.9085072,-8.30130101e-10,4.34784267e-09,1.27641718e-07,-6.41579918e-10,0,-0,-9.84621273e-12,9.84312631e-12,9.93355345e-12,5.2107911e-20,5.32594802e-19,0,-1.00972789e-17,2,9.58446084e-12,-1.71887151e-11,-4.47490634e-11
1.446,1.57079633,1.9085072,-7.02819709e-10,3.61135918e-09,1.0844817e-07,-5.2918951e-10,0,-0,-8.15529866e-12,8.15275625e-12,8.2257998e-12,3.59675606e-20,3.71924818e-19,0,-7.00284212e-18,2,8.08657611e-12,-1.43481814e-11,-3.6994872e-11
1.448,1.57079633,1.9085072,-5.94677089e-10,2.99740684e-09,9.20865892e-08,-4.36052215e-10,0,-0,-6.74913458e-12,6.74704737e-12,6.80580356e-12,2.47904723e-20,2.59310262e-19,0,-4.85020611e-18,2,6.81887532e-12,-1.19683868e-11,-3.05570699e-11
1.45,1.57079633,1.9085072,-5.02874636e-10,2.48593032e-09,7.81399444e-08,-3.58940864e-10,0,-0,-5.58073587e-12,5.57892621e-12,5.62612686e-12,1.70610754e-20,1.80502257e-19,0,-3.35456113e-18,2,5.74662809e-12,-9.97593525e-12,-2.52162155e-11
1.452,1.57079633,1.9085072,-4.24993326e-10,2.06011199e-09,6.62608555e-08,-2.95150711e-10,0,-0,-4.61044536e-12,4.60897986e-12,4.64682577e-12,1.17235114e-20,1.25437082e-19,0,-2.31678717e-18,2,4.84023468e-12,-8.30891006e-12,-2.07888381e-11
1.454,1.57079633,1.9085072,-3.58965355e-10,1.70585347e-09,5.61573854e-08,-2.42417339e-10,0,-0,-3.80540044e-12,3.80417919e-12,3.83434051e-12,8.04305422e-21,8.70194262e-20,0,-1.59774864e-18,2,4.07448823e-12,-6.91510761e-12,-1.71216342e-11
1.456,1.57079633,1.9085072,-3.03019687e-10,1.41133387e-09,4.75642792e-08,-1.98871715e-10,0,-0,-3.13793436e-12,3.13693516e-12,3.16088193e-12,5.50901277e-21,6.02620449e-20,0,-1.10021346e-18,2,3.4279403e-12,-5.75055553e-12,-1.40865877e-11
1.458,1.57079633,1.9085072,-2.55645409e-10,1.16665311e-09,4.02567918e-08,-1.62948915e-10,0,-0,-2.58499888e-12,2.58415511e-12,2.60320592e-12,3.76696262e-21,4.1657142e-20,0,-7.56409971e-19,2,2.88235192e-12,-4.77823349e-12,-1.15768692e-11
1.46,1.57079633,1.9085072,-2.15554521e-10,9.63530306e-10,3.40591758e-08,-1.33337978e-10,0,-0,-2.12723172e-12,2.12652118e-12,2.14146028e-12,2.57128892e-21,2.8741604e-20,0,-5.19258902e-19,2,2.42222117e-12,-3.96699541e-12,-9.50338142e-12
1.462,1.57079633,1.9085072,-1.8164731e-10,7.95031086e-10,2.8792824e-08,-1.08956297e-10,0,-0,-1.74860126e-12,1.74810166e-12,1.75985798e-12,1.75194951e-21,1.97916182e-20,0,-3.55843111e-19,2,2.0343857e-12,-3.290652e-12,-7.79187431e-12
1.464,1.57079633,1.9085072,-1.52985954e-10,6.55363291e-10,2.43257191e-08,-8.89060067e-11,0,-0,-1.43582923e-12,1.43535184e-12,1.44458654e-12,1.19144536e-21,1.36013702e-20,0,-2.43445179e-19,2,1.70767155e-12,-2.72719594e-12,-6.3804978e-12
1.466,1.57079633,1.9085072,-1.28774778e-10,5.39690133e-10,2.05438879e-08,-7.24269759e-11,0,-0,-1.17759136e-12,1.17716947e-12,1.18428722e-12,8.08689071e-22,9.32676772e-21,0,-1.66266713e-19,2,1.43260173e-12,-2.25814183e-12,-5.21777316e-12
1.468,1.57079633,1.9085072,-1.08333667e-10,4.43966826e-10,1.73412208e-08,-5.89040251e-11,0,-0,-9.64517355e-13,9.64173186e-13,9.69616916e-13,5.47778998e-22,6.38128905e-21,0,-1.13353587e-19,2,1.20114472e-12,-1.86798198e-12,-4.26088316e-12
1.47,1.57079633,1.9085072,-9.10851388e-11,3.64819267e-10,1.46262897e-08,-4.78224183e-11,0,-0,-7.89013299e-13,7.88702437e-13,7.92873088e-13,3.7025868e-22,4.35591161e-21,0,-7.71283618e-20,2,1.00649622e-12,-1.54370823e-12,-3.47423972e-12
1.472,1.57079633,1.9085072,-7.65391552e-11,2.99434606e-10,1.23284134e-08,-3.87522748e-11,0,-0,-6.44551079e-13,6.44262421e-13,6.47446347e-13,2.4971055e-22,2.96606637e-21,0,-5.23750913e-20,2,8.42896102e-13,-1.27441016e-12,-2.8282872e-12
1.474,1.57079633,1.9085072,-6.42792679e-11,2.45469248e-10,1.03860327e-08,-3.1338792e-11,0,-0,-5.25712807e-13,5.25524069e-13,5.27871332e-13,1.68016598e-22,2.0144346e-21,0,-3.5494619e-20,2,7.05470263e-13,-1.05096356e-12,-2.29849535e-12
1.476,1.57079633,1.9085072,-5.39541517e-11,2.00976418e-10,8.74525276e-09,-2.52769176e-11,0,-0,-4.28101998e-13,4.27990976e-13,4.2977683e-13,1.12777531e-22,1.36379465e-21,0,-2.39994108e-20,2,5.90095352e-13,-8.65721045e-13,-1.86451796e-12
1.478,1.57079633,1.9085072,-4.52591665e-11,1.64324518e-10,7.35963421e-09,-2.03489246e-11,0,-0,-3.48032714e-13,3.47943896e-13,3.49212118e-13,7.55032669e-23,9.20975367e-22,0,-1.61950961e-20,2,4.93289514e-13,-7.12290759e-13,-1.50949108e-12
1.48,1.57079633,1.9085072,-3.79446594e-11,1.34165443e-10,6.19195535e-09,-1.63325417e-11,0,-0,-2.82485146e-13,2.82329715e-13,2.83219482e-13,5.04121891e-23,6.19732734e-22,0,-1.09031166e-20,2,4.12111678e-13,-5.85329876e-13,-1.21946124e-12
1.482,1.57079633,1.9085072,-3.17934039e-11,1.09374715e-10,5.2037674e-09,-1.30721796e-11,0,-0,-2.28750352e-13,2.28650432e-13,2.293192e-13,3.35624306e-23,4.15609086e-22,0,-7.32049563e-21,2,3.44078398e-13,-4.80372054e-13,-9.82880359e-13
1.484,1.57079633,1.9085072,-2.6623581e-11,8.90186467e-11,4.36926983e-09,-1.04296313e-11,0,-0,-1.84874338e-13,1.84796622e-13,1.85322116e-13,2.22758551e-23,2.77674134e-22,0,-4.90145251e-21,2,2.87095072e-13,-3.93696128e-13,-7.90204834e-13
1.486,1.57079633,1.9085072,-2.22813008e-11,7.23287432e-11,3.66920124e-09,-8.28999555e-12,0,-0,-1.49080748e-13,1.49047441e-13,1.49369822e-13,1.47382465e-23,1.84711885e-22,0,-3.27384508e-21,2,2.39393e-13,-3.22184986e-13,-6.33546603e-13
1.488,1.57079633,1.9085072,-1.86363926e-11,5.86593444e-11,3.08159362e-09,-6.56100828e-12,0,-0,-1.19948496e-13,1.19848576e-13,1.20042271e-13,9.71780457e-24,1.22273526e-22,0,-2.18098159e-21,2,1.99485942e-13,-2.63249963e-13,-5.06402916e-13
1.49,1.57079633,1.9085072,-1.55772574e-11,4.74767425e-11,2.58133481e-09,-5.17409334e-12,0,-0,-9.62341318e-14,9.61453139e-14,9.63276241e-14,6.38349788e-24,8.05981836e-23,0,-1.44724624e-21,2,1.6612076e-13,-2.14736366e-13,-4.03413886e-13
1.492,1.57079633,1.9085072,-1.30131009e-11,3.83443907e-11,2.16373687e-09,-4.05522835e-12,0,-0,-7.7005069e-14,7.69384556e-14,7.70283838e-14,4.17702329e-24,5.27710955e-23,0,-9.57529005e-22,2,1.38241465e-13,-1.74854476e-13,-3.20164535e-13
1.494,1.57079633,1.9085072,-1.08637569e-11,3.08959475e-11,1.81417406e-09,-3.16150025e-12,0,-0,-6.14175377e-14,6.13398221e-14,6.13245798e-14,2.72161429e-24,3.43457703e-23,0,-6.31801027e-22,2,1.1496057e-13,-1.42110082e-13,-2.53022716e-13
1.496,1.57079633,1.9085072,-9.06407606e-12,2.48298721e-11,1.51801044e-09,-2.44590073e-12,0,-0,-4.87165863e-14,4.86832796e-14,4.87221055e-14,1.7651241e-24,2.21698303e-23,0,-4.14814342e-22,2,9.5532562e-14,-1.15260665e-13,-1.99008692e-13
1.498,1.57079633,1.9085072,-7.55787743e-12,1.99000862e-11,1.27250048e-09,-1.87511572e-12,0,-0,-3.85469434e-14,3.8524739e-14,3.84823754e-14,1.13927062e-24,1.41718948e-23,0,-2.71581231e-22,2,7.93290057e-14,-9.32706436e-14,-1.55671223e-13
1.5,1.57079633,1.9085072,-6.29713061e-12,1.5897747e-11,1.06011014e-09,-1.42684756e-12,0,-0,-3.0331293e-14,3.03090886e-14,3.03956392e-14,7.31185495e-25,8.98504542e-24,0,-1.76506967e-22,2,6.58250012e-14,-7.52921195e-14,-1.21005639e-13
1.502,1.57079633,1.9085072,-5.24378493e-12,1.26606265e-11,8.87993923e-10,-1.06900812e-12,0,-0,-2.38031816e-14,2.37587727e-14,2.37860588e-14,4.66800233e-25,5.60564866e-24,0,-1.14517712e-22,2,5.45758656e-14,-6.06131571e-14,-9.33625393e-14
1.504,1.57079633,1.9085072,-4.36278284e-12,1.00429182e-11,7.41684582e-10,-7.92834089e-13,0,-0,-1.85185201e-14,1.84852134e-14,1.85047978e-14,2.960354e-25,3.45896296e-24,0,-7.39170636e-23,2,4.52134966e-14,-4.86557853e-14,-7.13995452e-14
1.506,1.57079633,1.9085072,-3.62853822e-12,7.93423125e-12,6.19779134e-10,-5.70363338e-13,0,-0,-1.43440815e-14,1.42663659e-14,1.4335215e-14,1.865268e-25,2.06958517e-24,0,-4.73647297e-23,2,3.74261089e-14,-3.89311823e-14,-5.40213189e-14
1.508,1.57079633,1.9085072,-3.01492154e-12,6.23827786e-12,5.17090787e-10,-4.01924733e-13,0,-0,-1.09690035e-14,1.09356968e-14,1.10266521e-14,1.16635665e-25,1.21177153e-24,0,-3.01795978e-23,2,3.09530648e-14,-3.10338653e-14,-4.0330321e-14
1.51,1.57079633,1.9085072,-2.5030831e-12,4.87686077e-12,4.31517261e-10,-2.73401875e-13,0,-0,-8.30446822e-15,8.32667268e-15,8.39394e-15,7.229684e-26,6.84347613e-25,0,-1.91171345e-23,2,2.55776348e-14,-2.46355885e-14,-2.96026992e-14
1.512,1.57079633,1.9085072,-2.07627466e-12,3.78681901e-12,3.59114125e-10,-1.77147647e-13,0,-0,-6.26165786e-15,6.21724894e-15,6.30609503e-15,4.43709541e-26,3.67807172e-25,0,-1.20216286e-23,2,2.11170419e-14,-1.94668268e-14,-2.12493699e-14
1.514,1.57079633,1.9085072,-1.72164888e-12,2.91799342e-12,3.00607266e-10,-1.00845353e-13,0,-0,-4.61852778e-15,4.60742555e-15,4.64075569e-15,2.69530185e-26,1.73620288e-25,0,-7.5128419e-24,2,1.74181795e-14,-1.53011041e-14,-1.47935172e-14
1.516,1.57079633,1.9085072,-1.42645673e-12,2.22796228e-12,2.46887135e-10,-4.41768953e-14,0,-0,-3.33066907e-15,3.27515792e-15,3.52889223e-15,1.61837183e-26,6.30164297e-26,0,-4.56196829e-24,2,1.43529211e-14,-1.19500465e-14,-9.84629748e-15
1.518,1.57079633,1.9085072,-1.18117766e-12,1.68647749e-12,2.0600912e-10,-6.85913033e-16,0,-0,-2.30926389e-15,2.33146835e-15,2.5836565e-15,9.63507115e-27,8.10185149e-28,0,-2.77701659e-24,2,1.18131484e-14,-9.26212655e-15,-6.08701347e-15
1.52,1.57079633,1.9085072,-9.76474299e-13,1.25922677e-12,1.71488507e-10,2.61407517e-14,0,-0,-1.59872116e-15,1.55431223e-15,1.86190268e-15,5.65626691e-27,-2.55257722e-26,0,-1.67722591e-24,2,9.71246148e-15,-7.11399859e-15,-3.26377172e-15
1.522,1.57079633,1.9085072,-8.06507271e-13,9.23623665e-13,1.42039253e-10,4.40343468e-14,0,-0,-9.76996262e-16,9.99200722e-16,1.37102711e-15,3.27286549e-27,-3.55140208e-26,0,-9.92722535e-25,2,7.97700402e-15,-5.4064943e-15,-1.1775028e-15
1.524,1.57079633,1.9085072,-6.65492786e-13,6.60791795e-13,1.19421449e-10,5.51674115e-14,0,-0,-5.77315973e-16,4.99600361e-16,9.32613155e-16,1.86269797e-27,-3.67135144e-26,0,-5.91264386e-25,2,6.54459304e-15,-4.05486788e-15,3.3095615e-16
1.526,1.57079633,1.9085072,-5.48731259e-13,4.57725794e-13,9.84273209e-11,6.21800522e-14,0,-0,-2.66453526e-16,2.22044605e-16,7.55038388e-16,1.05093595e-27,-3.41201383e-26,0,-3.35032912e-25,2,5.36295248e-15,-2.98879315e-15,1.39013768e-15
1.528,1.57079633,1.9085072,-4.52582184e-13,3.01735023e-13,8.05598211e-11,6.84110187e-14,0,-0,-4.4408921e-17,0,6.59748339e-16,5.87805516e-28,-3.09616082e-26,0,-1.79059978e-25,2,4.3889998e-15,-2.1499232e-15,2.10292566e-15
1.53,1.57079633,1.9085072,-3.71670064e-13,1.82805381e-13,6.72931977e-11,6.49598868e-14,0,-0,1.77635684e-16,-1.94289029e-16,6.1097739e-16,3.31416476e-28,-2.41436453e-26,0,-1.0000078e-25,2,3.58678087e-15,-1.49080582e-15,2.5540366e-15
1.532,1.57079633,1.9085072,-3.05742276e-13,9.25337318e-14,5.68794426e-11,6.46341282e-14,0,-0,3.10862447e-16,-2.77555756e-16,6.80441961e-16,1.96594105e-28,-1.97613855e-26,0,-5.12472564e-26,2,2.92815451e-15,-9.82356575e-16,2.8018457e-15
1.534,1.57079633,1.9085072,-2.521149e-13,2.85067328e-14,4.35588453e-11,6.76882103e-14,0,-0,3.10862447e-16,-3.33066907e-16,5.6132864e-16,1.26940922e-28,-1.70652063e-26,0,-2.03627733e-26,2,2.38577257e-15,-5.94519313e-16,2.90198791e-15
1.536,1.57079633,1.9085072,-2.0697725e-13,-1.32364587e-14,3.69127131e-11,6.572884e-14,0,-0,3.99680289e-16,-3.88578059e-16,5.72210996e-16,9.06797999e-29,-1.36043746e-26,-0,-9.01666787e-27,2,1.93831482e-15,-2.99319037e-16,2.90573876e-15
1.538,1.57079633,1.9085072,-1.68754911e-13,-4.41992549e-14,3.27637659e-11,5.74907561e-14,0,-0,4.4408921e-16,-4.16333634e-16,6.20639745e-16,7.06220303e-29,-9.70184741e-27,-0,-4.58664139e-27,2,1.57256759e-15,-8.36976845e-17,2.8403159e-15
1.54,1.57079633,1.9085072,-1.3801496e-13,-6.74828834e-14,2.62528041e-11,5.26809842e-14,0,-0,3.55271368e-16,-4.16333634e-16,5.71529021e-16,5.88452623e-29,-7.27076393e-27,-0,-1.39055018e-27,2,1.27478763e-15,7.1544795e-17,2.72080909e-15
1.542,1.57079633,1.9085072,-1.12243892e-13,-8.35747885e-14,2.0193417e-11,4.52914799e-14,0,-0,3.99680289e-16,-4.16333634e-16,4.94672574e-16,5.32822557e-29,-5.08369196e-27,-0,-1.51079127e-27,2,1.03185596e-15,1.80022606e-16,2.56492274e-15
1.544,1.57079633,1.9085072,-9.13396606e-14,-9.49244757e-14,1.63294401e-11,3.9670074e-14,0,-0,4.4408921e-16,-3.88578059e-16,4.94454498e-16,4.84462073e-29,-3.62345109e-27,-0,-5.34085325e-28,2,8.34056458e-16,2.56559454e-16,2.38303801e-15
1.546,1.57079633,1.9085072,-7.44256946e-14,-1.00782352e-13,1.29874861e-11,3.57820419e-14,0,-0,3.99680289e-16,-3.33066907e-16,4.77654022e-16,4.48767312e-29,-2.66310332e-27,-0,-4.73919722e-28,2,6.72692862e-16,3.07624829e-16,2.18580069e-15
1.548,1.57079633,1.9085072,-6.09710683e-14,-1.0171192e-13,1.02867689e-11,3.44480466e-14,0,-0,3.99680289e-16,-3.60822483e-16,3.77883778e-16,4.06233698e-29,-2.1003342e-27,-0,-2.26841068e-27,2,5.4081459e-16,3.38811503e-16,1.98285999e-15
1.55,1.57079633,1.9085072,-5.02916694e-14,-9.76461791e-14,8.98846345e-12,3.52774585e-14,0,-0,3.55271368e-16,-3.05311332e-16,3.34362539e-16,3.43038065e-29,-1.77416228e-27,-0,-2.27356579e-27,2,4.32361777e-16,3.63609474e-16,1.78373875e-15
1.552,1.57079633,1.9085072,-4.07673124e-14,-9.1271851e-14,7.75254621e-12,3.19762561e-14,0,-0,3.10862447e-16,-2.77555756e-16,3.14168719e-16,2.82220298e-29,-1.30358602e-27,-0,-1.88499278e-27,2,3.43720612e-16,3.81465894e-16,1.59657265e-15
1.554,1.57079633,1.9085072,-3.23359909e-14,-8.59726578e-14,6.32486014e-12,2.52813476e-14,0,-0,2.22044605e-16,-2.77555756e-16,3.15499229e-16,2.39370306e-29,-8.17497424e-28,-0,-1.29497845e-27,2,2.72797213e-16,3.90930043e-16,1.42129981e-15
1.556,1.57079633,1.9085072,-2.65056634e-14,-7.90677514e-14,5.15821612e-12,2.46285282e-14,0,-0,2.22044605e-16,-2.22044605e-16,2.77642479e-16,2.00718131e-29,-6.52795479e-28,-0,-1.49220659e-27,2,2.15799578e-16,3.9099544e-16,1.25724478e-15
1.558,1.57079633,1.9085072,-2.10983138e-14,-7.19221137e-14,4.75742566e-12,2.06954061e-14,0,-0,1.77635684e-16,-2.22044605e-16,2.78141475e-16,1.66815232e-29,-4.36638173e-28,-0,-1.00697472e-27,2,1.69592326e-16,3.80541835e-16,1.10838319e-15
1.56,1.57079633,1.9085072,-1.67559644e-14,-6.60139005e-14,3.59176308e-12,1.72196965e-14,0,-0,1.33226763e-16,-1.94289029e-16,2.62466356e-16,1.42277464e-29,-2.88532623e-28,-0,-8.82488405e-28,2,1.33120251e-16,3.59713784e-16,9.71762481e-16
1.562,1.57079633,1.9085072,-1.3507703e-14,-6.01455563e-14,6.54585912e-13,1.56537795e-14,0,-0,1.77635684e-16,-1.38777878e-16,1.39773507e-16,1.16062867e-29,-2.11446603e-28,-0,-2.14988787e-27,2,1.03769471e-16,3.33716822e-16,8.47197477e-16
1.564,1.57079633,1.9085072,-1.16493036e-14,-5.07001682e-14,2.692668e-12,1.89155063e-14,0,-0,1.33226763e-16,-1.38777878e-16,1.39773507e-16,7.91368557e-30,-2.20352477e-28,-0,-1.1460066e-27,2,7.86620238e-17,3.20379009e-16,7.38574804e-16
1.566,1.57079633,1.9085072,-9.03152551e-15,-4.26419253e-14,2.00490081e-12,1.57488415e-14,0,-0,1.33226763e-16,-1.38777878e-16,1.03851855e-16,5.61125538e-30,-1.42236064e-28,-0,-9.38831275e-28,2,5.88175722e-17,3.06544127e-16,6.47459501e-16
1.568,1.57079633,1.9085072,-6.85073607e-15,-3.60701781e-14,1.95575025e-12,1.25173428e-14,0,-0,1.33226763e-16,-1.38777878e-16,1.03851855e-16,3.90060754e-30,-8.57530118e-29,-0,-5.42280898e-28,2,4.34726751e-17,2.9575188e-16,5.70745871e-16
1.57,1.57079633,1.9085072,-4.96060152e-15,-3.16402549e-14,1.48516208e-12,8.69747127e-15,0,-0,8.8817842e-17,-1.38777878e-16,1.03851855e-16,2.92678368e-30,-4.31446892e-29,-0,-3.0565855e-28,2,3.22110727e-17,2.86843245e-16,5.04442907e-16
1.572,1.57079633,1.9085072,-3.89403534e-15,-2.81742348e-14,8.42413562e-13,7.55155534e-15,0,-0,8.8817842e-17,-1.11022302e-16,8.4915733e-17,2.22651672e-30,-2.94060233e-29,-0,-3.0825205e-28,2,2.38372427e-17,2.80383602e-16,4.45365008e-16
1.574,1.57079633,1.9085072,-2.94280469e-15,-2.50465451e-14,8.80612491e-13,6.10266089e-15,0,-0,8.8817842e-17,-1.11022302e-16,8.4915733e-17,1.69738544e-30,-1.79589391e-29,-0,-1.70370253e-28,2,1.72227251e-17,2.80928087e-16,3.93087399e-16
1.576,1.57079633,1.9085072,-2.08940913e-15,-2.2919019e-14,6.70007924e-13,4.2280259e-15,0,-0,8.8817842e-17,-1.11022302e-16,8.4915733e-17,1.40819484e-30,-8.83407591e-30,-0,-9.1087666e-29,2,1.24380395e-17,2.85689708e-16,3.45796759e-16
1.578,1.57079633,1.9085072,-1.4639629e-15,-2.15677123e-14,4.68110752e-13,2.78206822e-15,0,-0,4.4408921e-17,-1.11022302e-16,8.4915733e-17,1.2543633e-30,-4.07284466e-30,-0,-4.87622633e-29,2,9.07549256e-18,2.929442e-16,3.0174747e-16
1.58,1.57079633,1.9085072,-1.88154132e-15,-1.83566873e-14,-5.375033e-13,6.36622138e-15,0,-0,4.4408921e-17,-2.77555756e-17,1.66533454e-17,9.15651997e-31,-1.19783086e-29,-0,-3.07018855e-28,2,6.08297042e-18,3.01776995e-16,2.61373147e-16
1.582,1.57079633,1.9085072,-1.81921386e-15,-1.23048648e-14,6.09943299e-13,8.01101942e-15,0,-0,4.4408921e-17,-2.77555756e-17,1.66533454e-17,4.133196e-31,-1.45737576e-29,-0,-1.58440929e-28,2,2.17009978e-18,3.10054567e-16,2.3241618e-16
1.584,1.57079633,1.9085072,-1.13544737e-15,-7.82572732e-15,6.11657816e-13,5.98801622e-15,0,-0,4.4408921e-17,-2.77555756e-17,1.66533454e-17,1.67392806e-31,-6.79907728e-30,-0,-6.8294689e-29,2,-6.21558724e-19,3.15793462e-16,2.13670114e-16
1.586,1.57079633,1.9085072,-5.63520338e-16,-4.86477417e-15,4.15141578e-13,3.89020447e-15,0,-0,4.4408921e-17,-2.77555756e-17,1.66533454e-17,6.46539155e-32,-2.19220934e-30,-0,-2.75595265e-29,2,-2.14520557e-18,3.19275144e-16,2.01924523e-16
1.588,1.57079633,1.9085072,-1.96737283e-16,-2.99285191e-15,2.43103605e-13,2.37574592e-15,0,-0,4.4408921e-17,-2.77555756e-17,1.66533454e-17,2.44765121e-32,-4.67397796e-31,-0,-1.08530408e-29,2,-2.78411901e-18,3.21196563e-16,1.94672272e-16
1.59,1.57079633,1.9085072,1.03727544e-17,-1.83242329e-15,1.27439782e-13,1.39738116e-15,0,-0,4.4408921e-17,-2.77555756e-17,1.66533454e-17,9.21472536e-33,1.44946916e-32,-0,-4.24831689e-30,2,-2.89848987e-18,3.2213871e-16,1.90224522e-16
1.592,1.57079633,1.9085072,4.07154703e-16,-2.34596773e-15,-5.23102371e-13,-8.70670626e-16,0,-0,4.4408921e-17,-2.77555756e-17,1.66533454e-17,1.58862632e-32,-3.5449764e-31,-0,-4.03732146e-30,2,-2.33020578e-18,3.22488403e-16,1.86306095e-16
1.594,1.57079633,1.9085072,8.59807158e-17,-1.73235148e-15,-7.04451327e-14,5.72001927e-16,0,-0,4.4408921e-17,-2.77555756e-17,1.66533454e-17,8.37440162e-33,4.91811351e-32,-0,-3.17855522e-30,2,-2.00381101e-18,3.23090791e-16,1.82354435e-16
1.596,1.57079633,1.9085072,1.9570716e-16,-2.35173184e-15,-3.59382385e-13,-2.68856706e-16,0,-0,4.4408921e-17,-2.77555756e-17,1.66533454e-17,1.59569011e-32,-5.26171825e-32,-0,-4.71036412e-30,2,-1.41935819e-18,3.23845345e-16,1.77859485e-16
1.598,1.57079633,1.9085072,-8.75124693e-18,-1.67655881e-15,-2.04273162e-14,7.1806776e-16,0,-0,4.4408921e-17,-2.77555756e-17,1.66533454e-17,7.94697742e-33,-6.28398828e-33,-0,-3.07059865e-30,2,-1.34862305e-18,3.2486659e-16,1.73992627e-16
1.6,1.57079633,1.9085072,1.33506493e-16,-2.26848818e-15,-3.29177437e-13,-2.09298998e-16,0,-0,4.4408921e-17,-2.77555756e-17,1.66533454e-17,1.51388743e-32,-2.79427753e-32,-0,-4.51427483e-30,2,-9.16466933e-19,3.25949028e-16,1.69653553e-16
1.602,1.57079633,1.9085072,-4.90839054e-17,-1.61422919e-15,-1.02390553e-14,7.14925795e-16,0,-0,4.4408921e-17,-2.77555756e-17,1.66533454e-17,7.50309683e-33,-3.50913501e-32,-0,-2.87481617e-30,2,-9.39012536e-19,3.27198793e-16,1.65928366e-16
1.604,1.57079633,1.9085072,9.53709688e-17,-2.18153613e-15,-3.07171217e-13,-1.78421535e-16,0,-0,4.4408921e-17,-2.77555756e-17,1.66533454e-17,1.43448678e-32,-1.70162347e-32,-0,-4.31780402e-30,2,-5.96866617e-19,3.28529375e-16,1.6175302e-16
1.606,1.57079633,1.9085072,-7.22171053e-17,-1.55114427e-15,-4.46431947e-15,6.98005769e-16,0,-0,4.4408921e-17,-2.77555756e-17,1.66533454e-17,7.08027177e-33,-5.04079562e-32,-0,-2.69796855e-30,2,-6.73840485e-19,3.29956502e-16,1.58172628e-16
1.608,1.57079633,1.9085072,7.06883027e-17,-2.09629618e-15,-2.88743504e-13,-1.57567583e-16,0,-0,4.4408921e-17,-2.77555756e-17,1.66533454e-17,1.36252887e-32,-1.1138185e-32,-0,-4.14713591e-30,2,-3.91747862e-19,3.31492908e-16,1.54158937e-16
1.61,1.57079633,1.9085072,-8.505434e-17,-1.48958335e-15,-9.30383555e-16,6.75488802e-16,0,-0,4.4408921e-17,-2.77555756e-17,1.66533454e-17,6.69371843e-33,-5.74532543e-32,-0,-2.5434177e-30,2,-5.00434204e-19,3.33064878e-16,1.50720043e-16
1.612,1.57079633,1.9085072,5.4535543e-17,-2.01472006e-15,-2.72906665e-13,-1.42985896e-16,0,-0,4.4408921e-17,-2.77555756e-17,1.66533454e-17,1.29918022e-32,-7.79781347e-33,-0,-4.00357575e-30,2,-2.59383638e-19,3.34777653e-16,1.46861761e-16
1.614,1.57079633,1.9085072,-9.15232257e-17,-1.43081002e-15,1.20554985e-15,6.50439016e-16,0,-0,4.4408921e-17,-2.77555756e-17,1.66533454e-17,6.3499499e-33,-5.95302769e-32,-0,-2.41037495e-30,2,-3.85645775e-19,3.3647209e-16,1.4355806e-16
1.616,1.57079633,1.9085072,4.38337771e-17,-1.93781869e-15,-2.5905759e-13,-1.32499883e-16,0,-0,4.4408921e-17,-2.77555756e-17,1.66533454e-17,1.24458659e-32,-5.80797032e-33,-0,-3.88594637e-30,2,-1.73338006e-19,3.3833988e-16,1.3984671e-16
1.618,1.57079633,1.9085072,-9.40924455e-17,-1.3754865e-15,2.46338981e-15,6.24672942e-16,0,-0,4.4408921e-17,-2.77555756e-17,1.66533454e-17,6.05029785e-33,-5.87770047e-32,-0,-2.2971864e-30,2,-3.08421428e-19,3.40140936e-16,1.36670327e-16
1.62,1.57079633,1.9085072,3.66277585e-17,-1.86605381e-15,-2.46788659e-13,-1.24724993e-16,0,-0,4.4408921e-17,-2.77555756e-17,1.66533454e-17,1.1983563e-32,-4.56839691e-33,-0,-3.79213661e-30,2,-1.16827599e-19,3.42147731e-16,1.33096361e-16
1.622,1.57079633,1.9085072,-9.43172416e-17,-1.32390497e-15,3.1719704e-15,5.9927376e-16,0,-0,4.4408921e-17,-2.77555756e-17,1.66533454e-17,5.79315288e-33,-5.6521848e-32,-0,-2.20188812e-30,2,-2.55375104e-19,3.44043835e-16,1.30038718e-16
1.624,1.57079633,1.9085072,3.16741603e-17,-1.79955337e-15,-2.35816975e-13,-1.18774424e-16,0,-0,4.4408921e-17,-2.77555756e-17,1.66533454e-17,1.1598326e-32,-3.76208016e-33,-0,-3.71969526e-30,2,-7.91927542e-20,3.46177214e-16,1.26592227e-16
1.626,1.57079633,1.9085072,-9.31744469e-17,-1.27613269e-15,3.53931023e-15,5.74865995e-16,0,-0,4.4408921e-17,-2.77555756e-17,1.66533454e-17,5.57540829e-33,-5.35628211e-32,-0,-2.12247609e-30,2,-2.1798752e-19,3.48159629e-16,1.23644576e-16
1.628,1.57079633,1.9085072,2.818152e-17,-1.73824625e-15,-2.25940608e-13,-1.14077683e-16,0,-0,4.4408921e-17,-2.77555756e-17,1.66533454e-17,1.12825631e-32,-3.21488249e-33,-0,-3.66614689e-30,2,-5.36598346e-20,3.50409625e-16,1.20315712e-16
1.63,1.57079633,1.9085072,-9.12746925e-17,-1.23210336e-15,3.69683244e-15,5.51788035e-16,0,-0,4.4408921e-17,-2.77555756e-17,1.66533454e-17,5.39333768e-33,-5.03642833e-32,-0,-2.05704416e-30,2,-1.90829146e-19,3.52471526e-16,1.17469445e-16
1.632,1.57079633,1.9085072,1.10844428e-16,-1.61422726e-15,-3.11649483e-13,-5.02021008e-16,0,-0,4.4408921e-17,-2.77555756e-17,1.66533454e-17,1.05164896e-32,-5.56462317e-32,-0,-3.20966141e-30,2,-1.04402268e-19,3.54435406e-16,1.14763645e-16
1.634,1.57079633,1.9085072,-6.96183305e-17,-1.18610791e-15,-2.1833525e-14,4.29967963e-16,0,-0,4.4408921e-17,-2.77555756e-17,1.66533454e-17,5.20871194e-33,-2.99336518e-32,-0,-1.94695852e-30,2,-1.63752621e-19,3.56489007e-16,1.12054678e-16
1.636,1.57079633,1.9085072,1.05840039e-16,-1.56440685e-15,-3.02184156e-13,-4.93272264e-16,0,-0,0,-2.77555756e-17,1.66533454e-17,1.0350584e-32,-5.22079555e-32,-0,-3.20967249e-30,2,-7.18558571e-20,3.58523544e-16,1.09432729e-16
1.638,1.57079633,1.9085072,2.57036947e-16,-1.80328938e-15,-5.96630053e-13,-1.35246681e-15,0,-0,0,-2.77555756e-17,1.66533454e-17,1.11944823e-32,-3.4763394e-31,-0,-1.89510637e-30,2,1.34564153e-19,3.58848263e-16,1.06326469e-16
1.64,1.57079633,1.9085072,1.24289593e-17,-2.30652177e-15,-6.20553285e-13,-3.08334684e-16,0,-0,0,-2.77555756e-17,1.66533454e-17,1.8971941e-32,-3.83227923e-33,-0,4.01374801e-29,2,4.92379776e-19,3.55432412e-16,1.01863828e-16
1.642,1.57079633,1.9085072,-1.51499199e-16,-2.87531385e-15,-1.06684157e-12,3.7599988e-16,0,-0,0,0,3.23682852e-17,3.15215435e-32,-5.69636805e-32,-0,-2.00410639e-29,2,7.62992225e-19,3.50185764e-16,9.56541965e-17
1.644,1.57079633,1.9085072,-6.66573748e-16,-9.60578464e-17,1.02588306e-13,3.53783854e-15,0,-0,0,0,3.23682852e-17,9.89140131e-33,-2.35823029e-30,-0,1.07627283e-30,2,-4.09939591e-19,3.4735053e-16,9.33744469e-17
1.646,1.57079633,1.9085072,-4.59504248e-16,2.22277813e-15,2.59800017e-13,3.05646763e-15,0,-0,0,0,3.23682852e-17,2.18726229e-32,-1.40445986e-30,0,1.16737309e-29,2,-1.51789278e-18,3.446069e-16,9.61961979e-17
1.648,1.57079633,1.9085072,1.73880195e-16,2.3743814e-15,2.51793187e-13,-4.18849976e-17,0,-0,0,-2.77555756e-17,1.66533454e-17,1.90229656e-32,-7.28297154e-33,0,-5.89555621e-30,2,-1.65503195e-18,3.41446874e-16,1.01306992e-16
1.65,1.57079633,1.9085072,2.85900643e-16,1.67577327e-15,-4.22749128e-14,-8.74314194e-16,0,-0,0,-2.77555756e-17,1.66533454e-17,9.2252288e-33,-2.4996699e-31,0,-3.35772588e-30,2,-1.11037804e-18,3.3869525e-16,1.05183817e-16
1.652,1.57079633,1.9085072,-1.63711427e-16,2.02243139e-15,5.43000788e-13,1.22205362e-15,0,-0,0,-2.77555756e-17,1.66533454e-17,1.5578805e-32,-2.00064141e-31,0,-3.96804428e-30,2,-8.06992973e-19,3.3650925e-16,1.08240984e-16
1.654,1.57079633,1.9085072,1.58490675e-16,1.5585442e-15,5.02245541e-14,-4.73620401e-16,0,-0,4.4408921e-17,-2.77555756e-17,1.66533454e-17,8.34770604e-33,-7.50644171e-32,0,-2.92874631e-30,2,-6.37665951e-19,3.34063946e-16,1.11749147e-16
1.656,1.57079633,1.9085072,-1.96764972e-16,1.92907665e-15,5.32614325e-13,1.2235513e-15,0,-0,4.4408921e-17,-2.77555756e-17,1.66533454e-17,1.50365009e-32,-2.40752038e-31,0,-3.95091993e-30,2,-4.79452883e-19,3.31957763e-16,1.14652396e-16
1.658,1.57079633,1.9085072,1.22850497e-16,1.4899535e-15,5.5754826e-14,-4.22975567e-16,0,-0,4.4408921e-17,-2.77555756e-17,1.66533454e-17,7.95649044e-33,-5.19627587e-32,0,-2.82598067e-30,2,-3.82553835e-19,3.29494529e-16,1.18003762e-16
1.66,1.57079633,1.9085072,-2.09950186e-16,1.85547756e-15,5.14690078e-13,1.18949729e-15,0,-0,4.4408921e-17,-2.77555756e-17,1.66533454e-17,1.47048573e-32,-2.49735178e-31,0,-3.99899016e-30,2,-2.79492727e-19,3.27369456e-16,1.20785947e-16
1.662,1.57079633,1.9085072,1.00677812e-16,1.43237449e-15,5.71226452e-14,-3.91439753e-16,0,-0,4.4408921e-17,-2.77555756e-17,1.66533454e-17,7.67472685e-33,-3.94092978e-32,0,-2.75508439e-30,2,-2.23898612e-19,3.24859199e-16,1.24008179e-16
1.664,1.57079633,1.9085072,1.10162208e-16,9.64060908e-16,-2.70912881e-14,-5.54711846e-16,0,-0,4.4408921e-17,-2.77555756e-17,1.66533454e-17,3.42495991e-33,-6.1108282e-32,0,1.11266335e-29,2,7.80160802e-21,3.23002427e-16,1.26273016e-16
1.666,1.57079633,1.9085072,4.59772486e-17,1.35764909e-15,1.04444905e-13,-1.75647551e-16,0,-0,4.4408921e-17,-2.77555756e-17,1.66533454e-17,7.29799587e-33,-8.07579114e-33,0,-2.5510752e-30,2,-1.08477384e-19,3.20588883e-16,1.29269373e-16
1.668,1.57079633,1.9085072,8.99061584e-17,9.33739641e-16,-6.74269737e-15,-4.8093654e-16,0,-0,4.4408921e-17,-2.77555756e-17,1.66533454e-17,3.33808677e-33,-4.32391568e-32,0,1.1080942e-29,2,6.28114963e-20,3.18742531e-16,1.31447375e-16
1.67,1.57079633,1.9085072,3.82850059e-17,1.31484102e-15,1.0303831e-13,-1.59413181e-16,0,-0,4.4408921e-17,-2.77555756e-17,1.66533454e-17,7.15724329e-33,-6.10313456e-33,0,-2.52201005e-30,2,-6.40236972e-20,3.16256612e-16,1.34348688e-16
1.672,1.57079633,1.9085072,8.25827621e-17,9.04691281e-16,-5.09198639e-15,-4.58749124e-16,0,-0,4.4408921e-17,-2.77555756e-17,1.66533454e-17,3.26473743e-33,-3.78847698e-32,0,1.10737915e-29,2,9.16706277e-20,3.14372294e-16,1.36458565e-16
1.674,1.57079633,1.9085072,3.38674839e-17,1.27734064e-15,1.00309121e-13,-1.50450722e-16,0,-0,4.4408921e-17,-2.77555756e-17,1.66533454e-17,7.05848755e-33,-5.09538739e-33,0,-2.5072811e-30,2,-3.77733954e-20,3.11809415e-16,1.39278118e-16
1.676,1.57079633,1.9085072,7.7397639e-17,8.78741337e-16,-4.2953469e-15,-4.40664218e-16,0,-0,4.4408921e-17,-2.77555756e-17,1.66533454e-17,3.20940885e-33,-3.41063701e-32,0,1.10970342e-29,2,1.07352045e-19,3.09884173e-16,1.41327522e-16
1.678,1.57079633,1.9085072,3.08512157e-17,1.24382033e-15,9.7612775e-14,-1.43115573e-16,0,-0,4.4408921e-17,-2.77555756e-17,1.66533454e-17,6.99023672e-33,-4.41528942e-33,0,-2.50116536e-30,2,-2.22810102e-20,3.07245398e-16,1.440741e-16
1.68,1.57079633,1.9085072,7.34725316e-17,8.55514281e-16,-3.7542957e-15,-4.24845064e-16,0,-0,4.4408921e-17,-2.77555756e-17,1.66533454e-17,3.16890739e-33,-3.12144424e-32,0,1.11463694e-29,2,1.14964812e-19,3.05278699e-16,1.46069399e-16
1.682,1.57079633,1.9085072,2.87277351e-17,1.21377201e-15,9.5045292e-14,-1.36880982e-16,0,-0,4.4408921e-17,-2.77555756e-17,1.66533454e-17,6.9471982e-33,-3.9322806e-33,0,-2.50222003e-30,2,-1.35153875e-20,3.02565969e-16,1.48750618e-16
1.684,1.57079633,1.9085072,7.04028028e-17,8.34679016e-16,-3.37143212e-15,-4.10840342e-16,0,-0,4.4408921e-17,-2.77555756e-17,1.66533454e-17,3.14070165e-33,-2.89243116e-32,0,1.12182864e-29,2,1.17652656e-19,3.00558071e-16,1.50697392e-16
1.686,1.57079633,1.9085072,2.71907476e-17,1.18681228e-15,9.26410393e-14,-1.31482104e-16,0,-0,4.4408921e-17,-2.77555756e-17,1.66533454e-17,6.92541355e-33,-3.5750967e-33,0,-2.50938247e-30,2,-8.94326884e-21,2.97773718e-16,1.53320015e-16
1.688,1.57079633,1.9085072,6.79313423e-17,8.15974648e-16,-3.09212859e-15,-3.98353354e-16,0,-0,4.4408921e-17,-2.77555756e-17,1.66533454e-17,3.12285868e-33,-2.7060678e-32,0,1.13098498e-29,2,1.17393285e-19,2.95725312e-16,1.55223234e-16
1.69,1.57079633,1.9085072,2.60448548e-17,1.1626318e-15,9.04151973e-14,-1.26742447e-16,0,-0,4.4408921e-17,-2.77555756e-17,1.66533454e-17,6.92178166e-33,-3.30098864e-33,0,-2.52179965e-30,2,-6.96365443e-21,2.92871819e-16,1.57793345e-16
1.692,1.57079633,1.9085072,6.58909469e-17,7.99189668e-16,-2.88166437e-15,-3.87168665e-16,0,-0,4.4408921e-17,-2.77555756e-17,1.66533454e-17,3.11386555e-33,-2.551091e-32,0,1.14185952e-29,2,1.15427861e-19,2.90783824e-16,1.59657481e-16
1.694,1.57079633,1.9085072,2.51646744e-17,1.14097309e-15,8.83717556e-14,-1.22540318e-16,0,-0,4.4408921e-17,-2.77555756e-17,1.66533454e-17,6.9338191e-33,-3.0836872e-33,0,-2.53877542e-30,2,-6.56610943e-21,2.87863685e-16,1.62180594e-16
1.696,1.57079633,1.9085072,6.41716712e-17,7.84147469e-16,-2.71777734e-15,-3.77124027e-16,0,-0,4.4408921e-17,-2.77555756e-17,1.66533454e-17,3.11251161e-33,-2.42006791e-32,0,1.15424487e-29,2,1.12531341e-19,2.85737125e-16,1.64009711e-16
1.698,1.57079633,1.9085072,2.44693433e-17,1.12161624e-15,8.65080513e-14,-1.18789485e-16,0,-0,4.4408921e-17,-2.77555756e-17,1.66533454e-17,6.95950325e-33,-2.9067007e-33,0,-2.55973552e-30,2,-7.11446222e-21,2.82752766e-16,1.66490857e-16
1.7,1.57079633,1.9085072,6.27001926e-17,7.70696863e-16,-2.5861231e-15,-3.68092895e-16,0,-0,4.4408921e-17,-2.77555756e-17,1.66533454e-17,3.11781097e-33,-2.30794954e-32,0,1.16796633e-29,2,1.09183863e-19,2.8058869e-16,1.68288663e-16
1.702,1.57079633,1.9085072,2.39063447e-17,1.10436959e-15,8.48176022e-14,-1.15426916e-16,0,-0,4.4408921e-17,-2.77555756e-17,9.71445147e-18,6.9971654e-33,-2.75943563e-33,0,-2.58420247e-30,2,-8.20961546e-21,2.77542416e-16,1.70732453e-16
1.704,1.57079633,1.9085072,6.14266988e-17,7.58705813e-16,-2.4773975e-15,-3.59973197e-16,0,-0,4.4408921e-17,-2.77555756e-17,9.71445147e-18,3.12894976e-33,-2.21119652e-32,0,1.18287669e-29,2,1.05679406e-19,2.75341852e-16,1.7250235e-16
1.706,1.57079633,1.9085072,2.34412398e-17,1.0890634e-15,8.32918724e-14,-1.12404931e-16,0,-0,4.4408921e-17,-2.77555756e-17,9.71445147e-18,7.04541539e-33,-2.63491093e-33,0,-2.61177705e-30,2,-9.60253598e-21,2.72235829e-16,1.74913023e-16
1.708,1.57079633,1.9085072,6.03165481e-17,7.48057218e-16,-2.38550981e-15,-3.5268007e-16,0,-0,4.4408921e-17,-2.77555756e-17,9.71445147e-18,3.14524919e-33,-2.12724444e-32,0,1.19885193e-29,2,1.02194658e-19,2.69999762e-16,1.76658137e-16
1.71,1.57079633,1.9085072,2.30511458e-17,1.07554557e-15,8.19213649e-14,-1.0968619e-16,0,-0,4.4408921e-17,-2.77555756e-17,9.71445147e-18,7.10308681e-33,-2.52839235e-33,0,-2.64212424e-30,2,-1.11390781e-20,2.66836003e-16,1.79039601e-16
1.712,1.57079633,1.9085072,5.93449582e-17,7.38646034e-16,-2.30642253e-15,-3.46141118e-16,0,-0,4.4408921e-17,-2.77555756e-17,9.71445147e-18,3.16613882e-33,-2.05417302e-32,0,1.21578768e-29,2,9.8832655e-20,2.64565355e-16,1.80762816e-16
1.714,1.57079633,1.9085072,2.27205915e-17,1.06367864e-15,8.06962878e-14,-1.07240457e-16,0,-0,4.4408921e-17,-2.77555756e-17,9.71445147e-18,7.16919592e-33,-2.43656661e-33,0,-2.67496221e-30,2,-1.27250015e-20,2.6134572e-16,1.83118675e-16
1.716,1.57079633,1.9085072,5.84936185e-17,7.30377238e-16,-1.31684563e-14,-3.4029329e-16,0,-0,4.4408921e-17,-2.77555756e-17,9.71445147e-18,3.19113654e-33,-1.99049859e-32,0,-1.25803027e-30,2,9.56503959e-20,2.59041347e-16,1.84822652e-16
1.718,1.57079633,1.9085072,-1.50445595e-17,1.02628215e-15,1.22357139e-13,7.03701285e-17,0,-0,4.4408921e-17,-2.77555756e-17,9.71445147e-18,7.12285035e-33,-1.05868759e-33,0,-2.60752555e-30,2,9.70533838e-21,2.56311004e-16,1.86784302e-16
1.72,1.57079633,1.9085072,4.98733582e-17,7.23031003e-16,-1.63358167e-15,-2.91681012e-16,0,-0,4.4408921e-17,-2.77555756e-17,9.71445147e-18,3.21942332e-33,-1.45471116e-32,0,-1.25894116e-30,2,8.46284424e-20,2.54009388e-16,1.88457128e-16
1.722,1.57079633,1.9085072,-1.44918419e-17,1.01741822e-15,1.2172533e-13,7.38262e-17,0,-0,4.4408921e-17,-2.77555756e-17,9.71445147e-18,7.2062481e-33,-1.06987762e-33,0,-2.64531832e-30,2,-2.73398089e-21,2.51237786e-16,1.90402236e-16
1.724,1.57079633,1.9085072,5.01641117e-17,7.17079594e-16,-1.5138116e-15,-2.87230235e-16,0,-0,4.4408921e-17,-2.77555756e-17,9.71445147e-18,3.25285955e-33,-1.44086496e-32,0,-1.27239605e-30,2,7.28193527e-20,2.48901603e-16,1.92061042e-16
1.726,1.57079633,1.9085072,-1.34451015e-17,1.0102905e-15,1.20242801e-13,7.31026489e-17,0,-0,4.4408921e-17,-2.77555756e-17,9.71445147e-18,7.29754096e-33,-9.82872532e-34,0,-2.68710044e-30,2,-1.17542832e-20,2.46084883e-16,1.93992477e-16
1.728,1.57079633,1.9085072,5.03595543e-17,7.11878328e-16,-1.61515414e-15,-2.84079228e-16,0,-0,4.4408921e-17,-2.77555756e-17,9.71445147e-18,3.28880324e-33,-1.43061033e-32,0,-1.28718282e-30,2,6.45629129e-20,2.43714833e-16,1.95639351e-16
1.73,1.57079633,1.9085072,-1.27188077e-17,1.0041979e-15,1.18958322e-13,7.254869e-17,0,-0,4.4408921e-17,-2.77555756e-17,9.71445147e-18,7.39364825e-33,-9.22732837e-34,0,-2.73024985e-30,2,-1.7909303e-20,2.40854731e-16,1.97559058e-16
1.732,1.57079633,1.9085072,5.03646246e-17,7.0741033e-16,-1.67301028e-15,-2.81184624e-16,0,-0,4.4408921e-17,-2.77555756e-17,9.71445147e-18,3.32717703e-33,-1.41617581e-32,0,-1.30295666e-30,2,5.87230028e-20,2.38452088e-16,1.99195697e-16
1.734,1.57079633,1.9085072,-1.22182408e-17,9.99098983e-16,1.17868087e-13,7.21947238e-17,0,-0,4.4408921e-17,-2.77555756e-17,9.71445147e-18,7.49436585e-33,-8.82092516e-34,0,-2.77466004e-30,2,-2.220704e-20,2.35550113e-16,2.01105564e-16
1.736,1.57079633,1.9085072,5.02655336e-17,7.03656474e-16,-1.69961623e-15,-2.78563703e-16,0,-0,4.4408921e-17,-2.77555756e-17,9.71445147e-18,3.36791325e-33,-1.40021532e-32,0,-1.31965522e-30,2,5.4472069e-20,2.33115874e-16,2.0273361e-16
1.738,1.57079633,1.9085072,-1.18667707e-17,9.94953954e-16,1.16948477e-13,7.19868687e-17,0,-0,4.4408921e-17,-2.77555756e-17,9.71445147e-18,7.59952186e-33,-8.54251661e-34,0,-2.82028676e-30,2,-2.53060307e-20,2.30173259e-16,2.04635457e-16
1.74,1.57079633,1.9085072,5.01193906e-17,7.00587104e-16,-1.70739398e-15,-2.76236129e-16,0,-0,4.4408921e-17,-2.77555756e-17,9.71445147e-18,3.4109193e-33,-1.38447864e-32,0,-1.33722571e-30,2,5.12783518e-20,2.27708213e-16,2.06256486e-16
1.742,1.57079633,1.9085072,-1.16149567e-17,9.91714898e-16,1.16180654e-13,7.18878632e-17,0,-0,4.4408921e-17,-2.77555756e-17,9.71445147e-18,7.70893288e-33,-8.34974421e-34,0,-2.86708911e-30,2,-2.76261589e-20,2.24725987e-16,2.08152045e-16
1.744,1.57079633,1.9085072,4.99611552e-17,6.98166982e-16,-1.70426601e-15,-2.74206123e-16,0,-0,4.4408921e-17,-2.77555756e-17,9.71445147e-18,3.45609365e-33,-1.36996547e-32,0,-1.35561973e-30,2,4.88006944e-20,2.22230768e-16,2.09767554e-16
1.746,1.57079633,1.9085072,-1.14310526e-17,9.89330263e-16,1.15549531e-13,7.18729272e-17,0,-0,4.4408921e-17,-2.77555756e-17,9.71445147e-18,7.82241973e-33,-8.21583213e-34,0,-2.91503043e-30,2,-2.94353281e-20,2.19209802e-16,2.1165846e-16
1.748,1.57079633,1.9085072,4.98117408e-17,6.963586e-16,-1.69518471e-15,-2.72468316e-16,0,-0,4.4408921e-17,-2.77555756e-17,9.71445147e-18,3.50333572e-33,-1.35721211e-32,0,-1.37479391e-30,2,4.68192233e-20,2.16684935e-16,2.13269857e-16
1.75,1.57079633,1.9085072,-1.12945774e-17,9.87747819e-16,1.15042651e-13,7.1925333e-17,0,-0,4.4408921e-17,-2.77555756e-17,9.71445147e-18,7.93981656e-33,-8.12366239e-34,0,-2.96407943e-30,2,-3.09048923e-20,2.13625978e-16,2.15157647e-16
1.752,1.57079633,1.9085072,4.96832453e-17,6.95124187e-16,-1.68322084e-15,-2.71011866e-16,0,-0,4.4408921e-17,-2.77555756e-17,9.71445147e-18,3.55255122e-33,-1.3464749e-32,0,-1.39471011e-30,2,4.51912788e-20,2.11071899e-16,2.16766256e-16
1.754,1.57079633,1.9085072,-1.1192224e-17,9.86916428e-16,1.14649449e-13,7.2033542e-17,0,-0,4.4408921e-17,-2.77555756e-17,9.71445147e-18,8.06097524e-33,-8.06215537e-34,0,-3.01421039e-30,2,-3.2144844e-20,2.07975598e-16,2.1865237e-16
1.756,1.57079633,1.9085072,4.95822639e-17,6.94426893e-16,-1.6702568e-15,-2.69823036e-16,0,-0,4.4408921e-17,-2.77555756e-17,9.71445147e-18,3.60365467e-33,-1.3378437e-32,0,-1.41533528e-30,2,4.38234333e-20,2.05392674e-16,2.20259429e-16
1.758,1.57079633,1.9085072,-1.11152612e-17,9.86787045e-16,1.1436077e-13,7.21893799e-17,0,-0,4.4408921e-17,-2.77555756e-17,9.71445147e-18,8.18576663e-33,-8.02403816e-34,0,-3.06540307e-30,2,-3.32261473e-20,2.02259594e-16,2.22145214e-16
1.76,1.57079633,1.9085072,4.95119851e-17,6.94231452e-16,-1.65742615e-15,-2.68886785e-16,0,-0,4.4408921e-17,-2.77555756e-17,9.71445147e-18,3.65657032e-33,-1.33131185e-32,0,-1.43664104e-30,2,4.2653719e-20,1.99648136e-16,2.23751879e-16
1.762,1.57079633,1.9085072,-1.10578833e-17,9.87313251e-16,1.14168545e-13,7.23868741e-17,0,-0,4.4408921e-17,-2.77555756e-17,9.71445147e-18,8.31408043e-33,-8.00445609e-34,0,-3.11764231e-30,2,-3.41949147e-20,1.96478767e-16,2.25638593e-16
1.764,1.57079633,1.9085072,4.94735133e-17,6.94504535e-16,-1.645392e-15,-2.68187735e-16,0,-0,4.4408921e-17,-2.77555756e-17,9.71445147e-18,3.7112322e-33,-1.32681895e-32,0,-1.45860334e-30,2,4.16403361e-20,1.93839038e-16,2.27245945e-16
1.766,1.57079633,1.9085072,-5.54892833e-17,9.52894843e-16,1.63427782e-13,2.77065957e-16,0,-0,4.4408921e-17,-2.77555756e-17,9.71445147e-18,8.31125984e-33,-1.53741914e-32,0,-3.06078731e-30,2,7.60918533e-22,1.91189114e-16,2.28818716e-16
1.768,1.57079633,1.9085072,3.93305454e-17,6.92156382e-16,1.17079924e-14,-2.15317934e-16,0,-0,4.4408921e-17,-2.77555756e-17,9.71445147e-18,3.75866887e-33,-8.46857177e-33,0,-1.46630301e-30,2,3.73304126e-20,1.88564282e-16,2.3040434e-16
1.77,1.57079633,1.9085072,-5.54640268e-17,9.54027374e-16,1.64465713e-13,2.8185541e-16,0,-0,4.4408921e-17,-2.77555756e-17,9.71445147e-18,8.44509533e-33,-1.5632836e-32,0,-3.11289773e-30,2,-9.0705514e-21,1.85891549e-16,2.31979528e-16
1.772,1.57079633,1.9085072,4.00161546e-17,6.9342354e-16,1.18707005e-14,-2.14350653e-16,0,-0,4.4408921e-17,-2.77555756e-17,9.71445147e-18,3.8175389e-33,-8.57748886e-33,0,-1.48930729e-30,2,2.853976e-20,1.83237451e-16,2.3356772e-16
1.774,1.57079633,1.9085072,-5.47239987e-17,9.56381063e-16,1.64405177e-13,2.81809515e-16,0,-0,4.4408921e-17,-2.77555756e-17,9.71445147e-18,8.58463159e-33,-1.54217435e-32,0,-3.16852867e-30,2,-1.63790439e-20,1.80533878e-16,2.35146551e-16
1.776,1.57079633,1.9085072,4.06658143e-17,6.9500876e-16,1.17632731e-14,-2.14632962e-16,0,-0,4.4408921e-17,-2.77555756e-17,9.71445147e-18,3.87779324e-33,-8.72822418e-33,0,-1.51321108e-30,2,2.26077806e-20,1.77850371e-16,2.36738449e-16
1.778,1.57079633,1.9085072,-5.4266195e-17,9.5910147e-16,1.64458291e-13,2.81962263e-16,0,-0,4.4408921e-17,-2.77555756e-17,9.71445147e-18,8.7268395e-33,-1.53010192e-32,0,-3.22502233e-30,2,-2.12625769e-20,1.75116629e-16,2.38321488e-16
1.78,1.57079633,1.9085072,4.11185921e-17,6.96858472e-16,1.17000423e-14,-2.14921012e-16,0,-0,4.4408921e-17,-2.77555756e-17,9.71445147e-18,3.9393154e-33,-8.83724943e-33,0,-1.53765356e-30,2,1.86561031e-20,1.72404391e-16,2.39917701e-16
1.782,1.57079633,1.9085072,-5.40172561e-17,9.62188153e-16,1.64635847e-13,2.82375168e-16,0,-0,4.4408921e-17,-2.77555756e-17,9.71445147e-18,8.87179206e-33,-1.52531317e-32,0,-3.28235217e-30,2,-2.4577774e-20,1.69641106e-16,2.41505545e-16
1.784,1.57079633,1.9085072,4.14492884e-17,6.98985032e-16,1.16725294e-14,-2.15236603e-16,0,-0,4.4408921e-17,-2.77555756e-17,9.71445147e-18,4.00218678e-33,-8.92140404e-33,0,-1.56263595e-30,2,1.59803231e-20,1.66900616e-16,2.43106701e-16
1.786,1.57079633,1.9085072,-5.39113424e-17,9.65646018e-16,1.64922665e-13,2.83001589e-16,0,-0,4.4408921e-17,-2.77555756e-17,9.71445147e-18,9.0195871e-33,-1.52569956e-32,0,-3.34055079e-30,2,-2.68897544e-20,1.6410823e-16,2.44699966e-16
1.788,1.57079633,1.9085072,4.17095385e-17,7.01390699e-16,1.16697459e-14,-2.15611945e-16,0,-0,4.4408921e-17,-2.77555756e-17,9.71445147e-18,4.06645841e-33,-8.9930747e-33,0,-1.58816403e-30,2,1.41285044e-20,1.61339811e-16,2.46306698e-16
1.79,1.57079633,1.9085072,-5.39055356e-17,9.6946994e-16,1.65306645e-13,2.83806814e-16,0,-0,4.4408921e-17,-2.77555756e-17,9.71445147e-18,9.1702895e-33,-1.52987583e-32,0,-3.39964639e-30,2,-2.85582722e-20,1.58518634e-16,2.47905998e-16
1.792,1.57079633,1.9085072,4.19317664e-17,7.04070497e-16,1.1684453e-14,-2.16065193e-16,0,-0,4.4408921e-17,-2.77555756e-17,9.71445147e-18,4.13215942e-33,-9.05999521e-33,0,-1.61424106e-30,2,1.28127217e-20,1.55722504e-16,2.49518928e-16
1.794,1.57079633,1.9085072,-5.39719883e-17,9.73648739e-16,1.65778311e-13,2.84766042e-16,0,-0,4.4408921e-17,-2.77555756e-17,9.71445147e-18,9.32394406e-33,-1.53693895e-32,0,-3.45966359e-30,2,-2.98122006e-20,1.52872754e-16,2.51124861e-16
1.796,1.57079633,1.9085072,4.21361236e-17,7.07015329e-16,1.17119411e-14,-2.16605263e-16,0,-0,4.4408921e-17,-2.77555756e-17,9.71445147e-18,4.19930623e-33,-9.12690612e-33,0,-1.64086907e-30,2,1.18492899e-20,1.50049056e-16,2.52744592e-16
1.798,1.57079633,1.9085072,-5.40924748e-17,9.7816801e-16,1.66330002e-13,2.85861031e-16,0,-0,4.4408921e-17,-2.77555756e-17,9.71445147e-18,9.48058482e-33,-1.54629306e-32,0,-3.52062495e-30,2,-3.07973151e-20,1.47170883e-16,2.54357734e-16
1.8,1.57079633,1.9085072,4.23350051e-17,7.10213955e-16,1.17491176e-14,-2.17235395e-16,0,-0,4.4408921e-17,-2.77555756e-17,9.71445147e-18,4.26790846e-33,-9.19666155e-33,0,-1.66804967e-30,2,1.11207384e-20,1.44319705e-16,2.55984843e-16
1.802,1.57079633,1.9085072,-5.42549181e-17,9.83011884e-16,1.66955341e-13,2.87077904e-16,0,-0,4.4408921e-17,-2.77555756e-17,9.71445147e-18,9.6402407e-33,-1.55753881e-32,0,-3.58255198e-30,2,-3.16066264e-20,1.41413212e-16,2.57605742e-16
1.804,1.57079633,1.9085072,4.25359161e-17,7.13654206e-16,1.17939247e-14,-2.1795542e-16,0,-0,4.4408921e-17,-2.77555756e-17,9.71445147e-18,4.33797243e-33,-9.27093348e-33,0,-1.69578456e-30,2,1.05516789e-20,1.38534601e-16,2.5924078e-16
1.806,1.57079633,1.9085072,-5.44511828e-17,9.88164101e-16,1.67648884e-13,2.88405729e-16,0,-0,4.4408921e-17,-2.77555756e-17,9.71445147e-18,9.80293889e-33,-1.57040331e-32,0,-3.64546571e-30,2,-3.22996295e-20,1.3559985e-16,2.60869959e-16
1.808,1.57079633,1.9085072,4.27432875e-17,7.17323731e-16,1.18449681e-14,-2.18763182e-16,0,-0,4.4408921e-17,-2.77555756e-17,9.71445147e-18,4.40950335e-33,-9.35065757e-33,0,-1.72407586e-30,2,1.00934878e-20,1.32693821e-16,2.62513447e-16
1.81,1.57079633,1.9085072,-5.46756718e-17,9.93608644e-16,1.68405889e-13,2.89835618e-16,0,-0,4.4408921e-17,-2.77555756e-17,9.71445147e-18,9.96870687e-33,-1.58469571e-32,0,-3.70938703e-30,2,-3.29145183e-20,1.29730842e-16,2.64151403e-16
1.812,1.57079633,1.9085072,4.2959626e-17,7.21210424e-16,1.1901282e-14,-2.19655422e-16,0,-0,4.4408921e-17,-2.77555756e-17,9.71445147e-18,4.48250654e-33,-9.4363148e-33,0,-1.75292618e-30,2,9.71458396e-21,1.26797385e-16,2.65803836e-16
1.814,1.57079633,1.9085072,-1.13095232e-16,9.49359398e-16,2.32442046e-13,5.55154264e-16,0,-0,4.4408921e-17,-2.77555756e-17,9.71445147e-18,9.96248492e-33,-6.27853002e-32,0,-3.63206248e-30,2,2.06437891e-20,1.24349658e-16,2.67166663e-16
1.816,1.57079633,1.9085072,2.91444111e-17,7.18404486e-16,2.93211874e-14,-1.51189644e-16,0,-0,4.4408921e-17,-2.77555756e-17,9.71445147e-18,4.53653916e-33,-4.40633315e-33,0,-1.75952335e-30,2,1.09351768e-20,1.21445493e-16,2.68791501e-16
1.818,1.57079633,1.9085072,-1.1406192e-16,9.54104641e-16,2.35082475e-13,5.64294126e-16,0,-0,4.4408921e-17,-2.77555756e-17,1.66533454e-17,1.01301542e-32,-6.43644717e-32,0,-3.69355301e-30,2,1.20309503e-20,1.18986204e-16,2.70161023e-16
1.82,1.57079633,1.9085072,2.98507338e-17,7.22694108e-16,8.06729578e-13,-1.50703868e-16,0,-0,4.4408921e-17,-5.55111512e-17,3.23682852e-17,4.61286499e-33,-4.49862105e-33,0,-7.56017865e-30,2,2.90039741e-21,1.16053833e-16,2.71795074e-16
1.822,1.57079633,1.9085072,2.24159795e-16,-9.62702441e-16,-7.31266076e-13,-1.43428865e-15,0,-0,4.4408921e-17,-2.77555756e-17,1.66533454e-17,2.7846357e-33,-3.21509849e-31,-0,3.45445131e-30,2,6.26979336e-19,1.14198855e-16,2.70778847e-16
1.824,1.57079633,1.9085072,6.46243772e-17,-1.61325522e-15,-6.37058333e-13,-7.84698707e-16,0,-0,4.4408921e-17,-2.77555756e-17,1.66533454e-17,8.40312088e-33,-5.07106652e-32,-0,1.52688644e-29,2,9.23153643e-19,1.12432749e-16,2.67946039e-16
1.826,1.57079633,1.9085072,1.35889119e-16,-2.93583245e-15,-7.59933967e-13,-1.38849103e-15,0,-0,4.4408921e-17,-2.77555756e-17,1.66533454e-17,3.42049599e-32,-1.88680823e-31,-0,-7.86794729e-30,2,1.41809087e-18,1.07978182e-16,2.6278417e-16
1.828,1.57079633,1.9085072,-2.98366093e-16,-2.25315186e-15,-4.13723501e-14,9.87027273e-16,0,-0,4.4408921e-17,-2.77555756e-17,1.66533454e-17,1.88468549e-32,-2.94495471e-31,-0,-6.50691777e-30,2,1.00960639e-18,1.04797015e-16,2.57701777e-16
1.83,1.57079633,1.9085072,8.05433561e-17,-2.73454308e-15,-5.95985431e-13,-8.55782908e-16,0,-0,4.4408921e-17,-2.77555756e-17,1.66533454e-17,2.99698455e-32,-6.89276275e-32,-0,-7.68188348e-30,2,9.06132256e-19,1.01276373e-16,2.52970883e-16
1.832,1.57079633,1.9085072,-2.51202755e-16,-2.04811567e-15,-1.7559781e-14,9.85182782e-16,0,-0,4.4408921e-17,-2.77555756e-17,1.66533454e-17,1.58556002e-32,-2.47480629e-31,-0,-5.63892152e-30,2,5.41661989e-19,9.82549233e-17,2.48316429e-16
1.834,1.57079633,1.9085072,-4.72809167e-17,-2.59265102e-15,-3.74022098e-13,-7.80667623e-17,0,-0,4.4408921e-17,-2.77555756e-17,1.66533454e-17,2.7007906e-32,3.69106808e-33,-0,-7.99887432e-30,2,6.28942691e-19,9.40384466e-17,2.43321672e-16
1.836,1.57079633,1.9085072,-2.34430539e-16,-1.86003946e-15,-2.36216131e-14,1.06042588e-15,0,-0,4.4408921e-17,-2.77555756e-17,1.66533454e-17,1.33708487e-32,-2.4859621e-31,-0,3.18237291e-29,2,2.23453638e-19,9.1255502e-17,2.39037381e-16
1.838,1.57079633,1.9085072,-1.29377252e-16,-2.42259477e-15,-2.15274801e-13,4.44520662e-16,0,-0,4.4408921e-17,-2.77555756e-17,1.66533454e-17,2.38827916e-32,-5.75108616e-32,-0,-7.76907555e-30,2,4.04731196e-19,8.64334148e-17,2.33765083e-16
1.84,1.57079633,1.9085072,-2.14824184e-16,-1.68036511e-15,2.21578448e-14,1.08061264e-15,0,-0,4.4408921e-17,-2.77555756e-17,1.66533454e-17,1.12146168e-32,-2.32141729e-31,-0,2.74134241e-29,2,-1.29834478e-20,8.38425657e-17,2.29852478e-16
1.842,1.57079633,1.9085072,-9.99340363e-17,-2.20058875e-15,-1.97317948e-13,4.05885465e-16,0,-0,4.4408921e-17,-2.77555756e-17,1.66533454e-17,2.02780669e-32,-4.05617728e-32,-0,-6.66235253e-30,2,1.87569433e-19,7.92408335e-17,2.25061127e-16
1.844,1.57079633,1.9085072,3.83342925e-16,-2.53917052e-15,-8.78214163e-13,-1.97782126e-15,0,-0,4.4408921e-17,-2.77555756e-17,1.66533454e-17,3.18077992e-32,-7.58183786e-31,-0,-7.09090978e-30,2,1.2221327e-19,7.56988971e-17,2.21001642e-16
1.846,1.57079633,1.9085072,-1.47195061e-16,-2.03032858e-15,-9.87468266e-14,6.97406818e-16,0,-0,4.4408921e-17,-2.77555756e-17,1.66533454e-17,1.76844939e-32,-1.02654839e-31,-0,-6.16986673e-30,2,7.71369738e-20,7.15844415e-17,2.16476963e-16
1.848,1.57079633,1.9085072,3.56573785e-16,-2.30541188e-15,-7.95284275e-13,-1.77776378e-15,0,-0,4.4408921e-17,-2.77555756e-17,1.66533454e-17,2.74061792e-32,-6.33903961e-31,-0,-6.32086247e-30,2,-1.02102848e-20,6.82501825e-17,2.12788378e-16
1.85,1.57079633,1.9085072,-1.24224191e-16,-1.84139919e-15,-9.01763348e-14,6.3736101e-16,0,-0,4.4408921e-17,-2.77555756e-17,1.66533454e-17,1.50769554e-32,-7.91756556e-32,-0,-5.29909858e-30,2,-3.24801153e-20,6.4313661e-17,2.086833e-16
1.852,1.57079633,1.9085072,1.4962694e-16,-2.23105203e-15,-5.2314916e-13,-7.84118952e-16,0,-0,4.4408921e-17,-2.77555756e-17,1.66533454e-17,2.54406264e-32,-1.17325319e-31,-0,-7.13364131e-30,2,7.19685055e-20,6.01997112e-17,2.04814859e-16
1.854,1.57079633,1.9085072,-1.48762343e-16,-1.6800645e-15,-2.85660926e-14,7.92055474e-16,0,-0,4.4408921e-17,-2.77555756e-17,1.66533454e-17,1.30306396e-32,-1.17828028e-31,-0,-4.77453429e-30,2,-9.64875176e-20,5.66095734e-17,2.01002534e-16
1.856,1.57079633,1.9085072,1.40591397e-16,-2.01835702e-15,-4.72209502e-13,-6.9578223e-16,0,-0,4.4408921e-17,-2.77555756e-17,1.66533454e-17,2.19649803e-32,-9.78209955e-32,-0,-6.2935545e-30,2,-1.43495071e-20,5.27045687e-17,1.97504185e-16
1.858,1.57079633,1.9085072,-1.28832712e-16,-1.51870195e-15,-2.60289493e-14,7.21867269e-16,0,-0,4.4408921e-17,-2.77555756e-17,1.66533454e-17,1.1153972e-32,-9.30001182e-32,-0,-4.11064901e-30,2,-1.55407414e-19,4.92543023e-17,1.94057063e-16
1.86,1.57079633,1.9085072,1.48538957e-17,-1.90370412e-15,-2.96054609e-13,-8.5318972e-17,0,-0,4.4408921e-17,-2.77555756e-17,1.66533454e-17,1.99539994e-32,-1.26731912e-33,-0,-6.37798929e-30,2,2.20989866e-20,4.46625065e-17,1.903909e-16
1.862,1.57079633,1.9085072,-1.38094814e-16,-1.37054052e-15,1.10914487e-14,7.89763876e-16,0,-0,4.4408921e-17,-2.77555756e-17,1.66533454e-17,9.59304879e-33,-1.09062296e-31,-0,-3.64166679e-30,2,-1.98579609e-19,4.14571523e-17,1.87236889e-16
1.864,1.57079633,1.9085072,-3.09095705e-16,-1.05998009e-15,-4.77655671e-13,1.69906419e-15,0,-0,4.4408921e-17,-2.77555756e-17,5.63547556e-17,3.20523917e-33,-5.25173443e-31,-0,-5.99970263e-30,2,-3.07171333e-19,3.88722015e-17,1.8441896e-16
1.866,1.57079633,1.9085072,-1.50054494e-16,1.55224045e-16,3.65476094e-13,1.24553791e-15,0,-0,4.4408921e-17,-2.77555756e-17,1.66533454e-17,4.82332366e-33,-1.86898561e-31,0,-1.59067696e-30,2,-9.90530889e-19,4.26133414e-17,1.84171747e-16
1.868,1.57079633,1.9085072,6.38564902e-17,1.67914234e-16,9.61586122e-14,1.64625827e-16,0,-0,4.4408921e-17,-2.77555756e-17,1.66533454e-17,1.08771108e-32,1.05124275e-32,0,-4.21590994e-30,2,-9.67816556e-19,4.62895158e-17,1.8456194e-16
1.87,1.57079633,1.9085072,1.12103743e-16,1.59340273e-16,-7.16657762e-15,-1.80535926e-16,0,-0,4.4408921e-17,-2.77555756e-17,1.66533454e-17,4.78292916e-33,-2.02387531e-32,0,-1.87439059e-30,2,-7.5996558e-19,4.9572862e-17,1.84902665e-16
1.872,1.57079633,1.9085072,5.78952153e-17,8.51655715e-17,4.77202809e-14,1.29357512e-17,0,-0,4.4408921e-17,-2.77555756e-17,1.66533454e-17,1.05522102e-32,7.48918103e-34,0,-4.15687825e-30,2,-6.04823655e-19,5.30394271e-17,1.85121682e-16
1.874,1.57079633,1.9085072,7.77821705e-17,8.15027726e-17,-1.06564186e-14,-1.62463691e-16,0,-0,4.4408921e-17,-2.77555756e-17,1.66533454e-17,4.58280918e-33,-1.26367785e-32,0,-1.81631567e-30,2,-4.52894323e-19,5.63401412e-17,1.85296655e-16
1.876,1.57079633,1.9085072,3.50648846e-17,-8.52329442e-18,3.39572526e-14,9.60997423e-19,0,-0,4.4408921e-17,-2.77555756e-17,1.66533454e-17,1.02712272e-32,3.36972637e-35,-0,-4.07718736e-30,2,-3.52570841e-19,5.98245159e-17,1.85350662e-16
1.878,1.57079633,1.9085072,4.94650629e-17,1.200356e-17,-7.06809057e-15,-1.19070698e-16,0,-0,4.4408921e-17,-2.77555756e-17,1.66533454e-17,4.44021765e-33,-5.88983957e-33,0,-1.76898966e-30,2,-2.56509232e-19,6.31476552e-17,1.85367273e-16
1.88,1.57079633,1.9085072,2.17239923e-17,-9.15774598e-17,2.07862001e-14,-1.19599148e-17,0,-0,4.4408921e-17,-2.77555756e-17,1.66533454e-17,1.00756138e-32,-2.59817096e-34,-0,-4.01813429e-30,2,-1.93320093e-19,6.66358427e-17,1.85276643e-16
1.882,1.57079633,1.9085072,3.015981e-17,-4.93988617e-17,-4.95210682e-15,-8.36285672e-17,0,-0,4.4408921e-17,-2.77555756e-17,1.66533454e-17,4.34352024e-33,-2.5222217e-33,-0,-1.73528417e-30,2,-1.34340966e-19,6.99655215e-17,1.85153194e-16
1.884,1.57079633,1.9085072,1.48219068e-17,-1.65921766e-16,7.76326264e-15,-2.73296398e-17,0,-0,4.4408921e-17,-2.77555756e-17,1.66533454e-17,9.94541048e-33,-4.05077373e-34,-0,-3.97648448e-30,2,-9.35597885e-20,7.34460808e-17,1.84933862e-16
1.886,1.57079633,1.9085072,1.6788987e-17,-1.04468921e-16,-3.90606928e-15,-5.43569197e-17,0,-0,4.4408921e-17,-2.77555756e-17,1.66533454e-17,4.28079633e-33,-9.12597619e-34,-0,-1.71258967e-30,2,-5.91760308e-20,7.67730524e-17,1.84684875e-16
1.888,1.57079633,1.9085072,1.19108794e-17,-2.33306293e-16,-4.86118751e-15,-4.38290967e-17,0,-0,4.4408921e-17,-2.77555756e-17,1.66533454e-17,9.86659441e-33,-5.22043083e-34,-0,-3.94922175e-30,2,-3.14506001e-20,8.02401503e-17,1.843494e-16
1.89,1.57079633,1.9085072,7.26250718e-18,-1.54456256e-16,-3.52276037e-15,-2.94845469e-17,0,-0,4.4408921e-17,-2.77555756e-17,1.66533454e-17,4.24430698e-33,-2.14131734e-34,-0,-1.69888637e-30,2,-1.36559779e-20,8.35598085e-17,1.83986514e-16
1.892,1.57079633,1.9085072,1.14326305e-17,-2.94963674e-16,-1.69385107e-14,-6.05984549e-17,0,-0,4.4408921e-17,-2.77555756e-17,1.66533454e-17,9.82940479e-33,-6.92799743e-34,-0,-3.93408515e-30,2,6.87060481e-21,8.70111664e-17,1.8354512e-16
1.894,1.57079633,1.9085072,2.449464e-19,-2.00238122e-16,-3.54135555e-15,-7.83537004e-18,0,-0,4.4408921e-17,-2.77555756e-17,1.66533454e-17,4.22876152e-33,-1.91924568e-36,-0,-1.69263497e-30,2,1.32212761e-20,9.03217713e-17,1.83077948e-16
1.896,1.57079633,1.9085072,1.24059356e-17,-3.51779212e-16,-2.83970397e-14,-7.71257035e-17,0,-0,4.4408921e-17,-2.77555756e-17,1.66533454e-17,9.82668018e-33,-9.56816507e-34,-0,-3.92932752e-30,2,3.01920513e-20,9.37572653e-17,1.82539192e-16
1.898,1.57079633,1.9085072,-5.11650354e-18,-2.42448095e-16,-3.79772996e-15,1.13708573e-17,0,-0,4.4408921e-17,-2.77555756e-17,1.66533454e-17,4.23033213e-33,-5.81790315e-35,-0,-1.69262917e-30,2,2.84233208e-20,9.70588118e-17,1.8197589e-16
1.9,1.57079633,1.9085072,1.42154361e-17,-4.04409668e-16,-3.92125521e-14,-9.3118374e-17,0,-0,4.4408921e-17,-2.77555756e-17,1.66533454e-17,9.85293278e-33,-1.32371829e-33,-0,-3.93355801e-30,2,4.4082387e-20,1.0047959e-16,1.81347115e-16
1.902,1.57079633,1.9085072,-9.36794794e-18,-2.81559208e-16,-4.18910132e-15,2.8660252e-17,0,-0,4.4408921e-17,-2.77555756e-17,1.66533454e-17,4.24611869e-33,-2.68487749e-34,-0,-1.69790188e-30,2,3.63589753e-20,1.03773095e-16,1.80694748e-16
1.904,1.57079633,1.9085072,1.64773541e-17,-4.53359498e-16,-4.9389304e-14,-1.08420838e-16,0,-0,4.4408921e-17,-2.77555756e-17,1.66533454e-17,9.90381863e-33,-1.78648854e-33,-0,-3.94564388e-30,2,5.20681357e-20,1.07181025e-16,1.79982373e-16
1.906,1.57079633,1.9085072,-1.28605155e-17,-3.17937189e-16,-4.65150523e-15,4.43953013e-17,0,-0,4.4408921e-17,-2.77555756e-17,1.66533454e-17,4.27384625e-33,-5.70946462e-34,-0,-1.70766468e-30,2,3.98145529e-20,1.10468082e-16,1.79247168e-16
1.908,1.57079633,1.9085072,3.85606352e-17,-4.8192331e-16,-8.02068854e-14,-2.11809375e-16,0,-0,4.4408921e-17,-2.77555756e-17,1.66533454e-17,9.95956952e-33,-8.16750405e-33,-0,-3.95112946e-30,2,3.80123985e-20,1.13218003e-16,1.78615366e-16
1.91,1.57079633,1.9085072,-1.10617983e-17,-3.49354953e-16,-1.09961801e-14,3.53370514e-17,0,-0,4.4408921e-17,-2.77555756e-17,1.66533454e-17,4.30978658e-33,-3.90891336e-34,-0,-1.71907995e-30,2,3.99438803e-20,1.16481378e-16,1.77815797e-16
1.912,1.57079633,1.9085072,4.43765705e-17,-5.21384827e-16,-9.30323425e-14,-2.41828223e-16,0,-0,4.4408921e-17,-2.77555756e-17,1.66533454e-17,1.00425628e-32,-1.07315072e-32,-0,-3.97047843e-30,2,3.98907403e-20,1.19223114e-16,1.77122906e-16
1.914,1.57079633,1.9085072,-1.30437167e-17,-3.8056394e-16,-1.25237347e-14,4.4441429e-17,0,-0,4.4408921e-17,-2.77555756e-17,9.71445147e-18,4.35535793e-33,-5.7968141e-34,-0,-1.73500844e-30,2,4.15543088e-20,1.22481224e-16,1.76253598e-16
1.916,1.57079633,1.9085072,4.96131518e-17,-5.58692321e-16,-1.04635025e-13,-2.68277856e-16,0,-0,4.4408921e-17,-2.77555756e-17,9.71445147e-18,1.0141023e-32,-1.331011e-32,-0,-3.99508506e-30,2,4.04241939e-20,1.25220314e-16,1.7550309e-16
1.918,1.57079633,1.9085072,-1.48390325e-17,-4.09839678e-16,-1.38684108e-14,5.3287162e-17,0,-0,4.4408921e-17,-2.77555756e-17,9.71445147e-18,4.40823204e-33,-7.90729929e-34,-0,-1.75373555e-30,2,4.1816001e-20,1.28475689e-16,1.74568212e-16
1.92,1.57079633,1.9085072,5.46310221e-17,-5.93732359e-16,-1.15508396e-13,-2.93093746e-16,0,-0,4.4408921e-17,-2.77555756e-17,9.71445147e-18,1.02528085e-32,-1.60120109e-32,-0,-4.02425055e-30,2,3.98772705e-20,1.31213907e-16,1.73763688e-16
1.922,1.57079633,1.9085072,-1.64205937e-17,-4.37316036e-16,-1.51461283e-14,6.1489555e-17,0,-0,4.4408921e-17,-2.77555756e-17,9.71445147e-18,4.4673697e-33,-1.009695e-33,-0,-1.774863e-30,2,4.12268273e-20,1.34468648e-16,1.72767259e-16
1.924,1.57079633,1.9085072,5.94147081e-17,-6.26701198e-16,-1.25715719e-13,-3.16427518e-16,0,-0,4.4408921e-17,-2.77555756e-17,9.71445147e-18,1.03763666e-32,-1.88004486e-32,-0,-4.05759298e-30,2,3.87079562e-20,1.37207667e-16,1.71911999e-16
1.926,1.57079633,1.9085072,-1.78389582e-17,-4.63152281e-16,-1.635811e-14,6.91157315e-17,0,-0,4.4408921e-17,-2.77555756e-17,9.71445147e-18,4.53193727e-33,-1.23295265e-33,-0,-1.79809243e-30,2,4.01581193e-20,1.40463808e-16,1.70857684e-16
1.928,1.57079633,1.9085072,6.39558377e-17,-6.57779335e-16,-1.3530679e-13,-3.38383776e-16,0,-0,4.4408921e-17,-2.77555756e-17,9.71445147e-18,1.05103995e-32,-2.16416179e-32,-0,-4.0947895e-30,2,3.72091745e-20,1.43205251e-16,1.6995468e-16
1.93,1.57079633,1.9085072,-1.91299851e-17,-4.87490173e-16,-1.75051773e-14,7.622876e-17,0,-0,4.4408921e-17,-2.77555756e-17,9.71445147e-18,4.60124066e-33,-1.45825504e-33,-0,-1.8231747e-30,2,3.88423311e-20,1.46464746e-16,1.68845826e-16
1.932,1.57079633,1.9085072,6.82564164e-17,-6.87127927e-16,-1.44328451e-13,-3.59063055e-16,0,-0,4.4408921e-17,-2.77555756e-17,9.71445147e-18,1.0653815e-32,-2.45083574e-32,-0,-4.13556072e-30,2,3.55619474e-20,1.49210174e-16,1.67897812e-16
1.934,1.57079633,1.9085072,-2.03183681e-17,-5.10456512e-16,-1.85896546e-14,8.28805326e-17,0,-0,4.4408921e-17,-2.77555756e-17,9.71445147e-18,4.67470098e-33,-1.68399717e-33,-0,-1.84990091e-30,2,3.74226156e-20,1.52474876e-16,1.66737482e-16
1.936,1.57079633,1.9085072,7.232463e-17,-7.14892157e-16,-1.5282467e-13,-3.78561394e-16,0,-0,4.4408921e-17,-2.77555756e-17,9.71445147e-18,1.08056941e-32,-2.73793127e-32,-0,-4.1796643e-30,2,3.38764877e-20,1.55225772e-16,1.65746963e-16
1.938,1.57079633,1.9085072,-2.14215272e-17,-5.32165764e-16,-1.96147283e-14,8.9114754e-17,0,-0,4.4408921e-17,-2.77555756e-17,9.71445147e-18,4.75183609e-33,-1.90897413e-33,-0,-1.87809612e-30,2,3.59857644e-20,1.58497435e-16,1.64537964e-16
1.94,1.57079633,1.9085072,7.61720602e-17,-7.41203788e-16,-1.60836504e-13,-3.96969519e-16,0,-0,4.4408921e-17,-2.77555756e-17,9.71445147e-18,1.09652643e-32,-3.02379861e-32,-0,-4.22688984e-30,2,3.22184356e-20,1.61255204e-16,1.63507233e-16
1.942,1.57079633,1.9085072,-2.24521325e-17,-5.52721964e-16,-2.05840013e-14,9.49691027e-17,0,-0,4.4408921e-17,-2.77555756e-17,9.71445147e-18,4.83224538e-33,-2.13225888e-33,-0,-1.90761414e-30,2,3.458312e-20,1.64535477e-16,1.6225214e-16
1.944,1.57079633,1.9085072,7.9811954e-17,-7.66183031e-16,-1.68402154e-13,-4.14372511e-16,0,-0,4.4408921e-17,-2.77555756e-17,9.71445147e-18,1.1131878e-32,-3.30718798e-32,-0,-4.27705459e-30,2,3.06254817e-20,1.67301441e-16,1.61183304e-16
1.946,1.57079633,1.9085072,-2.34197164e-17,-5.72220131e-16,-2.15012203e-14,1.00476671e-16,0,-0,4.4408921e-17,-2.77555756e-17,9.71445147e-18,4.91559719e-33,-2.35313515e-33,-0,-1.93833316e-30,2,3.32438213e-20,1.70591877e-16,1.5988448e-16
1.948,1.57079633,1.9085072,8.32581629e-17,-7.89939975e-16,-1.75557078e-13,-4.30849759e-16,0,-0,4.4408921e-17,-2.77555756e-17,9.71445147e-18,1.13049936e-32,-3.58717594e-32,-0,-4.32999985e-30,2,2.9117889e-20,1.73367281e-16,1.58779468e-16
1.95,1.57079633,1.9085072,-2.43317063e-17,-5.9074734e-16,-2.23701107e-14,1.05666939e-16,0,-0,4.4408921e-17,-2.77555756e-17,9.71445147e-18,5.00161829e-33,-2.57105693e-33,-0,-1.97015209e-30,2,3.19831841e-20,1.76669336e-16,1.5743908e-16
1.952,1.57079633,1.9085072,8.65245053e-17,-8.12575701e-16,-1.82334138e-13,-4.46475099e-16,0,-0,4.4408921e-17,-2.77555756e-17,9.71445147e-18,1.14841597e-32,-3.8631037e-32,-0,-4.38558788e-30,2,2.77051438e-20,1.79455349e-16,1.56299667e-16
1.954,1.57079633,1.9085072,-2.51940886e-17,-6.08383584e-16,-2.31942821e-14,1.10566443e-16,0,-0,4.4408921e-17,-2.77555756e-17,9.71445147e-18,5.09008492e-33,-2.78562076e-33,-0,-2.00298739e-30,2,3.08079991e-20,1.82770391e-16,1.54919704e-16
1.956,1.57079633,1.9085072,8.96243938e-17,-8.3418319e-16,-1.88763754e-13,-4.61317047e-16,0,-0,4.4408921e-17,-2.77555756e-17,9.71445147e-18,1.16690025e-32,-4.13452607e-32,-0,-4.44369923e-30,2,2.63901554e-20,1.85568112e-16,1.53747515e-16
1.958,1.57079633,1.9085072,-2.6011838e-17,-6.25202469e-16,-2.39771744e-14,1.15199253e-16,0,-0,4.4408921e-17,-2.77555756e-17,9.71445147e-18,5.18081522e-33,-2.99654432e-33,-0,-2.03677048e-30,2,2.97198734e-20,1.88897425e-16,1.52329802e-16
1.96,1.57079633,1.9085072,9.25706282e-17,-8.54848087e-16,-1.94874063e-13,-4.7543909e-16,0,-0,4.4408921e-17,-2.77555756e-17,9.71445147e-18,1.18592135e-32,-4.40116952e-32,-0,-4.50423049e-30,2,2.5171899e-20,1.91707886e-16,1.51126328e-16
1.962,1.57079633,1.9085072,-2.67891976e-17,-6.41271808e-16,-2.47220327e-14,1.19587322e-16,0,-0,4.4408921e-17,-2.77555756e-17,9.71445147e-18,5.27366282e-33,-3.20364839e-33,-0,-2.07144547e-30,2,2.87173334e-20,1.95052677e-16,1.49672537e-16
1.964,1.57079633,1.9085072,9.53752917e-17,-8.74649347e-16,-2.00691082e-13,-4.88899996e-16,0,-0,4.4408921e-17,-2.77555756e-17,9.71445147e-18,1.20545408e-32,-4.66289798e-32,-0,-4.56709231e-30,2,2.40470754e-20,1.97876849e-16,1.48439146e-16
1.966,1.57079633,1.9085072,-2.75298632e-17,-6.56654127e-16,-2.5431897e-14,1.23750744e-16,0,-0,4.4408921e-17,-2.77555756e-17,9.71445147e-18,5.36851141e-33,-3.40684107e-33,-0,-2.10696725e-30,2,2.77971433e-20,2.01238252e-16,1.46950811e-16
1.968,1.57079633,1.9085072,-3.45772935e-17,-4.40900037e-16,7.49660675e-15,1.94537645e-16,0,-0,4.4408921e-17,-2.77555756e-17,9.71445147e-18,2.32731309e-33,-6.72658525e-33,-0,9.84226953e-30,2,-4.33023559e-20,2.03521796e-16,1.45915136e-16
1.97,1.57079633,1.9085072,-1.19597293e-17,-6.61164579e-16,-4.53128606e-14,4.97472423e-17,0,-0,4.4408921e-17,-2.77555756e-17,9.71445147e-18,5.43989491e-33,-5.9496355e-34,-0,-2.11955714e-30,2,2.0102808e-20,2.06837359e-16,1.44440451e-16
1.972,1.57079633,1.9085072,-3.24096419e-17,-4.52065907e-16,6.79744562e-16,1.81789454e-16,0,-0,4.4408921e-17,-2.77555756e-17,9.71445147e-18,2.37244291e-33,-5.89173111e-33,-0,1.00045786e-29,2,-3.94824893e-20,2.09119392e-16,1.43384862e-16
1.974,1.57079633,1.9085072,-1.25495028e-17,-6.74944907e-16,-4.68018142e-14,4.99757889e-17,0,-0,4.4408921e-17,-2.77555756e-17,9.71445147e-18,5.53714806e-33,-6.27171302e-34,-0,-2.15486864e-30,2,2.55434499e-20,2.12452422e-16,1.41880433e-16
1.976,1.57079633,1.9085072,-3.36969832e-17,-4.61763578e-16,6.63128393e-16,1.86693333e-16,0,-0,4.4408921e-17,-2.77555756e-17,9.71445147e-18,2.41637991e-33,-6.29100212e-33,-0,1.01701979e-29,2,-3.64168347e-20,2.14749573e-16,1.40802389e-16
1.978,1.57079633,1.9085072,-1.32955271e-17,-6.88353561e-16,-4.78074602e-14,5.18862743e-17,0,-0,4.4408921e-17,-2.77555756e-17,9.71445147e-18,5.63655933e-33,-6.89855366e-34,-0,-2.19150491e-30,2,2.91827221e-20,2.181021e-16,1.39268424e-16
1.98,1.57079633,1.9085072,-3.4835691e-17,-4.70999254e-16,7.77778132e-16,1.91681725e-16,0,-0,4.4408921e-17,-2.77555756e-17,9.71445147e-18,2.46086309e-33,-6.67736534e-33,-0,1.0339508e-29,2,-3.50065402e-20,2.20414823e-16,1.38168846e-16
1.982,1.57079633,1.9085072,-1.38713908e-17,-7.01226384e-16,-4.87884504e-14,5.36438666e-17,0,-0,4.4408921e-17,-2.77555756e-17,9.71445147e-18,5.73756539e-33,-7.44115038e-34,-0,-2.22888973e-30,2,3.14261748e-20,2.23787427e-16,1.36606504e-16
1.984,1.57079633,1.9085072,-3.58096678e-17,-4.79860411e-16,8.64886491e-16,1.96371873e-16,0,-0,4.4408921e-17,-2.77555756e-17,9.71445147e-18,2.50597631e-33,-7.03201155e-33,-0,1.05124639e-29,2,-3.46470692e-20,2.2611591e-16,1.35486261e-16
1.986,1.57079633,1.9085072,-1.43292861e-17,-7.13628255e-16,-4.97495145e-14,5.52511656e-17,0,-0,4.4408921e-17,-2.77555756e-17,9.71445147e-18,5.84019414e-33,-7.91709762e-34,-0,-2.26700752e-30,2,3.27905303e-20,2.29509224e-16,1.33896573e-16
1.988,1.57079633,1.9085072,-3.66692979e-17,-4.88396431e-16,9.31074853e-16,2.00809648e-16,0,-0,4.4408921e-17,-2.77555756e-17,9.71445147e-18,2.55174724e-33,-7.36354881e-33,-0,1.06890271e-29,2,-3.49263173e-20,2.31853742e-16,1.32756423e-16
1.99,1.57079633,1.9085072,-1.47094203e-17,-7.25616002e-16,-5.06871344e-14,5.67423442e-17,0,-0,4.4408921e-17,-2.77555756e-17,9.71445147e-18,5.94447788e-33,-8.3464699e-34,-0,-2.30585787e-30,2,3.36095146e-20,2.35268441e-16,1.31140292e-16
1.992,1.57079633,1.9085072,-3.74488502e-17,-4.96646241e-16,9.83417379e-16,2.05036416e-16,0,-0,4.4408921e-17,-2.77555756e-17,9.71445147e-18,2.59819539e-33,-7.67837804e-33,-0,1.08691731e-29,2,-3.55843299e-20,2.37629322e-16,1.29980903e-16
1.994,1.57079633,1.9085072,-1.50377302e-17,-7.37236457e-16,-5.15998546e-14,5.81415796e-17,0,-0,4.4408921e-17,-2.77555756e-17,9.71445147e-18,6.050443e-33,-8.74317388e-34,-0,-2.34544137e-30,2,3.4094143e-20,2.41066099e-16,1.2833913e-16
1.996,1.57079633,1.9085072,-3.81707795e-17,-5.04641918e-16,1.02651792e-15,2.09083049e-16,0,-0,4.4408921e-17,-2.77555756e-17,9.71445147e-18,2.64533636e-33,-7.98086297e-33,-0,1.10528893e-29,2,-3.64583034e-20,2.434437e-16,1.27161094e-16
1.998,1.57079633,1.9085072,-1.53309052e-17,-7.48529198e-16,-5.24876481e-14,5.94657905e-17,0,-0,4.4408921e-17,-2.77555756e-17,9.71445147e-18,6.15811319e-33,-9.11664395e-34,-0,-2.38575971e-30,2,3.43774706e-20,2.46903243e-16,1.25494393e-16
2,1.57079633,1.9085072,-3.88499535e-17,-5.12410639e-16,1.0633373e-15,2.12973232e-16,0,-0,4.4408921e-17,-2.77555756e-17,9.71445147e-18,2.69318383e-33,-8.27400014e-33,-0,1.12401733e-29,2,-3.74469284e-20,2.49297932e-16,1.24298239e-16
