time,input_angle,output_angle,input_velocity,output_velocity,input_acceleration,input_torque,output_torque,static_reference_torque,deflection_m,span_error_m,closure_m,kinetic_J,input_power_W,output_power_W,equality_power_W,rows,q0,q1,q2,q3
0,1.57079633,1.9085072,0,0,6.5271761e-13,0,0,-0,0,0,6.28190294e-17,0,0,0,0,3,0,0,0,0
0.002,1.57079633,1.9085072,3.08185001e-16,-8.12508519e-16,1.29883652e-14,-1.7824158e-15,0,-0,0,0,6.28190294e-17,5.18972315e-33,-5.49313814e-31,-0,5.35618685e-30,3,4.82981592e-19,1.07126173e-18,-9.72141028e-19,9.97047109e-20
0.004,1.57079633,1.9085072,2.48464176e-16,-1.65006392e-15,-1.47943658e-13,-1.76765064e-15,0,-0,0,0,6.28190294e-17,1.78853073e-32,-4.39197859e-31,-0,7.29673221e-30,3,1.05065952e-18,3.88934782e-18,-3.66849028e-18,1.06283985e-18
0.006,1.57079633,1.9085072,-8.83199978e-17,-1.45275583e-15,3.79252452e-13,2.87673177e-17,0,-0,0,0,6.28190294e-17,1.25927171e-32,-2.54072944e-33,-0,4.08482157e-30,3,8.25665342e-19,6.77180239e-18,-6.67899141e-18,2.206744e-18
0.008,1.57079633,1.9085072,-3.70705624e-16,-1.34347782e-15,7.97316214e-13,1.50279444e-15,0,-0,0,0,6.28190294e-17,9.68955863e-33,-5.57094349e-31,-0,1.36592312e-30,3,7.01467362e-19,9.63417596e-18,-9.84172812e-18,3.09729699e-18
0.01,1.57079633,1.9085072,6.88600095e-17,-1.63123272e-15,1.59277851e-13,-6.47205834e-16,0,-0,0,0,6.28190294e-17,1.62957382e-32,-4.45665999e-32,-0,5.15538815e-30,3,6.05811573e-19,1.17973965e-17,-1.28164972e-17,3.54157694e-18
0.012,1.57079633,1.9085072,-1.81397441e-16,-1.46645626e-15,5.51540017e-13,6.80213097e-16,0,-0,0,0,6.28190294e-17,1.25524322e-32,-1.23388915e-31,-0,2.35538865e-30,3,4.53548211e-19,1.39436221e-17,-1.60864619e-17,3.90488804e-18
0.014,1.57079633,1.9085072,1.0849089e-16,-1.82529372e-15,7.8115169e-14,-8.04908831e-16,0,-0,0,0,6.28190294e-17,2.05518431e-32,-8.73252752e-32,-0,5.37539069e-30,3,5.24908765e-19,1.61507662e-17,-1.94225339e-17,4.02544239e-18
0.016,1.57079633,1.9085072,-5.54221814e-17,-1.59272039e-15,3.77623588e-13,1.24620575e-16,0,-0,0,0,6.28190294e-17,1.58226791e-32,-6.9067441e-33,-0,3.00593777e-30,3,3.04980665e-19,1.75988226e-17,-2.27242597e-17,3.64948109e-18
0.018,1.57079633,1.9085072,1.29762168e-16,-1.98858631e-15,7.75783828e-14,-8.88624934e-16,0,-0,0,0,6.28190294e-17,2.45419517e-32,-1.15309898e-31,-0,-2.5295306e-29,3,4.7962819e-19,1.98982785e-17,-2.63775502e-17,3.52468353e-18
0.02,1.57079633,1.9085072,3.10835678e-17,-1.70830677e-15,2.51059253e-13,-2.6448786e-16,0,-0,0,0,6.28190294e-17,1.91119966e-32,-8.22122633e-33,-0,3.41410637e-30,3,2.18140043e-19,2.05796394e-17,-2.96316356e-17,2.20455001e-18
0.022,1.57079633,1.9085072,-3.37528563e-16,-1.60405185e-15,7.75911023e-13,1.57809624e-15,0,-0,0,0,6.28190294e-17,2.04521733e-32,-5.32652555e-31,-0,-1.94697424e-30,3,2.19093157e-19,2.21190542e-17,-3.3293468e-17,1.24890514e-18
0.024,1.57079633,1.9085072,9.14840401e-17,-1.80850347e-15,1.57293322e-13,-5.44217647e-16,0,-0,0,0,6.28190294e-17,2.22226934e-32,-4.9787229e-32,-0,3.64815118e-30,3,1.73594892e-19,2.28389336e-17,-3.66828311e-17,-5.91496765e-19
0.026,1.57079633,1.9085072,-3.27958319e-16,-1.73531483e-15,7.41220332e-13,1.53059444e-15,0,-0,0,0,6.28190294e-17,2.4476302e-32,-5.01971179e-31,-0,-2.38581339e-30,3,2.18394302e-19,2.45436113e-17,-4.05771778e-17,-1.80553462e-18
0.028,1.57079633,1.9085072,8.28168975e-17,-1.91096621e-15,1.5240846e-13,-4.96445962e-16,0,-0,0,0,6.28190294e-17,2.54058011e-32,-4.11141143e-32,-0,3.26448945e-30,3,1.64722948e-19,2.55154253e-17,-4.41955252e-17,-3.96656538e-18
0.03,1.57079633,1.9085072,-3.22940864e-16,-1.83343718e-15,7.21741392e-13,1.51607586e-15,0,-0,0,0,6.28190294e-17,2.8111227e-32,-4.89602847e-31,-0,-2.90801119e-30,3,1.97256926e-19,2.74296102e-17,-4.8267203e-17,-5.44273092e-18
0.032,1.57079633,1.9085072,7.79198455e-17,-1.9843648e-15,1.50378437e-13,-4.58886071e-16,0,-0,0,0,6.28190294e-17,2.8097903e-32,-3.57563317e-32,-0,2.87177414e-30,3,1.38573687e-19,2.8625312e-17,-5.20518552e-17,-7.9220258e-18
0.034,1.57079633,1.9085072,-1.72943102e-16,-1.76838507e-15,5.61345144e-13,8.64315062e-16,0,-0,0,0,6.28190294e-17,2.91186621e-32,-1.49477328e-31,-0,-2.30698734e-30,3,8.00896331e-22,2.97675976e-17,-5.5945778e-17,-1.06584367e-17
0.036,1.57079633,1.9085072,1.25537379e-16,-2.01555222e-15,8.67538091e-14,-6.77619808e-16,0,-0,0,0,6.28190294e-17,2.9967703e-32,-8.50666147e-32,-0,2.99647645e-30,3,9.98658263e-20,3.09904245e-17,-5.97391424e-17,-1.35634499e-17
0.038,1.57079633,1.9085072,-1.735218e-16,-1.81244714e-15,5.58662029e-13,8.72368241e-16,0,-0,0,0,6.28190294e-17,3.18037265e-32,-1.51374908e-31,-0,-2.81792686e-30,3,-9.51847933e-21,3.22918314e-17,-6.37222659e-17,-1.66188067e-17
0.04,1.57079633,1.9085072,1.23925934e-16,-2.04571971e-15,8.72199358e-14,-6.62935383e-16,0,-0,0,0,6.28190294e-17,3.17751559e-32,-8.21548868e-32,-0,2.65760696e-30,3,8.66114206e-20,3.36954448e-17,-6.75859831e-17,-1.98373054e-17
0.042,1.57079633,1.9085072,-1.76108625e-16,-1.83900377e-15,5.63033496e-13,8.9422921e-16,0,-0,0,0,6.28190294e-17,3.41664556e-32,-1.57481477e-31,-0,-3.34849309e-30,3,-2.73721691e-20,3.51735542e-17,-7.16234771e-17,-2.32155994e-17
0.044,1.57079633,1.9085072,1.24121783e-16,-2.06102647e-15,8.89120316e-14,-6.54336837e-16,0,-0,0,0,6.28190294e-17,3.32553467e-32,-8.12174548e-32,-0,2.33599688e-30,3,6.74558466e-20,3.67362114e-17,-7.55251795e-17,-2.6746555e-17
0.046,1.57079633,1.9085072,-1.78799279e-16,-1.85000737e-15,5.71119845e-13,9.18835576e-16,0,-0,0,0,6.28190294e-17,3.62300443e-32,-1.64287138e-31,-0,-3.87635106e-30,3,-4.96783618e-20,3.83694258e-17,-7.95880926e-17,-3.04459812e-17
0.048,1.57079633,1.9085072,1.2604414e-16,-2.06435203e-15,1.2396896e-13,-6.53449128e-16,0,-0,0,0,3.23682852e-17,3.44612686e-32,-8.23634332e-32,-0,-9.88082525e-31,3,4.6456859e-20,4.00696638e-17,-8.35008551e-17,-3.42894506e-17
0.05,1.57079633,1.9085072,-7.86751879e-17,-1.68426863e-15,-3.9176318e-13,5.32972097e-16,0,-0,0,0,3.23682852e-17,4.1379518e-32,-4.19316799e-32,-0,-4.30208377e-29,3,-2.79192316e-19,4.1986389e-17,-8.71516745e-17,-4.0811847e-17
0.052,1.57079633,1.9085072,-2.45470837e-16,-7.14672932e-16,3.31634499e-14,1.58252428e-15,0,-0,0,0,3.23682852e-17,1.98950507e-32,-3.8846356e-31,-0,1.23939036e-29,3,-7.10340194e-19,4.8228771e-17,-8.93112901e-17,-4.09095998e-17
0.054,1.57079633,1.9085072,2.36516775e-16,-7.83967118e-16,2.85607275e-13,-8.56154327e-16,0,-0,0,0,3.23682852e-17,2.15200066e-32,-2.0249486e-31,-0,-1.20646113e-30,3,-6.52859096e-19,5.67317142e-17,-9.05328597e-17,-3.62338283e-17
0.056,1.57079633,1.9085072,-6.56575517e-17,-6.88802627e-16,6.99599097e-13,5.84371014e-16,0,-0,0,0,3.23682852e-17,2.92329488e-32,-3.83683701e-32,-0,-5.52784175e-30,3,-5.12166512e-19,6.51250634e-17,-9.22403599e-17,-3.1350062e-17
0.058,1.57079633,1.9085072,2.83867698e-16,-1.23646512e-15,1.56344071e-13,-1.36495054e-15,0,-0,0,0,3.23682852e-17,2.40639903e-32,-3.87465367e-31,-0,1.93567029e-29,3,-1.08775903e-19,7.2954795e-17,-9.42430169e-17,-2.66367217e-17
0.06,1.57079633,1.9085072,1.59942356e-16,-1.04916805e-15,2.74288898e-13,-7.11884177e-16,0,-0,0,0,3.23682852e-17,2.94944535e-32,-1.13860433e-31,-0,-2.71044629e-30,3,-1.75655207e-19,8.29788222e-17,-9.60427991e-17,-2.09677041e-17
0.062,1.57079633,1.9085072,-8.6378352e-18,-1.07179088e-15,-1.63710658e-13,3.80014579e-17,0,-0,0,0,3.92523115e-17,1.46524549e-32,-3.28250331e-34,-0,-5.66305345e-30,3,1.03754362e-20,8.93627981e-17,-9.83284856e-17,-1.55047538e-17
0.064,1.57079633,1.9085072,-8.43953636e-17,-7.79469118e-16,2.35147057e-16,4.85315624e-16,0,-0,0,0,3.92523115e-17,8.23816558e-33,-4.09583886e-32,-0,-1.20795191e-30,3,-1.26677612e-19,9.18570165e-17,-1.00112444e-16,-9.60207288e-18
0.066,1.57079633,1.9085072,1.13066357e-16,-8.09517943e-16,-2.55928985e-13,-4.70482313e-16,0,-0,0,0,3.92523115e-17,1.24599115e-32,-5.31957214e-32,-0,-3.9342309e-30,3,-1.89698948e-19,9.28304804e-17,-1.01473994e-16,-3.69536783e-18
0.068,1.57079633,1.9085072,-2.73277114e-17,-6.49042016e-16,-4.94985699e-14,2.21752829e-16,0,-0,0,0,3.92523115e-17,8.351826e-33,-6.05999732e-33,-0,-6.40116741e-31,3,-1.70228545e-19,9.46640296e-17,-1.0291135e-16,2.43074267e-18
0.07,1.57079633,1.9085072,1.11145978e-16,-7.04450982e-16,-2.39513289e-13,-4.66873929e-16,0,-0,0,0,3.92523115e-17,1.21631024e-32,-5.18911594e-32,-0,-3.20461077e-30,3,-1.77711923e-19,9.51731796e-17,-1.04082864e-16,8.62043683e-18
0.072,1.57079633,1.9085072,-2.12659989e-17,-5.72440751e-16,-4.86385399e-14,1.81195731e-16,0,-0,0,0,3.92523115e-17,8.95067272e-33,-3.85330821e-33,-0,-4.24744419e-31,3,-1.49731473e-19,9.65454014e-17,-1.05345192e-16,1.50810594e-17
0.074,1.57079633,1.9085072,6.07379066e-17,-6.73889671e-16,-1.81033689e-13,-2.55485714e-16,0,-0,0,0,3.92523115e-17,1.26649005e-32,-1.55176674e-32,-0,-2.90362395e-30,3,-9.64076373e-20,9.79283395e-17,-1.06532822e-16,2.17302093e-17
0.076,1.57079633,1.9085072,-3.52935325e-17,-5.2550517e-16,-2.7570659e-14,2.35577156e-16,0,-0,0,0,3.92523115e-17,9.75168487e-33,-8.31435002e-33,-0,-3.74009618e-31,3,-1.18218987e-19,9.89393663e-17,-1.07707618e-16,2.85508027e-17
0.078,1.57079633,1.9085072,2.11961666e-17,-6.55431572e-16,-1.36668571e-13,-8.81626685e-17,0,-0,0,0,3.92523115e-17,1.34113696e-32,-1.86871061e-33,-0,-2.7181871e-30,3,-3.56363294e-20,1.01253161e-16,-1.08963874e-16,3.58148964e-17
0.08,1.57079633,1.9085072,-1.48707914e-16,-4.44499916e-16,-3.12432051e-13,8.17767674e-16,0,-0,0,0,3.92523115e-17,5.43083173e-33,-1.21608525e-31,-0,-2.85874037e-30,3,-1.48456205e-19,1.01445978e-16,-1.10055415e-16,4.22585325e-17
0.082,1.57079633,1.9085072,-2.65013793e-16,1.11144358e-16,6.39305618e-14,1.64977809e-15,0,-0,0,0,3.92523115e-17,3.948197e-32,-4.37213949e-31,0,2.87298317e-29,3,-6.49418252e-19,9.39312685e-17,-1.10272738e-16,4.00193049e-17
0.084,1.57079633,1.9085072,2.95837151e-17,4.32511269e-16,2.13649558e-13,2.7331682e-16,0,-0,0,0,3.92523115e-17,3.42443738e-32,8.08572692e-33,0,-9.31629621e-30,3,-8.4247079e-19,8.2572172e-17,-1.09550386e-16,3.38781243e-17
0.086,1.57079633,1.9085072,1.35108823e-16,3.88499117e-16,1.38217906e-14,-3.65026111e-16,0,-0,0,0,3.92523115e-17,2.14919061e-32,-4.93182482e-32,0,-3.58039591e-30,3,-6.21036007e-19,7.28046809e-17,-1.08713795e-16,3.13427394e-17
0.088,1.57079633,1.9085072,-1.02063993e-16,5.77133636e-16,3.98672281e-13,8.32792243e-16,0,-0,0,0,3.92523115e-17,3.47499989e-32,-8.49981016e-32,0,-8.9038261e-30,3,-6.44944556e-19,6.31219999e-17,-1.07824407e-16,2.8573393e-17
0.09,1.57079633,1.9085072,1.13886013e-16,5.68405526e-16,6.98467448e-14,-3.04677238e-16,0,-0,0,0,3.92523115e-17,2.22419448e-32,-3.4698476e-32,0,-3.71744892e-30,3,-5.29505655e-19,5.34773375e-17,-1.06634748e-16,2.58079339e-17
0.092,1.57079633,1.9085072,-1.23397574e-16,7.79850598e-16,4.64297358e-13,9.11754583e-16,0,-0,0,0,3.92523115e-17,3.59503279e-32,-1.12508303e-31,0,-8.82503561e-30,3,-5.89533429e-19,4.38362363e-17,-1.05372444e-16,2.27490802e-17
0.094,1.57079633,1.9085072,1.15214497e-16,7.19483661e-16,6.67844662e-14,-3.38758285e-16,0,-0,0,0,6.54613942e-17,2.09782559e-32,-3.90298655e-32,0,-5.86736809e-30,3,-4.74628404e-19,3.43919426e-17,-1.03831044e-16,1.94899896e-17
0.096,1.57079633,1.9085072,-2.03583953e-16,8.09674672e-16,5.15759384e-13,1.20604695e-15,0,-0,0,0,6.54613942e-17,3.76816485e-32,-2.45531806e-31,0,-1.11709071e-29,3,-3.76254371e-19,2.59943575e-17,-1.02504388e-16,1.71868761e-17
0.098,1.57079633,1.9085072,8.40242776e-17,7.74238383e-16,1.0947135e-13,-2.38746909e-16,0,-0,0,0,6.54613942e-17,2.06581312e-32,-2.00605365e-32,0,-5.74231013e-30,3,-3.62748959e-19,1.68089207e-17,-1.00874491e-16,1.37120613e-17
0.1,1.57079633,1.9085072,-2.30828862e-16,8.78447123e-16,5.61708965e-13,1.30489226e-15,0,-0,0,0,6.54613942e-17,3.72604814e-32,-3.01206795e-31,0,-1.0841421e-29,3,-3.01495899e-19,8.63636365e-18,-9.94269545e-17,1.11042232e-17
0.102,1.57079633,1.9085072,8.28178541e-17,8.40092395e-16,1.20288344e-13,-2.61767619e-16,0,-0,0,0,6.54613942e-17,2.05565296e-32,-2.16790325e-32,0,-5.73268523e-30,3,-3.04643303e-19,-3.28598385e-19,-9.76584349e-17,7.27573468e-18
0.104,1.57079633,1.9085072,-2.53672159e-16,9.45321495e-16,1.22213785e-12,1.39404463e-15,0,-0,0,0,6.28190294e-17,3.70987058e-32,-3.5363031e-31,0,-2.28654777e-29,3,-2.51367662e-19,-8.32954732e-18,-9.60917478e-17,4.36610983e-18
0.106,1.57079633,1.9085072,3.75644434e-16,7.53587277e-17,1.42158536e-13,-1.97416414e-15,0,-0,0,0,6.28190294e-17,8.94904914e-33,-7.4158377e-31,0,-4.97409053e-30,3,1.91883927e-19,-1.53447622e-17,-9.51872297e-17,-3.41289635e-19
0.108,1.57079633,1.9085072,3.6740927e-16,-1.00609567e-15,-7.85050415e-13,-2.32788374e-15,0,-0,0,0,6.54613942e-17,8.26120587e-33,-8.55286066e-31,-0,-1.19055399e-30,3,9.8167479e-19,-1.80887505e-17,-9.64054997e-17,-2.84494316e-18
0.11,1.57079633,1.9085072,-1.59696105e-16,-9.85197947e-16,-1.83529629e-14,3.66867592e-16,0,-0,0,0,6.54613942e-17,1.5350794e-32,-5.85873256e-32,-0,-7.93490112e-30,3,8.63225871e-19,-1.7581621e-17,-9.85467468e-17,-7.11678508e-18
0.112,1.57079633,1.9085072,-1.48346229e-16,-6.64505357e-16,4.59318798e-14,4.67786878e-16,0,-0,0,0,6.54613942e-17,4.91734386e-33,-6.93944194e-32,-0,-2.66430704e-30,3,5.47888537e-19,-1.75925587e-17,-1.00106848e-16,-9.90821262e-18
0.114,1.57079633,1.9085072,-1.14113791e-16,-5.71050814e-16,7.53550959e-14,4.3124117e-16,0,-0,0,0,6.54613942e-17,9.82610804e-33,-4.92105648e-32,-0,-5.6603166e-30,3,2.78655571e-19,-1.73181668e-17,-1.01381686e-16,-1.42834012e-17
0.116,1.57079633,1.9085072,-6.00247901e-17,-3.43666371e-16,5.04138474e-14,2.3885513e-16,0,-0,0,0,6.54613942e-17,2.75931645e-33,-1.4337229e-32,-0,1.36250614e-29,3,1.22537641e-19,-1.78292102e-17,-1.02221679e-16,-1.71887925e-17
0.118,1.57079633,1.9085072,-4.87337709e-17,-2.0859573e-16,1.04153068e-13,2.85722662e-16,0,-0,0,0,6.54613942e-17,6.83720477e-33,-1.39243427e-32,-0,-4.13791225e-30,3,-8.41076145e-20,-1.75961975e-17,-1.0283026e-16,-2.30113771e-17
0.12,1.57079633,1.9085072,-1.3009767e-16,-5.33874468e-17,3.01934081e-13,7.88313399e-16,0,-0,0,0,6.54613942e-17,1.80146499e-32,-1.02557736e-31,-0,-9.48483404e-30,3,-2.756501e-19,-1.75521693e-17,-1.03082157e-16,-2.91628071e-17
0.122,1.57079633,1.9085072,4.09716527e-17,1.06069252e-16,7.0160614e-14,-6.12646403e-17,0,-0,0,0,6.54613942e-17,5.57360685e-33,-2.51011357e-33,0,-3.27758155e-30,3,-2.87187246e-19,-1.79638529e-17,-1.0294699e-16,-3.51292204e-17
0.124,1.57079633,1.9085072,1.77753025e-16,8.50826191e-17,9.72005159e-13,-7.04102697e-16,0,-0,0,0,6.54613942e-17,2.53071781e-32,-1.25156384e-31,0,1.21382722e-29,3,-3.69324853e-19,-1.87164737e-17,-1.02627952e-16,-4.3472636e-17
0.126,1.57079633,1.9085072,6.06867096e-16,-1.18371606e-15,-4.8488293e-14,-3.37386763e-15,0,-0,0,0,6.54613942e-17,7.24551098e-32,-2.04748925e-30,-0,3.25995814e-29,3,6.79064309e-19,-2.84392793e-17,-1.03969863e-16,-5.26673001e-17
0.128,1.57079633,1.9085072,4.43391258e-16,-2.51936768e-15,-3.27845565e-13,-3.08595733e-15,0,-0,0,0,6.79869978e-17,1.42175457e-31,-1.3682865e-30,-0,3.36494925e-29,3,1.73800208e-18,-4.49264358e-17,-1.08034414e-16,-6.0283041e-17
0.13,1.57079633,1.9085072,1.80868279e-16,-3.51841137e-15,-2.47877859e-13,-2.04771301e-15,0,-0,-4.4408921e-17,0,6.79869978e-17,2.05042341e-31,-3.70366328e-31,-0,2.67658371e-29,3,2.28674323e-18,-6.38546312e-17,-1.14389178e-16,-6.76732523e-17
0.132,1.57079633,1.9085072,-2.35493131e-16,-3.63159201e-15,3.13555047e-13,1.23743668e-16,0,-0,-4.4408921e-17,0,6.79869978e-17,1.80570762e-31,-2.91407838e-32,-0,2.27522731e-29,3,2.10744397e-18,-8.19592666e-17,-1.21783903e-16,-7.39951902e-17
0.134,1.57079633,1.9085072,-6.80899713e-17,-3.94858971e-15,5.2432951e-14,-6.02266376e-16,0,-0,-4.4408921e-17,0,6.79869978e-17,2.25389585e-31,4.10083002e-32,-0,1.99726548e-29,3,1.88543246e-18,-1.00272458e-16,-1.29425976e-16,-8.05279881e-17
0.136,1.57079633,1.9085072,-1.2400087e-16,-3.96518784e-15,1.56749925e-13,-1.74164668e-16,0,-0,-4.4408921e-17,0,6.79869978e-17,1.97539189e-31,2.15965704e-32,-0,2.23801943e-29,3,1.58833804e-18,-1.17522115e-16,-1.37313443e-16,-8.58663623e-17
0.138,1.57079633,1.9085072,-4.9477881e-16,-3.36270266e-15,-1.59041258e-13,2.00347205e-15,0,-0,-4.4408921e-17,0,1.17756934e-16,1.23075525e-31,-9.91275518e-31,-0,-4.42582718e-29,3,9.40843999e-19,-1.32274394e-16,-1.44743815e-16,-9.02593657e-17
0.14,1.57079633,1.9085072,-4.85808144e-16,-2.28778095e-15,1.87918003e-13,2.47509142e-15,0,-0,-4.4408921e-17,0,1.17756934e-16,5.45390807e-32,-1.20241957e-30,-0,-2.14901863e-29,3,-9.2101405e-20,-1.4105543e-16,-1.5011537e-16,-9.27558516e-17
0.142,1.57079633,1.9085072,-3.01759778e-16,-1.41043179e-15,2.19014885e-13,1.92896181e-15,0,-0,-4.4408921e-17,0,1.17756934e-16,2.21901244e-32,-5.82083086e-31,-0,-9.26140553e-30,3,-8.40325839e-19,-1.46472013e-16,-1.53550383e-16,-9.47599742e-17
0.144,1.57079633,1.9085072,1.88970788e-16,-1.15761385e-15,-3.65863467e-13,-4.14103604e-16,0,-0,-4.4408921e-17,0,1.17756934e-16,3.27452292e-32,-7.82534842e-32,-0,-1.1686822e-29,3,-1.06150067e-18,-1.51208221e-16,-1.5575591e-16,-9.72201854e-17
0.146,1.57079633,1.9085072,-7.22055104e-18,-9.21840154e-16,-6.14740913e-14,5.23574223e-16,0,-0,-4.4408921e-17,0,1.17756934e-16,1.51876488e-32,-3.7804944e-33,-0,-5.84504226e-30,3,-9.74942935e-19,-1.57154982e-16,-1.57805103e-16,-1.00341093e-16
0.148,1.57079633,1.9085072,8.31790292e-17,-8.52812251e-16,-1.7788163e-13,2.79004428e-17,0,-0,-4.4408921e-17,0,1.17756934e-16,2.71682946e-32,2.32073175e-33,-0,-1.04276964e-29,3,-8.87591178e-19,-1.63165391e-16,-1.59483282e-16,-1.0387602e-16
0.15,1.57079633,1.9085072,-5.90923694e-18,-6.35406865e-16,-1.60799574e-14,4.58196691e-16,0,-0,-4.4408921e-17,0,1.17756934e-16,1.20035726e-32,-2.70759281e-33,-0,-4.76849658e-30,3,-8.57301012e-19,-1.68719784e-16,-1.60927141e-16,-1.07352102e-16
0.152,1.57079633,1.9085072,5.34139379e-17,-5.45742658e-16,-8.15532254e-14,1.33021904e-16,0,-0,-4.4408921e-17,0,1.17756934e-16,2.30825513e-32,7.10522372e-33,-0,-9.17357431e-30,3,-8.00183187e-19,-1.74373679e-16,-1.62038192e-16,-1.11245639e-16
0.154,1.57079633,1.9085072,1.44865149e-17,-3.89819209e-16,-3.48917315e-15,3.04573448e-16,0,-0,-4.4408921e-17,0,1.17756934e-16,9.97133057e-33,4.41220777e-33,-0,-4.00304706e-30,3,-7.54012044e-19,-1.79644559e-16,-1.62936549e-16,-1.15104576e-16
0.156,1.57079633,1.9085072,2.28231603e-17,-2.86559079e-16,4.56994981e-14,2.4236337e-16,0,-0,-4.4408921e-17,0,1.17756934e-16,2.04922823e-32,5.53149805e-33,-0,-8.03177274e-30,3,-7.12958344e-19,-1.86224777e-16,-1.6359205e-16,-1.20206724e-16
0.158,1.57079633,1.9085072,4.87668381e-17,-1.62111125e-16,9.98349691e-15,7.09557425e-17,0,-0,-4.4408921e-17,0,1.17756934e-16,9.43954679e-33,3.46028721e-33,-0,-3.16843403e-30,3,-6.29579866e-19,-1.92011488e-16,-1.63996723e-16,-1.23727024e-16
0.16,1.57079633,1.9085072,-7.02508049e-18,1.1910083e-17,1.45581506e-13,3.78370615e-16,0,-0,-4.4408921e-17,0,1.17756934e-16,1.91073667e-32,-2.65808403e-33,0,-7.29828012e-30,3,-6.86490426e-19,-1.9847639e-16,-1.64128183e-16,-1.289738e-16
0.162,1.57079633,1.9085072,6.79037927e-16,-1.05988356e-15,2.58359473e-13,-3.45437586e-15,0,-0,-4.4408921e-17,0,1.16317057e-16,1.03827237e-32,-2.34565222e-30,-0,7.22751208e-30,3,1.18372459e-19,-2.04085918e-16,-1.65084047e-16,-1.31767613e-16
0.164,1.57079633,1.9085072,6.67605391e-16,-2.81624062e-15,-2.9606727e-13,-4.11280974e-15,0,-0,-4.4408921e-17,0,1.16317057e-16,3.76614759e-32,-2.74573396e-30,-0,2.2723562e-29,3,1.54956558e-18,-2.07407006e-16,-1.69418358e-16,-1.2887405e-16
0.166,1.57079633,1.9085072,3.78733532e-16,-4.23933296e-15,-3.4081312e-13,-3.16050342e-15,0,-0,-4.4408921e-17,0,1.16317057e-16,8.45082946e-32,-1.19698862e-30,-0,2.38677397e-29,3,2.53367152e-18,-2.08347151e-16,-1.76902293e-16,-1.21053778e-16
0.168,1.57079633,1.9085072,9.52605635e-17,-5.21762254e-15,-2.48263001e-13,-1.93911475e-15,0,-0,-4.4408921e-17,0,1.16317057e-16,1.29374732e-31,-1.84721163e-31,-0,1.85767838e-29,3,2.92562386e-18,-2.06935985e-16,-1.86670744e-16,-1.10192425e-16
0.17,1.57079633,1.9085072,-3.68973383e-16,-5.16692376e-15,4.44190557e-13,5.89705857e-16,0,-0,-4.4408921e-17,0,1.16317057e-16,1.25092991e-31,-2.17585765e-31,-0,4.63369307e-30,3,2.51032212e-18,-2.047282e-16,-1.97300551e-16,-9.86919348e-17
0.172,1.57079633,1.9085072,-1.1915896e-16,-5.43773746e-15,1.57173337e-13,-4.72365496e-16,0,-0,-4.4408921e-17,0,1.16317057e-16,1.40319611e-31,5.62865814e-32,-0,-4.94411499e-29,3,2.1363206e-18,-2.02208267e-16,-2.0794231e-16,-8.75144415e-17
0.174,1.57079633,1.9085072,-1.34313294e-16,-5.19925483e-15,2.40279225e-13,-1.19184559e-16,0,-0,-4.4408921e-17,0,1.16317057e-16,1.26438812e-31,1.60080707e-32,-0,8.1692551e-30,3,1.58150206e-18,-2.01806327e-16,-2.18194613e-16,-7.71512306e-17
0.176,1.57079633,1.9085072,-1.46666817e-17,-5.5464106e-15,-1.37350535e-12,-6.74679631e-16,0,-0,-4.4408921e-17,0,1.17756934e-16,1.46112154e-31,9.89531138e-33,-0,-2.51652745e-29,3,1.49602608e-18,-1.99354492e-16,-2.29016964e-16,-6.62861987e-17
0.178,1.57079633,1.9085072,-6.78994497e-16,-4.29053218e-15,-6.13294684e-14,3.17684858e-15,0,-0,-4.4408921e-17,0,1.17756934e-16,8.74933346e-32,-2.1570627e-30,-0,-2.83450806e-29,3,4.3624782e-19,-1.95701234e-16,-2.38654269e-16,-5.64780126e-17
0.18,1.57079633,1.9085072,-5.81614144e-16,-2.84163697e-15,2.84692505e-13,3.33575976e-15,0,-0,-4.4408921e-17,0,1.17756934e-16,3.86559807e-32,-1.94012506e-30,-0,-1.53663623e-29,3,-8.55378084e-19,-1.9241285e-16,-2.45393134e-16,-4.97692972e-17
0.182,1.57079633,1.9085072,5.79526131e-16,-2.61529363e-15,-1.2082388e-12,-2.27415301e-15,0,-0,-4.4408921e-17,0,1.17756934e-16,3.41881004e-32,-1.3179311e-30,-0,-1.21420747e-30,3,-1.2469553e-18,-1.90211409e-16,-2.50058723e-16,-4.51670206e-17
0.184,1.57079633,1.9085072,-9.70544829e-17,-2.84316227e-15,-1.47376274e-12,7.79190173e-16,0,-0,-4.4408921e-17,0,1.17756934e-16,5.10832642e-32,-7.56238993e-32,-0,-4.75558537e-30,3,-5.87835517e-19,-1.86646143e-16,-2.5593031e-16,-3.74461097e-17
0.186,1.57079633,1.9085072,-7.66826077e-16,-8.51652209e-16,2.89340953e-14,4.75880453e-15,0,-0,-4.4408921e-17,0,1.17756934e-16,6.39802913e-32,-3.64917541e-30,-0,1.91564617e-29,3,-1.8493483e-18,-1.74515164e-16,-2.59226632e-16,-2.77437782e-17
0.188,1.57079633,1.9085072,-5.8127151e-16,1.17160681e-15,3.86752787e-13,4.511038e-15,0,-0,-4.4408921e-17,0,1.17756934e-16,1.15381549e-31,-2.62213787e-30,0,3.28824283e-29,3,-3.20936089e-18,-1.56898746e-16,-2.58338662e-16,-1.90095256e-17
0.19,1.57079633,1.9085072,-2.45694136e-16,2.67775972e-15,3.49498716e-13,3.20353434e-15,0,-0,-4.4408921e-17,0,1.17756934e-16,1.81863917e-31,-7.87089603e-31,0,3.14232542e-29,3,-3.95012732e-18,-1.36396943e-16,-2.54023138e-16,-1.17821089e-17
0.192,1.57079633,1.9085072,1.64877949e-17,3.65363395e-15,1.25178329e-12,1.96587079e-15,0,-0,-4.4408921e-17,0,6.79869978e-17,2.40091984e-31,3.24128744e-32,0,-7.35513292e-29,3,-4.09661953e-18,-1.14215986e-16,-2.47374169e-16,-5.64567525e-18
0.194,1.57079633,1.9085072,6.55941057e-16,3.02299935e-15,1.29338248e-13,-1.7326009e-15,0,-0,-4.4408921e-17,0,6.79869978e-17,1.2327806e-31,-1.13648406e-30,0,-4.16936831e-29,3,-3.09420878e-18,-9.71092121e-17,-2.40731639e-16,-2.98507053e-18
0.196,1.57079633,1.9085072,6.28697195e-16,2.07148658e-15,-2.00668197e-13,-2.26123446e-15,0,-0,-4.4408921e-17,0,6.79869978e-17,5.81584274e-32,-1.42163176e-30,0,-2.03532611e-29,3,-1.76450302e-18,-8.57147521e-17,-2.35879636e-16,-2.77031614e-18
0.198,1.57079633,1.9085072,4.34198244e-16,1.28009088e-15,-2.31484238e-13,-1.79913863e-15,0,-0,-4.4408921e-17,0,6.79869978e-17,2.6799491e-32,-7.81182834e-31,0,-8.99237432e-30,3,-7.43705185e-19,-7.75276028e-17,-2.32764052e-16,-3.43883768e-18
0.2,1.57079633,1.9085072,-5.41991015e-18,1.02904634e-15,2.46743658e-13,1.47346353e-16,0,-0,-4.4408921e-17,0,6.79869978e-17,3.87359692e-32,-7.98603992e-34,0,-1.23348997e-29,3,-2.40493604e-19,-6.9976041e-17,-2.30773688e-16,-3.81454304e-18
0.202,1.57079633,1.9085072,1.15253323e-16,7.93813139e-16,1.40095853e-14,-5.43745979e-16,0,-0,-4.4408921e-17,0,6.79869978e-17,2.02555132e-32,-6.26685309e-32,0,-6.0468248e-30,3,-6.50412694e-20,-6.12061934e-17,-2.28990167e-16,-3.39983227e-18
0.204,1.57079633,1.9085072,3.15506592e-17,6.95793895e-16,8.54445088e-14,-1.92235659e-16,0,-0,-4.4408921e-17,0,6.79869978e-17,3.348415e-32,-6.06516178e-33,0,-1.11087246e-29,3,6.89647266e-20,-5.23121281e-17,-2.27583389e-16,-2.53723767e-18
0.206,1.57079633,1.9085072,6.50110858e-17,4.96851515e-16,-1.38067349e-14,-4.19654843e-16,0,-0,-4.4408921e-17,0,6.79869978e-17,1.72605143e-32,-2.7282217e-32,0,-5.08109071e-30,3,1.89198828e-19,-4.37773933e-17,-2.26437747e-16,-1.70542664e-18
0.208,1.57079633,1.9085072,4.17833886e-17,3.98389982e-16,3.95168765e-14,-3.50149126e-16,0,-0,-4.4408921e-17,0,6.54613942e-17,2.79771639e-32,-1.4630417e-32,0,-1.28654463e-29,3,2.82464365e-19,-3.52647638e-17,-2.25602986e-16,-3.1676407e-19
0.21,1.57079633,1.9085072,4.88177575e-17,2.7695371e-16,-2.51486719e-14,-4.36571596e-16,0,-0,-4.4408921e-17,0,6.54613942e-17,1.05845004e-32,-2.13124463e-32,0,-4.79524058e-30,3,3.84965617e-19,-2.86608727e-17,-2.24955029e-16,2.54358352e-18
0.212,1.57079633,1.9085072,-6.16583007e-17,1.57948407e-16,1.06728323e-13,1.03708763e-16,0,-0,-4.4408921e-17,0,6.54613942e-17,2.42891666e-32,-6.39450612e-33,0,-1.10879414e-29,3,4.0916548e-19,-2.37070709e-17,-2.24548584e-16,5.64337575e-18
0.214,1.57079633,1.9085072,-4.40157307e-18,1.50075061e-16,1.8104519e-14,-1.63424188e-16,0,-0,-4.4408921e-17,0,6.54613942e-17,9.3920116e-33,7.19323503e-34,0,-4.09537845e-30,3,3.70864106e-19,-1.75410748e-17,-2.24230173e-16,9.08970498e-18
0.216,1.57079633,1.9085072,-3.42325656e-17,5.79496669e-17,4.91525122e-14,-6.23004424e-18,0,-0,-4.4408921e-17,0,6.54613942e-17,2.18254219e-32,2.13270398e-34,0,-9.86552407e-30,3,3.54785745e-19,-1.3018939e-17,-2.24009719e-16,1.25704029e-17
0.218,1.57079633,1.9085072,-8.79405818e-18,5.81341247e-17,6.42431561e-15,-1.18348433e-16,0,-0,-4.4408921e-17,0,6.54613942e-17,8.63045275e-33,1.040763e-33,0,-3.59639638e-30,3,3.24637447e-19,-7.40126465e-18,-2.23887221e-16,1.64495193e-17
0.22,1.57079633,1.9085072,-7.65080156e-18,-3.1141308e-17,-5.82049022e-15,-1.167121e-16,0,-0,-4.4408921e-17,0,6.54613942e-17,1.99573035e-32,8.92941117e-34,-0,-8.84569801e-30,3,3.09932216e-19,-3.31923082e-18,-2.23829758e-16,2.02920649e-17
0.222,1.57079633,1.9085072,-1.27574485e-17,-2.55314264e-17,-5.0930333e-15,-8.03194023e-17,0,-0,-4.4408921e-17,0,6.54613942e-17,8.14803276e-33,1.02467063e-33,-0,-3.20971707e-30,3,2.88213289e-19,1.79519775e-18,-2.23884453e-16,2.4581395e-17
0.224,1.57079633,1.9085072,6.83497099e-18,-1.24307999e-16,-4.77679618e-14,-1.77935846e-16,0,-0,-4.4408921e-17,0,6.54613942e-17,1.85999716e-32,-1.21618634e-33,-0,-8.00468163e-30,3,2.87521982e-19,6.93707185e-18,-2.24032357e-16,2.91731283e-17
0.226,1.57079633,1.9085072,-2.06012958e-17,-1.05948787e-16,-1.16583254e-14,-2.77456943e-17,0,-0,-4.4408921e-17,0,6.54613942e-17,7.89926709e-33,5.71597257e-34,-0,-2.91997909e-30,3,2.61504347e-19,1.16033257e-17,-2.24261728e-16,3.38690199e-17
0.228,1.57079633,1.9085072,1.92206694e-17,-2.10896255e-16,-8.56999517e-14,-2.30784851e-16,0,-0,-4.4408921e-17,0,6.54613942e-17,1.7678387e-32,-4.43583933e-33,-0,-7.32364919e-30,3,2.69363009e-19,1.62906054e-17,-2.24566104e-16,3.88513086e-17
0.23,1.57079633,1.9085072,-2.32819265e-16,4.11408733e-17,3.74725658e-13,1.16334195e-15,0,-0,-4.4408921e-17,0,6.54613942e-17,4.40331694e-33,-2.70848418e-31,0,-1.59719501e-30,3,1.50874171e-21,1.77998628e-17,-2.24759349e-16,3.98821883e-17
0.232,1.57079633,1.9085072,-6.39639215e-17,2.49515324e-16,2.44604347e-13,4.65740197e-16,0,-0,-4.4408921e-17,0,6.54613942e-17,1.04836684e-32,-2.97905694e-32,0,-4.60865889e-30,3,-2.91841178e-19,1.52706828e-17,-2.24419614e-16,3.40898434e-17
0.234,1.57079633,1.9085072,-1.60311382e-16,5.01974262e-16,4.86832755e-13,1.05957123e-15,0,-0,-4.4408921e-17,0,6.54613942e-17,2.64491179e-32,-1.69861328e-31,0,-1.08625585e-29,3,-5.16028634e-19,1.23930307e-17,-2.23682636e-16,2.62578386e-17
0.236,1.57079633,1.9085072,1.06906437e-16,5.58549482e-16,9.35537325e-14,-3.12867059e-16,0,-0,-4.4408921e-17,0,6.54613942e-17,1.10883465e-32,-3.34475025e-32,0,-4.67605537e-30,3,-4.4333025e-19,9.10662281e-18,-2.22548554e-16,1.85464499e-17
0.238,1.57079633,1.9085072,-1.64134652e-16,7.83086525e-16,5.53953363e-13,1.09936096e-15,0,-0,-4.4408921e-17,0,6.54613942e-17,2.70309933e-32,-1.80443228e-31,0,-1.00821966e-29,3,-5.57375392e-19,5.80057388e-18,-2.21298295e-16,1.05703351e-17
0.24,1.57079633,1.9085072,1.36037042e-16,7.74653146e-16,9.76915848e-14,-4.59416709e-16,0,-0,-4.4408921e-17,0,6.54613942e-17,1.22207275e-32,-6.249769e-32,0,-4.80779689e-30,3,-4.41537001e-19,2.1870173e-18,-2.19678106e-16,2.66395692e-18
0.242,1.57079633,1.9085072,-1.77125109e-16,1.00942055e-15,6.16233383e-13,1.15980705e-15,0,-0,-4.4408921e-17,0,6.54613942e-17,2.84066903e-32,-2.0543095e-31,0,-9.66371061e-30,3,-5.48363005e-19,-1.41273899e-18,-2.18011658e-16,-5.47220202e-18
0.244,1.57079633,1.9085072,1.54860912e-16,9.52119735e-16,1.04382252e-13,-5.69159066e-16,0,-0,-4.4408921e-17,0,6.54613942e-17,1.36444796e-32,-8.81404919e-32,0,-5.08475237e-30,3,-4.10290986e-19,-5.31731076e-18,-2.15994901e-16,-1.35671396e-17
0.246,1.57079633,1.9085072,-4.61772378e-17,1.3201919e-15,5.16066183e-13,5.59874405e-16,0,-0,-4.4408921e-17,0,6.54613942e-17,3.17559869e-32,-2.58534535e-32,0,-1.06264125e-29,3,-6.57976432e-19,-9.34503284e-18,-2.13645268e-16,-2.40966754e-17
0.248,1.57079633,1.9085072,2.14481727e-16,1.10955673e-15,4.79650919e-14,-8.95717719e-16,0,-0,-4.4408921e-17,0,6.54613942e-17,1.52629471e-32,-1.92115083e-31,0,-5.6647648e-30,3,-3.53381827e-19,-1.36846791e-17,-2.11213096e-16,-3.24624238e-17
0.25,1.57079633,1.9085072,1.77511433e-16,1.24949496e-15,-23.0352975,-6.43465885e-16,-0.2,0.0935229795,-4.4408921e-17,0,6.54613942e-17,4.72723785e-32,-1.14222551e-31,-2.49898992e-16,9.21772321e-17,3,-4.88182555e-19,-1.87818868e-17,-2.08650951e-16,-4.35088411e-17
0.252,1.57077717,1.90848702,-0.0132480365,-0.0135018148,-5.61382163,0.0758185574,-0.2,0.0935222363,-2.24477389e-06,2.24407133e-06,2.28053458e-06,1.03968042e-06,-0.00100444702,0.00270036297,-0.00135239011,3,-1.91567499e-05,1.98471091e-05,-2.01818155e-05,2.5514551e-05
0.254,1.57074688,1.90845862,-0.015474629,-0.0137540511,1.05510225,0.102095986,-0.2,0.0935210612,-5.09276488e-06,5.09116777e-06,5.17158404e-06,1.13130216e-06,-0.00157989751,0.00275081021,-0.00139432551,3,-4.9445682e-05,5.18571607e-05,-4.85851248e-05,6.09839237e-05
0.256,1.5707178,1.90843526,-0.0137292138,-0.0102745891,3.0160881,0.107907441,-0.2,0.093519933,-7.04418792e-06,7.04197491e-06,7.14895003e-06,6.81729232e-07,-0.00148148434,0.00205491782,-0.000840983982,3,-7.85227447e-05,8.329878e-05,-7.19387468e-05,8.95334706e-05
0.258,1.57069371,1.90841934,-0.0110170809,-0.00666034646,3.10946249,0.10639505,-0.2,0.093518998,-7.97601829e-06,7.97350919e-06,8.08844159e-06,3.25546544e-07,-0.00117216287,0.00133206929,-0.000323186936,3,-0.000102619291,0.000109990025,-8.78653793e-05,0.000108297946
0.26,1.57067492,1.90840955,-0.00847376588,-0.00396466941,2.59715505,0.103073129,-0.2,0.0935182689,-8.17624379e-06,8.17366929e-06,8.28368917e-06,1.42354272e-07,-0.000873417567,0.000792933882,1.25955926e-07,3,-0.0001214086,0.000131302605,-9.76522594e-05,0.000119082392
0.262,1.57066062,1.90840389,-0.00642375864,-0.00226020907,1.99303436,0.0999743121,-0.2,0.0935177139,-7.97040119e-06,7.96788989e-06,8.06632324e-06,6.33312167e-08,-0.000642210851,0.000452041813,0.000153236162,3,-0.000135711038,0.0001478791,-0.000103310723,0.000124576259
0.264,1.57064978,1.90840065,-0.00487468321,-0.00131865206,1.47445016,0.0976484145,-0.2,0.0935172933,-7.60589753e-06,7.6035e-06,7.6883216e-06,3.09841823e-08,-0.000476005087,0.000263730412,0.00019496272,3,-0.000146549997,0.000160661382,-0.000106556366,0.000127050049
0.266,1.57064151,1.90839862,-0.00373478943,-0.000878311747,1.07881702,0.0960834271,-0.2,0.0935169724,-7.23797487e-06,7.23569258e-06,7.30773424e-06,1.7161837e-08,-0.000358851368,0.000175662349,0.000174553671,3,-0.00015481896,0.000170524876,-0.000108583202,0.000128075311
0.268,1.57063512,1.90839708,-0.00290016603,-0.000730277698,0.793032912,0.0951033293,-0.2,0.0935167245,-6.94854745e-06,6.94635588e-06,7.00786092e-06,1.07421153e-08,-0.000275815445,0.00014605554,0.000125214455,3,-0.000161204998,0.00017817538,-0.000110122075,0.000128608833
0.27,1.57063012,1.90839563,-0.00228388296,-0.000731668895,0.591330285,0.0945226803,-0.2,0.0935165304,-6.77025624e-06,6.76812046e-06,6.82176731e-06,7.64080907e-09,-0.000215878739,0.000146333779,6.71031935e-05,3,-0.000166206531,0.000184148274,-0.000111569252,0.000129164815
0.272,1.57062615,1.9083941,-0.00182133757,-0.000794338513,0.44943259,0.0941947468,-0.2,0.0935163764,-6.70640597e-06,6.70428997e-06,6.75263519e-06,6.21367742e-09,-0.000171560431,0.000158867703,1.13825868e-05,3,-0.000170176118,0.000188839658,-0.000113106109,0.000129973591
0.274,1.57062296,1.90839241,-0.00146725894,-0.00086883119,0.34852224,0.0940172955,-0.2,0.0935162527,-6.74495713e-06,6.74282862e-06,6.78805846e-06,5.63633644e-09,-0.000137947717,0.000173766238,-3.65324872e-05,3,-0.000173362002,0.000192541206,-0.000114788525,0.00013109976
0.276,1.57062039,1.9083906,-0.00119082343,-0.000930536628,0.275284182,0.0939244682,-0.2,0.0935161526,-6.86738131e-06,6.86521385e-06,6.90908373e-06,5.42751533e-09,-0.000111847458,0.000186107326,-7.46847492e-05,3,-0.000175940702,0.000195469318,-0.000116606397,0.000132520799
0.278,1.57061829,1.90838868,-0.000971232744,-0.000969623163,0.220757109,0.0938762814,-0.2,0.0935160711,-7.05379339e-06,7.05156679e-06,7.09543157e-06,5.30923857e-09,-9.11757183e-05,0.000193924633,-0.000103054134,3,-0.000178040235,0.000197786886,-0.000118520159,0.000134175324
0.28,1.57061657,1.90838672,-0.000794363968,-0.000984386597,0.17907154,0.093849721,-0.2,0.0935160046,-7.28563904e-06,7.28333896e-06,7.32821347e-06,5.14248916e-09,-7.45508367e-05,0.000196877319,-0.000122596267,3,-0.000179755802,0.000199618645,-0.000120481552,0.000135990605
0.282,1.57061517,1.90838476,-0.000650445742,-0.000977147161,0.146423818,0.0938322744,-0.2,0.0935159501,-7.54689076e-06,7.54450792e-06,7.5911292e-06,4.87850126e-09,-6.10328034e-05,0.000195429432,-0.000134665133,3,-0.000181160091,0.000201061735,-0.000122444428,0.000137896928
0.284,1.57061402,1.90838283,-0.000532527301,-0.000951867592,0.120340126,0.0938176185,-0.2,0.0935159054,-7.82439431e-06,7.82192358e-06,7.87080531e-06,4.51980049e-09,-4.99604432e-05,0.000190373518,-0.000140687797,3,-0.000182309964,0.000202192922,-0.000124369603,0.000139834112
0.286,1.57061308,1.90838098,-0.00043550117,-0.000912858972,0.0991843323,0.0938029075,-0.2,0.0935158689,-8.10776924e-06,8.10520878e-06,8.1566866e-06,4.09246321e-09,-4.08512759e-05,0.000182571794,-0.00014199688,3,-0.000183250803,0.000203073564,-0.000126226394,0.000141753626
0.288,1.57061231,1.90837921,-0.000355489964,-0.000864138505,0.0818432869,0.0937871448,-0.2,0.0935158391,-8.38910359e-06,8.38645404e-06,8.44072298e-06,3.62892037e-09,-3.33403888e-05,0.000172827701,-0.000139756932,3,-0.00018401939,0.0002037531,-0.000127992441,0.000143618415
0.29,1.57061168,1.90837755,-0.000289463453,-0.000809158848,0.0675315153,0.0937702452,-0.2,0.0935158148,-8.66257752e-06,8.65984137e-06,8.71698681e-06,3.15883796e-09,-2.7143059e-05,0.00016183177,-0.000134943559,3,-0.000184645856,0.000204271578,-0.000129652734,0.000145401662
0.292,1.57061117,1.908376,-0.000234997506,-0.000750737467,0.0556722842,0.0937525173,-0.2,0.093515795,-8.92408683e-06,8.92126787e-06,8.98129117e-06,2.70530977e-09,-2.20316077e-05,0.000150147493,-0.00012834998,3,-0.000185155059,0.000204661519,-0.000131198373,0.000147085173
0.294,1.57061076,1.90837458,-0.000190119127,-0.000691085561,0.0458258094,0.0937343928,-0.2,0.093515779,-9.17089974e-06,9.16800262e-06,9.23084229e-06,2.28411244e-09,-1.7820701e-05,0.000138217112,-0.000120606188,3,-0.000185567594,0.000204949354,-0.00013262533,0.000148657735
0.296,1.57061043,1.90837327,-0.000153203445,-0.000631880175,0.0376458361,0.0937162953,-0.2,0.0935157661,-9.40135994e-06,9.39838983e-06,9.46393882e-06,1.90447921e-09,-1.43576593e-05,0.000126376035,-0.000112202431,3,-0.000185900556,0.000205156553,-0.000133933317,0.000150113624
0.298,1.57061016,1.90837208,-0.000122902239,-0.000574349401,0.0308529911,0.0936985845,-0.2,0.0935157557,-9.6146377e-06,9.61160005e-06,9.67971975e-06,1.57045468e-09,-1.15157658e-05,0.00011486988,-0.000103512712,3,-0.000186168147,0.000205300517,-0.000135124826,0.000151451303
0.3,1.57060994,1.908371,-9.80920024e-05,-0.000519355668,0.0252179537,0.0936815393,-0.2,0.0935157474,-9.81052586e-06,9.80742617e-06,9.8779576e-06,1.28232118e-09,-9.18940977e-06,0.000103871134,-9.48162819e-05,3,-0.000186382159,0.000205395316,-0.000136204334,0.000152672357
0.302,1.57060977,1.90837002,-7.78345008e-05,-0.000467470487,0.0205503717,0.0936653598,-0.2,0.0935157408,-9.98927528e-06,9.98611898e-06,1.00588916e-05,1.03785782e-09,-7.29039653e-06,9.34940973e-05,-8.63163389e-05,3,-0.000186552375,0.000205452283,-0.00013717767,0.000153780612
0.304,1.57060964,1.90836915,-6.13457031e-05,-0.000419038403,0.0166911764,0.0936501777,-0.2,0.0935157356,-1.01514639e-05,1.01482563e-05,1.02230948e-05,8.33347198e-10,-5.74503599e-06,8.38076807e-05,-7.81558325e-05,3,-0.000186686898,0.000205480509,-0.000138051514,0.000154781443
0.306,1.57060953,1.90836837,-4.79706325e-05,-0.000374230143,0.0135069602,0.0936360681,-0.2,0.0935157315,-1.02978938e-05,1.02946398e-05,1.03713694e-05,6.64325539e-10,-4.49178142e-06,7.48460286e-05,-7.04305488e-05,3,-0.00018679243,0.000205487251,-0.000138833008,0.00015568123
0.308,1.57060945,1.90836767,-3.71626227e-05,-0.000333085898,0.0108856613,0.0936230622,-0.2,0.0935157283,-1.04295111e-05,1.04262153e-05,1.05046653e-05,5.26108247e-10,-3.47927853e-06,6.66171796e-05,-6.31998034e-05,3,-0.000186874498,0.000205478267,-0.000139529467,0.000156486933
0.31,1.57060939,1.90836705,-2.84660029e-05,-0.000295550077,0.00873312217,0.0936111572,-0.2,0.0935157258,-1.05473442e-05,1.05440112e-05,1.06240178e-05,4.14134725e-10,-2.66473547e-06,5.91100154e-05,-5.6495087e-05,3,-0.000186937654,0.000205458095,-0.000140148164,0.000157205776
0.312,1.57060934,1.90836651,-2.15015491e-05,-0.000261498861,0.00697027058,0.0936003259,-0.2,0.093515724,-1.06524579e-05,1.06490916e-05,1.07305e-05,3.24176326e-10,-2.01255201e-06,5.22997722e-05,-5.03269972e-05,3,-0.000186985636,0.000205430284,-0.000140696167,0.000157845003
0.314,1.57060931,1.90836602,-1.59542145e-05,-0.000230761821,0.00553076957,0.0935905239,-0.2,0.0935157226,-1.07459183e-05,1.07425223e-05,1.08251875e-05,2.52445562e-10,-1.49316329e-06,4.61523641e-05,-4.46907526e-05,3,-0.000187021506,0.000205397585,-0.000141180241,0.000158411712
0.316,1.57060928,1.9083656,-1.15627685e-05,-0.000203138688,0.00435903904,0.093581695,-0.2,0.0935157215,-1.08287679e-05,1.08253457e-05,1.0909133e-05,1.95637442e-10,-1.08206348e-06,4.06277375e-05,-3.95705461e-05,3,-0.000187047762,0.000205362103,-0.000141606766,0.000158912725
0.318,1.57060926,1.90836522,-8.11104692e-06,-0.000178412204,0.0034085809,0.0935737759,-0.2,0.0935157208,-1.09020079e-05,1.08985625e-05,1.09833485e-05,1.50926615e-10,-7.58981286e-07,3.56824409e-05,-3.49429541e-05,3,-0.000187066441,0.000205325431,-0.0001419817,0.000159354509
0.32,1.57060925,1.90836489,-5.42056566e-06,-0.000156357834,0.0026405577,0.0935666997,-0.2,0.0935157203,-1.09665867e-05,1.09631208e-05,1.10487925e-05,1.15937745e-10,-5.07184439e-07,3.12715668e-05,-3.07795811e-05,3,-0.000187079194,0.000205288749,-0.000142310556,0.000159743123
0.322,1.57060924,1.9083646,-3.34429412e-06,-0.000136750964,0.00202258593,0.0935603983,-0.2,0.09351572,-1.1023392e-05,1.10199081e-05,1.11063629e-05,8.87014309e-11,-3.12893489e-07,2.73501928e-05,-2.70490903e-05,3,-0.000187087354,0.000205252912,-0.000142598399,0.000160084192
0.324,1.57060923,1.90836435,-1.76141135e-06,-0.000119372126,0.00152771178,0.0935548045,-0.2,0.0935157198,-1.10732474e-05,1.10697477e-05,1.11568929e-05,6.76040532e-11,-1.64788494e-07,2.38744252e-05,-2.3718742e-05,3,-0.000187091995,0.000205218521,-0.000142849846,0.000160382894
0.326,1.57060923,1.90836413,-5.72896986e-07,-0.000104010664,0.00113354268,0.0935498531,-0.2,0.0935157198,-1.11169106e-05,1.11133971e-05,1.12011494e-05,5.1336981e-11,-5.35944289e-08,2.08021327e-05,-2.0755539e-05,3,-0.000187093977,0.000205185978,-0.000143069089,0.000160643962
0.328,1.57060923,1.90836394,3.02170629e-07,-9.04671812e-05,0.000821511927,0.093545482,-0.2,0.0935157198,-1.11550744e-05,1.11515488e-05,1.12398337e-05,3.88484271e-11,2.82666972e-08,1.80934362e-05,-1.81270635e-05,3,-0.000187093986,0.00020515553,-0.000143259912,0.000160871702
0.33,1.57060923,1.90836378,9.29717684e-07,-7.85550609e-05,0.000576256637,0.0935416328,-0.2,0.0935157198,-1.11883681e-05,1.1184832e-05,1.12735829e-05,2.92997638e-11,8.69673102e-08,1.57110122e-05,-1.58020682e-05,3,-0.000187092563,0.000205127309,-0.000143425715,0.000161070005
0.332,1.57060924,1.90836363,1.36327211e-06,-6.81012663e-05,0.000385092621,0.093538251,-0.2,0.0935157199,-1.12173607e-05,1.12138155e-05,1.13029733e-05,2.20271e-11,1.27518088e-07,1.36202533e-05,-1.37508785e-05,3,-0.000187090135,0.000205101357,-0.000143569543,0.000161242375
0.334,1.57060924,1.90836351,1.64613373e-06,-5.89466098e-05,0.00023757145,0.0935352863,-0.2,0.09351572,-1.12425643e-05,1.1239011e-05,1.13285235e-05,1.65082757e-11,1.53971589e-07,1.1789322e-05,-1.19456464e-05,3,-0.000187087034,0.000205077653,-0.000143694111,0.000161391951
0.336,1.57060924,1.9083634,1.81318449e-06,-5.09456268e-05,0.000125107586,0.0935326927,-0.2,0.0935157202,-1.12644377e-05,1.12608775e-05,1.13506984e-05,1.23350327e-11,1.69592027e-07,1.01891254e-05,-1.03604931e-05,3,-0.000187083517,0.000205056129,-0.000143801833,0.000161521539
0.338,1.57060925,1.90836331,1.89239576e-06,-4.39661662e-05,4.06648438e-05,0.093530428,-0.2,0.0935157203,-1.12833905e-05,1.12798244e-05,1.13699129e-05,9.18990487e-12,1.76996585e-07,8.79323324e-06,-8.97156557e-06,3,-0.00018707978,0.000205036685,-0.00014389485,0.000161633634
0.34,1.57060925,1.90836323,1.90608115e-06,-3.78887868e-05,-2.15067624e-05,0.0935284543,-0.2,0.0935157205,-1.12997876e-05,1.12962162e-05,1.13865367e-05,6.82727104e-12,1.78272824e-07,7.57775735e-06,-7.75703182e-06,3,-0.000187075969,0.0002050192,-0.000143975053,0.000161730451
0.342,1.57060925,1.90836316,1.87193578e-06,-3.26060242e-05,-6.60916032e-05,0.0935267371,-0.2,0.0935157206,-1.13139522e-05,1.13103764e-05,1.14008975e-05,5.05798758e-12,1.75076046e-07,6.52120484e-06,-6.69702973e-06,3,-0.000187072194,0.000205003542,-0.000144044111,0.00016181395
0.344,1.57060926,1.9083631,1.80389665e-06,-2.80215838e-05,-9.68930761e-05,0.0935252457,-0.2,0.0935157207,-1.13261707e-05,1.13225909e-05,1.14132852e-05,3.73704243e-12,1.68709878e-07,5.60431676e-06,-5.77358483e-06,3,-0.00018706853,0.000204989571,-0.000144103491,0.00016188586
0.346,1.57060926,1.90836305,1.71285345e-06,-2.40494961e-05,-0.000116987739,0.0935239525,-0.2,0.0935157209,-1.13366954e-05,1.13331123e-05,1.14239559e-05,2.75371832e-12,1.60192824e-07,4.80989922e-06,-4.97050694e-06,3,-0.000187065034,0.000204977147,-0.000144154479,0.000161947701
0.348,1.57060927,1.908363,1.60723439e-06,-2.06132663e-05,-0.000128854058,0.0935228329,-0.2,0.093515721,-1.13457487e-05,1.13421627e-05,1.14331348e-05,2.02381302e-12,1.50313113e-07,4.12265326e-06,-4.2732739e-06,3,-0.000187061738,0.000204966133,-0.000144198205,0.000162000812
0.35,1.57060927,1.90836297,1.49348797e-06,-1.76450383e-05,-0.000134479487,0.093521865,-0.2,0.0935157211,-1.13535257e-05,1.13499373e-05,1.14410198e-05,1.4835276e-12,1.39673781e-07,3.52900766e-06,-3.66890876e-06,3,-0.000187058665,0.000204956397,-0.000144235653,0.000162046363
0.352,1.57060927,1.90836293,1.37647807e-06,-1.50847888e-05,-0.000135449414,0.0935210296,-0.2,0.0935157212,-1.13601974e-05,1.13566069e-05,1.14477841e-05,1.0846939e-12,1.28729646e-07,3.01695777e-06,-3.14585499e-06,3,-0.000187055824,0.000204947814,-0.000144267683,0.000162085378
0.354,1.57060927,1.90836291,1.25980702e-06,-1.2879562e-05,-0.000133021111,0.0935203096,-0.2,0.0935157213,-1.13659135e-05,1.13623211e-05,1.14535795e-05,7.91068546e-13,1.17817542e-07,2.57591239e-06,-2.69385314e-06,3,-0.000187053217,0.000204940265,-0.000144295044,0.00016211875
0.356,1.57060928,1.90836288,1.14607914e-06,-1.09827507e-05,-0.000128184823,0.0935196898,-0.2,0.0935157214,-1.13708044e-05,1.13672105e-05,1.14585382e-05,5.75469888e-13,1.07180966e-07,2.19655013e-06,-2.30382146e-06,3,-0.00018705084,0.000204933641,-0.000144318388,0.00016214726
0.358,1.57060928,1.90836286,1.03711484e-06,-9.35342924e-06,-0.000121714256,0.0935191571,-0.2,0.0935157215,-1.13749839e-05,1.13713887e-05,1.14627757e-05,4.17576554e-13,9.69901058e-08,1.87068585e-06,-1.96774204e-06,3,-0.000187048685,0.000204927841,-0.000144338278,0.000162171583
0.36,1.57060928,1.90836285,9.34123993e-07,-7.95573762e-06,-0.00011420824,0.0935186998,-0.2,0.0935157216,-1.1378551e-05,1.13749547e-05,1.14663922e-05,3.0224237e-13,8.73580613e-08,1.59114752e-06,-1.6785538e-06,3,-0.000187046741,0.000204922773,-0.000144355204,0.000162192308
0.362,1.57060928,1.90836283,8.37845802e-07,-6.75831804e-06,-0.000106124934,0.0935183078,-0.2,0.0935157217,-1.13815915e-05,1.13779942e-05,1.14694747e-05,2.18211845e-13,7.83539216e-08,1.35166361e-06,-1.43005262e-06,3,-0.000187044994,0.000204918354,-0.00014436959,0.000162209945
0.364,1.57060928,1.90836282,7.48661087e-07,-5.73380238e-06,-9.78099122e-05,0.0935179721,-0.2,0.0935157217,-1.13841798e-05,1.13805817e-05,1.14720988e-05,1.57144901e-13,7.00132667e-08,1.14676048e-06,-1.21679921e-06,3,-0.000187043431,0.000204914507,-0.0001443818,0.000162224933
0.366,1.57060928,1.90836281,6.66681984e-07,-4.85834816e-06,-8.95191215e-05,0.0935176852,-0.2,0.0935157218,-1.13863805e-05,1.13827817e-05,1.14743299e-05,1.1287915e-13,6.23465559e-08,9.71669631e-07,-1.03403463e-06,3,-0.000187042037,0.000204911164,-0.000144392152,0.000162237655
0.368,1.57060929,1.9083628,5.9182321e-07,-4.11122065e-06,-8.14375638e-05,0.0935174401,-0.2,0.0935157218,-1.13882492e-05,1.13846498e-05,1.14762243e-05,8.08738737e-14,5.53457916e-08,8.22244129e-07,-8.77603241e-07,3,-0.000187040798,0.000204908265,-0.000144400916,0.000162248439
0.37,1.57060929,1.90836279,5.23858301e-07,-3.47441795e-06,-7.36945977e-05,0.0935172311,-0.2,0.0935157219,-1.13898339e-05,1.1386234e-05,1.14778309e-05,5.77923659e-14,4.89897778e-08,6.9488359e-07,-7.43882965e-07,3,-0.000187039701,0.000204905754,-0.000144408327,0.000162257568
0.372,1.57060929,1.90836279,4.62463655e-07,-2.93233598e-06,-6.63761558e-05,0.0935170531,-0.2,0.0935157219,-1.13911762e-05,1.13875758e-05,1.14791915e-05,4.11892562e-14,4.32482382e-08,5.86467197e-07,-6.2972233e-07,3,-0.000187038731,0.000204903583,-0.000144414584,0.000162265285
0.374,1.57060929,1.90836278,4.07252715e-07,-2.47147009e-06,-5.95347576e-05,0.0935169017,-0.2,0.0935157219,-1.13923115e-05,1.13887108e-05,1.14803424e-05,2.92771588e-14,3.80850121e-08,4.94294018e-07,-5.32383973e-07,3,-0.000187037876,0.000204901708,-0.000144419861,0.000162271801
0.376,1.57060929,1.90836278,3.57802211e-07,-2.08015019e-06,-5.31974429e-05,0.093516773,-0.2,0.093515722,-1.13932705e-05,1.13896696e-05,1.14813145e-05,2.07530617e-14,3.34605082e-08,4.16030038e-07,-4.49494079e-07,3,-0.000187037124,0.000204900093,-0.000144424305,0.000162277295
0.378,1.57060929,1.90836277,3.1367204e-07,-1.74830625e-06,-4.73721677e-05,0.0935166638,-0.2,0.093515722,-1.13940796e-05,1.13904784e-05,1.14821346e-05,1.46695475e-14,2.93335627e-08,3.49661249e-07,-3.78997331e-07,3,-0.000187036464,0.000204898702,-0.000144428042,0.00016228192
0.38,1.57060929,1.90836277,2.74420065e-07,-1.4672613e-06,-4.20528836e-05,0.0935165713,-0.2,0.093515722,-1.13947612e-05,1.13911598e-05,1.14828254e-05,1.03395472e-14,2.56628236e-08,2.9345226e-07,-3.19116874e-07,3,-0.000187035887,0.000204897506,-0.00014443118,0.000162285809
0.382,1.57060929,1.90836277,2.39612892e-07,-1.22954908e-06,-3.7223472e-05,0.093516493,-0.2,0.093515722,-1.13953346e-05,1.1391733e-05,1.14834066e-05,7.26609629e-15,2.24077573e-08,2.45909816e-07,-2.68318843e-07,3,-0.000187035382,0.00020489648,-0.000144433811,0.000162289073
0.384,1.57060929,1.90836277,2.08833499e-07,-1.02875387e-06,-3.28609319e-05,0.0935164269,-0.2,0.093515722,-1.13958164e-05,1.13922146e-05,1.14838948e-05,5.09067437e-15,1.95293627e-08,2.05750774e-07,-2.25281035e-07,3,-0.000187034942,0.0002048956,-0.000144436014,0.000162291809
0.386,1.57060929,1.90836276,1.81686369e-07,-8.59370027e-07,-2.89378061e-05,0.093516371,-0.2,0.0935157221,-1.13962205e-05,1.13926185e-05,1.14843043e-05,3.55531758e-15,1.69906499e-08,1.71874005e-07,-1.88865288e-07,3,-0.000187034559,0.000204894847,-0.000144437855,0.000162294099
0.388,1.57060929,1.90836276,1.57800729e-07,-7.16679119e-07,-2.54240099e-05,0.0935163239,-0.2,0.0935157221,-1.13965589e-05,1.13929569e-05,1.14846473e-05,2.47490665e-15,1.47569441e-08,1.43335824e-07,-1.58093213e-07,3,-0.000187034226,0.000204894204,-0.000144439392,0.000162296012
0.39,1.57060929,1.90836276,1.36832305e-07,-5.96642605e-07,-2.22882687e-05,0.0935162843,-0.2,0.0935157221,-1.13968419e-05,1.13932398e-05,1.14849341e-05,1.71695277e-15,1.27960487e-08,1.19328521e-07,-1.32124882e-07,3,-0.000187033937,0.000204893654,-0.000144440672,0.000162297608
0.392,1.57060929,1.90836276,1.1846402e-07,-4.9580832e-07,-1.94991552e-05,0.0935162509,-0.2,0.0935157221,-1.13970782e-05,1.1393476e-05,1.14851735e-05,1.18689212e-15,1.10783111e-08,9.91616639e-08,-1.10240193e-07,3,-0.000187033687,0.000204893186,-0.000144441736,0.000162298937
0.394,1.57060929,1.90836276,1.02405833e-07,-4.11229099e-07,-1.70258919e-05,0.093516223,-0.2,0.0935157221,-1.13972752e-05,1.13936729e-05,1.14853731e-05,8.1741625e-16,9.57660674e-09,8.22458198e-08,-9.18225783e-08,3,-0.00018703347,0.000204892787,-0.00014444262,0.000162300042
0.396,1.57060929,1.90836276,8.83940195e-08,-3.40392093e-07,-1.48388151e-05,0.0935161995,-0.2,0.0935157221,-1.13974391e-05,1.13938368e-05,1.14855391e-05,5.60751516e-16,8.26627277e-09,6.80784187e-08,-7.63447967e-08,3,-0.000187033283,0.000204892447,-0.000144443352,0.000162300958
0.398,1.57060929,1.90836276,7.61900377e-08,-2.81157494e-07,-1.29098389e-05,0.0935161799,-0.2,0.0935157221,-1.13975752e-05,1.13939728e-05,1.1485677e-05,3.83087283e-16,7.12500127e-09,5.62314988e-08,-6.33565729e-08,3,-0.000187033122,0.000204892159,-0.000144443957,0.000162301717
0.4,1.57060929,1.90836276,6.55791159e-08,-2.31705451e-07,-1.12126198e-05,0.0935161635,-0.2,0.0935157221,-1.1397688e-05,1.13940856e-05,1.14857912e-05,2.60565645e-16,6.13270733e-09,4.63410902e-08,-5.24738477e-08,3,-0.000187032983,0.000204891915,-0.000144444456,0.000162302343
0.402,1.57060929,1.90836276,5.63686841e-08,-1.9049019e-07,-9.72268482e-06,0.0935161499,-0.2,0.0935157221,-1.13977813e-05,1.13941789e-05,1.14858857e-05,1.76402921e-16,5.27138231e-09,3.80980379e-08,-4.33694547e-08,3,-0.000187032863,0.000204891708,-0.000144444867,0.00016230286
0.404,1.57060929,1.90836276,4.83867281e-08,-1.5620042e-07,-8.41751182e-06,0.0935161385,-0.2,0.0935157221,-1.13978583e-05,1.13942559e-05,1.14859637e-05,1.18829184e-16,4.52493997e-09,3.12400841e-08,-3.57650476e-08,3,-0.000187032761,0.000204891533,-0.000144445204,0.000162303284
0.406,1.57060929,1.90836276,4.14801108e-08,-1.27725186e-07,-7.27649041e-06,0.093516129,-0.2,0.0935157221,-1.13979217e-05,1.13943193e-05,1.14860279e-05,7.9617398e-17,3.87905939e-09,2.55450372e-08,-2.94241126e-08,3,-0.000187032673,0.000204891385,-0.00014444548,0.000162303632
0.408,1.57060929,1.90836276,3.55129304e-08,-1.04124483e-07,-6.28086395e-06,0.0935161212,-0.2,0.0935157221,-1.13979738e-05,1.13943714e-05,1.14860807e-05,5.30364576e-17,3.32103151e-09,2.08248966e-08,-2.41459389e-08,3,-0.000187032598,0.00020489126,-0.000144445705,0.000162303917
0.41,1.57060929,1.90836276,3.03649229e-08,-8.46040173e-08,-5.41370934e-06,0.0935161147,-0.2,0.0935157221,-1.13980165e-05,1.1394414e-05,1.14861239e-05,3.51081109e-17,2.83960962e-09,1.69208035e-08,-1.97604204e-08,3,-0.000187032533,0.000204891155,-0.000144445888,0.000162304149
0.412,1.57060929,1.90836276,2.59299361e-08,-6.84934883e-08,-4.6597371e-06,0.0935161093,-0.2,0.0935157221,-1.13980514e-05,1.13944489e-05,1.14861592e-05,2.30810634e-17,2.42486674e-09,1.36986977e-08,-1.61235693e-08,3,-0.000187032478,0.000204891067,-0.000144446037,0.000162304338
0.414,1.57060929,1.90836276,2.21145163e-08,-5.52280223e-08,-4.00528342e-06,0.0935161049,-0.2,0.0935157221,-1.13980798e-05,1.13944773e-05,1.14861879e-05,1.50600067e-17,2.06806343e-09,1.10456045e-08,-1.31136712e-08,3,-0.000187032431,0.000204890993,-0.000144446157,0.00016230449
0.416,1.57060929,1.90836276,1.88365732e-08,-4.43322392e-08,-3.43812194e-06,0.0935161013,-0.2,0.0935157221,-1.13981028e-05,1.13945003e-05,1.14862112e-05,9.74467882e-18,1.76152289e-09,8.86644783e-09,-1.06279729e-08,3,-0.000187032391,0.00020489093,-0.000144446253,0.000162304613
0.418,1.57060929,1.90836276,1.60241544e-08,-3.54066521e-08,-2.94737555e-06,0.0935160983,-0.2,0.0935157221,-1.13981215e-05,1.13945189e-05,1.14862301e-05,6.24695662e-18,1.4985164e-09,7.08133042e-09,-8.57984824e-09,3,-0.000187032357,0.000204890878,-0.000144446331,0.000162304712
0.42,1.57060929,1.90836276,1.36143196e-08,-2.81160335e-08,-2.52337113e-06,0.0935160958,-0.2,0.0935157221,-1.13981365e-05,1.13945339e-05,1.14862452e-05,3.96305416e-18,1.27315801e-09,5.6232067e-09,-6.89636564e-09,3,-0.000187032328,0.000204890835,-0.000144446392,0.000162304791
0.422,1.57060929,1.90836276,1.15521263e-08,-2.21795111e-08,-2.15757627e-06,0.0935160939,-0.2,0.0935157221,-1.13981485e-05,1.1394546e-05,1.14862574e-05,2.48455268e-18,1.08030973e-09,4.43590223e-09,-5.51621255e-09,3,-0.000187032303,0.000204890798,-0.000144446441,0.000162304853
0.424,1.57060929,1.90836276,9.78969137e-09,-1.73621069e-08,-1.84245477e-06,0.0935160922,-0.2,0.0935157221,-1.13981581e-05,1.13945555e-05,1.14862671e-05,1.53667847e-18,9.15493681e-10,3.47242138e-09,-4.38791544e-09,3,-0.000187032282,0.000204890768,-0.000144446479,0.000162304903
0.426,1.57060929,1.90836276,8.2853691e-09,-1.34675643e-08,-1.57134222e-06,0.0935160909,-0.2,0.0935157221,-1.13981657e-05,1.13945631e-05,1.14862747e-05,9.35660861e-19,7.7481533e-10,2.69351286e-09,-3.46832843e-09,3,-0.000187032265,0.000204890743,-0.000144446509,0.000162304941
0.428,1.57060929,1.90836276,7.0029881e-09,-1.0332239e-08,-1.33842945e-06,0.0935160899,-0.2,0.0935157222,-1.13981716e-05,1.13945691e-05,1.14862808e-05,5.59383255e-19,6.54892065e-10,2.06644781e-09,-2.72134003e-09,3,-0.00018703225,0.000204890722,-0.000144446531,0.000162304971
0.43,1.57060929,1.90836276,5.91119392e-09,-7.81991831e-09,-1.13859475e-06,0.093516089,-0.2,0.0935157222,-1.13981763e-05,1.13945738e-05,1.14862855e-05,3.2727491e-19,5.52791737e-10,1.56398366e-09,-2.11677549e-09,3,-0.000187032237,0.000204890705,-0.000144446549,0.000162304994
0.432,1.57060929,1.90836276,4.98283924e-09,-5.81743008e-09,-9.67359855e-07,0.0935160883,-0.2,0.0935157222,-1.13981799e-05,1.13945774e-05,1.14862891e-05,1.86596659e-19,4.65975635e-10,1.16348602e-09,-1.62946171e-09,3,-0.000187032227,0.000204890691,-0.000144446562,0.000162305011
0.434,1.57060929,1.90836276,4.19446306e-09,-4.23092452e-09,-8.20828789e-07,0.0935160878,-0.2,0.0935157222,-1.13981827e-05,1.13945801e-05,1.14862919e-05,1.03133771e-19,3.92249775e-10,8.46184905e-10,-1.23843471e-09,3,-0.000187032218,0.000204890679,-0.000144446572,0.000162305024
0.436,1.57060929,1.90836276,3.52581452e-09,-2.98272857e-09,-6.9559997e-07,0.0935160874,-0.2,0.0935157222,-1.13981848e-05,1.13945822e-05,1.1486294e-05,5.49136276e-20,3.29720378e-10,5.96545715e-10,-9.26266113e-10,3,-0.00018703221,0.000204890669,-0.000144446578,0.000162305034
0.438,1.57060929,1.90836276,2.95944628e-09,-2.00870493e-09,-5.88714729e-07,0.093516087,-0.2,0.0935157222,-1.13981863e-05,1.13945837e-05,1.14862955e-05,2.79904934e-20,2.76755836e-10,4.01740987e-10,-6.78496834e-10,3,-0.000187032204,0.000204890661,-0.000144446583,0.00016230504
0.44,1.57060929,1.90836276,2.48033342e-09,-1.25600215e-09,-4.97593074e-07,0.0935160868,-0.2,0.0935157222,-1.13981874e-05,1.13945848e-05,1.14862966e-05,1.363384e-20,2.31951075e-10,2.5120043e-10,-4.83151512e-10,3,-0.000187032198,0.000204890655,-0.000144446586,0.000162305044
0.442,1.57060929,1.90836276,2.0755729e-09,-6.81184261e-10,-4.20018343e-07,0.0935160866,-0.2,0.0935157222,-1.13981882e-05,1.13945856e-05,1.14862974e-05,6.46774378e-21,1.94099455e-10,1.36236852e-10,-3.30336311e-10,3,-0.000187032194,0.000204890649,-0.000144446588,0.000162305047
0.444,1.57060929,1.90836276,1.73408253e-09,-2.48640115e-10,-3.54056899e-07,0.0935160864,-0.2,0.0935157222,-1.13981887e-05,1.13945861e-05,1.14862979e-05,3.24814668e-21,1.62164612e-10,4.9728023e-11,-2.11892636e-10,3,-0.00018703219,0.000204890645,-0.000144446589,0.000162305049
0.446,1.57060929,1.90836276,1.44636735e-09,7.074056e-11,-2.98038914e-07,0.0935160863,-0.2,0.0935157222,-1.1398189e-05,1.13945864e-05,1.14862982e-05,2.06715428e-21,1.35258614e-10,-1.4148112e-11,-1.21110503e-10,3,-0.000187032187,0.000204890642,-0.000144446589,0.000162305049
0.448,1.57060929,1.90836276,1.20429753e-09,3.00682232e-10,-2.50522774e-07,0.0935160862,-0.2,0.0935157222,-1.13981891e-05,1.13945866e-05,1.14862983e-05,1.84021115e-21,1.12621191e-10,-6.01364463e-11,-5.24847454e-11,3,-0.000187032185,0.000204890639,-0.000144446588,0.000162305049
0.45,1.57060929,1.90836276,1.00092274e-09,4.60455303e-10,-2.10283476e-07,0.0935160862,-0.2,0.0935157222,-1.13981892e-05,1.13945866e-05,1.14862984e-05,1.97957167e-21,9.3602377e-11,-9.20910605e-11,-1.51131663e-12,3,-0.000187032182,0.000204890637,-0.000144446588,0.000162305048
0.452,1.57060929,1.90836276,8.30310415e-10,5.65655531e-10,-1.76239821e-07,0.0935160862,-0.2,0.0935157222,-1.13981891e-05,1.13945866e-05,1.14862983e-05,2.18931817e-21,7.76473803e-11,-1.13131106e-10,3.54837257e-11,3,-0.000187032181,0.000204890635,-0.000144446586,0.000162305047
0.454,1.57060929,1.90836276,6.87397574e-10,6.2885213e-10,-1.47477856e-07,0.0935160861,-0.2,0.0935157222,-1.1398189e-05,1.13945865e-05,1.14862982e-05,2.33882834e-21,6.42827308e-11,-1.25770426e-10,6.14876951e-11,3,-0.000187032179,0.000204890633,-0.000144446585,0.000162305046
0.456,1.57060929,1.90836276,5.67875924e-10,6.60128611e-10,-1.23216438e-07,0.0935160861,-0.2,0.0935157222,-1.13981889e-05,1.13945863e-05,1.14862981e-05,2.38634288e-21,5.31055338e-11,-1.32025722e-10,7.89201883e-11,3,-0.000187032178,0.000204890632,-0.000144446584,0.000162305044
0.458,1.57060929,1.90836276,4.6807694e-10,6.67541841e-10,-1.02767041e-07,0.0935160861,-0.2,0.0935157222,-1.13981887e-05,1.13945862e-05,1.14862979e-05,2.33409301e-21,4.37727235e-11,-1.33508368e-10,8.97356447e-11,3,-0.000187032177,0.000204890631,-0.000144446583,0.000162305043
0.46,1.57060929,1.90836276,3.84889741e-10,6.57475084e-10,-8.55746218e-08,0.0935160861,-0.2,0.0935157222,-1.13981885e-05,1.1394586e-05,1.14862977e-05,2.20275779e-21,3.59933821e-11,-1.31495017e-10,9.55016346e-11,3,-0.000187032176,0.000204890631,-0.000144446581,0.000162305041
0.462,1.57060929,1.90836276,3.15667653e-10,6.34974207e-10,-7.11191704e-08,0.0935160861,-0.2,0.0935157222,-1.13981883e-05,1.13945858e-05,1.14862975e-05,2.01799244e-21,2.95200034e-11,-1.26994841e-10,9.74748379e-11,3,-0.000187032175,0.00020489063,-0.00014444658,0.00016230504
0.464,1.57060929,1.90836276,2.58176162e-10,6.03974519e-10,-5.89937507e-08,0.0935160861,-0.2,0.0935157222,-1.13981881e-05,1.13945856e-05,1.14862973e-05,1.80359555e-21,2.41436242e-11,-1.20794904e-10,9.66512795e-11,3,-0.000187032175,0.00020489063,-0.000144446579,0.000162305038
0.466,1.57060929,1.90836276,2.10519288e-10,5.67527318e-10,-4.88435552e-08,0.0935160861,-0.2,0.0935157222,-1.13981879e-05,1.13945854e-05,1.14862971e-05,1.57887419e-21,1.96869399e-11,-1.13505464e-10,9.38185236e-11,3,-0.000187032174,0.000204890629,-0.000144446578,0.000162305037
0.468,1.57060929,1.90836276,1.71095021e-10,5.27972596e-10,-4.03499137e-08,0.0935160861,-0.2,0.0935157222,-1.13981878e-05,1.13945852e-05,1.14862969e-05,1.35802592e-21,1.60001367e-11,-1.05594519e-10,8.95943823e-11,3,-0.000187032174,0.000204890629,-0.000144446577,0.000162305035
0.47,1.57060929,1.90836276,1.38551861e-10,4.87079178e-10,-3.32581416e-08,0.0935160862,-0.2,0.0935157222,-1.13981876e-05,1.1394585e-05,1.14862967e-05,1.15054813e-21,1.29568278e-11,-9.74158355e-11,8.44590076e-11,3,-0.000187032174,0.000204890629,-0.000144446576,0.000162305034
0.472,1.57060929,1.90836276,1.11749088e-10,4.4616113e-10,-2.73533713e-08,0.0935160862,-0.2,0.0935157222,-1.13981874e-05,1.13945849e-05,1.14862966e-05,9.62071483e-22,1.04503373e-11,-8.9232226e-11,7.87818885e-11,3,-0.000187032173,0.000204890629,-0.000144446575,0.000162305033
0.474,1.57060929,1.90836276,8.97272596e-11,4.06180857e-10,-2.24345905e-08,0.0935160862,-0.2,0.0935157222,-1.13981873e-05,1.13945847e-05,1.14862964e-05,7.95313936e-22,8.39094215e-12,-8.12361714e-11,7.28452291e-11,3,-0.000187032173,0.000204890629,-0.000144446574,0.000162305032
0.476,1.57060929,1.90836276,7.16876833e-11,3.67799871e-10,-1.83444881e-08,0.0935160862,-0.2,0.0935157222,-1.13981871e-05,1.13945846e-05,1.14862963e-05,6.50823843e-22,6.70395157e-12,-7.35599743e-11,6.68560227e-11,3,-0.000187032173,0.000204890629,-0.000144446573,0.000162305031
0.478,1.57060929,1.90836276,5.69496383e-11,3.31462386e-10,-1.49574818e-08,0.0935160862,-0.2,0.0935157222,-1.1398187e-05,1.13945845e-05,1.14862961e-05,5.2777374e-22,5.32570728e-12,-6.62924773e-11,6.09667699e-11,3,-0.000187032173,0.000204890629,-0.000144446572,0.00016230503
0.48,1.57060929,1.90836276,4.49454562e-11,2.97448374e-10,-1.21569565e-08,0.0935160862,-0.2,0.0935157222,-1.13981869e-05,1.13945843e-05,1.1486296e-05,4.24514808e-22,4.20312316e-12,-5.94896747e-11,5.52865515e-11,3,-0.000187032173,0.000204890629,-0.000144446572,0.00016230503
0.482,1.57060929,1.90836276,3.52017318e-11,2.65906649e-10,-9.84585168e-09,0.0935160862,-0.2,0.0935157222,-1.13981868e-05,1.13945842e-05,1.14862959e-05,3.38949857e-22,3.29192819e-12,-5.31813297e-11,4.98894015e-11,3,-0.000187032173,0.000204890629,-0.000144446571,0.000162305029
0.484,1.57060929,1.90836276,2.73241101e-11,2.3688367e-10,-7.94090139e-09,0.0935160862,-0.2,0.0935157222,-1.13981867e-05,1.13945841e-05,1.14862958e-05,2.68811127e-22,2.55524384e-12,-4.73767341e-11,4.48214902e-11,3,-0.000187032173,0.000204890629,-0.000144446571,0.000162305028
0.486,1.57060929,1.90836276,2.09773564e-11,2.10360506e-10,-6.37308151e-09,0.0935160862,-0.2,0.0935157222,-1.13981866e-05,1.13945841e-05,1.14862957e-05,2.11873969e-22,1.96172027e-12,-4.20721011e-11,4.01103808e-11,3,-0.000187032173,0.000204890629,-0.00014444657,0.000162305028
0.488,1.57060929,1.90836276,1.5892423e-11,1.86262121e-10,-5.09838749e-09,0.0935160863,-0.2,0.0935157222,-1.13981865e-05,1.1394584e-05,1.14862957e-05,1.6604658e-22,1.4861972e-12,-3.72524242e-11,3.5766227e-11,3,-0.000187032173,0.000204890629,-0.00014444657,0.000162305027
0.49,1.57060929,1.90836276,1.18354399e-11,1.64482359e-10,-4.05161186e-09,0.0935160863,-0.2,0.0935157222,-1.13981865e-05,1.13945839e-05,1.14862956e-05,1.2944894e-22,1.10680402e-12,-3.28964718e-11,3.17896678e-11,3,-0.000187032173,0.000204890629,-0.000144446569,0.000162305027
0.492,1.57060929,1.90836276,8.62072621e-12,1.44888167e-10,-3.19235154e-09,0.0935160863,-0.2,0.0935157222,-1.13981864e-05,1.13945839e-05,1.14862955e-05,1.00425441e-22,8.06176576e-13,-2.89776334e-11,2.81714568e-11,3,-0.000187032173,0.000204890629,-0.000144446569,0.000162305027
0.494,1.57060929,1.90836276,6.09164581e-12,1.27326733e-10,-2.50373817e-09,0.0935160863,-0.2,0.0935157222,-1.13981864e-05,1.13945838e-05,1.14862955e-05,7.75476969e-23,5.69666875e-13,-2.54653465e-11,2.48956796e-11,3,-0.000187032173,0.000204890629,-0.000144446569,0.000162305026
0.496,1.57060929,1.90836276,4.11432682e-12,1.11651491e-10,-1.9436602e-09,0.0935160863,-0.2,0.0935157222,-1.13981863e-05,1.13945838e-05,1.14862954e-05,5.9626111e-23,3.84755742e-13,-2.23302982e-11,2.19455425e-11,3,-0.000187032173,0.000204890629,-0.000144446569,0.000162305026
0.498,1.57060929,1.90836276,2.58788283e-12,9.77021078e-11,-1.49107126e-09,0.0935160863,-0.2,0.0935157222,-1.13981863e-05,1.13945837e-05,1.14862954e-05,4.56580946e-23,2.42008674e-13,-1.95404216e-11,1.92984129e-11,3,-0.000187032173,0.000204890629,-0.000144446568,0.000162305026
0.5,1.57060929,1.90836276,1.42080246e-12,8.53266175e-11,-1.12363163e-09,0.0935160863,-0.2,0.0935157222,-1.13981862e-05,1.13945837e-05,1.14862954e-05,3.48258979e-23,1.32867885e-13,-1.70653235e-11,1.69324556e-11,3,-0.000187032173,0.000204890629,-0.000144446568,0.000162305025
0.502,1.57060929,1.90836276,5.41863757e-13,7.4376334e-11,-8.47519743e-10,0.0935160863,-0.2,0.0935157222,-1.13981862e-05,1.13945837e-05,1.14862953e-05,2.64633253e-23,5.06729779e-14,-1.48752668e-11,1.48245938e-11,3,-0.000187032173,0.000204890629,-0.000144446568,0.000162305025
0.504,1.57060929,1.90836276,-1.11777733e-13,6.47220878e-11,-6.09024294e-10,0.0935160863,-0.2,0.0935157222,-1.13981862e-05,1.13945836e-05,1.14862953e-05,2.0041571e-23,-1.04530161e-14,-1.29444176e-11,1.29548706e-11,3,-0.000187032173,0.000204890629,-0.000144446568,0.000162305025
0.506,1.57060929,1.90836276,-5.81202489e-13,5.62280372e-11,-4.32124062e-10,0.0935160863,-0.2,0.0935157222,-1.13981862e-05,1.13945836e-05,1.14862953e-05,1.512865e-23,-5.43517821e-14,-1.12456074e-11,1.12999592e-11,3,-0.000187032173,0.000204890629,-0.000144446568,0.000162305025
0.508,1.57060929,1.90836276,-9.07373939e-13,4.87707589e-11,-2.86993068e-10,0.0935160863,-0.2,0.0935157222,-1.13981861e-05,1.13945836e-05,1.14862953e-05,1.13838473e-23,-8.48540595e-14,-9.75415178e-12,9.83900584e-12,3,-0.000187032173,0.000204890629,-0.000144446568,0.000162305025
0.51,1.57060929,1.90836276,-1.12035986e-12,4.22324156e-11,-1.81881238e-10,0.0935160863,-0.2,0.0935157222,-1.13981861e-05,1.13945836e-05,1.14862952e-05,8.53792992e-24,-1.0477167e-13,-8.44648313e-12,8.5512548e-12,3,-0.000187032173,0.000204890629,-0.000144446568,0.000162305025
0.512,1.57060929,1.90836276,-1.25105476e-12,3.65135032e-11,-1.04639763e-10,0.0935160863,-0.2,0.0935157222,-1.13981861e-05,1.13945835e-05,1.14862952e-05,6.38368451e-24,-1.16993745e-13,-7.30270064e-12,7.41969438e-12,3,-0.000187032173,0.000204890629,-0.000144446568,0.000162305025
0.514,1.57060929,1.90836276,-1.31644556e-12,3.15220324e-11,-4.04814349e-11,0.0935160863,-0.2,0.0935157222,-1.13981861e-05,1.13945835e-05,1.14862952e-05,4.75889183e-24,-1.23108836e-13,-6.30440648e-12,6.42751531e-12,3,-0.000187032173,0.000204890629,-0.000144446568,0.000162305024
0.516,1.57060929,1.90836276,-1.334159e-12,2.71735465e-11,7.84817455e-12,0.0935160863,-0.2,0.0935157222,-1.13981861e-05,1.13945835e-05,1.14862952e-05,3.53747056e-24,-1.24765328e-13,-5.43470929e-12,5.55947462e-12,3,-0.000187032173,0.000204890629,-0.000144446567,0.000162305024
0.518,1.57060929,1.90836276,-1.31597439e-12,2.33921318e-11,4.07783682e-11,0.0935160863,-0.2,0.0935157222,-1.13981861e-05,1.13945835e-05,1.14862952e-05,2.62222008e-24,-1.23064775e-13,-4.67842635e-12,4.80149113e-12,3,-0.000187032173,0.000204890629,-0.000144446567,0.000162305024
0.52,1.57060929,1.90836276,-1.27338001e-12,2.01102133e-11,6.68780317e-11,0.0935160863,-0.2,0.0935157222,-1.13981861e-05,1.13945835e-05,1.14862952e-05,1.93863802e-24,-1.19081515e-13,-4.02204266e-12,4.14112417e-12,3,-0.000187032173,0.000204890629,-0.000144446567,0.000162305024
0.522,1.57060929,1.90836276,-1.21287244e-12,1.72668826e-11,8.06234667e-11,0.0935160863,-0.2,0.0935157222,-1.1398186e-05,1.13945835e-05,1.14862952e-05,1.4296626e-24,-1.13423084e-13,-3.45337652e-12,3.5667996e-12,3,-0.000187032173,0.000204890629,-0.000144446567,0.000162305024
0.524,1.57060929,1.90836276,-1.1396482e-12,1.48062424e-11,9.30365166e-11,0.0935160863,-0.2,0.0935157222,-1.1398186e-05,1.13945835e-05,1.14862952e-05,1.05158389e-24,-1.06575439e-13,-2.96124848e-12,3.06782392e-12,3,-0.000187032173,0.000204890629,-0.000144446567,0.000162305024
0.526,1.57060929,1.90836276,-1.06000711e-12,1.26770782e-11,8.94097319e-11,0.0935160863,-0.2,0.0935157222,-1.1398186e-05,1.13945835e-05,1.14862952e-05,7.7117484e-25,-9.9127716e-14,-2.53541563e-12,2.63454335e-12,3,-0.000187032173,0.000204890629,-0.000144446567,0.000162305024
0.528,1.57060929,1.90836276,-9.79600817e-13,1.08430006e-11,9.43502376e-11,0.0935160863,-0.2,0.0935157222,-1.1398186e-05,1.13945835e-05,1.14862952e-05,5.64382453e-25,-9.16084346e-14,-2.16860011e-12,2.26020854e-12,3,-0.000187032173,0.000204890629,-0.000144446567,0.000162305024
0.53,1.57060929,1.90836276,-8.98456397e-13,9.26537822e-12,9.70955289e-11,0.0935160863,-0.2,0.0935157222,-1.1398186e-05,1.13945835e-05,1.14862951e-05,4.12245161e-25,-8.40201259e-14,-1.85307564e-12,1.93709577e-12,3,-0.000187032173,0.000204890629,-0.000144446567,0.000162305024
0.532,1.57060929,1.90836276,-8.16936362e-13,7.90518555e-12,9.04737552e-11,0.0935160863,-0.2,0.0935157222,-1.1398186e-05,1.13945835e-05,1.14862951e-05,3.00218996e-25,-7.63966914e-14,-1.58103711e-12,1.6574338e-12,3,-0.000187032173,0.000204890629,-0.000144446567,0.000162305024
0.534,1.57060929,1.90836276,-7.38266016e-13,6.73482921e-12,9.00055245e-11,0.0935160863,-0.2,0.0935157222,-1.1398186e-05,1.13945835e-05,1.14862951e-05,2.17992564e-25,-6.90397485e-14,-1.34696584e-12,1.41600559e-12,3,-0.000187032173,0.000204890629,-0.000144446567,0.000162305024
0.536,1.57060929,1.90836276,-6.65370365e-13,5.72632355e-12,8.01866896e-11,0.0935160863,-0.2,0.0935157222,-1.1398186e-05,1.13945835e-05,1.14862951e-05,1.57669803e-25,-6.22228325e-14,-1.14526471e-12,1.20748754e-12,3,-0.000187032173,0.000204890629,-0.000144446567,0.000162305024
0.538,1.57060929,1.90836276,-5.98125806e-13,4.86453365e-12,7.59400895e-11,0.0935160863,-0.2,0.0935157222,-1.1398186e-05,1.13945835e-05,1.14862951e-05,1.13837661e-25,-5.59343845e-14,-9.72906729e-13,1.02884111e-12,3,-0.000187032173,0.000204890629,-0.000144446567,0.000162305024
0.54,1.57060929,1.90836276,-5.35337715e-13,4.12680676e-12,6.79075579e-11,0.0935160863,-0.2,0.0935157222,-1.1398186e-05,1.13945835e-05,1.14862951e-05,8.19658096e-26,-5.00626879e-14,-8.25361353e-13,8.75424041e-13,3,-0.000187032173,0.000204890629,-0.000144446567,0.000162305024
0.542,1.57060929,1.90836276,-4.7748407e-13,3.49740877e-12,6.36832045e-11,0.0935160863,-0.2,0.0935157222,-1.1398186e-05,1.13945835e-05,1.14862951e-05,5.89022695e-26,-4.46524415e-14,-6.99481754e-13,7.44134195e-13,3,-0.000187032173,0.00020489063,-0.000144446567,0.000162305024
0.544,1.57060929,1.90836276,-4.2389769e-13,2.96053864e-12,5.53637257e-11,0.0935160863,-0.2,0.0935157222,-1.1398186e-05,1.13945835e-05,1.14862951e-05,4.22321077e-26,-3.9641253e-14,-5.92107728e-13,6.31748981e-13,3,-0.000187032173,0.00020489063,-0.000144446567,0.000162305024
0.546,1.57060929,1.90836276,-3.76107716e-13,2.50339029e-12,5.40260599e-11,0.0935160863,-0.2,0.0935157222,-1.1398186e-05,1.13945835e-05,1.14862951e-05,3.02120743e-26,-3.51721217e-14,-5.00678059e-13,5.35850181e-13,3,-0.000187032173,0.00020489063,-0.000144446567,0.000162305024
0.548,1.57060929,1.90836276,-3.3225125e-13,2.11393345e-12,5.16826395e-11,0.0935160863,-0.2,0.0935157222,-1.1398186e-05,1.13945835e-05,1.14862951e-05,2.15549794e-26,-3.10708366e-14,-4.2278669e-13,4.53857526e-13,3,-0.000187032173,0.00020489063,-0.000144446567,0.000162305024
0.55,1.57060929,1.90836276,-2.91479786e-13,1.78078298e-12,4.09091614e-11,0.0935160863,-0.2,0.0935157222,-1.1398186e-05,1.13945835e-05,1.14862951e-05,1.53094316e-26,-2.72580488e-14,-3.56156597e-13,3.83414645e-13,3,-0.000187032173,0.00020489063,-0.000144446567,0.000162305024
0.552,1.57060929,1.90836276,-2.56453277e-13,1.49799482e-12,4.01801122e-11,0.0935160863,-0.2,0.0935157222,-1.1398186e-05,1.13945835e-05,1.14862951e-05,1.08423395e-26,-2.39825068e-14,-2.99598965e-13,3.23581472e-13,3,-0.000187032173,0.00020489063,-0.000144446567,0.000162305024
0.554,1.57060929,1.90836276,-2.24346198e-13,1.25682919e-12,3.2686385e-11,0.0935160863,-0.2,0.0935157222,-1.1398186e-05,1.13945835e-05,1.14862951e-05,7.64041021e-27,-2.09799784e-14,-2.51365839e-13,2.72345817e-13,3,-0.000187032173,0.00020489063,-0.000144446567,0.000162305024
0.556,1.57060929,1.90836276,-1.96248873e-13,1.05270549e-12,2.64640406e-11,0.0935160863,-0.2,0.0935157222,-1.1398186e-05,1.13945835e-05,1.14862951e-05,5.36530599e-27,-1.83524266e-14,-2.10541098e-13,2.28893525e-13,3,-0.000187032173,0.00020489063,-0.000144446567,0.000162305024
0.558,1.57060929,1.90836276,-1.72308244e-13,8.81109321e-13,2.66117255e-11,0.0935160863,-0.2,0.0935157222,-1.1398186e-05,1.13945835e-05,1.14862951e-05,3.76282953e-27,-1.61135926e-14,-1.76221864e-13,1.92335457e-13,3,-0.000187032173,0.00020489063,-0.000144446567,0.000162305024
0.56,1.57060929,1.90836276,-1.50298729e-13,7.36788388e-13,2.48535865e-11,0.0935160863,-0.2,0.0935157222,-1.1398186e-05,1.13945835e-05,1.14862951e-05,2.63356995e-27,-1.40553489e-14,-1.47357678e-13,1.61413027e-13,3,-0.000187032173,0.00020489063,-0.000144446567,0.000162305024
0.562,1.57060929,1.90836276,-1.31983196e-13,6.16322282e-13,2.30102887e-11,0.0935160863,-0.2,0.0935157222,-1.1398186e-05,1.13945835e-05,1.14862951e-05,1.84410308e-27,-1.23425519e-14,-1.23264456e-13,1.35607008e-13,3,-0.000187032173,0.00020489063,-0.000144446567,0.000162305024
0.564,1.57060929,1.90836276,-1.14607608e-13,5.16205921e-13,2.06495115e-11,0.0935160863,-0.2,0.0935157222,-1.1398186e-05,1.13945835e-05,1.14862951e-05,1.2942922e-27,-1.0717655e-14,-1.03241184e-13,1.13958839e-13,3,-0.000187032173,0.00020489063,-0.000144446567,0.000162305024
0.566,1.57060929,1.90836276,-9.83854128e-14,4.2952917e-13,1.6273926e-11,0.0935160863,-0.2,0.0935157222,-1.1398186e-05,1.13945835e-05,1.14862951e-05,8.97050587e-28,-9.20061876e-15,-8.59058339e-14,9.51064527e-14,3,-0.000187032173,0.00020489063,-0.000144446567,0.000162305024
0.568,1.57060929,1.90836276,-8.32359002e-14,3.54563877e-13,1.40321412e-11,0.0935160863,-0.2,0.0935157222,-1.1398186e-05,1.13945835e-05,1.14862951e-05,6.12584872e-28,-7.78389563e-15,-7.09127754e-14,7.8696671e-14,3,-0.000187032173,0.00020489063,-0.000144446567,0.000162305024
0.57,1.57060929,1.90836276,-7.49304034e-14,2.94226577e-13,1.12856914e-11,0.0935160863,-0.2,0.0935157222,-1.1398186e-05,1.13945835e-05,1.14862951e-05,4.22554428e-28,-7.00719807e-15,-5.88453154e-14,6.58525135e-14,3,-0.000187032173,0.00020489063,-0.000144446567,0.000162305024
0.572,1.57060929,1.90836276,-6.55778424e-14,2.475335e-13,1.50940304e-11,0.0935160863,-0.2,0.0935157222,-1.1398186e-05,1.13945835e-05,1.14862951e-05,2.98977823e-28,-6.13258317e-15,-4.95067001e-14,5.56392832e-14,3,-0.000187032173,0.00020489063,-0.000144446567,0.000162305024
0.574,1.57060929,1.90836276,-5.42008973e-14,2.04413591e-13,8.62410215e-12,0.0935160863,-0.2,0.0935157222,-1.1398186e-05,1.13945835e-05,1.14862951e-05,2.04361643e-28,-5.06865579e-15,-4.08827181e-14,4.59513739e-14,3,-0.000187032173,0.00020489063,-0.000144446567,0.000162305024
0.576,1.57060929,1.90836276,-4.74294711e-14,1.68867881e-13,1.29427094e-11,0.0935160863,-0.2,0.0935157222,-1.1398186e-05,1.13945835e-05,1.14862951e-05,1.39790963e-28,-4.43541851e-15,-3.37735761e-14,3.82089947e-14,3,-0.000187032173,0.00020489063,-0.000144446567,0.000162305024
0.578,1.57060929,1.90836276,-4.06294971e-14,1.38236278e-13,6.72174523e-12,0.0935160863,-0.2,0.0935157222,-1.1398186e-05,1.13945835e-05,1.14862951e-05,9.39310437e-29,-3.79951156e-15,-2.76472556e-14,3.14467672e-14,3,-0.000187032173,0.00020489063,-0.000144446567,0.000162305024
0.58,1.57060929,1.90836276,-3.48801427e-14,1.14475369e-13,7.72561833e-12,0.0935160863,-0.2,0.0935157222,-1.1398186e-05,1.13945835e-05,1.14862951e-05,6.42920469e-29,-3.26185443e-15,-2.28950737e-14,2.61569282e-14,3,-0.000187032173,0.00020489063,-0.000144446567,0.000162305024
0.582,1.57060929,1.90836276,-2.94691525e-14,9.36499998e-14,6.75344085e-12,0.0935160863,-0.2,0.0935157222,-1.1398186e-05,1.13945835e-05,1.14862951e-05,4.31203139e-29,-2.75583981e-15,-1.873e-14,2.14858398e-14,3,-0.000187032173,0.00020489063,-0.000144446567,0.000162305024
0.584,1.57060929,1.90836276,-2.46205071e-14,7.47053521e-14,3.78200337e-12,0.0935160863,-0.2,0.0935157222,-1.1398186e-05,1.13945835e-05,1.14862951e-05,2.74536087e-29,-2.30241347e-15,-1.49410704e-14,1.72434839e-14,3,-0.000187032173,0.00020489063,-0.000144446567,0.000162305024
0.586,1.57060929,1.90836276,-2.18928015e-14,5.96408697e-14,4.80204939e-12,0.0935160863,-0.2,0.0935157222,-1.1398186e-05,1.13945835e-05,1.14862951e-05,1.77157603e-29,-2.04732912e-15,-1.19281739e-14,1.3975503e-14,3,-0.000187032173,0.00020489063,-0.000144446567,0.000162305024
0.588,1.57060929,1.90836276,-1.87701327e-14,4.7230252e-14,3.43292859e-12,0.0935160863,-0.2,0.0935157222,-1.1398186e-05,1.13945835e-05,1.14862951e-05,1.12251485e-29,-1.75530935e-15,-9.4460504e-15,1.12013598e-14,3,-0.000187032173,0.00020489063,-0.000144446567,0.000162305024
0.59,1.57060929,1.90836276,-1.6419737e-14,3.79554961e-14,2.1623279e-12,0.0935160863,-0.2,0.0935157222,-1.1398186e-05,1.13945835e-05,1.14862951e-05,7.32028701e-30,-1.53550954e-15,-7.59109922e-15,9.12660877e-15,3,-0.000187032173,0.00020489063,-0.000144446567,0.000162305024
0.592,1.57060929,1.90836276,-1.22775469e-14,2.77179804e-14,3.02515668e-12,0.0935160863,-0.2,0.0935157222,-1.1398186e-05,1.13945835e-05,1.14862951e-05,4.02041295e-30,-1.14814814e-15,-5.54359608e-15,6.69174422e-15,3,-0.000187032173,0.00020489063,-0.000144446567,0.000162305024
0.594,1.57060929,1.90836276,-1.02639063e-14,1.73186185e-14,1.23844407e-12,0.0935160863,-0.2,0.0935157222,-1.1398186e-05,1.13945835e-05,1.14862951e-05,1.69874105e-30,-9.59840344e-16,-3.46372371e-15,4.42356405e-15,3,-0.000187032173,0.00020489063,-0.000144446567,0.000162305024
0.596,1.57060929,1.90836276,-9.42283307e-15,9.53618303e-15,-1.01536793e-12,0.0935160863,-0.2,0.0935157222,-1.1398186e-05,1.13945835e-05,1.14862951e-05,6.50890405e-31,-8.81186471e-16,-1.90723661e-15,2.78842308e-15,3,-0.000187032173,0.00020489063,-0.000144446567,0.000162305024
0.598,1.57060929,1.90836276,-9.55908391e-15,6.36068755e-15,9.04896131e-13,0.0935160863,-0.2,0.0935157222,-1.1398186e-05,1.13945835e-05,1.14862951e-05,3.19218422e-31,-8.93928116e-16,-1.27213751e-15,2.16606562e-15,3,-0.000187032173,0.00020489063,-0.000144446567,0.000162305024
0.6,1.57060929,1.90836276,-8.52332411e-15,5.35507054e-15,1.50561719e-12,0.0935160863,-0.2,0.0935157222,-1.1398186e-05,1.13945835e-05,1.14862951e-05,2.17009793e-31,-7.97067913e-16,-1.07101411e-15,1.86808202e-15,3,-0.000187032173,0.00020489063,-0.000144446567,0.000162305024
0.602,1.57060929,1.90836276,-7.18698185e-15,5.14240289e-15,1.55284083e-12,0.0935160863,-0.2,0.0935157222,-1.1398186e-05,1.13945835e-05,1.14862951e-05,1.84905199e-31,-6.72098415e-16,-1.02848058e-15,1.70057899e-15,3,-0.000187032173,0.00020489063,-0.000144446567,0.000162305024
0.604,1.57060929,1.90836276,-5.89238395e-15,5.16737937e-15,1.42796331e-12,0.0935160863,-0.2,0.0935157222,-1.1398186e-05,1.13945835e-05,1.14862951e-05,1.75914135e-31,-5.51032686e-16,-1.03347587e-15,1.58450856e-15,3,-0.000187032173,0.00020489063,-0.000144446567,0.000162305024
0.606,1.57060929,1.90836276,-5.20206239e-15,6.47004719e-15,1.19980576e-12,0.0935160863,-0.2,0.0935157222,-1.1398186e-05,1.13945835e-05,1.14862951e-05,2.23381847e-31,-4.86476516e-16,-1.29400944e-15,1.78048595e-15,3,-0.000187032173,0.00020489063,-0.000144446567,0.000162305024
0.608,1.57060929,1.90836276,-4.15855099e-15,7.78504253e-15,-1.78524446e-12,0.0935160863,-0.2,0.0935157222,-1.1398186e-05,1.13945835e-05,1.14862951e-05,3.07094598e-31,-3.88891413e-16,-1.55700851e-15,1.94589992e-15,3,-0.000187032173,0.00020489063,-0.000144446567,0.000162305024
0.61,1.57060929,1.90836276,-4.6103367e-15,1.18054285e-14,8.82122777e-13,0.0935160863,-0.2,0.0935157222,-1.1398186e-05,1.13945835e-05,1.14862951e-05,6.80294842e-31,-4.31140644e-16,-2.3610857e-15,2.79222634e-15,3,-0.000187032173,0.00020489063,-0.000144446567,0.000162305024
0.612,1.57060929,1.90836276,-3.60201495e-15,1.57908919e-14,1.38948277e-12,0.0935160863,-0.2,0.0935157222,-1.1398186e-05,1.13945835e-05,1.14862951e-05,1.18516222e-30,-3.36846341e-16,-3.15817839e-15,3.49502473e-15,3,-0.000187032173,0.00020489063,-0.000144446567,0.000162305024
0.614,1.57060929,1.90836276,-2.22336149e-15,1.84563006e-14,1.84050549e-12,0.0935160863,-0.2,0.0935157222,-1.1398186e-05,1.13945835e-05,1.14862951e-05,1.59696906e-30,-2.07920065e-16,-3.69126013e-15,3.89918019e-15,3,-0.000187032173,0.00020489063,-0.000144446567,0.000162305024
0.616,1.57060929,1.90836276,-1.05681187e-15,1.90201417e-14,7.35102438e-13,0.0935160863,-0.2,0.0935157222,-1.1398186e-05,1.13945835e-05,1.14862951e-05,1.70290535e-30,-9.88289099e-17,-3.80402835e-15,3.90285726e-15,3,-0.000187032173,0.00020489063,-0.000144446567,0.000162305024
0.618,1.57060929,1.90836276,-6.02460931e-16,1.8897877e-14,3.50661714e-12,0.0935160863,-0.2,0.0935157222,-1.1398186e-05,1.13945835e-05,1.14862951e-05,1.7116879e-30,-5.63397885e-17,-3.7795754e-15,3.83591519e-15,3,-0.000187032173,0.00020489063,-0.000144446567,0.000162305024
0.62,1.57060929,1.90836276,1.09419616e-15,1.51090457e-14,-3.3817109e-13,0.0935160863,-0.2,0.0935157222,-1.1398186e-05,1.13945835e-05,1.14862951e-05,1.06718871e-30,1.02324943e-16,-3.02180915e-15,2.91948421e-15,3,-0.000187032173,0.00020489063,-0.000144446567,0.000162305024
0.622,1.57060929,1.90836276,6.29006278e-16,1.13487944e-14,-6.95524633e-13,0.0935160863,-0.2,0.0935157222,-1.1398186e-05,1.13945835e-05,1.14862951e-05,6.09298399e-31,5.88222054e-17,-2.26975888e-15,2.21093667e-15,3,-0.000187032173,0.00020489063,-0.000144446567,0.000162305024
0.624,1.57060929,1.90836276,8.31415104e-17,8.73210222e-15,-5.15026777e-13,0.0935160863,-0.2,0.0935157222,-1.1398186e-05,1.13945835e-05,1.14862951e-05,3.73577397e-31,7.77506866e-18,-1.74642044e-15,1.73864538e-15,3,-0.000187032173,0.00020489063,-0.000144446567,0.000162305024
0.626,1.57060929,1.90836276,-2.99000292e-16,7.07160397e-15,-3.11923297e-13,0.0935160863,-0.2,0.0935157222,-1.1398186e-05,1.13945835e-05,1.14862951e-05,2.58013299e-31,-2.79613371e-17,-1.41432079e-15,1.44228213e-15,3,-0.000187032173,0.00020489063,-0.000144446567,0.000162305024
0.628,1.57060929,1.90836276,-1.0078116e-15,7.08064705e-15,1.14012872e-12,0.0935160863,-0.2,0.0935157222,-1.1398186e-05,1.13945835e-05,1.14862951e-05,2.55397607e-31,-9.42465969e-17,-1.41612941e-15,1.51037601e-15,3,-0.000187032173,0.00020489063,-0.000144446567,0.000162305024
0.63,1.57060929,1.90836276,-5.74488161e-16,7.27851165e-15,9.83330525e-13,0.0935160863,-0.2,0.0935157222,-1.1398186e-05,1.13945835e-05,1.14862951e-05,2.60300244e-31,-5.37238844e-17,-1.45570233e-15,1.50942621e-15,3,-0.000187032173,0.00020489063,-0.000144446567,0.000162305024
0.632,1.57060929,1.90836276,-7.75560668e-17,6.3052566e-15,1.07823163e-13,0.0935160863,-0.2,0.0935157222,-1.1398186e-05,1.13945835e-05,1.14862951e-05,1.89915934e-31,-7.25273984e-18,-1.26105132e-15,1.26830406e-15,3,-0.000187032173,0.00020489063,-0.000144446567,0.000162305024
0.634,1.57060929,1.90836276,-8.50247508e-17,5.25955512e-15,-1.226907e-13,0.0935160863,-0.2,0.0935157222,-1.1398186e-05,1.13945835e-05,1.14862951e-05,1.55427631e-31,-7.95118193e-18,-1.05191102e-15,1.05986221e-15,3,-0.000187032173,0.00020489063,-0.000144446567,0.000162305024
0.636,1.57060929,1.90836276,-1.95556758e-16,4.47223733e-15,-1.16747391e-13,0.0935160863,-0.2,0.0935157222,-1.1398186e-05,1.13945835e-05,1.14862951e-05,1.4654137e-31,-1.82877026e-17,-8.94447467e-16,9.12735169e-16,3,-0.000187032173,0.00020489063,-0.000144446567,0.000162305024
0.638,1.57060929,1.90836276,-2.77731395e-16,3.96484812e-15,-7.85452985e-14,0.0935160863,-0.2,0.0935157222,-1.1398186e-05,1.13945835e-05,1.14862951e-05,1.49460023e-31,-2.59723531e-17,-7.92969623e-16,8.18941976e-16,3,-0.000187032173,0.00020489063,-0.000144446567,0.000162305024
0.64,1.57060929,1.90836276,-4.08979804e-16,4.39460566e-15,3.79714264e-13,0.0935160863,-0.2,0.0935157222,-1.1398186e-05,1.13945835e-05,1.14862951e-05,1.41909168e-31,-3.82461907e-17,-8.78921131e-16,9.17167322e-16,3,-0.000187032173,0.00020489063,-0.000144446567,0.000162305024
0.642,1.57060929,1.90836276,-1.91744358e-16,4.15554467e-15,8.6157144e-14,0.0935160863,-0.2,0.0935157222,-1.1398186e-05,1.13945835e-05,1.14862951e-05,1.55024304e-31,-1.79311819e-17,-8.31108934e-16,8.49040116e-16,3,-0.000187032173,0.00020489063,-0.000144446567,0.000162305024
0.644,1.57060929,1.90836276,4.36619268e-17,3.94541562e-15,8.62266526e-13,0.0935160863,-0.2,0.0935157222,-1.1398186e-05,1.13945835e-05,1.14862951e-05,9.1116559e-32,4.08309252e-18,-7.89083124e-16,7.85000031e-16,3,-0.000187032173,0.00020489063,-0.000144446567,0.000162305024
0.646,1.57060929,1.90836276,4.16464725e-16,2.40639062e-15,-7.54678341e-14,0.0935160863,-0.2,0.0935157222,-1.1398186e-05,1.13945835e-05,1.14862951e-05,3.2925418e-32,3.89461512e-17,-4.81278125e-16,4.42331974e-16,3,-0.000187032173,0.00020489063,-0.000144446567,0.000162305024
0.648,1.57060929,1.90836276,2.58835172e-16,9.50896165e-16,-2.68847646e-13,0.0935160863,-0.2,0.0935157222,-1.1398186e-05,1.13945835e-05,1.14862951e-05,1.27264774e-32,2.42052523e-17,-1.90179233e-16,1.65973981e-16,3,-0.000187032173,0.00020489063,-0.000144446567,0.000162305024
0.65,1.57060929,1.90836276,-3.42813959e-16,4.35762622e-16,-6.22389961e-13,0.0935160863,-0.2,0.0935157222,-1.1398186e-05,1.13945835e-05,1.14862951e-05,1.20291896e-32,-3.20586198e-17,-8.71525245e-17,1.19211144e-16,3,-0.000187032173,0.00020489063,-0.000144446567,0.000162305024
0.652,1.57060929,1.90836276,-6.15897254e-16,1.09075812e-15,1.0961472e-12,0.0935160863,-0.2,0.0935157222,-1.1398186e-05,1.13945835e-05,1.14862951e-05,3.53966042e-32,-5.75963008e-17,-2.18151625e-16,2.75747926e-16,3,-0.000187032173,0.00020489063,-0.000144446567,0.000162305024
0.654,1.57060929,1.90836276,-1.18580758e-16,6.93796856e-16,-7.18157491e-14,0.0935160863,-0.2,0.0935157222,-1.1398186e-05,1.13945835e-05,1.14862951e-05,9.97716368e-33,-1.10892084e-17,-1.38759371e-16,1.4984858e-16,3,-0.000187032173,0.00020489063,-0.000144446567,0.000162305024
0.656,1.57060929,1.90836276,-6.28242401e-16,1.25242335e-15,2.9205647e-13,0.0935160863,-0.2,0.0935157222,-1.1398186e-05,1.13945835e-05,1.14862951e-05,2.07019045e-32,-5.87507706e-17,-2.5048467e-16,3.09235441e-16,3,-0.000187032173,0.00020489063,-0.000144446567,0.000162305024
0.658,1.57060929,1.90836276,-3.89773543e-16,2.07194579e-15,2.32317458e-13,0.0935160863,-0.2,0.0935157222,-1.1398186e-05,1.13945835e-05,1.14862951e-05,2.51483716e-32,-3.64500962e-17,-4.14389158e-16,4.50839254e-16,3,-0.000187032173,0.00020489063,-0.000144446567,0.000162305024
0.66,1.57060929,1.90836276,-2.1269286e-16,2.59772371e-15,-3.08070005e-13,0.0935160863,-0.2,0.0935157222,-1.1398186e-05,1.13945835e-05,1.14862951e-05,5.84657463e-32,-1.98902038e-17,-5.19544741e-16,5.39434945e-16,3,-0.000187032173,0.00020489063,-0.000144446567,0.000162305024
0.662,1.57060929,1.90836276,2.04917529e-17,2.57139295e-15,-1.27023813e-13,0.0935160863,-0.2,0.0935157222,-1.1398186e-05,1.13945835e-05,1.14862951e-05,3.18754453e-32,1.91630853e-18,-5.1427859e-16,5.12362281e-16,3,-0.000187032173,0.00020489063,-0.000144446567,0.000162305024
0.664,1.57060929,1.90836276,3.40423431e-16,2.23024959e-15,3.84828936e-13,0.0935160863,-0.2,0.0935157222,-1.1398186e-05,1.13945835e-05,1.14862951e-05,2.71479605e-32,3.1835067e-17,-4.46049918e-16,4.14214851e-16,3,-0.000187032173,0.00020489063,-0.000144446567,0.000162305024
0.666,1.57060929,1.90836276,1.65160392e-15,-1.21772142e-15,3.07344853e-13,0.0935160863,-0.2,0.0935157222,-1.1398186e-05,1.13945835e-05,1.14862951e-05,1.05180231e-32,1.54451535e-16,2.43544284e-16,-3.97995819e-16,3,-0.000187032173,0.00020489063,-0.000144446567,0.000162305024
0.668,1.57060929,1.90836276,-4.19998098e-16,-2.33258845e-15,-1.49396334e-12,0.0935160863,-0.2,0.0935157222,-1.1398186e-05,1.13945835e-05,1.14862951e-05,2.62625283e-32,-3.92765784e-17,4.66517689e-16,-4.27241111e-16,3,-0.000187032173,0.00020489063,-0.000144446567,0.000162305024
0.67,1.57060929,1.90836276,-1.08749143e-15,-5.70755162e-16,5.95941343e-14,0.0935160863,-0.2,0.0935157222,-1.1398186e-05,1.13945835e-05,1.14862951e-05,9.86192964e-33,-1.01697942e-16,1.14151032e-16,-1.245309e-17,3,-0.000187032173,0.00020489063,-0.000144446567,0.000162305024
0.672,1.57060929,1.90836276,-7.66565516e-16,1.27754308e-15,7.38849341e-13,0.0935160863,-0.2,0.0935157222,-1.1398186e-05,1.13945835e-05,1.14862951e-05,1.33891369e-32,-7.16862069e-17,-2.55508617e-16,3.27194824e-16,3,-0.000187032173,0.00020489063,-0.000144446567,0.000162305024
0.674,1.57060929,1.90836276,-2.686857e-16,2.32152841e-15,3.66993977e-13,0.0935160863,-0.2,0.0935157222,-1.1398186e-05,1.13945835e-05,1.14862951e-05,3.11671297e-32,-2.51264351e-17,-4.64305683e-16,4.89432118e-16,3,-0.000187032173,0.00020489063,-0.000144446567,0.000162305024
0.676,1.57060929,1.90836276,1.55920752e-15,6.23250026e-16,2.24837635e-12,0.0935160863,-0.2,0.0935157222,-1.1398186e-05,1.13945835e-05,1.14862951e-05,8.67737687e-33,1.45810985e-16,-1.24650005e-16,-2.11609794e-17,3,-0.000187032173,0.00020489063,-0.000144446567,0.000162305024
0.678,1.57060929,1.90836276,1.03356172e-15,-3.51980013e-15,-3.25822334e-12,0.0935160863,-0.2,0.0935157222,-1.1398186e-05,1.13945835e-05,1.14862951e-05,6.26010669e-32,9.66546473e-17,7.03960025e-16,-8.00614672e-16,3,-0.000187032173,0.00020489063,-0.000144446567,0.000162305024
0.68,1.57060929,1.90836276,-7.19865134e-16,-2.74675333e-15,-4.68529259e-15,0.0935160863,-0.2,0.0935157222,-1.1398186e-05,1.13945835e-05,1.14862951e-05,3.69733408e-32,-6.731897e-17,5.49350667e-16,-4.82031697e-16,3,-0.000187032173,0.00020489063,-0.000144446567,0.000162305024
0.682,1.57060929,1.90836276,-1.07904315e-15,-9.81643949e-16,5.7047533e-14,0.0935160863,-0.2,0.0935157222,-1.1398186e-05,1.13945835e-05,1.14862951e-05,2.12935267e-32,-1.00907893e-16,1.9632879e-16,-9.54208971e-17,3,-0.000187032173,0.00020489063,-0.000144446567,0.000162305024
0.684,1.57060929,1.90836276,-8.51652568e-16,1.06059044e-15,9.1417236e-13,0.0935160863,-0.2,0.0935157222,-1.1398186e-05,1.13945835e-05,1.14862951e-05,2.94657654e-32,-7.96432151e-17,-2.12118088e-16,2.91761303e-16,3,-0.000187032173,0.00020489063,-0.000144446567,0.000162305024
0.686,1.57060929,1.90836276,-2.36184687e-16,2.26718323e-15,4.15555718e-13,0.0935160863,-0.2,0.0935157222,-1.1398186e-05,1.13945835e-05,1.14862951e-05,2.46226737e-32,-2.20870676e-17,-4.53436646e-16,4.75523714e-16,3,-0.000187032173,0.00020489063,-0.000144446567,0.000162305024
0.688,1.57060929,1.90836276,3.02773712e-17,2.83796088e-15,1.60750378e-13,0.0935160863,-0.2,0.0935157222,-1.1398186e-05,1.13945835e-05,1.14862951e-05,5.6481746e-32,2.83142126e-18,-5.67592176e-16,5.64760755e-16,3,-0.000187032173,0.00020489063,-0.000144446567,0.000162305024
0.69,1.57060929,1.90836276,1.94662252e-15,2.58154233e-16,1.63183581e-12,0.0935160863,-0.2,0.0935157222,-1.1398186e-05,1.13945835e-05,1.14862951e-05,4.43294754e-33,1.82040519e-16,-5.16308465e-17,-1.30409673e-16,3,-0.000187032173,0.00020489063,-0.000144446567,0.000162305024
0.692,1.57060929,1.90836276,5.24544584e-16,-2.96885599e-15,-2.40768159e-12,0.0935160863,-0.2,0.0935157222,-1.1398186e-05,1.13945835e-05,1.14862951e-05,4.55445248e-32,4.90533566e-17,5.93771199e-16,-6.42824555e-16,3,-0.000187032173,0.00020489063,-0.000144446567,0.000162305024
0.694,1.57060929,1.90836276,-9.56789765e-16,-1.73803266e-15,-4.25980338e-13,0.0935160863,-0.2,0.0935157222,-1.1398186e-05,1.13945835e-05,1.14862951e-05,1.54114318e-32,-8.94752342e-17,3.47606533e-16,-2.58131298e-16,3,-0.000187032173,0.00020489063,-0.000144446567,0.000162305024
0.696,1.57060929,1.90836276,-8.45726145e-16,3.52662337e-17,6.95596303e-14,0.0935160863,-0.2,0.0935157222,-1.1398186e-05,1.13945835e-05,1.14862951e-05,1.13230794e-32,-7.90889992e-17,-7.05324675e-18,8.6142246e-17,3,-0.000187032173,0.00020489063,-0.000144446567,0.000162305024
0.698,1.57060929,1.90836276,-6.44964088e-16,1.73325445e-15,8.36652783e-13,0.0935160863,-0.2,0.0935157222,-1.1398186e-05,1.13945835e-05,1.14862951e-05,3.37628126e-32,-6.03145174e-17,-3.46650891e-16,4.06965408e-16,3,-0.000187032173,0.00020489063,-0.000144446567,0.000162305024
0.7,1.57060929,1.90836276,-1.09235198e-16,2.6788218e-15,3.42714063e-13,0.0935160863,-0.2,0.0935157222,-1.1398186e-05,1.13945835e-05,1.14862951e-05,3.46085876e-32,-1.02152482e-17,-5.3576436e-16,5.45979608e-16,3,-0.000187032173,0.00020489063,-0.000144446567,0.000162305024
0.702,1.57060929,1.90836276,1.45100927e-15,1.1103639e-15,1.53642543e-12,0.0935160863,-0.2,0.0935157222,-1.1398186e-05,1.13945835e-05,1.14862951e-05,1.57048926e-32,1.35692708e-16,-2.2207278e-16,8.63800716e-17,3,-0.000187032173,0.00020489063,-0.000144446567,0.000162305024
0.704,1.57060929,1.90836276,1.90787496e-15,-3.58194904e-15,-4.38641403e-12,0.0935160863,-0.2,0.0935157222,-1.1398186e-05,1.13945835e-05,1.14862951e-05,7.12599289e-32,1.78417e-16,7.16389808e-16,-8.94806808e-16,3,-0.000187032173,0.00020489063,-0.000144446567,0.000162305024
0.706,1.57060929,1.90836276,-2.74296686e-16,-4.02837449e-15,-9.90639233e-13,0.0935160863,-0.2,0.0935157222,-1.1398186e-05,1.13945835e-05,1.14862951e-05,7.94103114e-32,-2.56511526e-17,8.05674898e-16,-7.80023745e-16,3,-0.000187032173,0.00020489063,-0.000144446567,0.000162305024
0.708,1.57060929,1.90836276,-1.19421799e-15,-2.29291099e-15,-1.72280241e-13,0.0935160863,-0.2,0.0935157222,-1.1398186e-05,1.13945835e-05,1.14862951e-05,4.5643611e-32,-1.11678592e-16,4.58582198e-16,-3.46903606e-16,3,-0.000187032173,0.00020489063,-0.000144446567,0.000162305024
0.71,1.57060929,1.90836276,-1.0655682e-15,8.67802807e-17,9.43718761e-13,0.0935160863,-0.2,0.0935157222,-1.1398186e-05,1.13945835e-05,1.14862951e-05,2.75652899e-32,-9.9647768e-17,-1.73560561e-17,1.17003824e-16,3,-0.000187032173,0.00020489063,-0.000144446567,0.000162305024
0.712,1.57060929,1.90836276,-4.00911839e-16,1.64110735e-15,4.98302831e-13,0.0935160863,-0.2,0.0935157222,-1.1398186e-05,1.13945835e-05,1.14862951e-05,1.30042583e-32,-3.74917062e-17,-3.28221469e-16,3.65713175e-16,3,-0.000187032173,0.00020489063,-0.000144446567,0.000162305024
0.714,1.57060929,1.90836276,-6.14346172e-17,2.45922042e-15,2.29610648e-13,0.0935160863,-0.2,0.0935157222,-1.1398186e-05,1.13945835e-05,1.14862951e-05,4.60032961e-32,-5.74512496e-18,-4.91844085e-16,4.97589209e-16,3,-0.000187032173,0.00020489063,-0.000144446567,0.000162305024
0.716,1.57060929,1.90836276,4.66679468e-16,2.34102081e-15,4.85121574e-13,0.0935160863,-0.2,0.0935157222,-1.1398186e-05,1.13945835e-05,1.14862951e-05,4.06944509e-32,4.36420374e-17,-4.68204161e-16,4.24562124e-16,3,-0.000187032173,0.00020489063,-0.000144446567,0.000162305024
0.718,1.57060929,1.90836276,6.29105037e-16,1.2217944e-15,-1.42817678e-13,0.0935160863,-0.2,0.0935157222,-1.1398186e-05,1.13945835e-05,1.14862951e-05,1.32832111e-32,5.88314409e-17,-2.44358881e-16,1.8552744e-16,3,-0.000187032173,0.00020489063,-0.000144446567,0.000162305024
0.72,1.57060929,1.90836276,-1.03697981e-16,8.42746586e-16,-8.21479663e-13,0.0935160863,-0.2,0.0935157222,-1.1398186e-05,1.13945835e-05,1.14862951e-05,8.31350316e-33,-9.69742933e-18,-1.68549317e-16,1.78246747e-16,3,-0.000187032173,0.00020489063,-0.000144446567,0.000162305024
0.722,1.57060929,1.90836276,1.04556984e-15,-2.48679093e-16,1.62040415e-12,0.0935160863,-0.2,0.0935157222,-1.1398186e-05,1.13945835e-05,1.14862951e-05,3.27729341e-33,9.77775998e-17,4.97358187e-17,-1.47513418e-16,3,-0.000187032173,0.00020489063,-0.000144446567,0.000162305024
0.724,1.57060929,1.90836276,1.86666764e-17,-1.61888389e-15,-1.73825838e-12,0.0935160863,-0.2,0.0935157222,-1.1398186e-05,1.13945835e-05,1.14862951e-05,1.37688514e-32,1.74563452e-18,3.23776779e-16,-3.25522413e-16,3,-0.000187032173,0.00020489063,-0.000144446567,0.000162305024
0.726,1.57060929,1.90836276,-8.28975926e-16,-2.10990573e-16,-8.94413807e-14,0.0935160863,-0.2,0.0935157222,-1.1398186e-05,1.13945835e-05,1.14862951e-05,2.69306543e-33,-7.75225842e-17,4.21981146e-17,3.53244696e-17,3,-0.000187032173,0.00020489063,-0.000144446567,0.000162305024
0.728,1.57060929,1.90836276,-6.17015675e-16,1.45301192e-15,6.35563045e-13,0.0935160863,-0.2,0.0935157222,-1.1398186e-05,1.13945835e-05,1.14862951e-05,1.22090035e-32,-5.77008911e-17,-2.90602384e-16,3.48303275e-16,3,-0.000187032173,0.00020489063,-0.000144446567,0.000162305024
0.73,1.57060929,1.90836276,6.438075e-16,1.50808234e-15,2.7559254e-12,0.0935160863,-0.2,0.0935157222,-1.1398186e-05,1.13945835e-05,1.14862951e-05,1.54973047e-32,6.02063578e-17,-3.01616469e-16,2.41410111e-16,3,-0.000187032173,0.00020489063,-0.000144446567,0.000162305024
0.732,1.57060929,1.90836276,1.8349334e-15,-2.74332334e-15,-4.0034011e-12,0.0935160863,-0.2,0.0935157222,-1.1398186e-05,1.13945835e-05,1.14862951e-05,4.43112351e-32,1.71595791e-16,5.48664668e-16,-7.20260459e-16,3,-0.000187032173,0.00020489063,-0.000144446567,0.000162305024
0.734,1.57060929,1.90836276,-6.09033523e-16,-2.42738772e-15,-1.10168118e-12,0.0935160863,-0.2,0.0935157222,-1.1398186e-05,1.13945835e-05,1.14862951e-05,3.18528419e-32,-5.69544315e-17,4.85477543e-16,-4.28523112e-16,3,-0.000187032173,0.00020489063,-0.000144446567,0.000162305024
0.736,1.57060929,1.90836276,-5.74392063e-16,-1.30258245e-15,-7.02658546e-13,0.0935160863,-0.2,0.0935157222,-1.1398186e-05,1.13945835e-05,1.14862951e-05,3.35393907e-32,-5.37148977e-17,2.6051649e-16,-2.06801593e-16,3,-0.000187032173,0.00020489063,-0.000144446567,0.000162305024
0.738,1.57060929,1.90836276,-8.06909145e-16,4.98934163e-16,6.85917616e-13,0.0935160863,-0.2,0.0935157222,-1.1398186e-05,1.13945835e-05,1.14862951e-05,3.22073505e-32,-7.54589852e-17,-9.97868325e-17,1.75245818e-16,3,-0.000187032173,0.00020489063,-0.000144446567,0.000162305024
0.74,1.57060929,1.90836276,-3.18913884e-16,1.79258873e-15,3.93637487e-13,0.0935160863,-0.2,0.0935157222,-1.1398186e-05,1.13945835e-05,1.14862951e-05,1.5189085e-32,-2.98235783e-17,-3.58517746e-16,3.88341325e-16,3,-0.000187032173,0.00020489063,-0.000144446567,0.000162305024
0.742,1.57060929,1.90836276,-5.18109178e-17,2.51120034e-15,1.984217e-13,0.0935160863,-0.2,0.0935157222,-1.1398186e-05,1.13945835e-05,1.14862951e-05,4.59793185e-32,-4.84515427e-18,-5.02240069e-16,5.07085223e-16,3,-0.000187032173,0.00020489063,-0.000144446567,0.000162305024
0.744,1.57060929,1.90836276,1.28316458e-15,1.45971846e-15,2.9171931e-12,0.0935160863,-0.2,0.0935157222,-1.1398186e-05,1.13945835e-05,1.14862951e-05,1.85531664e-32,1.19996529e-16,-2.91943692e-16,1.71947163e-16,3,-0.000187032173,0.00020489063,-0.000144446567,0.000162305024
0.746,1.57060929,1.90836276,1.22465892e-15,-2.97385259e-15,-3.3191331e-12,0.0935160863,-0.2,0.0935157222,-1.1398186e-05,1.13945835e-05,1.14862951e-05,4.39722936e-32,1.14525309e-16,5.94770519e-16,-7.09295828e-16,3,-0.000187032173,0.00020489063,-0.000144446567,0.000162305024
0.748,1.57060929,1.90836276,-8.15587659e-16,-2.16897992e-15,-7.5527531e-13,0.0935160863,-0.2,0.0935157222,-1.1398186e-05,1.13945835e-05,1.14862951e-05,2.28224478e-32,-7.62705659e-17,4.33795983e-16,-3.57525418e-16,3,-0.000187032173,0.00020489063,-0.000144446567,0.000162305024
0.75,1.57060929,1.90836276,-1.03722431e-15,-1.02760722e-16,2.82072018e-13,0.0935160863,-0.2,0.0935157222,-1.1398186e-05,1.13945835e-05,1.14862951e-05,6.08276305e-33,-9.69971581e-17,2.05521444e-17,7.64450137e-17,3,-0.000187032173,0.00020489063,-0.000144446567,0.000162305024
0.752,1.57060929,1.90836276,-7.02211636e-16,1.74651797e-15,9.24889799e-13,0.0935160863,-0.2,0.0935157222,-1.1398186e-05,1.13945835e-05,1.14862951e-05,2.90212753e-32,-6.5668084e-17,-3.49303594e-16,4.14971678e-16,3,-0.000187032173,0.00020489063,-0.000144446567,0.000162305024
0.754,1.57060929,1.90836276,-1.07417148e-16,2.72980783e-15,3.68241719e-13,0.0935160863,-0.2,0.0935157222,-1.1398186e-05,1.13945835e-05,1.14862951e-05,3.70262501e-32,-1.00452313e-17,-5.45961566e-16,5.56006798e-16,3,-0.000187032173,0.00020489063,-0.000144446567,0.000162305024
0.756,1.57060929,1.90836276,1.8494357e-15,6.09684737e-16,8.53118367e-13,0.0935160863,-0.2,0.0935157222,-1.1398186e-05,1.13945835e-05,1.14862951e-05,5.2173678e-33,1.72951988e-16,-1.21936947e-16,-5.10150407e-17,3,-0.000187032173,0.00020489063,-0.000144446567,0.000162305024
0.758,1.57060929,1.90836276,1.0809399e-15,-3.34219656e-15,-3.21923698e-12,0.0935160863,-0.2,0.0935157222,-1.1398186e-05,1.13945835e-05,1.14862951e-05,5.63460416e-32,1.01085269e-16,6.68439311e-16,-7.6952458e-16,3,-0.000187032173,0.00020489063,-0.000144446567,0.000162305024
0.76,1.57060929,1.90836276,-6.20302473e-16,-2.70864988e-15,-1.11903026e-13,0.0935160863,-0.2,0.0935157222,-1.1398186e-05,1.13945835e-05,1.14862951e-05,3.47999334e-32,-5.80082596e-17,5.41729976e-16,-4.83721717e-16,3,-0.000187032173,0.00020489063,-0.000144446567,0.000162305024
0.762,1.57060929,1.90836276,-1.04654081e-15,-1.00723263e-15,2.48808018e-14,0.0935160863,-0.2,0.0935157222,-1.1398186e-05,1.13945835e-05,1.14862951e-05,1.53405837e-32,-9.78684003e-17,2.01446525e-16,-1.03578125e-16,3,-0.000187032173,0.00020489063,-0.000144446567,0.000162305024
0.764,1.57060929,1.90836276,-8.4797851e-16,1.02979071e-15,9.13712215e-13,0.0935160863,-0.2,0.0935157222,-1.1398186e-05,1.13945835e-05,1.14862951e-05,2.41089172e-32,-7.92996316e-17,-2.05958142e-16,2.85257773e-16,3,-0.000187032173,0.00020489063,-0.000144446567,0.000162305024
0.766,1.57060929,1.90836276,-2.35798068e-16,2.24905075e-15,4.19194652e-13,0.0935160863,-0.2,0.0935157222,-1.1398186e-05,1.13945835e-05,1.14862951e-05,2.48753844e-32,-2.20509124e-17,-4.49810149e-16,4.71861062e-16,3,-0.000187032173,0.00020489063,-0.000144446567,0.000162305024
0.768,1.57060929,1.90836276,3.58407929e-17,2.82394844e-15,1.22536131e-12,0.0935160863,-0.2,0.0935157222,-1.1398186e-05,1.13945835e-05,1.14862951e-05,5.82181067e-32,3.35169068e-18,-5.64789688e-16,5.61437998e-16,3,-0.000187032173,0.00020489063,-0.000144446567,0.000162305024
0.77,1.57060929,1.90836276,1.98759078e-15,-8.71222326e-17,1.47266206e-12,0.0935160863,-0.2,0.0935157222,-1.1398186e-05,1.13945835e-05,1.14862951e-05,4.04596385e-33,1.85871711e-16,1.74244465e-17,-2.03296158e-16,3,-0.000187032173,0.00020489063,-0.000144446567,0.000162305024
0.772,1.57060929,1.90836276,4.82562139e-16,-3.26853307e-15,-2.43633637e-12,0.0935160863,-0.2,0.0935157222,-1.1398186e-05,1.13945835e-05,1.14862951e-05,5.27040143e-32,4.51273226e-17,6.53706614e-16,-6.98833937e-16,3,-0.000187032173,0.00020489063,-0.000144446567,0.000162305024
0.774,1.57060929,1.90836276,-1.00455188e-15,-1.95486849e-15,-4.20674983e-13,0.0935160863,-0.2,0.0935157222,-1.1398186e-05,1.13945835e-05,1.14862951e-05,1.91889194e-32,-9.39417601e-17,3.90973697e-16,-2.97031937e-16,3,-0.000187032173,0.00020489063,-0.000144446567,0.000162305024
0.776,1.57060929,1.90836276,-1.03205629e-15,1.90124798e-16,3.7589433e-13,0.0935160863,-0.2,0.0935157222,-1.1398186e-05,1.13945835e-05,1.14862951e-05,5.7645976e-33,-9.6513865e-17,-3.80249597e-17,1.34538825e-16,3,-0.000187032173,0.00020489063,-0.000144446567,0.000162305024
0.778,1.57060929,1.90836276,-6.5191678e-16,1.99634077e-15,9.44359489e-13,0.0935160863,-0.2,0.0935157222,-1.1398186e-05,1.13945835e-05,1.14862951e-05,3.29518109e-32,-6.09647059e-17,-3.99268155e-16,4.60232861e-16,3,-0.000187032173,0.00020489063,-0.000144446567,0.000162305024
0.78,1.57060929,1.90836276,-5.69571316e-17,2.90613006e-15,3.57134381e-13,0.0935160863,-0.2,0.0935157222,-1.1398186e-05,1.13945835e-05,1.14862951e-05,4.17397156e-32,-5.32640804e-18,-5.81226011e-16,5.86552419e-16,3,-0.000187032173,0.00020489063,-0.000144446567,0.000162305024
0.782,1.57060929,1.90836276,1.88269721e-15,7.2524264e-16,8.33537488e-13,0.0935160863,-0.2,0.0935157222,-1.1398186e-05,1.13945835e-05,1.14862951e-05,6.05555342e-33,1.76062475e-16,-1.45048528e-16,-3.10139466e-17,3,-0.000187032173,0.00020489063,-0.000144446567,0.000162305024
0.784,1.57060929,1.90836276,1.09974293e-15,-3.2629802e-15,-3.23026651e-12,0.0935160863,-0.2,0.0935157222,-1.1398186e-05,1.13945835e-05,1.14862951e-05,5.40304698e-32,1.02843655e-16,6.52596039e-16,-7.55439694e-16,3,-0.000187032173,0.00020489063,-0.000144446567,0.000162305024
0.786,1.57060929,1.90836276,-5.45976882e-16,-2.73437228e-15,-2.37764363e-13,0.0935160863,-0.2,0.0935157222,-1.1398186e-05,1.13945835e-05,1.14862951e-05,3.90417057e-32,-5.10576213e-17,5.46874456e-16,-4.95816835e-16,3,-0.000187032173,0.00020489063,-0.000144446567,0.000162305024
0.788,1.57060929,1.90836276,-8.13699621e-16,-1.69328346e-15,-5.23176852e-13,0.0935160863,-0.2,0.0935157222,-1.1398186e-05,1.13945835e-05,1.14862951e-05,3.61608924e-32,-7.6094004e-17,3.38656692e-16,-2.62562688e-16,3,-0.000187032173,0.00020489063,-0.000144446567,0.000162305024
0.79,1.57060929,1.90836276,-9.22176864e-16,3.2146812e-16,7.8996259e-13,0.0935160863,-0.2,0.0935157222,-1.1398186e-05,1.13945835e-05,1.14862951e-05,2.87267061e-32,-8.62383712e-17,-6.42936239e-17,1.50531995e-16,3,-0.000187032173,0.00020489063,-0.000144446567,0.000162305024
0.792,1.57060929,1.90836276,-3.6532572e-16,1.7281075e-15,4.45153744e-13,0.0935160863,-0.2,0.0935157222,-1.1398186e-05,1.13945835e-05,1.14862951e-05,1.42649822e-32,-3.41638316e-17,-3.45621501e-16,3.79785332e-16,3,-0.000187032173,0.00020489063,-0.000144446567,0.000162305024
0.794,1.57060929,1.90836276,-6.16556672e-17,2.49914959e-15,2.12058771e-13,0.0935160863,-0.2,0.0935157222,-1.1398186e-05,1.13945835e-05,1.14862951e-05,4.66227916e-32,-5.76579669e-18,-4.99829917e-16,5.05595714e-16,3,-0.000187032173,0.00020489063,-0.000144446567,0.000162305024
0.796,1.57060929,1.90836276,3.08866243e-16,2.6532136e-15,7.71135335e-13,0.0935160863,-0.2,0.0935157222,-1.1398186e-05,1.13945835e-05,1.14862951e-05,5.95167537e-32,2.88839623e-17,-5.30642721e-16,5.01758759e-16,3,-0.000187032173,0.00020489063,-0.000144446567,0.000162305024
0.798,1.57060929,1.90836276,1.99414341e-15,-4.18978034e-16,1.29256626e-12,0.0935160863,-0.2,0.0935157222,-1.1398186e-05,1.13945835e-05,1.14862951e-05,5.5702809e-33,1.86484487e-16,8.37956067e-17,-2.70280094e-16,3,-0.000187032173,0.00020489063,-0.000144446567,0.000162305024
0.8,1.57060929,1.90836276,2.46647867e-16,-3.42696261e-15,-2.61102728e-12,0.0935160863,-0.2,0.0935157222,-1.1398186e-05,1.13945835e-05,1.14862951e-05,5.81849877e-32,2.30655432e-17,6.85392522e-16,-7.08458065e-16,3,-0.000187032173,0.00020489063,-0.000144446567,0.000162305024
0.802,1.57060929,1.90836276,-1.07235286e-15,-1.81926311e-15,-2.52776469e-13,0.0935160863,-0.2,0.0935157222,-1.1398186e-05,1.13945835e-05,1.14862951e-05,2.71030673e-32,-1.00282243e-16,3.63852622e-16,-2.6357038e-16,3,-0.000187032173,0.00020489063,-0.000144446567,0.000162305024
0.804,1.57060929,1.90836276,-1.00606785e-15,3.61106401e-16,4.25371396e-13,0.0935160863,-0.2,0.0935157222,-1.1398186e-05,1.13945835e-05,1.14862951e-05,2.06710434e-32,-9.4083528e-17,-7.22212802e-17,1.66304808e-16,3,-0.000187032173,0.00020489063,-0.000144446567,0.000162305024
0.806,1.57060929,1.90836276,-3.95147565e-16,1.90394794e-15,5.26089585e-13,0.0935160863,-0.2,0.0935157222,-1.1398186e-05,1.13945835e-05,1.14862951e-05,1.73271971e-32,-3.69526538e-17,-3.80789588e-16,4.17742242e-16,3,-0.000187032173,0.00020489063,-0.000144446567,0.000162305024
0.808,1.57060929,1.90836276,-4.35698207e-17,2.64712027e-15,2.24699117e-13,0.0935160863,-0.2,0.0935157222,-1.1398186e-05,1.13945835e-05,1.14862951e-05,4.63776175e-32,-4.07447911e-18,-5.29424055e-16,5.33498534e-16,3,-0.000187032173,0.00020489063,-0.000144446567,0.000162305024
0.81,1.57060929,1.90836276,9.22430909e-16,2.10214945e-15,3.59043277e-12,0.0935160863,-0.2,0.0935157222,-1.1398186e-05,1.13945835e-05,1.14862951e-05,4.96928831e-32,8.62621285e-17,-4.20429891e-16,3.34167762e-16,3,-0.000187032173,0.00020489063,-0.000144446567,0.000162305024
0.812,1.57060929,1.90836276,2.08097998e-15,-3.12035833e-15,-4.49406165e-12,0.0935160863,-0.2,0.0935157222,-1.1398186e-05,1.13945835e-05,1.14862951e-05,5.3116721e-32,1.94605103e-16,6.24071665e-16,-8.18676769e-16,3,-0.000187032173,0.00020489063,-0.000144446567,0.000162305024
0.814,1.57060929,1.90836276,-4.49636548e-16,-3.05552491e-15,-4.60063683e-13,0.0935160863,-0.2,0.0935157222,-1.1398186e-05,1.13945835e-05,1.14862951e-05,4.50047439e-32,-4.20482502e-17,6.11104983e-16,-5.69056733e-16,3,-0.000187032173,0.00020489063,-0.000144446567,0.000162305024
0.816,1.57060929,1.90836276,-1.08180493e-15,-1.39242949e-15,-6.24035402e-14,0.0935160863,-0.2,0.0935157222,-1.1398186e-05,1.13945835e-05,1.14862951e-05,2.59069946e-32,-1.01166163e-16,2.78485898e-16,-1.77319735e-16,3,-0.000187032173,0.00020489063,-0.000144446567,0.000162305024
0.818,1.57060929,1.90836276,-9.10544767e-16,7.2845123e-16,9.06888108e-13,0.0935160863,-0.2,0.0935157222,-1.1398186e-05,1.13945835e-05,1.14862951e-05,2.68369014e-32,-8.51505831e-17,-1.45690246e-16,2.30840829e-16,3,-0.000187032173,0.00020489063,-0.000144446567,0.000162305024
0.82,1.57060929,1.90836276,-2.97952224e-16,2.05158226e-15,4.46388878e-13,0.0935160863,-0.2,0.0935157222,-1.1398186e-05,1.13945835e-05,1.14862951e-05,2.03086645e-32,-2.78633259e-17,-4.10316451e-16,4.38179777e-16,3,-0.000187032173,0.00020489063,-0.000144446567,0.000162305024
0.822,1.57060929,1.90836276,-2.49326176e-18,2.70934376e-15,1.91505877e-13,0.0935160863,-0.2,0.0935157222,-1.1398186e-05,1.13945835e-05,1.14862951e-05,5.31362675e-32,-2.33160082e-19,-5.41868752e-16,5.42101912e-16,3,-0.000187032173,0.00020489063,-0.000144446567,0.000162305024
0.824,1.57060929,1.90836276,1.40046549e-15,1.263953e-15,2.69212113e-12,0.0935160863,-0.2,0.0935157222,-1.1398186e-05,1.13945835e-05,1.14862951e-05,1.22125224e-32,1.30966052e-16,-2.527906e-16,1.21824549e-16,3,-0.000187032173,0.00020489063,-0.000144446567,0.000162305024
0.826,1.57060929,1.90836276,1.20414762e-15,-3.20329851e-15,-3.37086565e-12,0.0935160863,-0.2,0.0935157222,-1.1398186e-05,1.13945835e-05,1.14862951e-05,4.98062242e-32,1.12607173e-16,6.40659703e-16,-7.53266875e-16,3,-0.000187032173,0.00020489063,-0.000144446567,0.000162305024
0.828,1.57060929,1.90836276,-8.57174142e-16,-2.34859057e-15,-7.5147683e-13,0.0935160863,-0.2,0.0935157222,-1.1398186e-05,1.13945835e-05,1.14862951e-05,2.70509315e-32,-8.0159571e-17,4.69718114e-16,-3.89558543e-16,3,-0.000187032173,0.00020489063,-0.000144446567,0.000162305024
0.83,1.57060929,1.90836276,-1.07440378e-15,-2.22514327e-16,3.01716659e-13,0.0935160863,-0.2,0.0935157222,-1.1398186e-05,1.13945835e-05,1.14862951e-05,7.7223982e-33,-1.00474036e-16,4.45028654e-17,5.59711708e-17,3,-0.000187032173,0.00020489063,-0.000144446567,0.000162305024
0.832,1.57060929,1.90836276,-7.22714504e-16,1.67656735e-15,9.37180322e-13,0.0935160863,-0.2,0.0935157222,-1.1398186e-05,1.13945835e-05,1.14862951e-05,2.93559675e-32,-6.75854319e-17,-3.3531347e-16,4.02898902e-16,3,-0.000187032173,0.00020489063,-0.000144446567,0.000162305024
0.834,1.57060929,1.90836276,-1.19048908e-16,2.69143863e-15,3.80895322e-13,0.0935160863,-0.2,0.0935157222,-1.1398186e-05,1.13945835e-05,1.14862951e-05,3.5688926e-32,-1.11329879e-17,-5.38287726e-16,5.49420714e-16,3,-0.000187032173,0.00020489063,-0.000144446567,0.000162305024
0.836,1.57060929,1.90836276,9.32819112e-16,2.2081468e-15,2.57804051e-12,0.0935160863,-0.2,0.0935157222,-1.1398186e-05,1.13945835e-05,1.14862951e-05,3.78465269e-32,8.72335926e-17,-4.4162936e-16,3.54395768e-16,3,-0.000187032173,0.00020489063,-0.000144446567,0.000162305024
0.838,1.57060929,1.90836276,2.13972461e-15,-2.65105426e-15,-5.88342045e-13,0.0935160863,-0.2,0.0935157222,-1.1398186e-05,1.13945835e-05,1.14862951e-05,4.12604122e-32,2.00098671e-16,5.30210852e-16,-7.30309523e-16,3,-0.000187032173,0.00020489063,-0.000144446567,0.000162305024
0.84,1.57060929,1.90836276,-1.1335308e-16,-4.10283895e-15,-1.25220689e-12,0.0935160863,-0.2,0.0935157222,-1.1398186e-05,1.13945835e-05,1.14862951e-05,8.00290934e-32,-1.06003364e-17,8.2056779e-16,-8.09967453e-16,3,-0.000187032173,0.00020489063,-0.000144446567,0.000162305024
0.842,1.57060929,1.90836276,-9.62647674e-16,-3.07369877e-15,-7.50759975e-13,0.0935160863,-0.2,0.0935157222,-1.1398186e-05,1.13945835e-05,1.14862951e-05,7.07716675e-32,-9.00230429e-17,6.14739753e-16,-5.2471671e-16,3,-0.000187032173,0.00020489063,-0.000144446567,0.000162305024
0.844,1.57060929,1.90836276,-1.16227515e-15,-6.94231505e-16,3.52622237e-13,0.0935160863,-0.2,0.0935157222,-1.1398186e-05,1.13945835e-05,1.14862951e-05,3.3731857e-32,-1.08691423e-16,1.38846301e-16,-3.0154878e-17,3,-0.000187032173,0.00020489063,-0.000144446567,0.000162305024
0.846,1.57060929,1.90836276,-6.08087006e-16,1.26944616e-15,6.87157817e-13,0.0935160863,-0.2,0.0935157222,-1.1398186e-05,1.13945835e-05,1.14862951e-05,1.41216515e-32,-5.6865917e-17,-2.53889233e-16,3.1075515e-16,3,-0.000187032173,0.00020489063,-0.000144446567,0.000162305024
0.848,1.57060929,1.90836276,-1.45507896e-16,2.30721685e-15,3.22731264e-13,0.0935160863,-0.2,0.0935157222,-1.1398186e-05,1.13945835e-05,1.14862951e-05,2.98791066e-32,-1.36073289e-17,-4.6144337e-16,4.75050699e-16,3,-0.000187032173,0.00020489063,-0.000144446567,0.000162305024
0.85,1.57060929,1.90836276,6.60134491e-17,2.82340263e-15,1.32357419e-13,0.0935160863,-0.2,0.0935157222,-1.1398186e-05,1.13945835e-05,1.14862951e-05,6.59804712e-32,6.17331941e-18,-5.64680526e-16,5.58507207e-16,3,-0.000187032173,0.00020489063,-0.000144446567,0.000162305024
0.852,1.57060929,1.90836276,5.2224786e-16,2.53468402e-15,4.23988266e-13,0.0935160863,-0.2,0.0935157222,-1.1398186e-05,1.13945835e-05,1.14862951e-05,5.16280092e-32,4.8838576e-17,-5.06936804e-16,4.58098228e-16,3,-0.000187032173,0.00020489063,-0.000144446567,0.000162305024
0.854,1.57060929,1.90836276,2.00044387e-15,-6.54855234e-16,1.23550935e-12,0.0935160863,-0.2,0.0935157222,-1.1398186e-05,1.13945835e-05,1.14862951e-05,7.29765149e-33,1.87073681e-16,1.30971047e-16,-3.18044728e-16,3,-0.000187032173,0.00020489063,-0.000144446567,0.000162305024
0.856,1.57060929,1.90836276,-1.36654838e-16,-2.35678844e-15,-1.76955653e-12,0.0935160863,-0.2,0.0935157222,-1.1398186e-05,1.13945835e-05,1.14862951e-05,3.41769523e-32,-1.27794256e-17,4.71357688e-16,-4.58578263e-16,3,-0.000187032173,0.00020489063,-0.000144446567,0.000162305024
0.858,1.57060929,1.90836276,-9.69418456e-16,-7.19600096e-16,-5.88120565e-14,0.0935160863,-0.2,0.0935157222,-1.1398186e-05,1.13945835e-05,1.14862951e-05,1.84312766e-32,-9.065622e-17,1.43920019e-16,-5.32637993e-17,3,-0.000187032173,0.00020489063,-0.000144446567,0.000162305024
0.86,1.57060929,1.90836276,-6.53125581e-16,1.04538756e-15,5.63949233e-13,0.0935160863,-0.2,0.0935157222,-1.1398186e-05,1.13945835e-05,1.14862951e-05,7.42708113e-33,-6.10777482e-17,-2.09077512e-16,2.70155261e-16,3,-0.000187032173,0.00020489063,-0.000144446567,0.000162305024
0.862,1.57060929,1.90836276,-2.46171872e-16,2.09715502e-15,3.20452715e-13,0.0935160863,-0.2,0.0935157222,-1.1398186e-05,1.13945835e-05,1.14862951e-05,2.94246832e-32,-2.302103e-17,-4.19431005e-16,4.42452035e-16,3,-0.000187032173,0.00020489063,-0.000144446567,0.000162305024
0.864,1.57060929,1.90836276,7.92020893e-16,1.78311433e-15,2.60315732e-12,0.0935160863,-0.2,0.0935157222,-1.1398186e-05,1.13945835e-05,1.14862951e-05,3.8649675e-32,7.40666942e-17,-3.56622866e-16,2.82556172e-16,3,-0.000187032173,0.00020489063,-0.000144446567,0.000162305024
0.866,1.57060929,1.90836276,1.86756185e-15,-2.63260257e-15,-2.72769828e-13,0.0935160863,-0.2,0.0935157222,-1.1398186e-05,1.13945835e-05,1.14862951e-05,5.17478464e-32,1.74647075e-16,5.26520514e-16,-7.01167588e-16,3,-0.000187032173,0.00020489063,-0.000144446567,0.000162305024
0.868,1.57060929,1.90836276,-2.58172068e-16,-4.12658393e-15,-2.10001271e-12,0.0935160863,-0.2,0.0935157222,-1.1398186e-05,1.13945835e-05,1.14862951e-05,8.20806279e-32,-2.41432414e-17,8.25316786e-16,-8.01173544e-16,3,-0.000187032173,0.00020489063,-0.000144446567,0.000162305024
0.87,1.57060929,1.90836276,-1.24169377e-15,-2.04134212e-15,-2.47424119e-14,0.0935160863,-0.2,0.0935157222,-1.1398186e-05,1.13945835e-05,1.14862951e-05,3.10171232e-32,-1.16118342e-16,4.08268424e-16,-2.92150082e-16,3,-0.000187032173,0.00020489063,-0.000144446567,0.000162305024
0.872,1.57060929,1.90836276,-1.03142187e-15,3.26443192e-16,5.13101214e-13,0.0935160863,-0.2,0.0935157222,-1.1398186e-05,1.13945835e-05,1.14862951e-05,2.08369288e-32,-9.64545369e-17,-6.52886383e-17,1.61743175e-16,3,-0.000187032173,0.00020489063,-0.000144446567,0.000162305024
0.874,1.57060929,1.90836276,-4.81361449e-16,2.10083563e-15,7.79088249e-13,0.0935160863,-0.2,0.0935157222,-1.1398186e-05,1.13945835e-05,1.14862951e-05,3.30243867e-32,-4.50150388e-17,-4.20167127e-16,4.65182166e-16,3,-0.000187032173,0.00020489063,-0.000144446567,0.000162305024
0.876,1.57060929,1.90836276,1.45972431e-17,2.90033242e-15,2.88303144e-13,0.0935160863,-0.2,0.0935157222,-1.1398186e-05,1.13945835e-05,1.14862951e-05,4.25735907e-32,1.36507704e-18,-5.80066484e-16,5.78701407e-16,3,-0.000187032173,0.00020489063,-0.000144446567,0.000162305024
0.878,1.57060929,1.90836276,4.08444781e-16,2.95838939e-15,7.59093759e-13,0.0935160863,-0.2,0.0935157222,-1.1398186e-05,1.13945835e-05,1.14862951e-05,5.31415502e-32,3.81961574e-17,-5.91677878e-16,5.5348172e-16,3,-0.000187032173,0.00020489063,-0.000144446567,0.000162305024
0.88,1.57060929,1.90836276,2.14376183e-15,-1.16598887e-15,-1.49972493e-13,0.0935160863,-0.2,0.0935157222,-1.1398186e-05,1.13945835e-05,1.14862951e-05,1.07703866e-32,2.00476216e-16,2.33197774e-16,-4.3367399e-16,3,-0.000187032173,0.00020489063,-0.000144446567,0.000162305024
0.882,1.57060929,1.90836276,-1.36460901e-17,-2.72888951e-15,-1.61307541e-12,0.0935160863,-0.2,0.0935157222,-1.1398186e-05,1.13945835e-05,1.14862951e-05,4.61273034e-32,-1.27612894e-18,5.45777901e-16,-5.44501772e-16,3,-0.000187032173,0.00020489063,-0.000144446567,0.000162305024
0.884,1.57060929,1.90836276,-5.96266293e-16,-1.83879271e-15,1.23196938e-13,0.0935160863,-0.2,0.0935157222,-1.1398186e-05,1.13945835e-05,1.14862951e-05,1.74871628e-32,-5.57604901e-17,3.67758542e-16,-3.11998052e-16,3,-0.000187032173,0.00020489063,-0.000144446567,0.000162305024
0.886,1.57060929,1.90836276,-8.22849001e-16,-6.41263957e-16,-1.77050298e-13,0.0935160863,-0.2,0.0935157222,-1.1398186e-05,1.13945835e-05,1.14862951e-05,2.42941791e-32,-7.69496182e-17,1.28252791e-16,-5.13031733e-17,3,-0.000187032173,0.00020489063,-0.000144446567,0.000162305024
0.888,1.57060929,1.90836276,-6.531637e-16,1.12812193e-15,6.40647813e-13,0.0935160863,-0.2,0.0935157222,-1.1398186e-05,1.13945835e-05,1.14862951e-05,1.82744298e-32,-6.1081313e-17,-2.25624386e-16,2.86705699e-16,3,-0.000187032173,0.00020489063,-0.000144446567,0.000162305024
0.89,1.57060929,1.90836276,-2.05972617e-16,2.18398715e-15,3.278593e-13,0.0935160863,-0.2,0.0935157222,-1.1398186e-05,1.13945835e-05,1.14862951e-05,2.50088119e-32,-1.9261753e-17,-4.36797431e-16,4.56059184e-16,3,-0.000187032173,0.00020489063,-0.000144446567,0.000162305024
0.892,1.57060929,1.90836276,1.10335225e-17,2.74220992e-15,1.47858616e-13,0.0935160863,-0.2,0.0935157222,-1.1398186e-05,1.13945835e-05,1.14862951e-05,5.98342448e-32,1.03181184e-18,-5.48441984e-16,5.47410172e-16,3,-0.000187032173,0.00020489063,-0.000144446567,0.000162305024
0.894,1.57060929,1.90836276,2.14143568e-15,-6.66086586e-16,2.13576268e-14,0.0935160863,-0.2,0.0935157222,-1.1398186e-05,1.13945835e-05,1.14862951e-05,8.91111723e-33,2.00258684e-16,1.33217317e-16,-3.33476001e-16,3,-0.000187032173,0.00020489063,-0.000144446567,0.000162305024
0.896,1.57060929,1.90836276,2.1343597e-16,-3.36898957e-15,-2.54284154e-12,0.0935160863,-0.2,0.0935157222,-1.1398186e-05,1.13945835e-05,1.14862951e-05,5.31399961e-32,1.99596966e-17,6.73797913e-16,-6.9375761e-16,3,-0.000187032173,0.00020489063,-0.000144446567,0.000162305024
0.898,1.57060929,1.90836276,-1.06342602e-15,-1.74312246e-15,-2.34457981e-13,0.0935160863,-0.2,0.0935157222,-1.1398186e-05,1.13945835e-05,1.14862951e-05,1.90522655e-32,-9.94474394e-17,3.48624491e-16,-2.49177052e-16,3,-0.000187032173,0.00020489063,-0.000144446567,0.000162305024
0.9,1.57060929,1.90836276,-9.8638227e-16,4.23637997e-16,4.19961041e-13,0.0935160863,-0.2,0.0935157222,-1.1398186e-05,1.13945835e-05,1.14862951e-05,1.44589184e-32,-9.22426095e-17,-8.47275994e-17,1.76970209e-16,3,-0.000187032173,0.00020489063,-0.000144446567,0.000162305024
0.902,1.57060929,1.90836276,-4.23955566e-16,2.03603677e-15,6.34468165e-13,0.0935160863,-0.2,0.0935157222,-1.1398186e-05,1.13945835e-05,1.14862951e-05,2.14955374e-32,-3.96466653e-17,-4.07207354e-16,4.4685402e-16,3,-0.000187032173,0.00020489063,-0.000144446567,0.000162305024
0.904,1.57060929,1.90836276,-2.37036219e-17,2.78692698e-15,1.3153492e-12,0.0935160863,-0.2,0.0935157222,-1.1398186e-05,1.13945835e-05,1.14862951e-05,4.61344408e-32,-2.21666995e-18,-5.57385397e-16,5.59602067e-16,3,-0.000187032173,0.00020489063,-0.000144446567,0.000162305024
0.906,1.57060929,1.90836276,1.97952417e-15,-6.71745962e-17,4.45066466e-13,0.0935160863,-0.2,0.0935157222,-1.1398186e-05,1.13945835e-05,1.14862951e-05,5.26245119e-33,1.85117353e-16,1.34349192e-17,-1.98552272e-16,3,-0.000187032173,0.00020489063,-0.000144446567,0.000162305024
0.908,1.57060929,1.90836276,4.52836567e-16,-2.89805316e-15,-2.26357935e-12,0.0935160863,-0.2,0.0935157222,-1.1398186e-05,1.13945835e-05,1.14862951e-05,4.28577652e-32,4.23475035e-17,5.79610633e-16,-6.21958136e-16,3,-0.000187032173,0.00020489063,-0.000144446567,0.000162305024
0.91,1.57060929,1.90836276,-8.39749372e-16,-1.797733e-15,4.47524683e-13,0.0935160863,-0.2,0.0935157222,-1.1398186e-05,1.13945835e-05,1.14862951e-05,2.81696732e-32,-7.85300748e-17,3.59546599e-16,-2.81016524e-16,3,-0.000187032173,0.00020489063,-0.000144446567,0.000162305024
0.912,1.57060929,1.90836276,-7.18136103e-16,-7.52941615e-16,-3.51637182e-13,0.0935160863,-0.2,0.0935157222,-1.1398186e-05,1.13945835e-05,1.14862951e-05,1.69857194e-32,-6.71572778e-17,1.50588323e-16,-8.34310452e-17,3,-0.000187032173,0.00020489063,-0.000144446567,0.000162305024
0.914,1.57060929,1.90836276,-7.52778605e-16,1.01527546e-15,2.88622596e-13,0.0935160863,-0.2,0.0935157222,-1.1398186e-05,1.13945835e-05,1.14862951e-05,2.63928839e-32,-7.0396909e-17,-2.03055092e-16,2.73452001e-16,3,-0.000187032173,0.00020489063,-0.000144446567,0.000162305024
0.916,1.57060929,1.90836276,-2.49156631e-16,2.27935258e-15,4.48012007e-13,0.0935160863,-0.2,0.0935157222,-1.1398186e-05,1.13945835e-05,1.14862951e-05,2.45048557e-32,-2.3300153e-17,-4.55870516e-16,4.79170669e-16,3,-0.000187032173,0.00020489063,-0.000144446567,0.000162305024
0.918,1.57060929,1.90836276,3.84774097e-17,2.85506344e-15,1.64615673e-13,0.0935160863,-0.2,0.0935157222,-1.1398186e-05,1.13945835e-05,1.14862951e-05,5.10673571e-32,3.59825677e-18,-5.71012689e-16,5.67414432e-16,3,-0.000187032173,0.00020489063,-0.000144446567,0.000162305024
0.92,1.57060929,1.90836276,1.79699262e-15,-4.65489623e-17,6.88348582e-13,0.0935160863,-0.2,0.0935157222,-1.1398186e-05,1.13945835e-05,1.14862951e-05,1.67521192e-32,1.68047717e-16,9.30979245e-18,-1.77357509e-16,3,-0.000187032173,0.00020489063,-0.000144446567,0.000162305024
0.922,1.57060929,1.90836276,1.17658018e-15,-4.08268127e-15,-3.00112307e-12,0.0935160863,-0.2,0.0935157222,-1.1398186e-05,1.13945835e-05,1.14862951e-05,8.5611981e-32,1.10029173e-16,8.16536254e-16,-9.26565428e-16,3,-0.000187032173,0.00020489063,-0.000144446567,0.000162305024
0.924,1.57060929,1.90836276,-8.90239189e-16,-3.59554123e-15,-1.06725541e-12,0.0935160863,-0.2,0.0935157222,-1.1398186e-05,1.13945835e-05,1.14862951e-05,6.8591742e-32,-8.32516848e-17,7.19108247e-16,-6.35856562e-16,3,-0.000187032173,0.00020489063,-0.000144446567,0.000162305024
0.926,1.57060929,1.90836276,-1.25677271e-15,-1.19542434e-15,2.78462932e-13,0.0935160863,-0.2,0.0935157222,-1.1398186e-05,1.13945835e-05,1.14862951e-05,2.3941953e-32,-1.17528466e-16,2.39084868e-16,-1.21556402e-16,3,-0.000187032173,0.00020489063,-0.000144446567,0.000162305024
0.928,1.57060929,1.90836276,-8.82356681e-16,1.02141676e-15,9.95800165e-13,0.0935160863,-0.2,0.0935157222,-1.1398186e-05,1.13945835e-05,1.14862951e-05,2.96885648e-32,-8.25145435e-17,-2.04283351e-16,2.86797895e-16,3,-0.000187032173,0.00020489063,-0.000144446567,0.000162305024
0.93,1.57060929,1.90836276,-2.23381003e-16,2.28508105e-15,4.35980955e-13,0.0935160863,-0.2,0.0935157222,-1.1398186e-05,1.13945835e-05,1.14862951e-05,2.51092267e-32,-2.08897171e-17,-4.57016211e-16,4.77905928e-16,3,-0.000187032173,0.00020489063,-0.000144446567,0.000162305024
0.932,1.57060929,1.90836276,5.62167797e-17,2.85830963e-15,1.66575888e-13,0.0935160863,-0.2,0.0935157222,-1.1398186e-05,1.13945835e-05,1.14862951e-05,5.69852392e-32,5.25717322e-18,-5.71661925e-16,5.66404752e-16,3,-0.000187032173,0.00020489063,-0.000144446567,0.000162305024
0.934,1.57060929,1.90836276,5.30247917e-16,2.57427106e-15,4.408704e-13,0.0935160863,-0.2,0.0935157222,-1.1398186e-05,1.13945835e-05,1.14862951e-05,4.6484542e-32,4.958671e-17,-5.14854211e-16,4.65267501e-16,3,-0.000187032173,0.00020489063,-0.000144446567,0.000162305024
0.936,1.57060929,1.90836276,2.31471104e-15,-1.81258121e-15,-4.41513434e-12,0.0935160863,-0.2,0.0935157222,-1.1398186e-05,1.13945835e-05,1.14862951e-05,2.32220058e-32,2.16462717e-16,3.62516241e-16,-5.78978959e-16,3,-0.000187032173,0.00020489063,-0.000144446567,0.000162305024
0.938,1.57060929,1.90836276,-2.3204027e-16,-2.14353102e-15,-1.61015777e-12,0.0935160863,-0.2,0.0935157222,-1.1398186e-05,1.13945835e-05,1.14862951e-05,3.35809066e-32,-2.16994979e-17,4.28706203e-16,-4.07006705e-16,3,-0.000187032173,0.00020489063,-0.000144446567,0.000162305024
0.94,1.57060929,1.90836276,-8.33684054e-16,-7.88195724e-16,-2.91520562e-13,0.0935160863,-0.2,0.0935157222,-1.1398186e-05,1.13945835e-05,1.14862951e-05,6.55439508e-33,-7.796287e-17,1.57639145e-16,-7.96762749e-17,3,-0.000187032173,0.00020489063,-0.000144446567,0.000162305024
0.942,1.57060929,1.90836276,-8.18540757e-16,1.0331937e-15,3.3537009e-13,0.0935160863,-0.2,0.0935157222,-1.1398186e-05,1.13945835e-05,1.14862951e-05,1.57654954e-32,-7.65467281e-17,-2.06638739e-16,2.83185467e-16,3,-0.000187032173,0.00020489063,-0.000144446567,0.000162305024
0.944,1.57060929,1.90836276,-3.25068173e-16,2.4006372e-15,5.57812946e-13,0.0935160863,-0.2,0.0935157222,-1.1398186e-05,1.13945835e-05,1.14862951e-05,2.79869127e-32,-3.03991033e-17,-4.8012744e-16,5.10526544e-16,3,-0.000187032173,0.00020489063,-0.000144446567,0.000162305024
0.946,1.57060929,1.90836276,8.54677963e-16,2.09720773e-15,2.64761745e-12,0.0935160863,-0.2,0.0935157222,-1.1398186e-05,1.13945835e-05,1.14862951e-05,2.64801644e-32,7.99261381e-17,-4.19441545e-16,3.39515407e-16,3,-0.000187032173,0.00020489063,-0.000144446567,0.000162305024
0.948,1.57060929,1.90836276,1.9581422e-15,-2.4049766e-15,-2.81760631e-13,0.0935160863,-0.2,0.0935157222,-1.1398186e-05,1.13945835e-05,1.14862951e-05,3.68879955e-32,1.83117795e-16,4.80995321e-16,-6.64113115e-16,3,-0.000187032173,0.00020489063,-0.000144446567,0.000162305024
0.95,1.57060929,1.90836276,-1.08613388e-16,-3.79530617e-15,-1.16965267e-12,0.0935160863,-0.2,0.0935157222,-1.1398186e-05,1.13945835e-05,1.14862951e-05,6.93320098e-32,-1.0157099e-17,7.59061234e-16,-7.48904135e-16,3,-0.000187032173,0.00020489063,-0.000144446567,0.000162305024
0.952,1.57060929,1.90836276,-1.05372144e-15,-2.54730418e-15,-4.69417553e-13,0.0935160863,-0.2,0.0935157222,-1.1398186e-05,1.13945835e-05,1.14862951e-05,4.35497794e-32,-9.85399049e-17,5.09460835e-16,-4.1092093e-16,3,-0.000187032173,0.00020489063,-0.000144446567,0.000162305024
0.954,1.57060929,1.90836276,-1.10116858e-15,-2.18566176e-16,4.04661057e-13,0.0935160863,-0.2,0.0935157222,-1.1398186e-05,1.13945835e-05,1.14862951e-05,2.17574858e-32,-1.02976976e-16,4.37132352e-17,5.92637405e-17,3,-0.000187032173,0.00020489063,-0.000144446567,0.000162305024
0.956,1.57060929,1.90836276,-5.27974635e-16,1.60402633e-15,6.72426722e-13,0.0935160863,-0.2,0.0935157222,-1.1398186e-05,1.13945835e-05,1.14862951e-05,1.58793711e-32,-4.93741215e-17,-3.20805266e-16,3.70179388e-16,3,-0.000187032173,0.00020489063,-0.000144446567,0.000162305024
0.958,1.57060929,1.90836276,-8.10389913e-17,2.51989626e-15,2.86506106e-13,0.0935160863,-0.2,0.0935157222,-1.1398186e-05,1.13945835e-05,1.14862951e-05,3.68811629e-32,-7.57844931e-18,-5.03979253e-16,5.11557702e-16,3,-0.000187032173,0.00020489063,-0.000144446567,0.000162305024
0.96,1.57060929,1.90836276,3.2807046e-16,2.70261705e-15,7.91802264e-13,0.0935160863,-0.2,0.0935157222,-1.1398186e-05,1.13945835e-05,1.14862951e-05,5.1324802e-32,3.06798654e-17,-5.40523411e-16,5.09843545e-16,3,-0.000187032173,0.00020489063,-0.000144446567,0.000162305024
0.962,1.57060929,1.90836276,1.48688614e-15,7.05042242e-16,2.38131013e-12,0.0935160863,-0.2,0.0935157222,-1.1398186e-05,1.13945835e-05,1.14862951e-05,5.95920773e-33,1.39047772e-16,-1.41008448e-16,1.96067629e-18,3,-0.000187032173,0.00020489063,-0.000144446567,0.000162305024
0.964,1.57060929,1.90836276,5.07530059e-16,-2.31565701e-15,-2.18057351e-12,0.0935160863,-0.2,0.0935157222,-1.1398186e-05,1.13945835e-05,1.14862951e-05,2.96954816e-32,4.74622248e-17,4.63131402e-16,-5.10593627e-16,3,-0.000187032173,0.00020489063,-0.000144446567,0.000162305024
0.966,1.57060929,1.90836276,-8.55587133e-16,-1.20282757e-15,-3.99621733e-13,0.0935160863,-0.2,0.0935157222,-1.1398186e-05,1.13945835e-05,1.14862951e-05,8.1706452e-33,-8.00111602e-17,2.40565515e-16,-1.60554354e-16,3,-0.000187032173,0.00020489063,-0.000144446567,0.000162305024
0.968,1.57060929,1.90836276,-9.0119511e-16,7.0002181e-16,3.37541245e-13,0.0935160863,-0.2,0.0935157222,-1.1398186e-05,1.13945835e-05,1.14862951e-05,7.08246925e-33,-8.42762397e-17,-1.40004362e-16,2.24280602e-16,3,-0.000187032173,0.00020489063,-0.000144446567,0.000162305024
0.97,1.57060929,1.90836276,-4.58341203e-16,2.25997456e-15,7.11959517e-13,0.0935160863,-0.2,0.0935157222,-1.1398186e-05,1.13945835e-05,1.14862951e-05,2.74850069e-32,-4.28622755e-17,-4.51994912e-16,4.94857187e-16,3,-0.000187032173,0.00020489063,-0.000144446567,0.000162305024
0.972,1.57060929,1.90836276,8.13291846e-16,2.07348452e-15,2.71129293e-12,0.0935160863,-0.2,0.0935157222,-1.1398186e-05,1.13945835e-05,1.14862951e-05,2.40825596e-32,7.60558705e-17,-4.14696905e-16,3.38641035e-16,3,-0.000187032173,0.00020489063,-0.000144446567,0.000162305024
0.974,1.57060929,1.90836276,1.9604439e-15,-2.39768643e-15,-2.6269191e-13,0.0935160863,-0.2,0.0935157222,-1.1398186e-05,1.13945835e-05,1.14862951e-05,3.58215415e-32,1.83333041e-16,4.79537286e-16,-6.62870328e-16,3,-0.000187032173,0.00020489063,-0.000144446567,0.000162305024
0.976,1.57060929,1.90836276,-9.51767299e-17,-3.78212472e-15,-1.16985973e-12,0.0935160863,-0.2,0.0935157222,-1.1398186e-05,1.13945835e-05,1.14862951e-05,6.83093678e-32,-8.90055529e-18,7.56424943e-16,-7.47524388e-16,3,-0.000187032173,0.00020489063,-0.000144446567,0.000162305024
0.978,1.57060929,1.90836276,-8.98428548e-16,-2.82703094e-15,-7.52012307e-13,0.0935160863,-0.2,0.0935157222,-1.1398186e-05,1.13945835e-05,1.14862951e-05,6.34229159e-32,-8.40175217e-17,5.65406188e-16,-4.81388667e-16,3,-0.000187032173,0.00020489063,-0.000144446567,0.000162305024
0.98,1.57060929,1.90836276,-1.10783061e-15,-5.53904297e-16,3.12286187e-13,0.0935160863,-0.2,0.0935157222,-1.1398186e-05,1.13945835e-05,1.14862951e-05,3.25569253e-32,-1.03599983e-16,1.10780859e-16,-7.18087653e-18,3,-0.000187032173,0.00020489063,-0.000144446567,0.000162305024
0.982,1.57060929,1.90836276,-5.37529102e-16,1.24995974e-15,5.66518662e-13,0.0935160863,-0.2,0.0935157222,-1.1398186e-05,1.13945835e-05,1.14862951e-05,8.64305641e-33,-5.02676179e-17,-2.49991948e-16,3.00259566e-16,3,-0.000187032173,0.00020489063,-0.000144446567,0.000162305024
0.984,1.57060929,1.90836276,-1.44947649e-16,2.24455756e-15,2.98931529e-13,0.0935160863,-0.2,0.0935157222,-1.1398186e-05,1.13945835e-05,1.14862951e-05,3.38511849e-32,-1.35549369e-17,-4.48911512e-16,4.62466449e-16,3,-0.000187032173,0.00020489063,-0.000144446567,0.000162305024
0.986,1.57060929,1.90836276,5.15634123e-17,2.77249773e-15,1.19435932e-12,0.0935160863,-0.2,0.0935157222,-1.1398186e-05,1.13945835e-05,1.14862951e-05,7.18900314e-32,4.82200851e-18,-5.54499547e-16,5.49677538e-16,3,-0.000187032173,0.00020489063,-0.000144446567,0.000162305024
0.988,1.57060929,1.90836276,6.35576581e-16,1.84324427e-15,5.72163776e-14,0.0935160863,-0.2,0.0935157222,-1.1398186e-05,1.13945835e-05,1.14862951e-05,2.56339597e-32,5.94366344e-17,-3.68648854e-16,3.0921222e-16,3,-0.000187032173,0.00020489063,-0.000144446567,0.000162305024
0.99,1.57060929,1.90836276,1.91127388e-15,-1.28518951e-15,-4.17710356e-12,0.0935160863,-0.2,0.0935157222,-1.1398186e-05,1.13945835e-05,1.14862951e-05,1.60902285e-32,1.78734853e-16,2.57037902e-16,-4.35772755e-16,3,-0.000187032173,0.00020489063,-0.000144446567,0.000162305024
0.992,1.57060929,1.90836276,-4.50016635e-16,-1.11512901e-15,-9.36157922e-13,0.0935160863,-0.2,0.0935157222,-1.1398186e-05,1.13945835e-05,1.14862951e-05,1.62989928e-32,-4.20837945e-17,2.23025803e-16,-1.80942008e-16,3,-0.000187032173,0.00020489063,-0.000144446567,0.000162305024
0.994,1.57060929,1.90836276,-7.23961703e-16,4.58790176e-16,4.46653096e-13,0.0935160863,-0.2,0.0935157222,-1.1398186e-05,1.13945835e-05,1.14862951e-05,7.44193253e-33,-6.77020651e-17,-9.17580351e-17,1.594601e-16,3,-0.000187032173,0.00020489063,-0.000144446567,0.000162305024
0.996,1.57060929,1.90836276,-3.73630109e-16,1.64089666e-15,3.25208398e-13,0.0935160863,-0.2,0.0935157222,-1.1398186e-05,1.13945835e-05,1.14862951e-05,1.8334978e-32,-3.49404256e-17,-3.28179332e-16,3.63119757e-16,3,-0.000187032173,0.00020489063,-0.000144446567,0.000162305024
0.998,1.57060929,1.90836276,1.21854209e-15,4.03596474e-16,1.57084024e-12,0.0935160863,-0.2,0.0935157222,-1.1398186e-05,1.13945835e-05,1.14862951e-05,1.4546917e-32,1.13953288e-16,-8.07192949e-17,-3.32339928e-17,3,-0.000187032173,0.00020489063,-0.000144446567,0.000162305024
1,1.57060929,1.90836276,8.09985998e-16,-3.08097676e-15,-3.21354402e-12,0.0935160863,-0.2,0.0935157222,-1.1398186e-05,1.13945835e-05,1.14862951e-05,5.16597201e-32,7.57467205e-17,6.16195352e-16,-6.91942072e-16,3,-0.000187032173,0.00020489063,-0.000144446567,0.000162305024
1.002,1.57060929,1.90836276,-8.96145684e-16,-1.87145546e-15,-4.90843565e-13,0.0935160863,-0.2,0.0935157222,-1.1398186e-05,1.13945835e-05,1.14862951e-05,1.85715797e-32,-8.38040372e-17,3.74291092e-16,-2.90487054e-16,3,-0.000187032173,0.00020489063,-0.000144446567,0.000162305024
1.004,1.57060929,1.90836276,-8.88399065e-16,-1.13008031e-16,1.22547399e-13,0.0935160863,-0.2,0.0935157222,-1.1398186e-05,1.13945835e-05,1.14862951e-05,1.63520215e-32,-8.30796036e-17,2.26016062e-17,6.04779975e-17,3,-0.000187032173,0.00020489063,-0.000144446567,0.000162305024
1.006,1.57060929,1.90836276,-5.56888769e-16,1.61854729e-15,6.96697048e-13,0.0935160863,-0.2,0.0935157222,-1.1398186e-05,1.13945835e-05,1.14862951e-05,2.23886591e-32,-5.20780582e-17,-3.23709457e-16,3.75787516e-16,3,-0.000187032173,0.00020489063,-0.000144446567,0.000162305024
1.008,1.57060929,1.90836276,-1.00184757e-16,2.53370098e-15,2.99908877e-13,0.0935160863,-0.2,0.0935157222,-1.1398186e-05,1.13945835e-05,1.14862951e-05,3.39893146e-32,-9.36888637e-18,-5.06740197e-16,5.16109083e-16,3,-0.000187032173,0.00020489063,-0.000144446567,0.000162305024
1.01,1.57060929,1.90836276,1.81847716e-15,4.48603521e-16,1.91342178e-12,0.0935160863,-0.2,0.0935157222,-1.1398186e-05,1.13945835e-05,1.14862951e-05,4.50120869e-33,1.70056867e-16,-8.97207041e-17,-8.03361626e-17,3,-0.000187032173,0.00020489063,-0.000144446567,0.000162305024
1.012,1.57060929,1.90836276,5.62972487e-16,-2.71069181e-15,-2.33829553e-12,0.0935160863,-0.2,0.0935157222,-1.1398186e-05,1.13945835e-05,1.14862951e-05,3.76109265e-32,5.26469837e-17,5.42138362e-16,-5.94785345e-16,3,-0.000187032173,0.00020489063,-0.000144446567,0.000162305024
1.014,1.57060929,1.90836276,-6.20088976e-16,-1.87068737e-15,1.49430336e-13,0.0935160863,-0.2,0.0935157222,-1.1398186e-05,1.13945835e-05,1.14862951e-05,1.71632908e-32,-5.79882942e-17,3.74137474e-16,-3.1614918e-16,3,-0.000187032173,0.00020489063,-0.000144446567,0.000162305024
1.016,1.57060929,1.90836276,-8.27579256e-16,-6.42258734e-16,-1.69727038e-13,0.0935160863,-0.2,0.0935157222,-1.1398186e-05,1.13945835e-05,1.14862951e-05,2.18146241e-32,-7.73919731e-17,1.28451747e-16,-5.10597738e-17,3,-0.000187032173,0.00020489063,-0.000144446567,0.000162305024
1.018,1.57060929,1.90836276,-5.83811564e-16,1.05332758e-15,5.15555262e-13,0.0935160863,-0.2,0.0935157222,-1.1398186e-05,1.13945835e-05,1.14862951e-05,8.43097244e-33,-5.45957726e-17,-2.10665515e-16,2.65261288e-16,3,-0.000187032173,0.00020489063,-0.000144446567,0.000162305024
1.02,1.57060929,1.90836276,-2.07702803e-16,2.08009555e-15,2.95036334e-13,0.0935160863,-0.2,0.0935157222,-1.1398186e-05,1.13945835e-05,1.14862951e-05,2.79535071e-32,-1.94235532e-17,-4.16019109e-16,4.35442662e-16,3,-0.000187032173,0.00020489063,-0.000144446567,0.000162305024
1.022,1.57060929,1.90836276,-4.77975103e-18,2.65393721e-15,1.20630137e-12,0.0935160863,-0.2,0.0935157222,-1.1398186e-05,1.13945835e-05,1.14862951e-05,6.55304579e-32,-4.4698361e-19,-5.30787442e-16,5.31234426e-16,3,-0.000187032173,0.00020489063,-0.000144446567,0.000162305024
1.024,1.57060929,1.90836276,2.24992508e-15,-1.39045478e-15,7.05948319e-13,0.0935160863,-0.2,0.0935157222,-1.1398186e-05,1.13945835e-05,1.14862951e-05,1.4080279e-32,2.10404188e-16,2.78090957e-16,-4.88495145e-16,3,-0.000187032173,0.00020489063,-0.000144446567,0.000162305024
1.026,1.57060929,1.90836276,-1.82691186e-16,-3.07703662e-15,-1.89709866e-12,0.0935160863,-0.2,0.0935157222,-1.1398186e-05,1.13945835e-05,1.14862951e-05,5.16640382e-32,-1.70845647e-17,6.15407325e-16,-5.9832276e-16,3,-0.000187032173,0.00020489063,-0.000144446567,0.000162305024
1.028,1.57060929,1.90836276,-1.07514369e-15,-1.25261155e-15,-3.59703143e-14,0.0935160863,-0.2,0.0935157222,-1.1398186e-05,1.13945835e-05,1.14862951e-05,2.33660614e-32,-1.0054323e-16,2.50522309e-16,-1.49979079e-16,3,-0.000187032173,0.00020489063,-0.000144446567,0.000162305024
1.03,1.57060929,1.90836276,-7.9613845e-16,7.80219953e-16,7.38329272e-13,0.0935160863,-0.2,0.0935157222,-1.1398186e-05,1.13945835e-05,1.14862951e-05,1.24692003e-32,-7.4451752e-17,-1.56043991e-16,2.30495743e-16,3,-0.000187032173,0.00020489063,-0.000144446567,0.000162305024
1.032,1.57060929,1.90836276,-2.82363031e-16,2.00176039e-15,3.88698973e-13,0.0935160863,-0.2,0.0935157222,-1.1398186e-05,1.13945835e-05,1.14862951e-05,2.24064035e-32,-2.64054856e-17,-4.00352078e-16,4.26757564e-16,3,-0.000187032173,0.00020489063,-0.000144446567,0.000162305024
1.034,1.57060929,1.90836276,-2.19655214e-17,2.64808941e-15,1.82143402e-13,0.0935160863,-0.2,0.0935157222,-1.1398186e-05,1.13945835e-05,1.14862951e-05,5.91667063e-32,-2.0541296e-18,-5.29617881e-16,5.31672011e-16,3,-0.000187032173,0.00020489063,-0.000144446567,0.000162305024
1.036,1.57060929,1.90836276,1.67438157e-15,7.59017262e-16,2.16480664e-12,0.0935160863,-0.2,0.0935157222,-1.1398186e-05,1.13945835e-05,1.14862951e-05,2.00746794e-32,1.56581612e-16,-1.51803452e-16,-4.77815912e-18,3,-0.000187032173,0.00020489063,-0.000144446567,0.000162305024
1.038,1.57060929,1.90836276,1.20962928e-15,-4.02132569e-15,-4.0750526e-12,0.0935160863,-0.2,0.0935157222,-1.1398186e-05,1.13945835e-05,1.14862951e-05,7.8524071e-32,1.13119796e-16,8.04265138e-16,-9.17384934e-16,3,-0.000187032173,0.00020489063,-0.000144446567,0.000162305024
1.04,1.57060929,1.90836276,-9.94968923e-16,-2.90461411e-15,-7.0583659e-13,0.0935160863,-0.2,0.0935157222,-1.1398186e-05,1.13945835e-05,1.14862951e-05,4.85082294e-32,-9.30455997e-17,5.80922821e-16,-4.87877221e-16,3,-0.000187032173,0.00020489063,-0.000144446567,0.000162305024
1.042,1.57060929,1.90836276,-1.16986272e-15,-5.69201969e-16,3.55461479e-13,0.0935160863,-0.2,0.0935157222,-1.1398186e-05,1.13945835e-05,1.14862951e-05,1.96863109e-32,-1.09400983e-16,1.13840394e-16,-4.43941077e-18,3,-0.000187032173,0.00020489063,-0.000144446567,0.000162305024
1.044,1.57060929,1.90836276,-6.75495443e-16,1.42462839e-15,8.04713083e-13,0.0935160863,-0.2,0.0935157222,-1.1398186e-05,1.13945835e-05,1.14862951e-05,2.04075344e-32,-6.31696901e-17,-2.84925677e-16,3.48095367e-16,3,-0.000187032173,0.00020489063,-0.000144446567,0.000162305024
1.046,1.57060929,1.90836276,-1.45224383e-16,2.45999407e-15,3.50805742e-13,0.0935160863,-0.2,0.0935157222,-1.1398186e-05,1.13945835e-05,1.14862951e-05,3.17077117e-32,-1.3580816e-17,-4.91998813e-16,5.05579629e-16,3,-0.000187032173,0.00020489063,-0.000144446567,0.000162305024
1.048,1.57060929,1.90836276,7.4530944e-17,2.9338298e-15,1.29484444e-13,0.0935160863,-0.2,0.0935157222,-1.1398186e-05,1.13945835e-05,1.14862951e-05,6.60141011e-32,6.9698422e-18,-5.8676596e-16,5.79796117e-16,3,-0.000187032173,0.00020489063,-0.000144446567,0.000162305024
1.05,1.57060929,1.90836276,2.1864008e-15,-5.47439893e-16,1.06409842e-12,0.0935160863,-0.2,0.0935157222,-1.1398186e-05,1.13945835e-05,1.14862951e-05,8.89737909e-33,2.04463646e-16,1.09487979e-16,-3.13951624e-16,3,-0.000187032173,0.00020489063,-0.000144446567,0.000162305024
1.052,1.57060929,1.90836276,4.40700959e-16,-3.76099261e-15,-2.99985686e-12,0.0935160863,-0.2,0.0935157222,-1.1398186e-05,1.13945835e-05,1.14862951e-05,7.30231243e-32,4.1212629e-17,7.52198521e-16,-7.9341115e-16,3,-0.000187032173,0.00020489063,-0.000144446567,0.000162305024
1.054,1.57060929,1.90836276,-7.27598563e-16,-2.74862898e-15,-1.01661405e-12,0.0935160863,-0.2,0.0935157222,-1.1398186e-05,1.13945835e-05,1.14862951e-05,4.7121516e-32,-6.804217e-17,5.49725796e-16,-4.81683626e-16,3,-0.000187032173,0.00020489063,-0.000144446567,0.000162305024
1.056,1.57060929,1.90836276,-1.09079297e-15,-6.13531028e-16,2.33192332e-13,0.0935160863,-0.2,0.0935157222,-1.1398186e-05,1.13945835e-05,1.14862951e-05,2.16577347e-32,-1.0200669e-16,1.22706206e-16,-2.06995157e-17,3,-0.000187032173,0.00020489063,-0.000144446567,0.000162305024
1.058,1.57060929,1.90836276,-6.72759236e-16,1.33734365e-15,7.78149688e-13,0.0935160863,-0.2,0.0935157222,-1.1398186e-05,1.13945835e-05,1.14862951e-05,1.99039729e-32,-6.29138108e-17,-2.6746873e-16,3.30382541e-16,3,-0.000187032173,0.00020489063,-0.000144446567,0.000162305024
1.06,1.57060929,1.90836276,-1.58522035e-16,2.39514215e-15,3.53799609e-13,0.0935160863,-0.2,0.0935157222,-1.1398186e-05,1.13945835e-05,1.14862951e-05,2.97280902e-32,-1.48243603e-17,-4.79028429e-16,4.9385279e-16,3,-0.000187032173,0.00020489063,-0.000144446567,0.000162305024
1.062,1.57060929,1.90836276,6.82119993e-17,2.88819446e-15,1.28711195e-13,0.0935160863,-0.2,0.0935157222,-1.1398186e-05,1.13945835e-05,1.14862951e-05,6.3989804e-32,6.37891922e-18,-5.77638891e-16,5.71259972e-16,3,-0.000187032173,0.00020489063,-0.000144446567,0.000162305024
1.064,1.57060929,1.90836276,1.42934356e-15,1.35809057e-15,2.66239404e-12,0.0935160863,-0.2,0.0935157222,-1.1398186e-05,1.13945835e-05,1.14862951e-05,1.50486095e-32,1.33666615e-16,-2.71618115e-16,1.37951499e-16,3,-0.000187032173,0.00020489063,-0.000144446567,0.000162305024
1.066,1.57060929,1.90836276,1.21683717e-15,-3.15945169e-15,-3.38815978e-12,0.0935160863,-0.2,0.0935157222,-1.1398186e-05,1.13945835e-05,1.14862951e-05,4.88816616e-32,1.1379385e-16,6.31890337e-16,-7.45684187e-16,3,-0.000187032173,0.00020489063,-0.000144446567,0.000162305024
1.068,1.57060929,1.90836276,-8.64597447e-16,-2.31702818e-15,-7.42723053e-13,0.0935160863,-0.2,0.0935157222,-1.1398186e-05,1.13945835e-05,1.14862951e-05,2.6288551e-32,-8.08537695e-17,4.63405636e-16,-3.82551867e-16,3,-0.000187032173,0.00020489063,-0.000144446567,0.000162305024
1.07,1.57060929,1.90836276,-1.07753411e-15,-2.00417992e-16,3.0047656e-13,0.0935160863,-0.2,0.0935157222,-1.1398186e-05,1.13945835e-05,1.14862951e-05,7.10136465e-33,-1.00766773e-16,4.00835984e-17,6.06831743e-17,3,-0.000187032173,0.00020489063,-0.000144446567,0.000162305024
1.072,1.57060929,1.90836276,-7.2593003e-16,1.69145238e-15,9.3618494e-13,0.0935160863,-0.2,0.0935157222,-1.1398186e-05,1.13945835e-05,1.14862951e-05,2.89169504e-32,-6.78861353e-17,-3.38290476e-16,4.06176611e-16,3,-0.000187032173,0.00020489063,-0.000144446567,0.000162305024
1.074,1.57060929,1.90836276,-1.21681494e-16,2.69857083e-15,3.83064951e-13,0.0935160863,-0.2,0.0935157222,-1.1398186e-05,1.13945835e-05,1.14862951e-05,3.60390302e-32,-1.13791771e-17,-5.39714166e-16,5.51093343e-16,3,-0.000187032173,0.00020489063,-0.000144446567,0.000162305024
1.076,1.57060929,1.90836276,9.3108266e-16,2.20991683e-15,3.63922017e-12,0.0935160863,-0.2,0.0935157222,-1.1398186e-05,1.13945835e-05,1.14862951e-05,3.81673116e-32,8.70712064e-17,-4.41983365e-16,3.54912159e-16,3,-0.000187032173,0.00020489063,-0.000144446567,0.000162305024
1.078,1.57060929,1.90836276,2.11191151e-15,-3.02702321e-15,-6.87431391e-13,0.0935160863,-0.2,0.0935157222,-1.1398186e-05,1.13945835e-05,1.14862951e-05,4.83507644e-32,1.97497699e-16,6.05404641e-16,-8.0290234e-16,3,-0.000187032173,0.00020489063,-0.000144446567,0.000162305024
1.08,1.57060929,1.90836276,-4.12761595e-16,-4.16277901e-15,-1.94393665e-12,0.0935160863,-0.2,0.0935157222,-1.1398186e-05,1.13945835e-05,1.14862951e-05,8.56752892e-32,-3.85998489e-17,8.32555802e-16,-7.93955953e-16,3,-0.000187032173,0.00020489063,-0.000144446567,0.000162305024
1.082,1.57060929,1.90836276,-8.35352137e-16,-2.84442925e-15,-8.38754218e-13,0.0935160863,-0.2,0.0935157222,-1.1398186e-05,1.13945835e-05,1.14862951e-05,6.23696759e-32,-7.81188626e-17,5.6888585e-16,-4.90766987e-16,3,-0.000187032173,0.00020489063,-0.000144446567,0.000162305024
1.084,1.57060929,1.90836276,-1.09388206e-15,-5.94964505e-16,2.85816692e-13,0.0935160863,-0.2,0.0935157222,-1.1398186e-05,1.13945835e-05,1.14862951e-05,3.16305001e-32,-1.02295569e-16,1.18992901e-16,-1.66973319e-17,3,-0.000187032173,0.00020489063,-0.000144446567,0.000162305024
1.086,1.57060929,1.90836276,-6.39623872e-16,1.37686299e-15,7.82689331e-13,0.0935160863,-0.2,0.0935157222,-1.1398186e-05,1.13945835e-05,1.14862951e-05,2.54009004e-32,-5.98151212e-17,-2.75372597e-16,3.35187718e-16,3,-0.000187032173,0.00020489063,-0.000144446567,0.000162305024
1.088,1.57060929,1.90836276,-1.22163985e-16,2.42539612e-15,3.41457423e-13,0.0935160863,-0.2,0.0935157222,-1.1398186e-05,1.13945835e-05,1.14862951e-05,2.91071327e-32,-1.14242978e-17,-4.85079224e-16,4.96503522e-16,3,-0.000187032173,0.00020489063,-0.000144446567,0.000162305024
1.09,1.57060929,1.90836276,9.46509217e-17,2.90632225e-15,1.21803375e-13,0.0935160863,-0.2,0.0935157222,-1.1398186e-05,1.13945835e-05,1.14862951e-05,6.16830632e-32,8.85138377e-18,-5.8126445e-16,5.72413066e-16,3,-0.000187032173,0.00020489063,-0.000144446567,0.000162305024
1.092,1.57060929,1.90836276,3.90500244e-16,2.8811234e-15,7.12968598e-13,0.0935160863,-0.2,0.0935157222,-1.1398186e-05,1.13945835e-05,1.14862951e-05,6.90332354e-32,3.65180546e-17,-5.76224681e-16,5.39706626e-16,3,-0.000187032173,0.00020489063,-0.000144446567,0.000162305024
1.094,1.57060929,1.90836276,2.32900931e-15,-1.46315073e-15,-5.17964484e-13,0.0935160863,-0.2,0.0935157222,-1.1398186e-05,1.13945835e-05,1.14862951e-05,1.56869102e-32,2.17799836e-16,2.92630146e-16,-5.10429982e-16,3,-0.000187032173,0.00020489063,-0.000144446567,0.000162305024
1.096,1.57060929,1.90836276,-1.4535658e-16,-3.04290963e-15,-2.00516966e-12,0.0935160863,-0.2,0.0935157222,-1.1398186e-05,1.13945835e-05,1.14862951e-05,4.60210413e-32,-1.35931785e-17,6.08581925e-16,-5.94988747e-16,3,-0.000187032173,0.00020489063,-0.000144446567,0.000162305024
1.098,1.57060929,1.90836276,-1.10223485e-15,-1.27016158e-15,-5.37644888e-14,0.0935160863,-0.2,0.0935157222,-1.1398186e-05,1.13945835e-05,1.14862951e-05,1.03053797e-32,-1.0307669e-16,2.54032315e-16,-1.50955626e-16,3,-0.000187032173,0.00020489063,-0.000144446567,0.000162305024
1.1,1.57060929,1.90836276,-9.28956737e-16,8.18241418e-16,4.52071727e-13,0.0935160863,-0.2,0.0935157222,-1.1398186e-05,1.13945835e-05,1.14862951e-05,1.33249942e-32,-8.68723984e-17,-1.63648284e-16,2.50520682e-16,3,-0.000187032173,0.00020489063,-0.000144446567,0.000162305024
1.102,1.57060929,1.90836276,-3.65201641e-16,2.31634609e-15,6.19914357e-13,0.0935160863,-0.2,0.0935157222,-1.1398186e-05,1.13945835e-05,1.14862951e-05,2.62401208e-32,-3.41522282e-17,-4.63269219e-16,4.97421447e-16,3,-0.000187032173,0.00020489063,-0.000144446567,0.000162305024
1.104,1.57060929,1.90836276,2.27670582e-17,2.96048918e-15,1.29561169e-12,0.0935160863,-0.2,0.0935157222,-1.1398186e-05,1.13945835e-05,1.14862951e-05,5.19346136e-32,2.12908618e-18,-5.92097835e-16,5.89968749e-16,3,-0.000187032173,0.00020489063,-0.000144446567,0.000162305024
1.106,1.57060929,1.90836276,2.0877101e-15,-9.17883494e-16,2.34405567e-14,0.0935160863,-0.2,0.0935157222,-1.1398186e-05,1.13945835e-05,1.14862951e-05,8.31281681e-33,1.95234478e-16,1.83576699e-16,-3.78811177e-16,3,-0.000187032173,0.00020489063,-0.000144446567,0.000162305024
1.108,1.57060929,1.90836276,3.35723606e-16,-3.67260803e-15,-2.35501386e-12,0.0935160863,-0.2,0.0935157222,-1.1398186e-05,1.13945835e-05,1.14862951e-05,6.884238e-32,3.13955577e-17,7.34521607e-16,-7.65917164e-16,3,-0.000187032173,0.00020489063,-0.000144446567,0.000162305024
1.11,1.57060929,1.90836276,-1.08956254e-15,-2.17540186e-15,7.09494622e-13,0.0935160863,-0.2,0.0935157222,-1.1398186e-05,1.13945835e-05,1.14862951e-05,2.379329e-32,-1.01891624e-16,4.35080373e-16,-3.33188749e-16,3,-0.000187032173,0.00020489063,-0.000144446567,0.000162305024
1.112,1.57060929,1.90836276,-9.50302838e-16,-5.79551007e-16,5.30647142e-14,0.0935160863,-0.2,0.0935157222,-1.1398186e-05,1.13945835e-05,1.14862951e-05,1.88627564e-32,-8.88686022e-17,1.15910201e-16,-2.70415992e-17,3,-0.000187032173,0.00020489063,-0.000144446567,0.000162305024
1.114,1.57060929,1.90836276,-7.40340042e-16,1.3180881e-15,8.74428693e-13,0.0935160863,-0.2,0.0935157222,-1.1398186e-05,1.13945835e-05,1.14862951e-05,3.26870465e-32,-6.92337032e-17,-2.6361762e-16,3.32851323e-16,3,-0.000187032173,0.00020489063,-0.000144446567,0.000162305024
1.116,1.57060929,1.90836276,-1.64506704e-16,2.42244184e-15,3.84340321e-13,0.0935160863,-0.2,0.0935157222,-1.1398186e-05,1.13945835e-05,1.14862951e-05,2.79431359e-32,-1.53840232e-17,-4.84488367e-16,4.99872391e-16,3,-0.000187032173,0.00020489063,-0.000144446567,0.000162305024
1.118,1.57060929,1.90836276,7.11501712e-17,2.92180186e-15,1.34744278e-13,0.0935160863,-0.2,0.0935157222,-1.1398186e-05,1.13945835e-05,1.14862951e-05,5.86195246e-32,6.65368556e-18,-5.84360372e-16,5.77706686e-16,3,-0.000187032173,0.00020489063,-0.000144446567,0.000162305024
1.12,1.57060929,1.90836276,1.88865855e-15,6.23218959e-16,1.83365545e-12,0.0935160863,-0.2,0.0935157222,-1.1398186e-05,1.13945835e-05,1.14862951e-05,8.8957178e-33,1.76619956e-16,-1.24643792e-16,-5.19761639e-17,3,-0.000187032173,0.00020489063,-0.000144446567,0.000162305024
1.122,1.57060929,1.90836276,1.19386472e-15,-4.03198971e-15,-3.62324883e-12,0.0935160863,-0.2,0.0935157222,-1.1398186e-05,1.13945835e-05,1.14862951e-05,7.7709295e-32,1.11645556e-16,8.06397943e-16,-9.18043499e-16,3,-0.000187032173,0.00020489063,-0.000144446567,0.000162305024
1.124,1.57060929,1.90836276,-9.56353486e-16,-3.10962109e-15,-8.61061231e-13,0.0935160863,-0.2,0.0935157222,-1.1398186e-05,1.13945835e-05,1.14862951e-05,4.76276301e-32,-8.94344351e-17,6.21924218e-16,-5.32489783e-16,3,-0.000187032173,0.00020489063,-0.000144446567,0.000162305024
1.126,1.57060929,1.90836276,-1.06577079e-15,-1.0796255e-15,3.23460005e-14,0.0935160863,-0.2,0.0935157222,-1.1398186e-05,1.13945835e-05,1.14862951e-05,1.45721366e-32,-9.96667134e-17,2.15925099e-16,-1.16258386e-16,3,-0.000187032173,0.00020489063,-0.000144446567,0.000162305024
1.128,1.57060929,1.90836276,-8.5085514e-16,9.89615568e-16,4.50642148e-13,0.0935160863,-0.2,0.0935157222,-1.1398186e-05,1.13945835e-05,1.14862951e-05,2.21340049e-32,-7.95686427e-17,-1.97923114e-16,2.77491756e-16,3,-0.000187032173,0.00020489063,-0.000144446567,0.000162305024
1.13,1.57060929,1.90836276,-2.86007893e-16,2.42808188e-15,5.77729586e-13,0.0935160863,-0.2,0.0935157222,-1.1398186e-05,1.13945835e-05,1.14862951e-05,3.03554994e-32,-2.67463388e-17,-4.85616375e-16,5.12362714e-16,3,-0.000187032173,0.00020489063,-0.000144446567,0.000162305024
1.132,1.57060929,1.90836276,7.22830178e-17,3.01985853e-15,2.01112187e-13,0.0935160863,-0.2,0.0935157222,-1.1398186e-05,1.13945835e-05,1.14862951e-05,5.08412606e-32,6.75962493e-18,-6.03971706e-16,5.97212082e-16,3,-0.000187032173,0.00020489063,-0.000144446567,0.000162305024
1.134,1.57060929,1.90836276,1.23475033e-15,2.09835442e-15,3.17470436e-12,0.0935160863,-0.2,0.0935157222,-1.1398186e-05,1.13945835e-05,1.14862951e-05,3.24017147e-32,1.15469019e-16,-4.19670883e-16,3.04201864e-16,3,-0.000187032173,0.00020489063,-0.000144446567,0.000162305024
1.136,1.57060929,1.90836276,2.28395601e-15,-3.61142307e-15,-4.93055517e-12,0.0935160863,-0.2,0.0935157222,-1.1398186e-05,1.13945835e-05,1.14862951e-05,6.68696133e-32,2.13586628e-16,7.22284613e-16,-9.35871241e-16,3,-0.000187032173,0.00020489063,-0.000144446567,0.000162305024
1.138,1.57060929,1.90836276,-6.21991535e-16,-3.52218141e-15,-1.48395047e-12,0.0935160863,-0.2,0.0935157222,-1.1398186e-05,1.13945835e-05,1.14862951e-05,6.18027797e-32,-5.81662141e-17,7.04436283e-16,-6.46270068e-16,3,-0.000187032173,0.00020489063,-0.000144446567,0.000162305024
1.14,1.57060929,1.90836276,-1.24129971e-15,-1.34980104e-15,1.52168022e-13,0.0935160863,-0.2,0.0935157222,-1.1398186e-05,1.13945835e-05,1.14862951e-05,1.09970609e-32,-1.16081491e-16,2.69960208e-16,-1.53878716e-16,3,-0.000187032173,0.00020489063,-0.000144446567,0.000162305024
1.142,1.57060929,1.90836276,-9.47509255e-16,8.60978816e-16,5.18786633e-13,0.0935160863,-0.2,0.0935157222,-1.1398186e-05,1.13945835e-05,1.14862951e-05,1.30169453e-32,-8.86073573e-17,-1.72195763e-16,2.6080312e-16,3,-0.000187032173,0.00020489063,-0.000144446567,0.000162305024
1.144,1.57060929,1.90836276,-4.04272228e-16,2.44946766e-15,7.52693274e-13,0.0935160863,-0.2,0.0935157222,-1.1398186e-05,1.13945835e-05,1.14862951e-05,3.45532805e-32,-3.78059566e-17,-4.89893533e-16,5.27699489e-16,3,-0.000187032173,0.00020489063,-0.000144446567,0.000162305024
1.146,1.57060929,1.90836276,5.65873274e-17,3.10744448e-15,2.52341527e-13,0.0935160863,-0.2,0.0935157222,-1.1398186e-05,1.13945835e-05,1.14862951e-05,5.06632306e-32,5.2918254e-18,-6.21488895e-16,6.1619707e-16,3,-0.000187032173,0.00020489063,-0.000144446567,0.000162305024
1.148,1.57060929,1.90836276,1.4836357e-15,1.55519025e-15,2.66453615e-12,0.0935160863,-0.2,0.0935157222,-1.1398186e-05,1.13945835e-05,1.14862951e-05,1.35286297e-32,1.38743804e-16,-3.1103805e-16,1.72294246e-16,3,-0.000187032173,0.00020489063,-0.000144446567,0.000162305024
1.15,1.57060929,1.90836276,2.00868633e-15,-3.5891847e-15,-4.55188374e-12,0.0935160863,-0.2,0.0935157222,-1.1398186e-05,1.13945835e-05,1.14862951e-05,6.42669986e-32,1.87844484e-16,7.17836939e-16,-9.05681423e-16,3,-0.000187032173,0.00020489063,-0.000144446567,0.000162305024
1.152,1.57060929,1.90836276,-5.72005224e-16,-3.38413905e-15,-1.51977246e-12,0.0935160863,-0.2,0.0935157222,-1.1398186e-05,1.13945835e-05,1.14862951e-05,6.98526448e-32,-5.34916899e-17,6.76827811e-16,-6.23336121e-16,3,-0.000187032173,0.00020489063,-0.000144446567,0.000162305024
1.154,1.57060929,1.90836276,-8.38960062e-16,-1.81016282e-15,-5.42573226e-13,0.0935160863,-0.2,0.0935157222,-1.1398186e-05,1.13945835e-05,1.14862951e-05,2.2511315e-32,-7.84562616e-17,3.62032563e-16,-2.83576302e-16,3,-0.000187032173,0.00020489063,-0.000144446567,0.000162305024
1.156,1.57060929,1.90836276,-9.43594916e-16,2.32881605e-16,3.04020164e-13,0.0935160863,-0.2,0.0935157222,-1.1398186e-05,1.13945835e-05,1.14862951e-05,1.56673756e-32,-8.82413036e-17,-4.6576321e-17,1.34817625e-16,3,-0.000187032173,0.00020489063,-0.000144446567,0.000162305024
1.158,1.57060929,1.90836276,-4.34523997e-16,1.86048402e-15,6.01603409e-13,0.0935160863,-0.2,0.0935157222,-1.1398186e-05,1.13945835e-05,1.14862951e-05,1.83194547e-32,-4.06349836e-17,-3.72096804e-16,4.12731787e-16,3,-0.000187032173,0.00020489063,-0.000144446567,0.000162305024
1.16,1.57060929,1.90836276,-3.95755352e-17,2.65873876e-15,2.50093383e-13,0.0935160863,-0.2,0.0935157222,-1.1398186e-05,1.13945835e-05,1.14862951e-05,4.17628798e-32,-3.70094916e-18,-5.31747751e-16,5.354487e-16,3,-0.000187032173,0.00020489063,-0.000144446567,0.000162305024
1.162,1.57060929,1.90836276,4.94212338e-16,2.48764359e-15,4.88223821e-13,0.0935160863,-0.2,0.0935157222,-1.1398186e-05,1.13945835e-05,1.14862951e-05,3.84270867e-32,4.62168036e-17,-4.97528718e-16,4.51311915e-16,3,-0.000187032173,0.00020489063,-0.000144446567,0.000162305024
1.164,1.57060929,1.90836276,2.00208517e-15,-6.62600362e-16,1.84992271e-13,0.0935160863,-0.2,0.0935157222,-1.1398186e-05,1.13945835e-05,1.14862951e-05,8.70125632e-33,1.8722717e-16,1.32520072e-16,-3.19747242e-16,3,-0.000187032173,0.00020489063,-0.000144446567,0.000162305024
1.166,1.57060929,1.90836276,3.69485738e-17,-2.22865738e-15,-1.99474287e-12,0.0935160863,-0.2,0.0935157222,-1.1398186e-05,1.13945835e-05,1.14862951e-05,3.18053437e-32,3.45528602e-18,4.45731476e-16,-4.49186762e-16,3,-0.000187032173,0.00020489063,-0.000144446567,0.000162305024
1.168,1.57060929,1.90836276,-9.42668634e-16,-7.31126916e-16,-1.1613964e-13,0.0935160863,-0.2,0.0935157222,-1.1398186e-05,1.13945835e-05,1.14862951e-05,3.87150418e-33,-8.81546813e-17,1.46225383e-16,-5.80707019e-17,3,-0.000187032173,0.00020489063,-0.000144446567,0.000162305024
1.17,1.57060929,1.90836276,-8.26187141e-16,1.1457397e-15,3.8953817e-13,0.0935160863,-0.2,0.0935157222,-1.1398186e-05,1.13945835e-05,1.14862951e-05,1.30577333e-32,-7.7261788e-17,-2.2914794e-16,3.06409728e-16,3,-0.000187032173,0.00020489063,-0.000144446567,0.000162305024
1.172,1.57060929,1.90836276,-3.06467386e-16,2.50372001e-15,5.69097575e-13,0.0935160863,-0.2,0.0935157222,-1.1398186e-05,1.13945835e-05,1.14862951e-05,2.97860849e-32,-2.86596305e-17,-5.00744003e-16,5.29403633e-16,3,-0.000187032173,0.00020489063,-0.000144446567,0.000162305024
1.174,1.57060929,1.90836276,1.40023454e-15,1.08789963e-15,1.61586032e-12,0.0935160863,-0.2,0.0935157222,-1.1398186e-05,1.13945835e-05,1.14862951e-05,1.12498958e-32,1.30944454e-16,-2.17579926e-16,8.66354717e-17,3,-0.000187032173,0.00020489063,-0.000144446567,0.000162305024
1.176,1.57060929,1.90836276,1.90236878e-15,-3.56050736e-15,-4.35334499e-12,0.0935160863,-0.2,0.0935157222,-1.1398186e-05,1.13945835e-05,1.14862951e-05,6.8139028e-32,1.77902083e-16,7.12101473e-16,-8.90003556e-16,3,-0.000187032173,0.00020489063,-0.000144446567,0.000162305024
1.178,1.57060929,1.90836276,-4.99405734e-16,-3.38288913e-15,-4.83512845e-13,0.0935160863,-0.2,0.0935157222,-1.1398186e-05,1.13945835e-05,1.14862951e-05,5.37984353e-32,-4.67024697e-17,6.76577826e-16,-6.29875356e-16,3,-0.000187032173,0.00020489063,-0.000144446567,0.000162305024
1.18,1.57060929,1.90836276,-1.04255829e-15,-1.94464026e-15,-2.63119263e-13,0.0935160863,-0.2,0.0935157222,-1.1398186e-05,1.13945835e-05,1.14862951e-05,3.68802551e-32,-9.74959714e-17,3.88928052e-16,-2.91432081e-16,3,-0.000187032173,0.00020489063,-0.000144446567,0.000162305024
1.182,1.57060929,1.90836276,-9.8332122e-16,2.66062524e-16,8.73970425e-13,0.0935160863,-0.2,0.0935157222,-1.1398186e-05,1.13945835e-05,1.14862951e-05,2.64871603e-32,-9.19563521e-17,-5.32125048e-17,1.45168857e-16,3,-0.000187032173,0.00020489063,-0.000144446567,0.000162305024
1.184,1.57060929,1.90836276,-3.68617286e-16,1.72369817e-15,4.72727981e-13,0.0935160863,-0.2,0.0935157222,-1.1398186e-05,1.13945835e-05,1.14862951e-05,1.43997503e-32,-3.44716459e-17,-3.44739633e-16,3.79211279e-16,3,-0.000187032173,0.00020489063,-0.000144446567,0.000162305024
1.186,1.57060929,1.90836276,-5.19262637e-17,2.5018836e-15,2.19465731e-13,0.0935160863,-0.2,0.0935157222,-1.1398186e-05,1.13945835e-05,1.14862951e-05,4.74471001e-32,-4.85594096e-18,-5.0037672e-16,5.05232661e-16,3,-0.000187032173,0.00020489063,-0.000144446567,0.000162305024
1.188,1.57060929,1.90836276,5.55911198e-16,2.04022997e-15,2.59108336e-13,0.0935160863,-0.2,0.0935157222,-1.1398186e-05,1.13945835e-05,1.14862951e-05,2.77632259e-32,5.19866395e-17,-4.08045994e-16,3.56059355e-16,3,-0.000187032173,0.00020489063,-0.000144446567,0.000162305024
1.19,1.57060929,1.90836276,5.88747474e-16,9.16440489e-16,-1.25451289e-12,0.0935160863,-0.2,0.0935157222,-1.1398186e-05,1.13945835e-05,1.14862951e-05,9.93152918e-33,5.50573596e-17,-1.83288098e-16,1.28230738e-16,3,-0.000187032173,0.00020489063,-0.000144446567,0.000162305024
1.192,1.57060929,1.90836276,6.14913576e-16,-1.05279584e-15,-2.37206615e-12,0.0935160863,-0.2,0.0935157222,-1.1398186e-05,1.13945835e-05,1.14862951e-05,7.29310265e-33,5.7504311e-17,2.10559168e-16,-2.68063479e-16,3,-0.000187032173,0.00020489063,-0.000144446567,0.000162305024
1.194,1.57060929,1.90836276,-6.36866813e-16,-1.28143332e-16,-3.47472307e-13,0.0935160863,-0.2,0.0935157222,-1.1398186e-05,1.13945835e-05,1.14862951e-05,3.17824837e-33,-5.95572918e-17,2.56286664e-17,3.39286254e-17,3,-0.000187032173,0.00020489063,-0.000144446567,0.000162305024
1.196,1.57060929,1.90836276,-9.01243663e-16,1.69738718e-15,1.08414191e-12,0.0935160863,-0.2,0.0935157222,-1.1398186e-05,1.13945835e-05,1.14862951e-05,1.72028753e-32,-8.42807802e-17,-3.39477436e-16,4.23758216e-16,3,-0.000187032173,0.00020489063,-0.000144446567,0.000162305024
1.198,1.57060929,1.90836276,1.45482853e-15,-3.89858997e-16,1.08604605e-12,0.0935160863,-0.2,0.0935157222,-1.1398186e-05,1.13945835e-05,1.14862951e-05,4.40316943e-33,1.36049871e-16,7.79717995e-17,-2.1402167e-16,3,-0.000187032173,0.00020489063,-0.000144446567,0.000162305024
1.2,1.57060929,1.90836276,3.31243821e-16,-2.81623476e-15,-2.4999551e-12,0.0935160863,-0.2,0.0935157222,-1.1398186e-05,1.13945835e-05,1.14862951e-05,4.41870945e-32,3.09766258e-17,5.63246951e-16,-5.94223577e-16,3,-0.000187032173,0.00020489063,-0.000144446567,0.000162305024
1.202,1.57060929,1.90836276,-9.42259425e-16,-1.35564659e-15,-2.63000315e-13,0.0935160863,-0.2,0.0935157222,-1.1398186e-05,1.13945835e-05,1.14862951e-05,1.00209238e-32,-8.81164138e-17,2.71129318e-16,-1.83012904e-16,3,-0.000187032173,0.00020489063,-0.000144446567,0.000162305024
1.204,1.57060929,1.90836276,-8.98426284e-16,6.5839906e-16,3.72912903e-13,0.0935160863,-0.2,0.0935157222,-1.1398186e-05,1.13945835e-05,1.14862951e-05,9.98229472e-33,-8.40173099e-17,-1.31679812e-16,2.15697122e-16,3,-0.000187032173,0.00020489063,-0.000144446567,0.000162305024
1.206,1.57060929,1.90836276,-3.32351866e-16,2.07244159e-15,1.55633907e-12,0.0935160863,-0.2,0.0935157222,-1.1398186e-05,1.13945835e-05,1.14862951e-05,2.1567649e-32,-3.10802458e-17,-4.14488318e-16,4.45568563e-16,3,-0.000187032173,0.00020489063,-0.000144446567,0.000162305024
1.208,1.57060929,1.90836276,4.9116424e-16,1.54674118e-15,-8.3188175e-13,0.0935160863,-0.2,0.0935157222,-1.1398186e-05,1.13945835e-05,1.14862951e-05,1.27109849e-32,4.59317575e-17,-3.09348237e-16,2.63416479e-16,3,-0.000187032173,0.00020489063,-0.000144446567,0.000162305024
1.21,1.57060929,1.90836276,1.67971104e-15,-1.39105216e-15,-3.36983537e-12,0.0935160863,-0.2,0.0935157222,-1.1398186e-05,1.13945835e-05,1.14862951e-05,1.24283507e-32,1.57080002e-16,2.78210433e-16,-4.35290435e-16,3,-0.000187032173,0.00020489063,-0.000144446567,0.000162305024
1.212,1.57060929,1.90836276,-2.51366213e-16,-1.36395465e-15,-2.25227011e-13,0.0935160863,-0.2,0.0935157222,-1.1398186e-05,1.13945835e-05,1.14862951e-05,3.03305235e-32,-2.35067845e-17,2.7279093e-16,-2.49284145e-16,3,-0.000187032173,0.00020489063,-0.000144446567,0.000162305024
1.214,1.57060929,1.90836276,-5.58375353e-16,-7.78506322e-16,-6.15320186e-13,0.0935160863,-0.2,0.0935157222,-1.1398186e-05,1.13945835e-05,1.14862951e-05,1.19695229e-32,-5.22170777e-17,1.55701264e-16,-1.03484187e-16,3,-0.000187032173,0.00020489063,-0.000144446567,0.000162305024
1.216,1.57060929,1.90836276,-6.4696466e-16,8.2148327e-16,5.05923985e-13,0.0935160863,-0.2,0.0935157222,-1.1398186e-05,1.13945835e-05,1.14862951e-05,8.80819092e-33,-6.0501603e-17,-1.64296654e-16,2.24798257e-16,3,-0.000187032173,0.00020489063,-0.000144446567,0.000162305024
1.218,1.57060929,1.90836276,-2.71425655e-16,1.91885277e-15,3.0480446e-13,0.0935160863,-0.2,0.0935157222,-1.1398186e-05,1.13945835e-05,1.14862951e-05,2.30335442e-32,-2.5382665e-17,-3.83770553e-16,4.09153218e-16,3,-0.000187032173,0.00020489063,-0.000144446567,0.000162305024
1.22,1.57060929,1.90836276,1.53408087e-15,3.37585802e-16,2.25709479e-12,0.0935160863,-0.2,0.0935157222,-1.1398186e-05,1.13945835e-05,1.14862951e-05,6.84801179e-33,1.43461239e-16,-6.75171604e-17,-7.5944079e-17,3,-0.000187032173,0.00020489063,-0.000144446567,0.000162305024
1.222,1.57060929,1.90836276,3.2978569e-16,-2.48395016e-15,-2.37820033e-12,0.0935160863,-0.2,0.0935157222,-1.1398186e-05,1.13945835e-05,1.14862951e-05,2.92572976e-32,3.08402671e-17,4.96790031e-16,-5.27630298e-16,3,-0.000187032173,0.00020489063,-0.000144446567,0.000162305024
1.224,1.57060929,1.90836276,-8.79634707e-16,-1.08013045e-15,-2.52951958e-13,0.0935160863,-0.2,0.0935157222,-1.1398186e-05,1.13945835e-05,1.14862951e-05,1.25080261e-32,-8.22599952e-17,2.16026091e-16,-1.33766096e-16,3,-0.000187032173,0.00020489063,-0.000144446567,0.000162305024
1.226,1.57060929,1.90836276,-7.35713642e-16,7.92328849e-16,6.49627955e-13,0.0935160863,-0.2,0.0935157222,-1.1398186e-05,1.13945835e-05,1.14862951e-05,8.07740048e-33,-6.88010604e-17,-1.5846577e-16,2.2726683e-16,3,-0.000187032173,0.00020489063,-0.000144446567,0.000162305024
1.228,1.57060929,1.90836276,-2.76927441e-16,1.96849894e-15,3.59776902e-13,0.0935160863,-0.2,0.0935157222,-1.1398186e-05,1.13945835e-05,1.14862951e-05,2.45613766e-32,-2.58971704e-17,-3.93699789e-16,4.19596959e-16,3,-0.000187032173,0.00020489063,-0.000144446567,0.000162305024
1.23,1.57060929,1.90836276,1.16954853e-15,1.17967866e-15,3.0090847e-12,0.0935160863,-0.2,0.0935157222,-1.1398186e-05,1.13945835e-05,1.14862951e-05,1.04265134e-32,1.09371602e-16,-2.35935732e-16,1.2656413e-16,3,-0.000187032173,0.00020489063,-0.000144446567,0.000162305024
1.232,1.57060929,1.90836276,1.17912956e-15,-3.09128018e-15,-3.25586655e-12,0.0935160863,-0.2,0.0935157222,-1.1398186e-05,1.13945835e-05,1.14862951e-05,4.61373796e-32,1.10267582e-16,6.18256037e-16,-7.28523618e-16,3,-0.000187032173,0.00020489063,-0.000144446567,0.000162305024
1.234,1.57060929,1.90836276,-8.23919183e-16,-2.21745591e-15,-7.32757019e-13,0.0935160863,-0.2,0.0935157222,-1.1398186e-05,1.13945835e-05,1.14862951e-05,2.39854793e-32,-7.70496975e-17,4.43491181e-16,-3.66441484e-16,3,-0.000187032173,0.00020489063,-0.000144446567,0.000162305024
1.236,1.57060929,1.90836276,-1.03278778e-15,-1.27858812e-16,2.89675625e-13,0.0935160863,-0.2,0.0935157222,-1.1398186e-05,1.13945835e-05,1.14862951e-05,7.5698525e-33,-9.65822707e-17,2.55717625e-17,7.10105083e-17,3,-0.000187032173,0.00020489063,-0.000144446567,0.000162305024
1.238,1.57060929,1.90836276,-5.97143034e-16,1.69417847e-15,7.74288685e-13,0.0935160863,-0.2,0.0935157222,-1.1398186e-05,1.13945835e-05,1.14862951e-05,1.86950127e-32,-5.58424795e-17,-3.38835694e-16,3.94678174e-16,3,-0.000187032173,0.00020489063,-0.000144446567,0.000162305024
1.24,1.57060929,1.90836276,-9.37325047e-17,2.62167878e-15,3.1867109e-13,0.0935160863,-0.2,0.0935157222,-1.1398186e-05,1.13945835e-05,1.14862951e-05,3.8293126e-32,-8.765497e-18,-5.24335756e-16,5.33101253e-16,3,-0.000187032173,0.00020489063,-0.000144446567,0.000162305024
1.242,1.57060929,1.90836276,1.38871953e-15,1.27091556e-15,2.72842102e-12,0.0935160863,-0.2,0.0935157222,-1.1398186e-05,1.13945835e-05,1.14862951e-05,9.63015012e-33,1.29867615e-16,-2.54183112e-16,1.24315497e-16,3,-0.000187032173,0.00020489063,-0.000144446567,0.000162305024
1.244,1.57060929,1.90836276,1.13375149e-15,-2.84680193e-15,-3.13814128e-12,0.0935160863,-0.2,0.0935157222,-1.1398186e-05,1.13945835e-05,1.14862951e-05,3.96911839e-32,1.06024002e-16,5.69360386e-16,-6.75384388e-16,3,-0.000187032173,0.00020489063,-0.000144446567,0.000162305024
1.246,1.57060929,1.90836276,-7.71635703e-16,-2.08970813e-15,-7.89514312e-13,0.0935160863,-0.2,0.0935157222,-1.1398186e-05,1.13945835e-05,1.14862951e-05,2.26088493e-32,-7.21603511e-17,4.17941627e-16,-3.45781276e-16,3,-0.000187032173,0.00020489063,-0.000144446567,0.000162305024
1.248,1.57060929,1.90836276,-1.01984546e-15,-7.33877549e-17,2.56703963e-13,0.0935160863,-0.2,0.0935157222,-1.1398186e-05,1.13945835e-05,1.14862951e-05,2.99485535e-33,-9.5371956e-17,1.4677551e-17,8.0694405e-17,3,-0.000187032173,0.00020489063,-0.000144446567,0.000162305024
1.25,1.57060929,1.90836276,-6.99807e-16,1.7619613e-15,23.0353666,0.0935160863,0,-0,-1.1398186e-05,1.13945835e-05,1.14862951e-05,2.55457454e-32,-6.54432119e-17,0,2.28854629e-16,3,-0.000187032173,0.00020489063,-0.000144446567,0.000162305024
1.252,1.57062845,1.90838294,0.0132473961,0.0135006894,5.6133441,0.017701121,0,-0,-9.15352843e-06,9.15063924e-06,9.20980091e-06,1.0395417e-06,0.000234493762,0,0.000108966179,3,-0.000167876203,0.000185046193,-0.000124266322,0.000136791471
1.254,1.57065874,1.90841134,0.0154736721,0.0137528953,-1.05508132,-0.00857384155,0,-0,-6.30571991e-06,6.30373358e-06,6.32679792e-06,1.1311337e-06,-0.000132668813,0,-9.07039669e-05,3,-0.000137589038,0.000153039556,-9.58654474e-05,0.00010132359
1.256,1.57068781,1.90843469,0.0137284326,0.0102739785,-3.01570887,-0.0143853004,0,-0,-4.35440004e-06,4.35303081e-06,4.35838443e-06,6.81650636e-07,-0.000197487627,0,-7.0009002e-05,3,-0.000108513725,0.000121600298,-7.25134925e-05,7.27747813e-05
1.258,1.57071191,1.90845061,0.0110166683,0.00666030032,-3.10903038,-0.0128741977,0,-0,-3.42255891e-06,3.42148413e-06,3.42264903e-06,3.25535025e-07,-0.000141830766,0,-2.14234099e-05,3,-8.4418288e-05,9.49103511e-05,-5.65873524e-05,5.40101176e-05
1.26,1.5707307,1.9084604,0.00847368747,0.0039649831,-2.59682589,-0.00955375185,0,-0,-3.22224492e-06,3.221234e-06,3.22285884e-06,1.42365362e-07,-8.09555073e-05,0,6.04413008e-07,3,-6.5629371e-05,7.35983376e-05,-4.68000785e-05,4.32248764e-05
1.262,1.570745,1.90846606,0.00642390079,0.00226067163,-1.9928357,-0.006456106,0,-0,-3.42797093e-06,3.42689616e-06,3.4322471e-06,6.33436429e-08,-4.14733844e-05,0,4.54000725e-06,3,-5.13267959e-05,5.70219482e-05,-4.11407736e-05,3.77299862e-05
1.264,1.57075584,1.90846931,0.00487493849,0.00131912213,-1.47435406,-0.00413099413,0,-0,-3.7923657e-06,3.79117721e-06,3.8037461e-06,3.09931296e-08,-2.01383423e-05,0,2.82466328e-06,3,-4.04873966e-05,4.42394899e-05,-3.78941793e-05,3.525522e-05
1.266,1.57076411,1.90847134,0.00373508365,0.00087871872,-1.07878565,-0.00256648545,0,-0,-4.16020461e-06,4.15890127e-06,4.18048513e-06,1.71678829e-08,-9.58603786e-06,0,9.49301984e-07,3,-3.22178656e-05,3.4375648e-05,-3.58664763e-05,3.42291758e-05
1.268,1.5707705,1.90847288,0.00290045697,0.000730599341,-0.793036312,-0.0015866657,0,-0,-4.44957743e-06,4.44818378e-06,4.47864154e-06,1.07463926e-08,-4.6020556e-06,0,5.56416878e-08,3,-2.58312383e-05,2.67246907e-05,-3.43268943e-05,3.36951149e-05
1.27,1.5707755,1.90847432,0.0022841507,0.000731908958,-0.591349349,-0.00100617809,0,-0,-4.62783986e-06,4.62639067e-06,4.66437072e-06,7.64397981e-09,-2.29826239e-06,0,-1.44196079e-07,3,-2.08291508e-05,2.07512798e-05,-3.28791785e-05,3.31388192e-05
1.272,1.57077947,1.90847586,0.00182157524,0.000794511345,-0.4494568,-0.000678343398,0,-0,-4.69168102e-06,4.69021211e-06,4.7338541e-06,6.21605253e-09,-1.23565353e-06,0,-7.50114994e-08,3,-1.68590656e-05,1.60593406e-05,-3.13419278e-05,3.23299149e-05
1.274,1.57078265,1.90847754,0.00146746621,0.000868953164,-0.348546539,-0.000500958641,0,-0,-4.65313417e-06,4.65167756e-06,4.69906063e-06,5.63808646e-09,-7.35139879e-07,0,2.07729387e-08,3,-1.36727448e-05,1.23572171e-05,-2.96592319e-05,3.12037514e-05
1.276,1.57078523,1.90847936,0.00119100277,0.000930622243,-0.275306538,-0.000408181253,0,-0,-4.53072239e-06,4.52930431e-06,4.57868306e-06,5.42877136e-09,-4.86145003e-07,0,6.09623877e-08,3,-1.10936652e-05,9.42851964e-06,-2.78411631e-05,2.97828062e-05
1.278,1.57078733,1.90848127,0.000971387433,0.000969683819,-0.220776965,-0.000360034832,0,-0,-4.34432683e-06,4.34296727e-06,4.39287211e-06,5.31011751e-09,-3.49733311e-07,0,4.42930292e-08,3,-8.99380466e-06,7.11036849e-06,-2.59272633e-05,2.81284266e-05
1.28,1.57078905,1.90848324,0.000794497247,0.000984430641,-0.179088965,-0.000333508445,0,-0,-4.11249904e-06,4.1112122e-06,4.16047241e-06,5.14309256e-09,-2.64971541e-07,0,-4.96950894e-09,3,-7.27795558e-06,5.27803689e-06,-2.39657705e-05,2.63133155e-05
1.282,1.57079045,1.9084852,0.0006505605,0.00097718042,-0.146439079,-0.000316090792,0,-0,-3.85126475e-06,3.85005979e-06,3.89778685e-06,4.87891129e-09,-2.05636183e-07,0,-6.29763095e-08,3,-5.87342342e-06,3.8343901e-06,-2.20028207e-05,2.44071684e-05
1.284,1.5707916,1.90848712,0.000532626018,0.000951893993,-0.120353517,-0.000301459214,0,-0,-3.57377714e-06,3.57265912e-06,3.61821218e-06,4.52007932e-09,-1.60565021e-07,0,-1.14230433e-07,3,-4.72334176e-06,2.70266974e-06,-2.00775885e-05,2.24701542e-05
1.286,1.57079254,1.90848898,0.000435585962,0.000912881083,-0.0991961073,-0.000286768443,0,-0,-3.2904161e-06,3.28938684e-06,3.33233261e-06,4.09265539e-09,-1.24912308e-07,0,-1.51498415e-07,3,-3.78232274e-06,1.8215232e-06,-1.82207496e-05,2.05507961e-05
1.288,1.57079331,1.90849075,0.000355562646,0.00086415796,-0.0818536512,-0.00027102234,0,-0,-3.00909341e-06,3.00815223e-06,3.04822566e-06,3.62905642e-09,-9.63654202e-08,0,-1.73287297e-07,3,-3.01358178e-06,1.14151224e-06,-1.64546619e-05,1.86861464e-05
1.29,1.57079394,1.90849241,0.000289525594,0.000809176652,-0.0675406344,-0.000254136012,0,-0,-2.73562889e-06,2.73477331e-06,2.77184201e-06,3.15893803e-09,-7.35788799e-08,0,-1.81291184e-07,3,-2.38698391e-06,6.22593739e-07,-1.47943331e-05,1.69030207e-05
1.292,1.57079445,1.90849395,0.000235050478,0.000750754212,-0.0556802943,-0.000236418516,0,-0,-2.47412688e-06,2.47335315e-06,2.50738669e-06,2.70538674e-09,-5.55702852e-08,0,-1.78538932e-07,3,-1.87766774e-06,2.32246809e-07,-1.32486595e-05,1.52196133e-05
1.294,1.57079486,1.90849538,0.000190164136,0.000691101574,-0.045832827,-0.000218302104,0,-0,-2.22731937e-06,2.22662287e-06,2.25766709e-06,2.28417428e-09,-4.15132309e-08,0,-1.6827386e-07,3,-1.46503715e-06,-5.59606769e-08,-1.18216698e-05,1.36471364e-05
1.296,1.57079519,1.90849669,0.000153241553,0.000631895613,-0.0376519643,-0.000200210779,0,-0,-1.99686288e-06,1.99623849e-06,2.02439449e-06,1.90453075e-09,-3.06806106e-08,0,-1.5338163e-07,3,-1.13199397e-06,-2.63496832e-07,-1.05136515e-05,1.21913184e-05
1.298,1.57079546,1.90849788,0.000122934385,0.000574364319,-0.0308583232,-0.000182504496,0,-0,-1.78358742e-06,1.78302974e-06,1.80843696e-06,1.57049873e-09,-2.24360779e-08,0,-1.36167087e-07,3,-8.64334857e-07,-4.07765795e-07,-9.32211287e-06,1.08536952e-05
1.3,1.57079568,1.90849896,9.81190136e-05,0.000519370062,-0.0252225753,-0.000165462449,0,-0,-1.58770037e-06,1.58720396e-06,1.6100268e-06,1.28235939e-09,-1.62350123e-08,0,-1.18327064e-07,3,-6.50265238e-07,-5.0283816e-07,-8.2425755e-06,9.63268592e-06
1.302,1.57079585,1.90849993,7.78571041e-05,0.000467484324,-0.0205543618,-0.000149285137,0,-0,-1.40895108e-06,1.40851058e-06,1.42892798e-06,1.03789116e-09,-1.16229085e-08,0,-1.01018378e-07,3,-4.80000766e-07,-5.60049338e-07,-7.26921088e-06,8.52446516e-06
1.304,1.57079598,1.90850081,6.13645356e-05,0.000419051639,-0.0166946076,-0.00013410435,0,-0,-1.2467618e-06,1.24637202e-06,1.26456948e-06,8.33376262e-10,-8.22925119e-09,0,-8.49612236e-08,3,-3.45436656e-07,-5.88492514e-07,-6.3953403e-06,7.52365896e-06
1.306,1.57079609,1.90850159,4.79862511e-05,0.000374242729,-0.013509899,-0.000119995516,0,-0,-1.10033065e-06,1.09998667e-06,1.11615024e-06,6.64350762e-10,-5.75813494e-09,0,-7.05457779e-08,3,-2.3987148e-07,-5.95425958e-07,-5.61382073e-06,6.62388998e-06
1.308,1.57079617,1.90850228,3.71755117e-05,0.000333097796,-0.0108881683,-0.000106989769,0,-0,-9.68711741e-07,9.68408911e-07,9.82720789e-07,5.26129978e-10,-3.97739939e-09,0,-5.79268437e-08,3,-1.57775579e-07,-5.86609918e-07,-4.91733691e-06,5.8181987e-06
1.31,1.57079623,1.9085029,2.84765823e-05,0.000295561256,-0.00873525223,-9.50846399e-05,0,-0,-8.50876601e-07,8.50610615e-07,8.63246004e-07,4.1415329e-10,-2.70768558e-09,0,-4.71010443e-08,3,-9.45965433e-08,-5.665852e-07,-4.29861776e-06,5.09936341e-06
1.312,1.57079628,1.90850345,2.15101818e-05,0.000261509302,-0.00697207298,-8.42530185e-05,0,-0,-7.45760707e-07,7.45527586e-07,7.56652579e-07,3.24192042e-10,-1.81229774e-09,0,-3.79661714e-08,3,-4.65957806e-08,-5.38903268e-07,-3.75059242e-06,4.46013886e-06
1.314,1.57079632,1.90850394,1.59612126e-05,0.000230771516,-0.00553228833,-7.44504259e-05,0,-0,-6.52298028e-07,6.52094127e-07,6.6186436e-07,2.52458744e-10,-1.18831908e-09,0,-3.03646629e-08,3,-1.07112744e-08,-5.06315963e-07,-3.26649889e-06,3.89343006e-06
1.316,1.57079634,1.90850436,1.15684e-05,0.000203147642,-0.00436031328,-6.56207804e-05,0,-0,-5.69446112e-07,5.69268112e-07,5.77828023e-07,1.95648398e-10,-7.59127434e-10,0,-2.41140334e-08,3,1.55575611e-08,-4.70931598e-07,-2.83995561e-06,3.39241495e-06
1.318,1.57079636,1.90850474,8.11554046e-06,0.00017842043,-0.00340964519,-5.77008799e-05,0,-0,-4.96203721e-07,4.96048618e-07,5.03531168e-07,1.50935641e-10,-4.68273825e-10,0,-1.90271421e-08,3,3.42463553e-08,-4.3434306e-07,-2.4650045e-06,2.95062712e-06
1.32,1.57079637,1.90850507,5.42411613e-06,0.000156365352,-0.00264144243,-5.06238286e-05,0,-0,-4.31622663e-07,4.31487749e-07,4.38014482e-07,1.15945119e-10,-2.74589525e-10,0,-1.49248731e-08,3,4.70064959e-08,-3.97732649e-07,-2.13613238e-06,2.56200751e-06
1.322,1.57079638,1.90850535,3.34706681e-06,0.000136757802,-0.0020233177,-4.43216084e-05,0,-0,-3.74815138e-07,3.74697981e-07,3.80379333e-07,8.87074056e-11,-1.48347385e-10,0,-1.16433652e-08,3,5.51725487e-08,-3.61957615e-07,-1.84827618e-06,2.22093263e-06
1.324,1.57079639,1.90850561,1.76354598e-06,0.000119378317,-0.00152831376,-3.87269679e-05,0,-0,-3.24957666e-07,3.24856094e-07,3.29791867e-07,6.76088574e-11,-6.82967886e-11,0,-9.0374718e-09,3,5.9818476e-08,-3.2761972e-07,-1.59681632e-06,1.92222482e-06
1.326,1.57079639,1.90850582,5.74511207e-07,0.000104016244,-0.00113403496,-3.37747726e-05,0,-0,-2.81292448e-07,2.81204526e-07,2.85484489e-07,5.13408157e-11,-1.94039854e-11,0,-6.98172645e-09,3,6.18044331e-08,-2.95121585e-07,-1.37756157e-06,1.66114949e-06
1.328,1.57079639,1.90850602,-3.00978122e-07,9.04721904e-05,-0.000821911864,-2.94029324e-05,0,-0,-2.43126833e-07,2.43050841e-07,2.4675539e-07,3.88514666e-11,8.84963936e-12,0,-5.36974723e-09,3,6.1815646e-08,-2.64712165e-07,-1.18672825e-06,1.43340284e-06
1.33,1.57079639,1.90850618,-9.28864429e-07,7.85595389e-05,-0.000576579182,-2.55530031e-05,0,-0,-2.09831422e-07,2.09765837e-07,2.12966698e-07,2.93021569e-11,2.37352756e-11,0,-4.11274242e-09,3,6.03946505e-08,-2.3652328e-07,-1.02091567e-06,1.23509299e-06
1.332,1.57079638,1.90850632,-1.3626895e-06,6.81052537e-05,-0.000385350584,-2.21705368e-05,0,-0,-1.80837234e-07,1.80780712e-07,1.83541649e-07,2.20289722e-11,3.02115578e-11,0,-3.13757099e-09,3,5.79679686e-08,-2.10598802e-07,-8.77079484e-07,1.06271678e-06
1.334,1.57079638,1.90850645,-1.64576495e-06,5.89501469e-05,-0.000237775775,-1.92052431e-05,0,-0,-1.55632252e-07,1.55583608e-07,1.57961125e-07,1.65097315e-11,3.16073161e-11,0,-2.38465679e-09,3,5.48681358e-08,-1.86917862e-07,-7.52504102e-07,9.1313399e-07
1.336,1.57079638,1.90850656,-1.81298271e-06,5.09487527e-05,-0.000125267576,-1.66110097e-05,0,-0,-1.33757601e-07,1.33715795e-07,1.35759811e-07,1.23361579e-11,3.01154734e-11,0,-1.80594338e-09,3,5.13518466e-08,-1.65413163e-07,-6.44775118e-07,7.83540188e-07
1.338,1.57079637,1.90850665,-1.89232259e-06,4.39689188e-05,-4.07883921e-05,-1.43458201e-05,0,-0,-1.14803551e-07,1.14767669e-07,1.16522164e-07,9.19076966e-12,2.71469194e-11,0,-1.36299743e-09,3,4.76148661e-08,-1.45985337e-07,-5.51752336e-07,6.71439336e-07
1.34,1.57079637,1.90850673,-1.90610528e-06,3.7891202e-05,2.14129972e-05,-1.23715995e-05,0,-0,-9.84054783e-08,9.83747213e-08,9.98783411e-08,6.82793198e-12,2.35815712e-11,0,-1.02531546e-09,3,4.38042518e-08,-1.28514088e-07,-4.71543871e-07,5.7461676e-07
1.342,1.57079637,1.9085068,-1.87203185e-06,3.2608136e-05,6.60220323e-05,-1.06540117e-05,0,-0,-8.42398959e-08,8.42135665e-08,8.55001891e-08,5.05848997e-12,1.99446493e-11,0,-7.68853365e-10,3,4.0028342e-08,-1.12866753e-07,-4.02481631e-07,4.91113049e-07
1.344,1.57079636,1.90850686,-1.80404428e-06,2.80234237e-05,9.68429862e-05,-9.1622253e-06,0,-0,-7.20206263e-08,7.1998116e-08,7.30973698e-08,3.73742229e-12,1.65290602e-11,0,-5.74776358e-10,3,3.63648934e-08,-9.8904798e-08,-3.43098365e-07,4.19199225e-07
1.346,1.57079636,1.90850691,-1.71303638e-06,2.40510936e-05,0.000116953242,-7.8686631e-06,0,-0,-6.14951599e-08,6.14759395e-08,6.24136806e-08,2.75400402e-12,1.34793061e-11,0,-4.28414277e-10,3,3.286769e-08,-8.64886531e-08,-2.92106378e-07,3.57353408e-07
1.348,1.57079636,1.90850695,-1.60743977e-06,2.06146484e-05,0.000128831909,-6.74874532e-06,0,-0,-5.24412393e-08,5.24248487e-08,5.32235943e-08,2.0240268e-12,1.08482017e-11,0,-3.18400649e-10,3,2.95718884e-08,-7.5481247e-08,-2.48377941e-07,3.04239097e-07
1.35,1.57079635,1.90850699,-1.49370579e-06,1.76462299e-05,0.000134466997,-5.78063386e-06,0,-0,-4.46636808e-08,4.46497211e-08,4.53290417e-08,1.48368673e-12,8.63456628e-12,0,-2.35971578e-10,3,2.64983256e-08,-6.57505055e-08,-2.10927392e-07,2.58685141e-07
1.352,1.57079635,1.90850702,-1.37670059e-06,1.50858124e-05,0.000135444383,-4.94498368e-06,0,-0,-3.79914455e-08,3.79795712e-08,3.85564441e-08,1.08481174e-12,6.80776195e-12,0,-1.7440053e-10,3,2.36569732e-08,-5.71710468e-08,-1.78894874e-07,2.19667383e-07
1.354,1.57079635,1.90850705,-1.2600284e-06,1.2880438e-05,0.00013302176,-4.22470465e-06,0,-0,-3.22749558e-08,3.22648682e-08,3.27539938e-08,7.9115536e-13,5.32324785e-12,0,-1.28546727e-10,3,2.10496933e-08,-4.96252542e-08,-1.51531628e-07,1.86291952e-07
1.356,1.57079635,1.90850707,-1.14629506e-06,1.09834975e-05,0.000128189678,-3.60473698e-06,0,-0,-2.73836546e-08,2.73750958e-08,2.77891811e-08,5.75533506e-13,4.1320922e-12,0,-9.44971119e-11,3,1.86724246e-08,-4.30038722e-08,-1.28186769e-07,1.57780133e-07
1.358,1.57079634,1.90850709,-1.0373222e-06,9.35406344e-06,0.000121722145,-3.0718412e-06,0,-0,-2.32037952e-08,2.31965428e-08,2.35465526e-08,4.17622924e-13,3.18648906e-12,0,-6.92845098e-11,3,1.65169044e-08,-3.72062442e-08,-1.08295425e-07,1.3345473e-07
1.36,1.57079634,1.90850711,-9.34320659e-07,7.95627391e-06,0.000114218222,-2.61440397e-06,0,-0,-1.96364498e-08,1.96303124e-08,1.99256921e-08,3.02275981e-13,2.44269164e-12,0,-5.06671496e-11,3,1.45720145e-08,-3.21402848e-08,-9.13681577e-08,1.1272783e-07
1.362,1.57079634,1.90850713,-8.38030422e-07,6.75876954e-06,0.000106136271,-2.22225957e-06,0,-0,-1.65957234e-08,1.65905364e-08,1.68394098e-08,2.1823607e-13,1.86232112e-12,0,-3.69571997e-11,3,1.28248234e-08,-2.77222601e-08,-7.69815386e-08,9.50898638e-08
1.364,1.57079634,1.90850714,-7.48832905e-07,5.73418071e-06,9.78220243e-05,-1.88652701e-06,0,-0,-1.40071573e-08,1.40027793e-08,1.42121219e-08,1.57162257e-13,1.4126935e-12,0,-2.68881232e-11,3,1.12613831e-08,-2.38764342e-08,-6.47697956e-08,8.00998602e-08
1.366,1.57079634,1.90850715,-6.66840704e-07,4.85866357e-06,8.95315494e-05,-1.59946223e-06,0,-0,-1.18063061e-08,1.1802616e-08,1.19784082e-08,1.12891507e-13,1.06658652e-12,0,-1.95125696e-11,3,9.86733149e-09,-2.05346276e-08,-5.44174191e-08,6.73767946e-08
1.368,1.57079634,1.90850716,-5.91968885e-07,4.11148215e-06,8.14499899e-05,-1.35432463e-06,0,-0,-9.93747609e-09,9.9343701e-09,1.00817312e-08,8.08826135e-14,8.01718044e-13,0,-1.41241342e-11,3,8.62833812e-09,-1.7635721e-08,-4.56526411e-08,5.65919259e-08
1.37,1.57079633,1.90850716,-5.23991246e-07,3.47463343e-06,7.37067358e-05,-1.14525707e-06,0,-0,-8.35260661e-09,8.34999597e-09,8.47330136e-09,5.77985031e-14,6.0010468e-13,0,-1.0197661e-11,3,7.5304266e-09,-1.51251316e-08,-3.82416934e-08,4.74620315e-08
1.372,1.57079633,1.90850717,-4.62584372e-07,2.93251233e-06,6.63878335e-05,-9.67178438e-07,0,-0,-7.01028307e-09,7.00809188e-09,7.11107564e-09,4.11935326e-14,4.4740163e-13,0,-7.34388413e-12,3,6.56020059e-09,-1.29542821e-08,-3.19837675e-08,3.97434482e-08
1.374,1.57079633,1.90850718,-4.0736183e-07,2.47161329e-06,5.95458526e-05,-8.15687851e-07,0,-0,-5.87486735e-09,5.87303112e-09,5.95887486e-09,2.92801134e-14,3.32280096e-13,0,-5.27508898e-12,3,5.704994e-09,-1.10800757e-08,-2.67065965e-08,3.3226836e-08
1.376,1.57079633,1.90850718,-3.57900435e-07,2.08026544e-06,5.32078688e-05,-6.86979391e-07,0,-0,-4.9157344e-09,4.91419794e-09,4.98560892e-09,2.07550837e-14,2.45870223e-13,0,-3.77921576e-12,3,4.95296313e-09,-9.46438881e-09,-2.22625924e-08,2.77325868e-08
1.378,1.57079633,1.90850718,-3.13760128e-07,1.74839804e-06,4.73818897e-05,-5.77766566e-07,0,-0,-4.10660159e-09,4.10531803e-09,4.16459612e-09,1.46709164e-14,1.81280111e-13,0,-2.700397e-12,3,4.29313441e-09,-8.07358748e-09,-1.85254743e-08,2.31068079e-08
1.38,1.57079633,1.90850719,-2.74498787e-07,1.46733348e-06,4.20618627e-05,-4.85215532e-07,0,-0,-3.42494326e-09,3.4238728e-09,3.47296869e-09,1.03404626e-14,1.33191075e-13,0,-1.92437809e-12,3,3.71541893e-09,-6.87807286e-09,-1.53873311e-08,1.92178133e-08
1.382,1.57079633,1.90850719,-2.39683021e-07,1.22960497e-06,3.72317223e-05,-4.06886166e-07,0,-0,-2.85147848e-09,2.85058721e-09,2.89115324e-09,7.26669943e-15,9.75237057e-14,0,-1.36763257e-12,3,3.21060255e-09,-5.85185791e-09,-1.27560666e-08,1.59530671e-08
1.384,1.57079633,1.90850719,-2.08895788e-07,1.02879631e-06,3.28684746e-05,-3.4068027e-07,0,-0,-2.36972482e-09,2.36898418e-09,2.40241741e-09,5.09106482e-15,7.11666736e-14,0,-9.69260219e-13,3,2.77031842e-09,-4.97217683e-09,-1.05531817e-08,1.3216523e-08
1.386,1.57079633,1.90850719,-1.81741538e-07,8.59401419e-07,2.8944659e-05,-2.8479611e-07,0,-0,-1.96561039e-09,1.96499594e-09,1.99247631e-09,3.55556475e-15,5.17592831e-14,0,-6.84975429e-13,3,2.3870076e-09,-4.21912708e-09,-8.71185139e-09,1.09263141e-08
1.388,1.57079633,1.90850719,-1.57849457e-07,7.16701502e-07,2.54302024e-05,-2.37688544e-07,0,-0,-1.62713638e-09,1.62662778e-09,1.64914954e-09,2.47505856e-15,3.75190077e-14,0,-4.82659256e-13,3,2.05387166e-09,-3.57534348e-09,-7.17526084e-09,9.0127494e-09
1.39,1.57079633,1.9085072,-1.36875241e-07,5.96657702e-07,2.22938424e-05,-1.98034232e-07,0,-0,-1.34408475e-09,1.34366462e-09,1.36206472e-09,1.71704238e-15,2.71059832e-14,0,-3.39078318e-13,3,1.76482087e-09,-3.02570307e-09,-5.89516723e-09,7.41657932e-09
1.392,1.57079633,1.9085072,-1.1850176e-07,4.95817579e-07,1.95041569e-05,-1.64701289e-07,0,-0,-1.1077649e-09,1.1074186e-09,1.1224001e-09,1.18694176e-15,1.95173925e-14,0,-2.37471023e-13,3,1.51442017e-09,-2.55705915e-09,-4.83065882e-09,6.08749662e-09
1.394,1.57079633,1.9085072,-1.02438932e-07,4.11233734e-07,1.70303574e-05,-1.36722776e-07,0,-0,-9.10794506e-10,9.10509779e-10,9.22662428e-10,8.17440924e-16,1.40057352e-14,0,-1.65776951e-13,3,1.29783488e-09,-2.1580026e-09,-3.9470856e-09,4.98284224e-09
1.396,1.57079633,1.9085072,-8.84229863e-08,3.40393119e-07,1.48427964e-05,-1.1327378e-07,0,-0,-7.46911111e-10,7.46677609e-10,7.56495179e-10,5.60761128e-16,1.00160059e-14,0,-1.15341555e-13,3,1.11077742e-09,-1.81864856e-09,-3.21513916e-09,4.06649004e-09
1.398,1.57079633,1.9085072,-7.62153329e-08,2.81155747e-07,1.29133802e-05,-9.36513946e-08,0,-0,-6.10808337e-10,6.1061739e-10,6.18512554e-10,3.83088245e-16,7.13767221e-15,0,-7.99711964e-14,3,9.49456118e-10,-1.53044645e-09,-2.61006194e-09,3.30788694e-09
1.4,1.57079633,1.9085072,-6.56011598e-08,2.31701618e-07,1.12157546e-05,-7.72574444e-08,0,-0,-4.97996622e-10,4.9784088e-10,5.04157753e-10,2.60562021e-16,5.06817795e-15,0,-5.52455286e-14,3,8.10526486e-10,-1.28601126e-09,-2.11096867e-09,2.68122792e-09
1.402,1.57079633,1.9085072,-5.63878575e-08,1.90484838e-07,9.7254588e-06,-6.35835478e-08,0,-0,-4.04681622e-10,4.04555112e-10,4.09580188e-10,1.7639722e-16,3.58534003e-15,0,-3.80186506e-14,3,6.91045671e-10,-1.0789742e-09,-1.70026481e-09,2.16474798e-09
1.404,1.57079633,1.9085072,-4.84033702e-08,1.56194001e-07,8.41994828e-06,-5.219819e-08,0,-0,-3.27661498e-10,3.27559091e-10,3.31530387e-10,1.18822881e-16,2.52656832e-15,0,-2.60580317e-14,3,5.88430082e-10,-9.03850937e-10,-1.36314874e-09,1.74011521e-09
1.406,1.57079633,1.9085072,-4.14945312e-08,1.27718069e-07,7.27862862e-06,-4.27355272e-08,0,-0,-2.64237743e-10,2.64155031e-10,2.67269995e-10,7.96113198e-17,1.77329067e-15,0,-1.77839703e-14,3,5.00416366e-10,-7.55925466e-10,-1.08718625e-09,1.39191132e-09
1.408,1.57079633,1.9085072,-3.55254043e-08,1.04116969e-07,6.28274837e-06,-3.48858363e-08,0,-0,-2.12139151e-10,2.12072804e-10,2.14494536e-10,5.30310232e-17,1.23933344e-15,0,-1.20820307e-14,3,4.25025716e-10,-6.31148165e-10,-8.61947251e-10,1.10718748e-09
1.41,1.57079633,1.9085072,-3.03756893e-08,8.45963328e-08,5.41535068e-06,-2.83872557e-08,0,-0,-1.69457204e-10,1.69404213e-10,1.71267239e-10,3.51034744e-17,8.6228246e-16,0,-8.16845592e-15,3,3.60531404e-10,-5.26046423e-10,-6.78696022e-10,8.7508514e-10
1.412,1.57079633,1.9085072,-2.59392126e-08,6.84858121e-08,4.66117031e-06,-2.30186451e-08,0,-0,-1.34590161e-10,1.34548095e-10,1.35963401e-10,2.30772412e-17,5.97085528e-16,0,-5.49379847e-15,3,3.05429416e-10,-4.37646449e-10,-5.3012741e-10,6.86512747e-10
1.414,1.57079633,1.9085072,-2.21224971e-08,5.52204905e-08,4.00653418e-06,-1.85935134e-08,0,-0,-1.06195985e-10,1.06162745e-10,1.07221229e-10,1.50569385e-17,4.11334945e-16,0,-3.67415596e-15,3,2.58411998e-10,-3.63405042e-10,-4.10142489e-10,5.33870384e-10
1.416,1.57079633,1.9085072,-1.88434246e-08,4.43249522e-08,3.43920929e-06,-1.49548532e-08,0,-0,-8.31517966e-11,8.31257285e-11,8.39019051e-11,9.74226889e-18,2.81800649e-16,0,-2.44221578e-15,3,2.18343952e-10,-3.01150132e-10,-3.13657988e-10,4.10815621e-10
1.418,1.57079633,1.9085072,-1.60300267e-08,3.53996828e-08,2.94831695e-06,-1.1970591e-08,0,-0,-6.45197673e-11,6.44995168e-11,6.50542809e-11,6.2450992e-18,1.91888894e-16,0,-1.61251786e-15,3,1.84241449e-10,-2.4902907e-10,-2.36444635e-10,3.12064635e-10
1.42,1.57079633,1.9085072,-1.36193433e-08,2.8109431e-08,2.5241894e-06,-9.52986517e-09,0,-0,-4.95178121e-11,4.95022912e-11,4.98852532e-11,3.96164687e-18,1.29790506e-16,0,-1.05688163e-15,3,1.55253164e-10,-2.05463741e-10,-1.74990174e-10,2.33223478e-10
1.422,1.57079633,1.9085072,-1.15564158e-08,2.21733033e-08,2.15828131e-06,-7.539691e-09,0,-0,-3.74948961e-11,3.74831277e-11,3.77346651e-11,2.48350299e-18,8.71318039e-17,0,-6.87067407e-16,3,1.3064354e-10,-1.69111648e-10,-1.26383483e-10,1.70645161e-10
1.424,1.57079633,1.9085072,-9.7933501e-09,1.73563123e-08,1.84305972e-06,-5.92223475e-09,0,-0,-2.79100743e-11,2.79013479e-11,2.80545063e-11,1.53590831e-18,5.79985183e-17,0,-4.42590114e-16,3,1.09777971e-10,-1.38832231e-10,-8.82166253e-11,1.21308727e-10
1.426,1.57079633,1.9085072,-8.2884825e-09,1.34621905e-08,1.57187005e-06,-4.61244953e-09,0,-0,-2.03148609e-11,2.03084771e-11,2.03904418e-11,9.35105309e-19,3.82302072e-17,0,-2.82173451e-16,3,9.21097241e-11,-1.13657793e-10,-5.8502206e-11,8.27170798e-11
1.428,1.57079633,1.9085072,-7.0056333e-09,1.0327283e-08,1.33887909e-06,-3.55604893e-09,0,-0,-1.43377754e-11,1.43332568e-11,1.43670104e-11,5.58989637e-19,2.49123748e-17,0,-1.77787589e-16,3,7.71684309e-11,-9.27683806e-11,-3.56037217e-11,5.28107735e-11
1.43,1.57079633,1.9085072,-5.91343621e-09,7.81537063e-09,1.13898052e-06,-2.70780158e-09,0,-0,-9.6723074e-12,9.66926539e-12,9.67557229e-12,3.27001646e-19,1.60124119e-17,0,-1.10496482e-16,3,6.45499653e-11,-7.54701686e-11,-1.81769403e-11,2.98953818e-11
1.432,1.57079633,1.9085072,-4.98473715e-09,5.81327524e-09,9.67690768e-07,-2.03010486e-09,0,-0,-6.0657257e-12,6.06381612e-12,6.06509379e-12,1.86411379e-19,1.01195391e-17,0,-6.7579089e-17,3,5.39075812e-11,-6.11768593e-11,-5.1206371e-12,1.25803721e-11
1.434,1.57079633,1.9085072,-4.19606538e-09,4.22714354e-09,8.21116535e-07,-1.49175144e-09,0,-0,-3.31041861e-12,3.30935279e-12,3.34117095e-12,1.03011769e-19,6.25948658e-18,0,-4.05431435e-17,3,4.49441567e-11,-4.93936983e-11,4.46474872e-12,-2.72237904e-13
1.436,1.57079633,1.9085072,-3.52716576e-09,2.97930045e-09,6.95846652e-07,-1.06688456e-09,0,-0,-1.23594468e-12,1.23551169e-12,1.41805942e-12,5.48363985e-20,3.76307868e-18,0,-2.37565598e-17,3,3.74054267e-11,-3.97037885e-11,1.13117399e-11,-9.59096724e-12
1.438,1.57079633,1.9085072,-2.96058042e-09,2.00560533e-09,5.88920835e-07,-7.34135252e-10,0,-0,2.96784819e-13,-2.96734859e-13,9.02120737e-13,2.79442585e-20,2.17346646e-18,0,-1.35129321e-17,3,3.10740747e-11,-3.1756332e-11,1.60148114e-11,-1.61309507e-11
1.44,1.57079633,1.9085072,-2.48128628e-09,1.25320938e-09,4.97774351e-07,-4.75871502e-10,0,-0,1.40127909e-12,-1.40090717e-12,1.69035619e-12,1.36086599e-20,1.18077343e-18,0,-7.39345687e-18,3,2.57646058e-11,-2.52565854e-11,1.90545889e-11,-2.05041179e-11
1.442,1.57079633,1.9085072,-2.07636789e-09,6.78670913e-10,4.20163594e-07,-2.77604919e-10,0,-0,2.16977547e-12,-2.16909823e-12,2.38549212e-12,6.45639344e-21,5.76409941e-19,0,-3.83456407e-18,3,2.13188888e-11,-1.99572763e-11,2.08180308e-11,-2.32043862e-11
1.444,1.57079633,1.9085072,-1.73474698e-09,2.46384729e-10,3.54175877e-07,-1.27407473e-10,0,-0,2.67679212e-12,-2.67597056e-12,2.8582016e-12,3.24560845e-21,2.2101973e-19,0,-1.83684602e-18,3,1.76022848e-11,-1.5651295e-11,2.16152323e-11,-2.46286769e-11
1.446,1.57079633,1.9085072,-1.44692137e-09,-7.27572319e-11,2.98141577e-07,-1.55461776e-11,0,-0,2.98250313e-12,-2.98161495e-12,3.14166339e-12,2.06993104e-21,2.24940967e-20,-0,-7.69539373e-19,3,1.45003061e-11,-1.21654405e-11,2.16933901e-11,-2.50943826e-11
1.448,1.57079633,1.9085072,-1.20475664e-09,-3.02482664e-10,2.50617944e-07,6.591868e-11,0,-0,3.13526982e-12,-3.13432613e-12,3.27707103e-12,1.84591472e-21,-7.94159675e-20,-0,-2.40654501e-19,3,1.19157291e-11,-9.35512469e-12,2.12483697e-11,-2.48538826e-11
1.45,1.57079633,1.9085072,-1.0013037e-09,-4.62061178e-10,2.10359019e-07,1.23473076e-10,0,-0,3.17346149e-12,-3.17254556e-12,3.30068431e-12,1.98664224e-21,-1.23634048e-19,-0,-1.11271404e-20,3,9.76609086e-12,-7.09983597e-12,2.04342835e-11,-2.4106546e-11
1.452,1.57079633,1.9085072,-8.30623585e-10,-5.67085823e-10,1.76298031e-07,1.62349732e-10,0,-0,3.12776471e-12,-3.12685988e-12,3.24210581e-12,2.19675884e-21,-1.34851517e-19,-0,6.13861313e-20,3,7.98153639e-12,-5.29932253e-12,1.93714165e-11,-2.30087092e-11
1.454,1.57079633,1.9085072,-6.87655225e-10,-6.30122893e-10,1.47526482e-07,1.86790306e-10,0,-0,3.02238234e-12,-3.02147196e-12,3.12505009e-12,2.34603231e-21,-1.2844733e-19,-0,5.90767219e-20,3,6.50297164e-12,-3.87035913e-12,1.81527414e-11,-2.16818855e-11
1.456,1.57079633,1.9085072,-5.68088095e-10,-6.61256285e-10,1.23256978e-07,2.00204309e-10,0,-0,2.87592172e-12,-2.87511681e-12,2.96816489e-12,2.39297583e-21,-1.13733684e-19,-0,2.73846227e-20,3,5.28047233e-12,-2.74397823e-12,1.68492758e-11,-2.02195121e-11
1.458,1.57079633,1.9085072,-4.68251937e-10,-6.68535374e-10,1.0280612e-07,2.05301772e-10,0,-0,2.70334866e-12,-2.7025604e-12,2.78576595e-12,2.33995899e-21,-9.61329525e-20,-0,-1.0158721e-20,3,4.27191582e-12,-1.8631577e-12,1.55144796e-11,-1.8692508e-11
1.46,1.57079633,1.9085072,-3.85030555e-10,-6.58352401e-10,8.56029465e-08,2.04245021e-10,0,-0,2.51563215e-12,-2.5148772e-12,2.58922669e-12,2.20783227e-21,-7.8640574e-20,-0,-4.2645973e-20,3,3.44181551e-12,-1.18085546e-12,1.41878381e-11,-1.71538127e-11
1.462,1.57079633,1.9085072,-3.15780603e-10,-6.35748049e-10,7.11415624e-08,1.98745943e-10,0,-0,2.32134312e-12,-2.32067143e-12,2.38703771e-12,2.02229953e-21,-6.27601136e-20,-0,-6.61874681e-20,3,2.76031414e-12,-6.58361801e-13,1.28977843e-11,-1.56420985e-11
1.464,1.57079633,1.9085072,-2.58268116e-10,-6.04654058e-10,5.90228599e-08,1.90181013e-10,0,-0,2.12683204e-12,-2.12621587e-12,2.18528231e-12,1.80718572e-21,-4.91176918e-20,-0,-8.04469577e-20,3,2.20231913e-12,-2.63893263e-13,1.16640906e-11,-1.41848033e-11
1.466,1.57079633,1.9085072,-2.10591646e-10,-5.68126036e-10,4.88577019e-08,1.79566625e-10,0,-0,1.93658423e-12,-1.93600691e-12,1.98835656e-12,1.58184134e-21,-3.78152312e-20,-0,-8.67586074e-20,3,1.74678321e-12,2.85665894e-14,1.04997937e-11,-1.28005758e-11
1.468,1.57079633,1.9085072,-1.71152725e-10,-5.28499083e-10,4.03660845e-08,1.67726921e-10,0,-0,1.75384152e-12,-1.7532642e-12,1.79966837e-12,1.36045074e-21,-2.87069196e-20,-0,-8.6946702e-20,3,1.37607341e-12,2.40252153e-13,9.41274369e-12,-1.15012682e-11
1.47,1.57079633,1.9085072,-1.38595973e-10,-4.87544539e-10,3.32718105e-08,1.55256906e-10,0,-0,1.58077995e-12,-1.58029145e-12,1.62133981e-12,1.15252469e-21,-2.15179819e-20,-0,-8.2875454e-20,3,1.07544592e-12,3.88427753e-13,8.40684472e-12,-1.02935217e-11
1.472,1.57079633,1.9085072,-1.11784078e-10,-4.46573719e-10,2.73531355e-08,1.42626531e-10,0,-0,1.41868739e-12,-1.41830991e-12,1.45436518e-12,9.63678333e-22,-1.59433754e-20,-0,-7.61502164e-20,3,8.32587721e-13,4.87084363e-13,7.48304962e-12,-9.18004256e-12
1.474,1.57079633,1.9085072,-8.9757472e-11,-4.06536812e-10,2.24384591e-08,1.30170922e-10,0,-0,1.2684076e-12,-1.26806898e-12,1.29988024e-12,7.96576186e-22,-1.16838129e-20,-0,-6.79972998e-20,3,6.37232877e-13,5.47526701e-13,6.64015474e-12,-8.16062184e-12
1.476,1.57079633,1.9085072,-7.1709007e-11,-3.68107932e-10,1.83504068e-08,1.18122814e-10,0,-0,1.13007381e-12,-1.12976295e-12,1.15769758e-12,6.51811974e-22,-8.47046971e-21,-0,-5.93623176e-20,3,4.80844441e-13,5.78835301e-13,5.8754086e-12,-7.23293676e-12
1.478,1.57079633,1.9085072,-5.69656161e-11,-3.3172894e-10,1.49598811e-08,1.06665887e-10,0,-0,1.00364161e-12,-1.00330855e-12,1.02774629e-12,5.28544173e-22,-6.07628796e-21,-0,-5.08790814e-20,3,3.56324387e-13,5.88274886e-13,5.18501257e-12,-6.39318825e-12
1.48,1.57079633,1.9085072,-4.49577975e-11,-2.97677162e-10,1.2159767e-08,9.58934687e-11,0,-0,8.88755736e-13,-8.88539242e-13,9.09857881e-13,4.25107907e-22,-4.31115914e-21,-0,-4.29287165e-20,3,2.57791037e-13,5.81622987e-13,4.56449792e-12,-5.63659507e-12
1.482,1.57079633,1.9085072,-3.52097423e-11,-2.66102267e-10,9.84539737e-09,8.5858367e-11,0,-0,7.84927678e-13,-7.84677878e-13,8.03329346e-13,3.39402397e-22,-3.02305098e-21,-0,-3.57418158e-20,3,1.80380689e-13,5.6344255e-13,4.00900578e-12,-4.95777455e-12
1.484,1.57079633,1.9085072,-2.73279104e-11,-2.37053037e-10,7.94232772e-09,7.66006869e-11,0,-0,6.91402491e-13,-6.91252611e-13,7.074538e-13,2.6916014e-22,-2.09333671e-21,-0,-2.94168721e-20,3,1.2007773e-13,5.37309301e-13,3.5135073e-12,-4.35102264e-12
1.486,1.57079633,1.9085072,-2.0980072e-11,-2.10507467e-10,6.37989841e-09,6.81135289e-11,0,-0,6.07647266e-13,-6.07514039e-13,6.21730366e-13,2.12143167e-22,-1.42902674e-21,-0,-2.3965883e-20,3,7.35736617e-14,5.06003036e-13,3.07297001e-12,-3.81054416e-12
1.488,1.57079633,1.9085072,-1.58912763e-11,-1.86393065e-10,5.0923273e-09,6.03801316e-11,0,-0,5.32907052e-13,-5.32712763e-13,5.45050803e-13,1.66259653e-22,-9.59517355e-22,-0,-1.93551796e-20,3,3.81525001e-14,4.71650499e-13,2.68247006e-12,-3.33060627e-12
1.49,1.57079633,1.9085072,-1.18355703e-11,-1.64595981e-10,4.05059054e-09,5.33854737e-11,0,-0,4.66382488e-13,-4.66210404e-13,4.76947176e-13,1.29612592e-22,-6.31847526e-22,-0,-1.55032436e-20,3,1.15847555e-14,4.35881889e-13,2.33728269e-12,-2.90564763e-12
1.492,1.57079633,1.9085072,-8.61845883e-12,-1.44988139e-10,3.19264457e-09,4.70655159e-11,0,-0,4.07363032e-13,-4.07229805e-13,4.16523018e-13,1.00552406e-22,-4.05632211e-22,-0,-1.23299827e-20,3,-7.94644346e-15,3.99907454e-13,2.0329313e-12,-2.5303713e-12
1.494,1.57079633,1.9085072,-6.08788491e-12,-1.27418101e-10,2.49875808e-09,4.14018773e-11,0,-0,3.55093732e-13,-3.54993812e-13,3.63083e-13,7.76500295e-23,-2.52049864e-22,-0,-9.74297227e-21,3,-2.19249055e-14,3.64610014e-13,1.76522467e-12,-2.19978565e-12
1.496,1.57079633,1.9085072,-4.11376493e-12,-1.11730676e-10,1.94149038e-09,3.6346224e-11,0,-0,3.08997272e-13,-3.08891801e-13,3.15877314e-13,5.9704216e-23,-1.49519822e-22,-0,-7.65257627e-21,3,-3.15547987e-14,3.30619747e-13,1.53027927e-12,-1.90923694e-12
1.498,1.57079633,1.9085072,-2.58671469e-12,-9.77694048e-11,1.48943668e-09,3.18390458e-11,0,-0,2.68407518e-13,-2.68396416e-13,2.74428764e-13,4.57161891e-23,-8.23585274e-23,-0,-5.97831498e-21,3,-3.78109446e-14,2.98355542e-13,1.32452726e-12,-1.65444027e-12
1.5,1.57079633,1.9085072,-1.4193415e-12,-8.53834601e-11,1.13275863e-09,2.78341058e-11,0,-0,2.32791564e-13,-2.32730502e-13,2.37876607e-13,3.48686235e-23,-3.95061015e-23,-0,-4.64414325e-21,3,-4.14747967e-14,2.68087047e-13,1.14470538e-12,-1.43145736e-12
1.502,1.57079633,1.9085072,-5.38246607e-13,-7.44294392e-11,8.40184544e-10,2.4277113e-11,0,-0,2.01572092e-13,-2.01533235e-13,2.05964058e-13,2.64982346e-23,-1.30670737e-23,-0,-3.59144204e-21,3,-4.317176e-14,2.39962196e-13,9.87843328e-13,-1.23669303e-12
1.504,1.57079633,1.9085072,1.12522246e-13,-6.47671465e-11,6.08486777e-10,2.11386304e-11,0,-0,1.74260606e-13,-1.74193993e-13,1.7810393e-13,2.00674606e-23,2.37856617e-24,-0,-2.76530504e-21,3,-4.34024832e-14,2.14030817e-13,8.51253551e-13,-1.0668904e-12
1.506,1.57079633,1.9085072,5.8132212e-13,-5.62625851e-11,4.34450995e-10,1.83768253e-11,0,-0,1.50501833e-13,-1.50407464e-13,1.53722656e-13,1.51458018e-23,1.0682855e-23,-0,-2.11861203e-21,3,-4.25668717e-14,1.9029034e-13,7.32521771e-13,-9.191084e-13
1.508,1.57079633,1.9085072,9.08064206e-13,-4.87963087e-11,2.87472973e-10,1.59476341e-11,0,-0,1.29718458e-13,-1.29674049e-13,1.32426479e-13,1.13948164e-23,1.44814757e-23,-0,-1.61877497e-21,3,-4.09759103e-14,1.68686309e-13,6.29482206e-13,-7.90706947e-13
1.51,1.57079633,1.9085072,1.12409672e-12,-4.22537909e-11,1.83350775e-10,1.38172859e-11,0,-0,1.11688436e-13,-1.11660681e-13,1.14088921e-13,8.54582579e-24,1.55319658e-23,-0,-1.2305023e-21,3,-3.88755391e-14,1.49132785e-13,5.40204964e-13,-6.79325514e-13
1.512,1.57079633,1.9085072,1.25356061e-12,-3.65328476e-11,9.57239166e-11,1.19588714e-11,0,-0,9.59676782e-14,-9.59787805e-14,9.80490728e-14,6.38985163e-24,1.49911701e-23,-0,-9.3365392e-22,3,-3.64533489e-14,1.31517163e-13,4.62968762e-13,-5.82857358e-13
1.514,1.57079633,1.9085072,1.31805192e-12,-3.15353263e-11,4.56363822e-11,1.03386527e-11,0,-0,8.24229573e-14,-8.23785484e-14,8.42542671e-14,4.7624755e-24,1.36268811e-23,-0,-7.04052959e-22,3,-3.38578247e-14,1.15711579e-13,3.96257217e-13,-4.99439528e-13
1.516,1.57079633,1.9085072,1.33814596e-12,-2.71881615e-11,-1.02780595e-11,8.90390592e-12,0,-0,7.06545933e-14,-7.06656955e-14,7.21904579e-14,3.54089244e-24,1.19147257e-23,-0,-5.30194407e-22,3,-3.11892714e-14,1.01578281e-13,3.38715299e-13,-4.27408704e-13
1.518,1.57079633,1.9085072,1.31727929e-12,-2.34049977e-11,-4.20408211e-11,7.68037181e-12,0,-0,6.04849504e-14,-6.05071548e-14,6.17873365e-14,2.62485367e-24,1.01171947e-23,-0,-3.98235866e-22,3,-2.85335366e-14,8.89891587e-14,2.89149512e-13,-3.65292342e-13
1.52,1.57079633,1.9085072,1.27347619e-12,-2.01199818e-11,-6.14677167e-11,6.60745559e-12,0,-0,5.1691984e-14,-5.16808818e-14,5.27719557e-14,1.94032272e-24,8.41443739e-24,-0,-2.97622449e-22,3,-2.59496731e-14,7.78057363e-14,2.46518469e-13,-3.11810949e-13
1.522,1.57079633,1.9085072,1.21263091e-12,-1.7273247e-11,-7.839402e-11,5.67464386e-12,0,-0,4.41868764e-14,-4.41868764e-14,4.51211168e-14,1.4305798e-24,6.88124856e-24,-0,-2.22002155e-22,3,-2.34755968e-14,6.79030298e-14,2.09900368e-13,-2.65820961e-13
1.524,1.57079633,1.9085072,1.13953858e-12,-1.48076029e-11,-8.22496637e-11,4.87238666e-12,0,-0,3.7658765e-14,-3.76920717e-14,3.85368693e-14,1.05169622e-24,5.55227255e-24,-0,-1.64849544e-22,3,-2.11401591e-14,5.9159183e-14,1.78491185e-13,-2.26328624e-13
1.526,1.57079633,1.9085072,1.0607688e-12,-1.2677655e-11,-9.30867645e-11,4.17502571e-12,0,-0,3.21076499e-14,-3.20854454e-14,3.27765155e-14,7.71185251e-25,4.42873701e-24,-0,-1.22527401e-22,3,-1.89577394e-14,5.14565031e-14,1.51585949e-13,-1.92461057e-13
1.528,1.57079633,1.9085072,9.79420586e-13,-1.08386352e-11,-9.59459348e-11,3.571835e-12,0,-0,2.72670775e-14,-2.73114864e-14,2.78101451e-14,5.63904345e-25,3.49832872e-24,-0,-9.06470399e-23,3,-1.69378758e-14,4.46862607e-14,1.28572046e-13,-1.63458737e-13
1.53,1.57079633,1.9085072,8.9839576e-13,-9.25534678e-12,-8.95803057e-11,3.04837277e-12,0,-0,2.31814568e-14,-2.32314168e-14,2.37251751e-14,4.11365321e-25,2.73864517e-24,-0,-6.65672373e-23,3,-1.50807031e-14,3.87451603e-14,1.08911623e-13,-1.38651581e-13
1.532,1.57079633,1.9085072,8.1885837e-13,-7.89574671e-12,-8.74246986e-11,2.59735121e-12,0,-0,1.9673152e-14,-1.97064587e-14,2.00890747e-14,2.99506778e-25,2.12686278e-24,-0,-4.89108929e-23,3,-1.33832861e-14,3.35410176e-14,9.21321631e-14,-1.17459548e-13
1.534,1.57079633,1.9085072,7.42061873e-13,-6.72892762e-12,-9.17704343e-11,2.21057825e-12,0,-0,1.66977543e-14,-1.66811009e-14,1.7000294e-14,2.17619264e-25,1.64038584e-24,-0,-3.60820555e-23,3,-1.18417752e-14,2.89931428e-14,7.78268375e-14,-9.93711986e-14
1.536,1.57079633,1.9085072,6.67939506e-13,-5.72517484e-12,-7.7004735e-11,1.8862257e-12,0,-0,1.41220369e-14,-1.40998324e-14,1.44692869e-14,1.57608855e-25,1.25988466e-24,-0,-2.62408719e-23,3,-1.04518465e-14,2.50303358e-14,6.56483823e-14,-8.3955404e-14
1.538,1.57079633,1.9085072,6.00483167e-13,-4.86848491e-12,-7.71386403e-11,1.59767971e-12,0,-0,1.19459997e-14,-1.19071419e-14,1.21744561e-14,1.14021617e-25,9.5937977e-25,-0,-1.92070342e-23,3,-9.20019108e-15,2.15821696e-14,5.52894731e-14,-7.0827465e-14
1.54,1.57079633,1.9085072,5.34680098e-13,-4.13130829e-12,-7.01148744e-11,1.36764996e-12,0,-0,1.00364161e-14,-1.01030295e-14,1.02862037e-14,8.21494143e-26,7.31255214e-25,-0,-1.40635603e-23,3,-8.0821009e-15,1.8584939e-14,4.64908712e-14,-5.96659479e-14
1.542,1.57079633,1.9085072,4.76217032e-13,-3.49983537e-12,-6.46010768e-11,1.16201665e-12,0,-0,8.48210391e-15,-8.46545056e-15,8.60872009e-15,5.89923993e-26,5.53372118e-25,-0,-1.02303292e-23,3,-7.08620361e-15,1.59827775e-14,3.90328771e-14,-5.01928864e-14
1.544,1.57079633,1.9085072,4.23091288e-13,-2.96030653e-12,-6.02037389e-11,9.84919608e-13,0,-0,7.10542736e-15,-7.10542736e-15,7.29106389e-15,4.22311702e-26,4.16710906e-25,-0,-7.42706277e-24,3,-6.2007521e-15,1.37270675e-14,3.27210832e-14,-4.21642129e-14
1.546,1.57079633,1.9085072,3.75670625e-13,-2.50161408e-12,-5.94760388e-11,8.2892185e-13,0,-0,5.95079541e-15,-5.96744876e-15,6.06699108e-15,3.01748143e-26,3.11401589e-25,-0,-5.39601499e-24,3,-5.41454994e-15,1.17738912e-14,2.73858649e-14,-3.53707788e-14
1.548,1.57079633,1.9085072,3.31122918e-13,-2.10887313e-12,-4.75042666e-11,7.04514713e-13,0,-0,4.97379915e-15,-5.05151476e-15,5.1431106e-15,2.14617436e-26,2.33280967e-25,-0,-3.85020602e-24,3,-4.7202586e-15,1.00940816e-14,2.28839246e-14,-2.96243195e-14
1.55,1.57079633,1.9085072,2.93308506e-13,-1.77608656e-12,-4.54457909e-11,5.87227101e-13,0,-0,4.17443857e-15,-4.19109192e-15,4.31928149e-15,1.52343633e-26,1.72238703e-25,-0,-2.75844867e-24,3,-4.10753926e-15,8.64526794e-15,1.90920426e-14,-2.47746202e-14
1.552,1.57079633,1.9085072,2.58253131e-13,-1.49506449e-12,-4.00159526e-11,4.91978775e-13,0,-0,3.50830476e-15,-3.5249581e-15,3.62583441e-15,1.08032654e-26,1.27055059e-25,-0,-1.96456696e-24,3,-3.56648886e-15,7.39801833e-15,1.58995026e-14,-2.06818963e-14
1.554,1.57079633,1.9085072,2.25942051e-13,-1.2574397e-12,-3.82686204e-11,4.15676809e-13,0,-0,2.88657986e-15,-2.94209102e-15,2.96574008e-15,7.648697e-27,9.39188706e-26,-0,-1.42534637e-24,3,-3.09077412e-15,6.32452136e-15,1.32122869e-14,-1.72325649e-14
1.556,1.57079633,1.9085072,1.97900647e-13,-1.05577572e-12,-2.9234028e-11,3.48006261e-13,0,-0,2.39808173e-15,-2.41473508e-15,2.52504967e-15,5.39615658e-27,6.88706642e-26,-0,-9.92391773e-25,3,-2.67501899e-15,5.40187991e-15,1.09555506e-14,-1.43303601e-14
1.558,1.57079633,1.9085072,1.71134816e-13,-8.84083459e-13,-2.66296402e-11,3.00269799e-13,0,-0,1.99840144e-15,-2.02615702e-15,2.02470408e-15,3.78812274e-27,5.13866167e-26,-0,-7.24556906e-25,3,-2.31188775e-15,4.61479124e-15,9.06163682e-15,-1.18876593e-14
1.56,1.57079633,1.9085072,1.51268968e-13,-7.40665662e-13,-2.57083015e-11,2.41251802e-13,0,-0,1.687539e-15,-1.72084569e-15,1.72442836e-15,2.6608195e-27,3.64939111e-26,-0,-5.04198719e-25,3,-1.99519328e-15,3.94039406e-15,7.47794708e-15,-9.83935303e-15
1.562,1.57079633,1.9085072,1.31470527e-13,-6.19963267e-13,-2.11020556e-11,2.01876241e-13,0,-0,1.37667655e-15,-1.41553436e-15,1.47119279e-15,1.86528886e-27,2.65407758e-26,-0,-3.53191433e-25,3,-1.71845775e-15,3.35781396e-15,6.15122757e-15,-8.12737488e-15
1.564,1.57079633,1.9085072,1.14087523e-13,-5.19084619e-13,-2.16936461e-11,1.68279859e-13,0,-0,1.15463195e-15,-1.1379786e-15,1.12405712e-15,1.30836557e-27,1.91986324e-26,-0,-2.56872216e-25,3,-1.47743495e-15,2.86032108e-15,5.04007264e-15,-6.69367368e-15
1.566,1.57079633,1.9085072,9.76091904e-14,-4.30878141e-13,-1.48283271e-11,1.47288494e-13,0,-0,9.32587341e-16,-9.43689571e-16,9.43754876e-16,9.03271818e-28,1.43767107e-26,-0,-1.79187694e-25,3,-1.27066889e-15,2.4394765e-15,4.11444789e-15,-5.49340114e-15
1.568,1.57079633,1.9085072,8.61688506e-14,-3.59715038e-13,-1.55066751e-11,1.14213652e-13,0,-0,7.54951657e-16,-7.21644966e-16,7.77968534e-16,6.30027463e-28,9.84165909e-27,-0,-1.23166428e-25,3,-1.09011581e-15,2.0821037e-15,3.34445676e-15,-4.49116768e-15
1.57,1.57079633,1.9085072,7.4282285e-14,-3.00455893e-13,-1.1799427e-11,9.5082325e-14,0,-0,5.77315973e-16,-6.38378239e-16,6.77669587e-16,4.39830246e-28,7.06293236e-27,-0,-8.44040504e-26,3,-9.329875e-16,1.77373543e-15,2.70095145e-15,-3.65595913e-15
1.572,1.57079633,1.9085072,6.31839063e-14,-2.49751035e-13,-9.85141412e-12,8.31901972e-14,0,-0,4.88498131e-16,-4.99600361e-16,5.23698508e-16,3.04077162e-28,5.25628162e-27,-0,-6.09880558e-26,3,-7.98219457e-16,1.50848414e-15,2.16407921e-15,-2.962369e-15
1.574,1.57079633,1.9085072,5.45451776e-14,-2.06978916e-13,-8.90182911e-12,6.86021216e-14,0,-0,4.4408921e-16,-4.16333634e-16,4.47564574e-16,2.09115707e-28,3.7419149e-27,-0,-4.25932819e-26,3,-6.82656019e-16,1.28095285e-15,1.71908108e-15,-2.38907661e-15
1.576,1.57079633,1.9085072,4.77614163e-14,-1.71928045e-13,-1.01142249e-11,5.25831232e-14,0,-0,3.55271368e-16,-3.05311332e-16,3.34325097e-16,1.44475741e-28,2.51144444e-27,-0,-2.98430388e-26,3,-5.8278041e-16,1.08198122e-15,1.35051719e-15,-1.91684272e-15
1.578,1.57079633,1.9085072,3.97460636e-14,-1.40815554e-13,-7.9649468e-12,5.01160267e-14,0,-0,2.66453526e-16,-2.49800181e-16,2.56435083e-16,9.71692517e-29,1.99191478e-27,-0,-2.23471571e-26,3,-4.9769269e-16,9.07416983e-16,1.04603067e-15,-1.52931351e-15
1.58,1.57079633,1.9085072,3.52492307e-14,-1.15543303e-13,-8.31321088e-12,3.61364848e-14,0,-0,2.22044605e-16,-1.66533454e-16,2.36101919e-16,6.55433941e-29,1.27378329e-27,-0,-1.47106635e-26,3,-4.24765277e-16,7.58347318e-16,7.97713253e-16,-1.21310949e-15
1.582,1.57079633,1.9085072,2.90304589e-14,-9.28496791e-14,-5.15055772e-12,3.61213178e-14,0,-0,1.77635684e-16,-1.66533454e-16,1.76771642e-16,4.25072544e-29,1.04861843e-27,-0,-1.04946167e-26,3,-3.62547225e-16,6.36468282e-16,5.9534391e-16,-9.5209581e-16
1.584,1.57079633,1.9085072,2.55313109e-14,-7.46822237e-14,-3.83321562e-12,2.68893408e-14,0,-0,1.33226763e-16,-1.38777878e-16,1.66556582e-16,2.76871565e-29,6.8652012e-28,-0,-6.34960065e-27,3,-3.09091791e-16,5.41553275e-16,4.33281907e-16,-7.34959415e-16
1.586,1.57079633,1.9085072,2.32563191e-14,-6.23255418e-14,-2.66964516e-12,1.43349319e-14,0,-0,8.8817842e-17,-1.38777878e-16,1.66556582e-16,1.93625822e-29,3.33377751e-28,-0,-3.03673522e-27,3,-2.61233055e-16,4.64314853e-16,3.0063218e-16,-5.52999078e-16
1.588,1.57079633,1.9085072,1.84255674e-14,-5.09903612e-14,-6.44074796e-12,1.81484634e-14,0,-0,8.8817842e-17,-2.77555756e-17,4.16333634e-18,1.298293e-29,3.34395736e-28,-0,-3.90261575e-27,3,-2.20552601e-16,4.0331995e-16,1.89540717e-16,-3.98728592e-16
1.59,1.57079633,1.9085072,1.51704002e-14,-3.86570261e-14,-1.66862973e-12,1.84913726e-14,0,-0,4.4408921e-17,-2.77555756e-17,4.16333634e-18,7.53250488e-30,2.80521522e-28,-0,-2.15512865e-27,3,-1.88686747e-16,3.52451261e-16,1.0372857e-16,-2.77381825e-16
1.592,1.57079633,1.9085072,1.26605756e-14,-2.81530815e-14,-1.06134891e-12,1.73970335e-14,0,-0,4.4408921e-17,0,2.80660889e-17,4.15409757e-30,2.20256459e-28,-0,-1.44342916e-27,3,-1.61399823e-16,3.07760204e-16,3.93992159e-17,-1.83759974e-16
1.594,1.57079633,1.9085072,1.17275695e-14,-2.07991393e-14,-3.71848765e-12,9.97871443e-15,0,-0,4.4408921e-17,0,2.98936698e-17,2.35179632e-30,1.17026067e-28,-0,-9.59435444e-28,3,-1.37233123e-16,2.70973223e-16,-7.19834719e-18,-1.09592502e-16
1.596,1.57079633,1.9085072,9.41773569e-15,-1.35190416e-14,-1.4887775e-12,1.14156733e-14,0,-0,4.4408921e-17,0,2.98936698e-17,1.12136672e-30,1.07509794e-28,-0,-5.37101519e-28,3,-1.17008704e-16,2.45441285e-16,-3.9526695e-17,-5.15323649e-17
1.598,1.57079633,1.9085072,8.80058323e-15,-8.76664619e-15,-7.85693012e-13,5.53764015e-15,0,-0,0,0,2.94065051e-17,5.3978996e-31,4.8734463e-29,-0,-2.18212285e-28,3,-9.90811126e-17,2.27326305e-16,-6.00738156e-17,-8.76588613e-18
1.6,1.57079633,1.9085072,7.96493916e-15,-6.31201256e-15,-1.1830727e-12,1.4075338e-15,0,-0,0,0,2.94065051e-17,3.09676416e-31,1.12109211e-29,-0,-8.98260362e-29,3,-8.24644592e-17,2.08524906e-16,-7.4290192e-17,2.21061053e-17
1.602,1.57079633,1.9085072,6.87497806e-15,-5.06738687e-15,-1.31355232e-12,-4.40268664e-16,0,-0,0,0,2.94065051e-17,2.02333274e-31,-3.0268374e-30,-0,-4.55672148e-29,3,-6.78692432e-17,1.90669302e-16,-8.52149726e-17,4.61677735e-17
1.604,1.57079633,1.9085072,5.77221018e-15,-4.42657403e-15,-1.23050041e-12,-1.10468231e-15,0,-0,0,0,2.94065051e-17,1.42194457e-31,-6.37645848e-30,-0,1.97834731e-28,3,-5.55127372e-17,1.76027636e-16,-9.44902203e-17,6.48540349e-17
1.606,1.57079633,1.9085072,4.54191107e-15,-4.85326918e-15,-2.10109827e-12,-5.33418984e-16,0,-0,0,0,3.46944695e-17,1.68294418e-31,-2.42274159e-30,-0,-4.43760919e-29,3,-4.43522727e-17,1.57715655e-16,-1.04803666e-16,8.66942941e-17
1.608,1.57079633,1.9085072,3.22538937e-15,-3.20884197e-15,-8.27683076e-13,2.42638404e-15,0,-0,-4.4408921e-17,0,3.46944695e-17,1.37557828e-31,7.82603327e-30,-0,-1.04908292e-29,3,-3.71066617e-17,1.34236943e-16,-1.12515871e-16,9.6772862e-17
1.61,1.57079633,1.9085072,2.66016652e-15,-1.61796663e-15,-4.64769484e-13,2.40623789e-15,0,-0,-4.4408921e-17,0,3.92523115e-17,1.57583439e-31,6.40099347e-30,-0,3.27573349e-30,3,-3.1414141e-17,1.06560238e-16,-1.16880318e-16,9.68873613e-17
1.612,1.57079633,1.9085072,2.31886478e-15,-4.43284757e-16,-3.21935929e-13,1.67717224e-15,0,-0,-4.4408921e-17,0,3.92523115e-17,1.91095289e-31,3.88913563e-30,-0,1.37663937e-29,3,-2.65429923e-17,7.7426865e-17,-1.18585861e-16,8.84214451e-17
1.614,1.57079633,1.9085072,2.05002431e-15,3.46349482e-16,-3.01928586e-13,8.72232998e-16,0,-0,-4.4408921e-17,0,3.92523115e-17,2.29435178e-31,1.78809885e-30,0,1.45655327e-29,3,-2.22447091e-17,4.77158613e-17,-1.18429823e-16,7.38667899e-17
1.616,1.57079633,1.9085072,2.65698298e-15,2.24945502e-16,-1.76783173e-12,-4.2645363e-15,0,-0,-4.4408921e-17,0,6.54613942e-17,2.00209364e-31,-1.13308004e-29,0,1.56544629e-29,3,-1.80407572e-17,1.74341248e-17,-1.17398147e-16,5.75441279e-17
1.618,1.57079633,1.9085072,1.53330665e-15,2.71517091e-17,-7.09557131e-13,-5.21970835e-16,0,-0,-4.4408921e-17,0,6.54613942e-17,2.24847627e-31,-8.00341353e-31,0,1.22634752e-29,3,-1.42891248e-17,-1.23030059e-17,-1.17344314e-16,4.42076063e-17
1.62,1.57079633,1.9085072,1.24716483e-15,2.33396433e-16,-1.24516924e-13,-3.77560484e-16,0,-0,-4.4408921e-17,0,6.54613942e-17,1.588713e-31,-4.70880157e-31,0,-6.03545839e-29,3,-1.17165273e-17,-3.88297218e-17,-1.16993766e-16,2.87087546e-17
1.622,1.57079633,1.9085072,1.06421201e-15,1.6920542e-16,-2.42627495e-13,-6.0551064e-16,0,-0,-4.4408921e-17,0,6.79869978e-17,6.76167971e-32,-6.44391694e-31,0,-2.76252718e-29,3,-9.4310988e-18,-5.75446782e-17,-1.16585033e-16,1.80462867e-17
1.624,1.57079633,1.9085072,8.61314532e-16,8.18248022e-17,-2.15542214e-13,-5.26767281e-16,0,-0,-4.4408921e-17,0,6.79869978e-17,2.84522172e-32,-4.53712314e-31,0,-1.12774892e-29,3,-7.55961076e-18,-6.9371909e-17,-1.16359131e-16,1.02038378e-17
1.626,1.57079633,1.9085072,6.8714884e-16,2.07397374e-17,-1.76781687e-13,-4.05784526e-16,0,-0,-4.4408921e-17,0,6.79869978e-17,1.24989702e-32,-2.78834366e-31,0,-4.46498417e-30,3,-6.05991935e-18,-7.65641489e-17,-1.16276293e-16,4.23991852e-18
1.628,1.57079633,1.9085072,4.96648395e-16,5.40806829e-17,-5.77681612e-14,-3.74724726e-17,0,-0,-4.4408921e-17,0,6.79869978e-17,2.62312781e-32,-1.86106434e-32,0,-1.05268415e-29,3,-4.89153901e-18,-8.19661007e-17,-1.16248051e-16,-1.14326807e-18
1.63,1.57079633,1.9085072,4.34269628e-16,5.21341157e-17,-8.62247813e-14,-1.85521086e-16,0,-0,-4.4408921e-17,0,6.79869978e-17,1.16891206e-32,-8.0566173e-32,0,-4.16920998e-30,3,-3.9716541e-18,-8.80953182e-17,-1.16135767e-16,-7.16340315e-18
1.632,1.57079633,1.9085072,2.86425261e-16,1.15419823e-16,3.61462589e-14,1.84594642e-16,0,-0,-4.4408921e-17,0,6.79869978e-17,2.4748047e-32,5.28725686e-32,0,-9.78658812e-30,3,-3.23344189e-18,-9.26700844e-17,-1.16016159e-16,-1.26823345e-17
1.634,1.57079633,1.9085072,2.88380689e-16,1.211266e-16,-3.72225196e-14,-1.18425179e-16,0,-0,-4.4408921e-17,0,6.79869978e-17,1.12486206e-32,-3.41515347e-32,0,-3.90633058e-30,3,-2.64695653e-18,-9.80419173e-17,-1.15765925e-16,-1.89065139e-17
1.636,1.57079633,1.9085072,1.75332989e-16,2.32386728e-16,8.71433879e-14,2.28680258e-16,0,-0,-4.4408921e-17,0,6.79869978e-17,2.38697214e-32,4.00951931e-32,0,-9.1828008e-30,3,-2.2106904e-18,-1.03337399e-16,-1.15431951e-16,-2.54131896e-17
1.638,1.57079633,1.9085072,2.1009194e-16,2.12206953e-16,-1.5281905e-14,-1.49951152e-16,0,-0,-4.4408921e-17,0,6.79869978e-17,1.11089018e-32,-3.15035283e-32,0,-3.73062345e-30,3,-1.80101709e-18,-1.081559e-16,-1.14978094e-16,-3.19412345e-17
1.64,1.57079633,1.9085072,8.66567493e-17,3.36816696e-16,1.48425025e-13,3.33459219e-16,0,-0,-4.4408921e-17,0,6.79869978e-17,2.34058578e-32,2.88964919e-32,0,-8.69984747e-30,3,-1.53348593e-18,-1.12915409e-16,-1.14461417e-16,-3.87417946e-17
1.642,1.57079633,1.9085072,6.18100218e-16,-5.60420845e-16,-8.4618682e-13,-2.73176356e-15,0,-0,-4.4408921e-17,0,1.17756934e-16,5.44149482e-32,-1.68850365e-30,-0,-1.97342374e-29,3,-7.17475074e-19,-1.21421299e-16,-1.14634393e-16,-4.71972839e-17
1.644,1.57079633,1.9085072,1.07477086e-16,-7.60966286e-16,-2.68602591e-13,-4.34561015e-16,0,-0,-4.4408921e-17,0,1.17756934e-16,2.49489127e-32,-4.67053515e-32,-0,-9.26203438e-30,3,-2.05648829e-19,-1.2955582e-16,-1.16096421e-16,-5.37156409e-17
1.646,1.57079633,1.9085072,-3.77209578e-17,-6.24400804e-16,-4.70643058e-14,2.91451012e-16,0,-0,-4.4408921e-17,0,1.17756934e-16,1.13533536e-32,-1.09938113e-32,-0,-4.34125094e-30,3,-2.05692445e-19,-1.34312341e-16,-1.17470643e-16,-5.77001364e-17
1.648,1.57079633,1.9085072,-3.28896126e-17,-5.35596303e-16,-2.164096e-14,2.94942593e-16,0,-0,-4.4408921e-17,0,1.17756934e-16,2.17095355e-32,-9.70054763e-33,-0,-8.58555429e-30,3,-2.6098906e-19,-1.4023159e-16,-1.18628977e-16,-6.2966569e-17
1.65,1.57079633,1.9085072,-3.35545372e-17,-3.6014919e-16,2.08802442e-14,3.34928338e-16,0,-0,-4.4408921e-17,0,1.17756934e-16,9.42909439e-33,-1.12383654e-32,-0,-3.72013607e-30,3,-3.34311303e-19,-1.44665889e-16,-1.19476828e-16,-6.72881439e-17
1.652,1.57079633,1.9085072,-1.88118678e-17,-2.42371317e-16,3.94239551e-14,2.90375933e-16,0,-0,-4.4408921e-17,0,1.17756934e-16,1.92687475e-32,-5.46251365e-33,-0,-7.68763046e-30,3,-3.92633188e-19,-1.50306123e-16,-1.20057897e-16,-7.2946942e-17
1.654,1.57079633,1.9085072,8.27410575e-18,-1.38201282e-16,2.36854422e-14,1.55409858e-16,0,-0,-4.4408921e-17,0,1.17756934e-16,8.35172034e-33,1.2858776e-33,-0,3.32465708e-29,3,-3.93560774e-19,-1.54604237e-16,-1.20403542e-16,-7.76498222e-17
1.656,1.57079633,1.9085072,4.92276692e-18,1.81881624e-17,7.30920013e-14,2.07441635e-16,0,-0,-4.4408921e-17,0,1.17756934e-16,1.80014001e-32,1.02118682e-33,0,-7.11485701e-30,3,-4.64110939e-19,-1.61165508e-16,-1.20453109e-16,-8.47818651e-17
1.658,1.57079633,1.9085072,4.41950821e-17,4.89008646e-17,2.17720078e-14,-2.30087289e-17,0,-0,-4.4408921e-17,0,1.17756934e-16,7.87404896e-33,-1.01687266e-33,0,3.19919157e-29,3,-3.95933363e-19,-1.65344918e-16,-1.20367671e-16,-8.98533602e-17
1.66,1.57079633,1.9085072,1.86009726e-17,2.35220648e-16,1.04618446e-13,1.48012306e-16,0,-0,-4.4408921e-17,0,1.17756934e-16,1.75611047e-32,2.75317285e-33,0,-6.80148155e-30,3,-4.82034338e-19,-1.71628411e-16,-1.19958649e-16,-9.73926837e-17
1.662,1.57079633,1.9085072,7.03275103e-17,2.05987007e-16,2.21210189e-14,-1.68976638e-16,0,-0,-4.4408921e-17,0,1.17756934e-16,7.79264083e-33,-1.18837062e-32,0,3.14102463e-29,3,-3.65321827e-19,-1.75686515e-16,-1.19512281e-16,-1.02807877e-16
1.664,1.57079633,1.9085072,2.70087422e-17,4.1879734e-16,1.32845837e-13,1.01117926e-16,0,-0,-4.4408921e-17,0,1.17756934e-16,1.76666886e-32,2.73106799e-33,0,-6.66608427e-30,3,-4.72323273e-19,-1.81714267e-16,-1.18716491e-16,-1.10741124e-16
1.666,1.57079633,1.9085072,9.03074417e-17,3.39349222e-16,2.33005899e-14,-2.91806039e-16,0,-0,-4.4408921e-17,0,1.17756934e-16,7.96977866e-33,-2.63522568e-32,0,3.13251234e-29,3,-3.1946234e-19,-1.85656081e-16,-1.17964085e-16,-1.16481376e-16
1.668,1.57079633,1.9085072,4.63172344e-17,5.90286548e-16,1.72777239e-13,-1.25571179e-17,0,-0,-4.4408921e-17,0,1.17756934e-16,1.79857452e-32,-5.81610972e-34,0,-6.68844571e-30,3,-4.38058108e-19,-1.91704036e-16,-1.16826504e-16,-1.24573535e-16
1.67,1.57079633,1.9085072,1.24248452e-16,4.69217894e-16,2.14525053e-14,-5.1085646e-16,0,-0,-4.4408921e-17,0,1.17756934e-16,8.46210251e-33,-6.34731243e-32,0,2.898376e-29,3,-2.20771599e-19,-1.96814622e-16,-1.15778172e-16,-1.29429256e-16
1.672,1.57079633,1.9085072,5.26750257e-16,7.08488477e-17,7.51938446e-13,-2.60962958e-15,0,-0,-4.4408921e-17,0,1.16317057e-16,1.31303622e-32,-1.37462305e-30,0,-7.1826954e-30,3,-4.82433996e-20,-2.02701635e-16,-1.14792258e-16,-1.37323218e-16
1.674,1.57079633,1.9085072,7.79933185e-16,-1.84322312e-15,-2.15097355e-13,-4.6354373e-15,0,-0,-4.4408921e-17,0,1.16317057e-16,1.85590226e-32,-3.61533138e-30,-0,1.70638469e-29,3,1.47154275e-18,-2.06828902e-16,-1.17013203e-16,-1.38803002e-16
1.676,1.57079633,1.9085072,5.08429494e-16,-3.56410583e-15,-3.86408883e-13,-3.90303017e-15,0,-0,-4.4408921e-17,0,1.16317057e-16,5.95944697e-32,-1.98441565e-30,-0,2.51252211e-29,3,2.72176539e-18,-2.08516979e-16,-1.22921849e-16,-1.34090567e-16
1.678,1.57079633,1.9085072,1.93101513e-16,-4.78217495e-15,-3.04628879e-13,-2.63296217e-15,0,-0,-4.4408921e-17,0,1.16317057e-16,1.07858736e-31,-5.08428979e-31,-0,2.15707589e-29,3,3.33490922e-18,-2.08116857e-16,-1.31652231e-16,-1.24805216e-16
1.68,1.57079633,1.9085072,-3.48991793e-16,-4.45058565e-15,5.78532764e-13,4.55988022e-16,0,-0,-4.4408921e-17,0,1.16317057e-16,9.28107828e-32,-1.59136077e-31,-0,7.15014262e-30,3,2.57794188e-18,-2.06955653e-16,-1.40796759e-16,-1.1627215e-16
1.682,1.57079633,1.9085072,-4.05132224e-17,-4.90678119e-15,9.43898754e-14,-9.66977408e-16,0,-0,-4.4408921e-17,0,1.16317057e-16,1.1456474e-31,3.91753708e-32,-0,1.37010528e-29,3,2.33908704e-18,-2.04617083e-16,-1.50227785e-16,-1.07760581e-16
1.684,1.57079633,1.9085072,-3.74034017e-16,-4.71759427e-15,6.53110573e-13,9.43759365e-16,0,-0,-4.4408921e-17,0,1.16317057e-16,1.04783688e-31,-3.52998106e-31,-0,3.97649532e-30,3,1.85282143e-18,-2.02134971e-16,-1.60056897e-16,-9.92185992e-17
1.686,1.57079633,1.9085072,-1.64008166e-17,-5.04007762e-15,1.265157e-13,-7.3372586e-16,0,-0,-4.4408921e-17,0,1.16317057e-16,1.21198286e-31,1.20337032e-32,-0,1.19767437e-29,3,1.63145989e-18,-1.9963355e-16,-1.69841031e-16,-9.0951946e-17
1.688,1.57079633,1.9085072,-5.81492208e-16,-4.35656871e-15,-2.68696027e-13,2.42027752e-15,0,-0,-4.4408921e-17,0,1.17756934e-16,9.05824179e-32,-1.40737252e-30,-0,-2.65984159e-29,3,9.74367047e-19,-1.95901679e-16,-1.79408959e-16,-8.22953048e-17
1.69,1.57079633,1.9085072,-6.076984e-16,-2.98758451e-15,2.23199215e-13,3.18772081e-15,0,-0,-4.4408921e-17,0,1.17756934e-16,4.29451352e-32,-1.93717284e-30,-0,-1.61901109e-29,3,-2.98457629e-19,-1.92315618e-16,-1.86404635e-16,-7.59521004e-17
1.692,1.57079633,1.9085072,5.38746819e-16,-2.77827148e-15,-1.23997055e-12,-2.30307252e-15,0,-0,-4.4408921e-17,0,1.17756934e-16,3.86051641e-32,-1.24077299e-30,-0,-1.83778097e-30,3,-7.81323143e-19,-1.89761609e-16,-1.91365723e-16,-7.15241039e-17
1.694,1.57079633,1.9085072,8.07469823e-17,-3.24948129e-15,-8.01250302e-13,-3.52810825e-16,0,-0,-4.4408921e-17,0,1.17756934e-16,5.41848353e-32,-2.84884094e-32,-0,-1.05626493e-29,3,-1.01848174e-19,-1.86340295e-16,-1.97698436e-16,-6.47332706e-17
1.696,1.57079633,1.9085072,-3.11882979e-16,-2.50279942e-15,-4.84319955e-14,1.83236371e-15,0,-0,-4.4408921e-17,0,1.17756934e-16,3.15987812e-32,-5.71483052e-31,-0,-1.04892879e-29,3,-5.45897635e-19,-1.82453796e-16,-2.03327571e-16,-5.86161685e-17
1.698,1.57079633,1.9085072,2.76442854e-16,-2.70011578e-15,-9.12185839e-13,-1.15689031e-15,0,-0,-4.4408921e-17,0,1.17756934e-16,3.97283008e-32,-3.1981406e-31,-0,-5.89309979e-30,3,-4.50647923e-19,-1.78992857e-16,-2.08201729e-16,-5.28418642e-17
1.7,1.57079633,1.9085072,-2.02150959e-16,-2.19178307e-15,-2.50804204e-13,1.31829424e-15,0,-0,-4.4408921e-17,0,1.17756934e-16,2.50359053e-32,-2.66494446e-31,-0,3.58231919e-29,3,-6.15078894e-19,-1.75402158e-16,-2.13047533e-16,-4.67832453e-17
1.702,1.57079633,1.9085072,-7.838684e-17,-2.6450112e-15,-1.5081319e-12,4.8326137e-16,0,-0,-4.4408921e-17,0,1.17756934e-16,3.8995496e-32,-3.78813317e-32,-0,-6.19019867e-30,3,-1.82654339e-19,-1.70934826e-16,-2.18575438e-16,-3.85364631e-17
1.704,1.57079633,1.9085072,-7.73110617e-16,-7.42099395e-16,9.02846071e-15,4.58556095e-15,0,-0,-4.4408921e-17,0,1.17756934e-16,5.22248009e-32,-3.54514586e-30,-0,2.01651857e-29,3,-1.44001574e-18,-1.6036275e-16,-2.21593351e-16,-2.98547566e-17
1.706,1.57079633,1.9085072,-6.00882197e-16,1.23001663e-15,3.77974278e-13,4.41982845e-15,0,-0,-4.4408921e-17,0,1.17756934e-16,1.06137171e-31,-2.65579623e-30,0,3.41202278e-29,3,-2.83083493e-18,-1.43733494e-16,-2.20554826e-16,-2.17478584e-17
1.708,1.57079633,1.9085072,-2.70400396e-16,2.70826627e-15,3.47628452e-13,3.16109714e-15,0,-0,-4.4408921e-17,0,1.17756934e-16,1.74955221e-31,-8.54761918e-31,0,3.24958498e-29,3,-3.61819032e-18,-1.23850431e-16,-2.16160097e-16,-1.49063046e-17
1.71,1.57079633,1.9085072,4.40543287e-16,2.79622133e-15,3.97137535e-13,-5.54789221e-16,0,-0,-4.4408921e-17,0,6.79869978e-17,1.1890401e-31,-2.44408667e-31,0,-3.84843327e-29,3,-3.29585443e-18,-1.05920566e-16,-2.10304713e-16,-1.08753854e-17
1.712,1.57079633,1.9085072,5.84070581e-16,2.05089824e-15,-9.54357163e-14,-1.84057833e-15,0,-0,-4.4408921e-17,0,6.79869978e-17,5.85301791e-32,-1.07502766e-30,0,-1.98980103e-29,3,-2.15954915e-18,-9.42323024e-17,-2.05614556e-16,-1.02205822e-17
1.714,1.57079633,1.9085072,4.52873308e-16,1.319788e-15,-1.99099915e-13,-1.69533702e-15,0,-0,-4.4408921e-17,0,6.79869978e-17,2.76578264e-32,-7.67772883e-31,0,-9.13544622e-30,3,-1.13805905e-18,-8.59808857e-17,-2.02451143e-16,-1.0799374e-17
1.716,1.57079633,1.9085072,2.750799e-17,1.07861194e-15,2.53792159e-13,1.49216225e-16,0,-0,-4.4408921e-17,0,6.79869978e-17,4.00290908e-32,4.10463843e-33,0,-1.27366575e-29,3,-5.73512351e-19,-7.84395216e-17,-2.00367987e-16,-1.1171903e-17
1.718,1.57079633,1.9085072,1.49298783e-16,8.3269385e-16,8.76020594e-15,-5.8203518e-16,0,-0,-4.4408921e-17,0,6.79869978e-17,2.08926818e-32,-8.68971438e-32,0,-6.26806408e-30,3,-3.28917464e-19,-6.96801194e-17,-1.98497377e-16,-1.0731614e-17
1.72,1.57079633,1.9085072,5.53850673e-17,7.31492856e-16,8.62379865e-14,-2.07291021e-16,0,-0,-4.4408921e-17,0,6.79869978e-17,3.44372665e-32,-1.14808272e-32,0,-1.14580654e-29,3,-1.3926863e-19,-6.07803182e-17,-1.97020301e-16,-9.827684e-18
1.722,1.57079633,1.9085072,8.72091171e-17,5.22557868e-16,-1.85820216e-14,-4.49775079e-16,0,-0,-4.4408921e-17,0,6.79869978e-17,1.76807252e-32,-3.92244875e-32,0,-5.24461326e-30,3,2.74589878e-20,-5.2233229e-17,-1.95815409e-16,-8.9520475e-18
1.724,1.57079633,1.9085072,4.2513772e-17,4.0588138e-16,-3.32712273e-15,-2.87118325e-16,0,-0,-4.4408921e-17,0,6.79869978e-17,3.04989442e-32,-1.2206483e-32,0,-1.0273865e-29,3,1.4909893e-19,-4.3548638e-17,-1.94943012e-16,-7.6341815e-18
1.726,1.57079633,1.9085072,5.44626377e-17,2.88568868e-16,1.87547988e-15,-3.9317952e-16,0,-0,-4.4408921e-17,0,6.54613942e-17,1.28481183e-32,-2.14135937e-32,0,-6.39440553e-30,3,2.41732662e-19,-3.55913633e-17,-1.94293627e-16,-5.95151451e-18
1.728,1.57079633,1.9085072,4.17486034e-17,1.8732197e-16,-3.03996069e-14,-3.78740004e-16,0,-0,-4.4408921e-17,0,6.54613942e-17,4.5866269e-33,-1.58118662e-32,0,-2.07511965e-30,3,3.39993975e-19,-3.13159484e-17,-1.93843503e-16,-3.97604881e-18
1.73,1.57079633,1.9085072,-2.41948517e-17,1.59078404e-16,7.09358646e-14,-2.08198706e-17,0,-0,-4.4408921e-17,0,6.54613942e-17,1.09433583e-32,5.03733682e-34,0,-5.33719018e-30,3,2.83588258e-19,-2.54022195e-17,-1.93537368e-16,-1.70652287e-18
1.732,1.57079633,1.9085072,1.04402365e-17,1.34726149e-16,1.43606227e-14,-1.96539074e-16,0,-0,-4.4408921e-17,0,6.54613942e-17,4.12112175e-33,-2.05191441e-33,0,1.70442677e-29,3,2.88675783e-19,-2.14954871e-17,-1.93241226e-16,6.58318176e-19
1.734,1.57079633,1.9085072,-4.83932412e-18,1.06944096e-16,3.507535e-14,-9.18768953e-17,0,-0,-4.4408921e-17,0,6.54613942e-17,9.66209764e-33,4.44622076e-34,0,-4.6018707e-30,3,2.32147032e-19,-1.46074493e-17,-1.93044309e-16,3.3607194e-18
1.736,1.57079633,1.9085072,9.75875842e-18,8.43003414e-17,2.00247904e-15,-1.72127479e-16,0,-0,-4.4408921e-17,0,6.54613942e-17,3.83902075e-33,-1.67975048e-33,0,1.46314387e-29,3,2.46667373e-19,-1.11455458e-17,-1.9285415e-16,6.05795705e-18
1.738,1.57079633,1.9085072,-4.4311493e-18,4.51574584e-17,1.95866568e-14,-8.30079617e-17,0,-0,-4.4408921e-17,0,6.54613942e-17,8.68610285e-33,3.67820672e-34,0,-3.98620425e-30,3,2.10327416e-19,-4.88370947e-18,-1.92780171e-16,9.19452783e-18
1.74,1.57079633,1.9085072,-1.4779104e-17,-3.84467734e-17,2.58937668e-14,-2.88370983e-17,0,-0,-4.4408921e-17,0,6.54613942e-17,2.09615225e-32,4.26186474e-34,-0,-9.75938109e-30,3,2.05465236e-19,-2.95972848e-19,-1.92734746e-16,1.2402211e-17
1.742,1.57079633,1.9085072,-2.23361384e-18,-1.47323688e-17,1.47004451e-15,-8.64990454e-17,0,-0,-4.4408921e-17,0,6.54613942e-17,7.99575059e-33,1.93205465e-34,-0,-3.489909e-30,3,1.95334229e-19,5.38293852e-18,-1.92776711e-16,1.59507166e-17
1.744,1.57079633,1.9085072,5.05021572e-18,-9.98251391e-17,-1.86852616e-14,-1.22484023e-16,0,-0,-4.4408921e-17,0,6.54613942e-17,1.9064097e-32,-6.18570739e-34,-0,-8.68408329e-30,3,1.94465889e-19,9.51466684e-18,-1.9284429e-16,1.95191716e-17
1.746,1.57079633,1.9085072,-7.15563093e-18,-7.56597021e-17,-7.79839153e-15,-5.80877581e-17,0,-0,-4.4408921e-17,0,6.54613942e-17,7.54209422e-33,4.15654558e-34,-0,-3.09642492e-30,3,1.87731825e-19,1.46813472e-17,-1.93013411e-16,2.34776081e-17
1.748,1.57079633,1.9085072,1.29461522e-17,-1.71074479e-16,-5.06716177e-14,-1.63960302e-16,0,-0,-4.4408921e-17,0,6.54613942e-17,1.76603038e-32,-2.12265502e-33,-0,-7.80232594e-30,3,1.98459081e-19,1.98731489e-17,-1.93253653e-16,2.77235661e-17
1.75,1.57079633,1.9085072,-1.59381394e-17,-1.3727194e-16,-1.19926945e-14,-1.15363119e-17,0,-0,-4.4408921e-17,0,6.54613942e-17,7.29576371e-33,1.83867348e-34,-0,-2.796044e-30,3,1.82454018e-19,2.45835308e-17,-1.93556645e-16,3.20871432e-17
1.752,1.57079633,1.9085072,2.24293855e-17,-2.37679748e-16,-8.28742174e-14,-2.10996912e-16,0,-0,-4.4408921e-17,0,6.54613942e-17,1.66725072e-32,-4.73253107e-33,-0,-7.08521064e-30,3,1.9769997e-19,2.93113982e-17,-1.93916423e-16,3.67227612e-17
1.754,1.57079633,1.9085072,-1.25221262e-16,-1.47443379e-16,-3.1819948e-13,5.6393116e-16,0,-0,-4.4408921e-17,0,6.54613942e-17,8.73321874e-34,-7.06161715e-32,-0,-6.5102157e-30,3,1.24350297e-19,3.31207363e-17,-1.94321883e-16,4.07629951e-17
1.756,1.57079633,1.9085072,-2.49041397e-16,1.56696117e-16,4.91289253e-13,1.38946666e-15,0,-0,-4.4408921e-17,0,6.54613942e-17,2.51866179e-32,-3.46034719e-31,0,-1.03131791e-29,3,-2.88519357e-19,3.00879187e-17,-1.9418016e-16,3.65723346e-17
1.758,1.57079633,1.9085072,3.46585321e-17,3.32747877e-16,1.26389062e-13,1.53475256e-17,0,-0,-4.4408921e-17,0,6.54613942e-17,1.07996076e-32,5.31922709e-34,0,-4.22137704e-30,3,-3.77280373e-19,2.57314702e-17,-1.93585028e-16,3.00218654e-17
1.76,1.57079633,1.9085072,-1.43431643e-16,5.54535413e-16,4.58899602e-13,9.7601469e-16,0,-0,-4.4408921e-17,0,6.54613942e-17,2.56270918e-32,-1.39991391e-31,0,-9.76297441e-30,3,-5.17712952e-19,2.12301356e-17,-1.92747539e-16,2.30715744e-17
1.762,1.57079633,1.9085072,1.07360018e-16,5.80207792e-16,8.56758511e-14,-3.1940608e-16,0,-0,-4.4408921e-17,0,6.54613942e-17,1.16423233e-32,-3.42914425e-32,0,-4.3380638e-30,3,-4.34788018e-19,1.65118539e-17,-1.91551705e-16,1.61884174e-17
1.764,1.57079633,1.9085072,-1.53353623e-16,8.01169754e-16,5.25498356e-13,1.03462455e-15,0,-0,-4.4408921e-17,0,6.54613942e-17,2.67693224e-32,-1.58663423e-31,0,-9.38223567e-30,3,-5.35712882e-19,1.17839103e-17,-1.9026177e-16,9.03073631e-18
1.766,1.57079633,1.9085072,1.31034433e-16,7.73237493e-16,9.18398516e-14,-4.44448683e-16,0,-0,-4.4408921e-17,0,6.54613942e-17,1.28486776e-32,-5.82380811e-32,0,-4.57387003e-30,3,-4.21446961e-19,6.8622498e-18,-1.88634248e-16,1.90739871e-18
1.768,1.57079633,1.9085072,-4.14940782e-17,1.11189813e-15,4.51525407e-13,5.28106712e-16,0,-0,-4.4408921e-17,0,6.54613942e-17,2.95152967e-32,-2.19133012e-32,0,-1.00464269e-29,3,-6.41272643e-19,1.58039971e-18,-1.86676595e-16,-7.53205428e-18
1.77,1.57079633,1.9085072,1.87587034e-16,9.42917338e-16,4.42002024e-14,-7.49911589e-16,0,-0,-4.4408921e-17,0,6.54613942e-17,1.42905712e-32,-1.40673691e-31,0,-5.06328735e-30,3,-3.76047161e-19,-3.66901661e-18,-1.84615285e-16,-1.49621919e-17
1.772,1.57079633,1.9085072,-4.46830258e-17,1.29887673e-15,4.8954633e-13,5.22429414e-16,0,-0,-4.4408921e-17,0,6.54613942e-17,3.18783726e-32,-2.3343727e-32,0,-1.03262059e-29,3,-5.98028569e-19,-9.15298698e-18,-1.82296085e-16,-2.46469508e-17
1.774,1.57079633,1.9085072,2.02425071e-16,1.08283954e-15,4.51783351e-14,-8.56633235e-16,0,-0,-4.4408921e-17,0,6.54613942e-17,1.5828797e-32,-1.73404044e-31,0,-5.51539029e-30,3,-3.10984241e-19,-1.45824629e-17,-1.79917122e-16,-3.23263231e-17
1.776,1.57079633,1.9085072,-1.99307414e-16,1.31853892e-15,1.7317774e-12,1.1963886e-15,0,-0,-4.4408921e-17,0,6.54613942e-17,3.26066684e-32,-2.38449118e-31,0,1.35648977e-29,3,-3.99703061e-19,-1.98335901e-17,-1.77683259e-16,-4.01046511e-17
1.778,1.57079633,1.9085072,6.62083081e-16,-1.80914582e-17,1.32744419e-13,-3.57133242e-15,0,-0,-4.4408921e-17,0,6.54613942e-17,7.38290477e-32,-2.36451877e-30,-0,2.71698705e-29,3,5.21834025e-19,-3.18785496e-17,-1.76566803e-16,-5.03923689e-17
1.78,1.57079633,1.9085072,5.66243066e-16,-1.67811684e-15,-3.26127129e-13,-3.73412552e-15,0,-0,-4.4408921e-17,0,6.79869978e-17,1.32413206e-31,-2.11442268e-30,-0,3.12681139e-29,3,1.80582038e-18,-4.99439974e-17,-1.78696491e-16,-5.93984655e-17
1.782,1.57079633,1.9085072,2.79836749e-16,-2.96739838e-15,-3.03550301e-13,-2.6890249e-15,0,-0,-4.4408921e-17,0,6.79869978e-17,1.93192042e-31,-7.52487987e-31,-0,2.78037855e-29,3,2.57968232e-18,-6.97805021e-17,-1.83739607e-16,-6.79645284e-17
1.784,1.57079633,1.9085072,-4.35105907e-16,-3.25613248e-15,6.02043984e-13,8.77822926e-16,0,-0,-4.4408921e-17,0,6.79869978e-17,1.7652792e-31,-3.81945941e-31,-0,2.00186237e-29,3,2.59541322e-18,-8.95422366e-17,-1.90512254e-16,-7.56981529e-17
1.786,1.57079633,1.9085072,-9.88875815e-17,-3.57160786e-15,2.07842339e-13,-6.1378771e-16,0,-0,-4.4408921e-17,0,6.79869978e-17,2.17980464e-31,6.06959822e-32,-0,-1.40038825e-28,3,2.21645124e-18,-1.08351175e-16,-1.97372819e-16,-8.29645957e-17
1.788,1.57079633,1.9085072,-3.16863081e-16,-3.26732779e-15,-4.7766377e-13,7.43949817e-16,0,-0,-4.4408921e-17,0,1.17756934e-16,1.4964551e-31,-2.35730231e-31,-0,-5.19734031e-29,3,1.68073118e-18,-1.24737209e-16,-2.04044232e-16,-8.79824304e-17
1.79,1.57079633,1.9085072,-5.02154332e-16,-2.3823228e-15,8.34616517e-14,2.14626218e-15,0,-0,-4.4408921e-17,0,1.17756934e-16,6.91456179e-32,-1.07775485e-30,-0,-2.64103385e-29,3,7.29018954e-19,-1.35950427e-16,-2.09503124e-16,-9.13222783e-17
1.792,1.57079633,1.9085072,-3.74565068e-16,-1.52922468e-15,2.01786341e-13,1.94061228e-15,0,-0,-4.4408921e-17,0,1.17756934e-16,2.91201979e-32,-7.26885569e-31,-0,-1.1825286e-29,3,-1.3557387e-19,-1.42786543e-16,-2.1317154e-16,-9.36524443e-17
1.794,1.57079633,1.9085072,-2.04987098e-16,-9.06413398e-16,1.71746927e-13,1.35975662e-15,0,-0,-4.4408921e-17,0,1.17756934e-16,1.16184966e-32,-2.78732564e-31,-0,-4.88995194e-30,3,-6.69642271e-19,-1.47040307e-16,-2.15413089e-16,-9.56422451e-17
1.796,1.57079633,1.9085072,2.00819934e-17,-8.74495616e-16,-1.30363526e-13,2.24598396e-16,0,-0,-4.4408921e-17,0,1.17756934e-16,1.96119576e-32,4.51038349e-33,-0,-7.47300609e-30,3,-6.50016725e-19,-1.53082917e-16,-2.17184643e-16,-9.8887586e-17
1.798,1.57079633,1.9085072,-3.72857831e-17,-6.29101587e-16,-1.36690506e-14,5.37710634e-16,0,-0,-4.4408921e-17,0,1.17756934e-16,8.66640659e-33,-2.00489621e-32,-0,2.84371217e-29,3,-7.02563437e-19,-1.57578948e-16,-2.18632017e-16,-1.01453564e-16
1.8,1.57079633,1.9085072,2.27904837e-18,-5.92774133e-16,-4.78511083e-14,3.01284223e-16,0,-0,-4.4408921e-17,0,1.17756934e-16,1.61940262e-32,6.86641317e-34,-0,-6.43056965e-30,3,-6.2535893e-19,-1.6455731e-16,-2.19941294e-16,-1.05727026e-16
1.802,1.57079633,1.9085072,3.49895817e-17,-4.76860539e-16,-6.36625653e-14,1.37896323e-16,0,-0,-4.4408921e-17,0,1.17756934e-16,3.25566541e-32,4.82493466e-33,-0,-1.30681284e-29,3,-6.25688463e-19,-1.7012255e-16,-2.20926938e-16,-1.09480145e-16
1.804,1.57079633,1.9085072,5.8775588e-18,-3.38175789e-16,1.71790093e-16,2.71578092e-16,0,-0,-4.4408921e-17,0,1.17756934e-16,1.39481106e-32,1.5962162e-33,-0,-5.63522842e-30,3,-6.01931772e-19,-1.76680751e-16,-2.21708176e-16,-1.1413237e-16
1.806,1.57079633,1.9085072,-9.62869541e-18,-2.18883636e-16,5.05336515e-14,3.45823049e-16,0,-0,-4.4408921e-17,0,1.17756934e-16,2.95480377e-32,-3.32982481e-33,-0,-1.19646357e-29,3,-5.95359144e-19,-1.81957925e-16,-2.22228821e-16,-1.18260075e-16
1.808,1.57079633,1.9085072,3.75189927e-17,-1.0148131e-16,3.57752073e-14,9.12557547e-17,0,-0,-4.4408921e-17,0,1.17756934e-16,1.29582878e-32,3.423824e-33,-0,-4.72604121e-30,3,-5.57701437e-19,-1.88441745e-16,-2.22515957e-16,-1.23097544e-16
1.81,1.57079633,1.9085072,-7.60595173e-17,7.36237256e-17,2.54397656e-13,6.91775302e-16,0,-0,-4.4408921e-17,0,1.17756934e-16,2.76047553e-32,-5.26160956e-32,0,-1.0747772e-29,3,-6.22955432e-19,-1.94887396e-16,-2.22551672e-16,-1.28400319e-16
1.812,1.57079633,1.9085072,3.68212529e-16,-1.51143529e-16,9.50648887e-13,-1.63301668e-15,0,-0,-4.4408921e-17,0,1.16317057e-16,1.06783753e-32,-6.012972e-31,-0,-5.23623649e-30,3,-4.16091936e-19,-2.01277379e-16,-2.22409919e-16,-1.33505631e-16
1.814,1.57079633,1.9085072,7.50619344e-16,-1.89122829e-15,-1.31611629e-13,-4.23560043e-15,0,-0,-4.4408921e-17,0,1.16317057e-16,1.86325831e-32,-3.17932361e-30,-0,1.69411049e-29,3,9.65007411e-19,-2.05813406e-16,-2.24831841e-16,-1.33506011e-16
1.816,1.57079633,1.9085072,5.30590962e-16,-3.55128834e-15,-3.58115936e-13,-3.76749817e-15,0,-0,-4.4408921e-17,0,1.16317057e-16,5.9191504e-32,-1.99900048e-30,-0,2.48440771e-29,3,2.22908672e-18,-2.07876033e-16,-2.30749313e-16,-1.27982055e-16
1.818,1.57079633,1.9085072,2.30510981e-16,-4.75573155e-15,-3.39985988e-13,-2.60715515e-15,0,-0,-4.4408921e-17,0,1.16317057e-16,1.06905374e-31,-6.00977892e-31,-0,2.21949634e-29,3,2.9092005e-18,-2.07782958e-16,-2.39432738e-16,-1.18232318e-16
1.82,1.57079633,1.9085072,-1.12265884e-17,-5.54062199e-15,-1.86784345e-13,-1.46714819e-15,0,-0,-4.4408921e-17,0,1.16317057e-16,1.46663386e-31,1.64710689e-32,-0,1.52956461e-29,3,3.04656227e-18,-2.05342918e-16,-2.49991956e-16,-1.06388157e-16
1.822,1.57079633,1.9085072,-2.79579969e-16,-5.3829294e-15,2.82947281e-13,1.66692596e-16,0,-0,-4.4408921e-17,0,1.16317057e-16,1.36352072e-31,-4.66039107e-32,-0,6.45389344e-30,3,2.46241449e-18,-2.03110864e-16,-2.60852513e-16,-9.44083146e-17
1.824,1.57079633,1.9085072,-4.20382131e-16,-5.26421059e-15,-2.22213482e-12,1.10980533e-15,0,-0,-4.4408921e-17,5.55111512e-17,1.14850747e-16,1.30109616e-31,-4.6654233e-31,-0,-5.88760072e-29,3,1.98421065e-18,-2.00860722e-16,-2.71748713e-16,-8.27297993e-17
1.826,1.57079633,1.9085072,-1.41270349e-15,-2.2682875e-15,8.65529967e-14,7.28885136e-15,0,-0,-4.4408921e-17,5.55111512e-17,1.14850747e-16,2.92286701e-32,-1.02969858e-29,-0,-2.34182918e-29,3,-4.50667796e-19,-2.00587345e-16,-2.78689773e-16,-7.48647018e-17
1.828,1.57079633,1.9085072,-1.09195716e-15,8.00983964e-16,6.33441116e-13,6.94196843e-15,0,-0,-4.4408921e-17,5.55111512e-17,1.14850747e-16,9.61704979e-33,-7.58033212e-30,0,1.69348918e-29,3,-2.96436526e-18,-2.01741289e-16,-2.79297137e-16,-7.37244406e-17
1.83,1.57079633,1.9085072,-5.43755867e-16,3.09056701e-15,5.71864586e-13,4.94823597e-15,0,-0,-4.4408921e-17,5.55111512e-17,1.14850747e-16,5.20697387e-32,-2.69063234e-30,0,2.82142997e-29,3,-4.45891327e-18,-2.04949214e-16,-2.74697256e-16,-7.8338567e-17
1.832,1.57079633,1.9085072,8.74365488e-16,3.14675327e-15,1.39980188e-12,-2.27864169e-15,0,-0,-4.4408921e-17,0,1.16317057e-16,4.9130146e-32,-1.99236566e-30,0,-3.33733768e-29,3,-4.18637149e-18,-2.09652624e-16,-2.67586448e-16,-8.6028489e-17
1.834,1.57079633,1.9085072,1.41798158e-15,5.15774026e-16,-2.42075742e-13,-6.33725405e-15,0,-0,-4.4408921e-17,0,1.16317057e-16,3.61764995e-33,-8.98610953e-30,0,2.2634989e-30,3,-1.50530771e-18,-2.13148794e-16,-2.64495774e-16,-9.00998184e-17
1.836,1.57079633,1.9085072,1.04733313e-15,-2.00332935e-15,-5.85708571e-13,-5.69908643e-15,0,-0,-4.4408921e-17,0,1.16317057e-16,2.22263544e-32,-5.96884202e-30,-0,2.56861819e-29,3,9.24841587e-19,-2.13751886e-16,-2.6670287e-16,-8.849695e-17
1.838,1.57079633,1.9085072,5.5591916e-16,-3.83642292e-15,-3.27135922e-12,-3.97756027e-15,0,-0,-4.4408921e-17,5.55111512e-17,1.14850747e-16,7.39690812e-32,-2.21120196e-30,-0,-2.87616464e-29,3,2.39592894e-18,-2.11619338e-16,-2.73114648e-16,-8.224329e-17
1.84,1.57079633,1.9085072,-1.12639894e-15,-1.83081686e-15,-3.7346893e-13,5.14946e-15,0,-0,-4.4408921e-17,5.55111512e-17,1.14850747e-16,1.70088551e-32,-5.8003463e-30,-0,-1.67793277e-29,3,9.65069442e-19,-2.08476973e-16,-2.78573978e-16,-7.62358618e-17
1.842,1.57079633,1.9085072,-1.09615785e-15,8.57998804e-16,4.6036083e-13,6.17148088e-15,0,-0,-4.4408921e-17,5.55111512e-17,1.14850747e-16,6.1375245e-33,-6.76491724e-30,0,1.65936879e-29,3,-1.38138322e-18,-2.07261215e-16,-2.78843291e-16,-7.54940359e-17
1.844,1.57079633,1.9085072,-6.48710114e-16,3.03191611e-15,5.27298551e-13,4.75823589e-15,0,-0,-4.4408921e-17,5.55111512e-17,1.14850747e-16,4.72298289e-32,-3.08671575e-30,0,2.79385053e-29,3,-3.02937065e-18,-2.08642961e-16,-2.74298963e-16,-8.00115466e-17
1.846,1.57079633,1.9085072,7.50809076e-16,3.07422751e-15,1.40612182e-12,-2.25521016e-15,0,-0,-4.4408921e-17,0,1.16317057e-16,4.57650597e-32,-1.69323226e-30,0,-3.18238522e-29,3,-2.99767043e-18,-2.11996752e-16,-2.673314e-16,-8.75007105e-17
1.848,1.57079633,1.9085072,1.30647766e-15,4.60310393e-16,-2.20053449e-13,-6.25683066e-15,0,-0,-4.4408921e-17,0,1.16317057e-16,3.43112851e-33,-8.17440947e-30,0,2.60794535e-30,3,-5.51115271e-19,-2.1452028e-16,-2.64366354e-16,-9.13999765e-17
1.85,1.57079633,1.9085072,9.55897064e-16,-2.03808039e-15,-5.6229294e-13,-5.6198855e-15,0,-0,-4.4408921e-17,0,1.16317057e-16,2.33494988e-32,-5.37203205e-30,-0,2.54257269e-29,3,1.68080036e-18,-2.14431923e-16,-2.66658082e-16,-8.96817423e-17
1.852,1.57079633,1.9085072,4.83800414e-16,-3.85513345e-15,-3.25133261e-12,-3.91579737e-15,0,-0,-4.4408921e-17,5.55111512e-17,1.14850747e-16,7.5161861e-32,-1.89446439e-30,-0,-2.94121936e-29,3,2.99359061e-18,-2.11810367e-16,-2.73118391e-16,-8.336166e-17
1.854,1.57079633,1.9085072,-1.18256388e-15,-1.83916147e-15,-3.57681115e-13,5.19331262e-15,0,-0,-4.4408921e-17,5.55111512e-17,1.14850747e-16,1.72838692e-32,-6.14142391e-30,-0,-1.67352282e-29,3,1.43901352e-18,-2.08321736e-16,-2.7860137e-16,-7.73213637e-17
1.856,1.57079633,1.9085072,-1.13991455e-15,8.55587494e-16,4.7242899e-13,6.20144372e-15,0,-0,-4.4408921e-17,5.55111512e-17,1.14850747e-16,6.07526072e-33,-7.06911595e-30,0,1.67977026e-29,3,-1.0037419e-18,-2.06859315e-16,-2.78879388e-16,-7.65668366e-17
1.858,1.57079633,1.9085072,-6.83014784e-16,3.03252799e-15,5.36467605e-13,4.77858487e-15,0,-0,-4.4408921e-17,5.55111512e-17,1.14850747e-16,4.71444625e-32,-3.26384411e-30,0,2.81074483e-29,3,-2.72702191e-18,-2.08063704e-16,-2.74335755e-16,-8.10825201e-17
1.86,1.57079633,1.9085072,7.23697829e-16,3.07614976e-15,1.41313373e-12,-2.24117085e-15,0,-0,-4.4408921e-17,0,1.16317057e-16,4.57381566e-32,-1.62193048e-30,0,-3.19096221e-29,3,-2.75463659e-18,-2.1128852e-16,-2.67365135e-16,-8.85750282e-17
1.862,1.57079633,1.9085072,1.28488945e-15,4.62623343e-16,-2.1462753e-13,-6.24685843e-15,0,-0,-4.4408921e-17,0,1.16317057e-16,3.41422812e-33,-8.02652249e-30,0,2.46734714e-30,3,-3.5517764e-19,-2.137171e-16,-2.64395657e-16,-9.24796189e-17
1.864,1.57079633,1.9085072,9.38602069e-16,-2.0358229e-15,-5.58041089e-13,-5.61255661e-15,0,-0,-4.4408921e-17,0,1.16317057e-16,2.33138634e-32,-5.26795725e-30,-0,2.53277545e-29,3,1.83909253e-18,-2.13557982e-16,-2.66682784e-16,-9.07670577e-17
1.866,1.57079633,1.9085072,4.69883409e-16,-3.85311696e-15,-3.24796408e-12,-3.9102364e-15,0,-0,-4.4408921e-17,5.55111512e-17,1.14850747e-16,7.51107707e-32,-1.83735521e-30,-0,-2.93911964e-29,3,3.12163872e-18,-2.10883071e-16,-2.73138863e-16,-8.44522524e-17
1.868,1.57079633,1.9085072,-1.19379608e-15,-1.83743903e-15,-3.54989848e-13,5.19764133e-15,0,-0,-4.4408921e-17,5.55111512e-17,1.14850747e-16,1.72801201e-32,-6.20492383e-30,-0,-1.66530858e-29,3,1.54267809e-18,-2.07353776e-16,-2.78618175e-16,-7.84165624e-17
1.87,1.57079633,1.9085072,-1.14899684e-15,8.57023984e-16,4.74591858e-13,6.20487458e-15,0,-0,-4.4408921e-17,5.55111512e-17,1.14850747e-16,6.09884864e-33,-7.12938128e-30,0,1.68590559e-29,3,-9.19780774e-19,-2.05860066e-16,-2.78893109e-16,-7.76659246e-17
1.872,1.57079633,1.9085072,-6.90366671e-16,3.03371064e-15,5.38212455e-13,4.78133547e-15,0,-0,-4.4408921e-17,5.55111512e-17,1.14850747e-16,4.71793552e-32,-3.30087465e-30,0,2.81413656e-29,3,-2.65900424e-18,-2.0704018e-16,-2.74346926e-16,-8.21848335e-17
1.874,1.57079633,1.9085072,7.17743184e-16,3.0771168e-15,1.41454458e-12,-2.23895105e-15,0,-0,-4.4408921e-17,0,1.16317057e-16,4.57555089e-32,-1.60699185e-30,0,-3.19485581e-29,3,-2.69952975e-18,-2.10246025e-16,-2.67374216e-16,-8.96799905e-17
1.876,1.57079633,1.9085072,1.28006517e-15,4.63411314e-16,-2.13485303e-13,-6.24506091e-15,0,-0,-4.4408921e-17,0,1.16317057e-16,3.40760457e-33,-7.99408493e-30,0,2.43016043e-30,3,-3.10529841e-19,-2.12659691e-16,-2.64403034e-16,-9.35867455e-17
1.878,1.57079633,1.9085072,9.34693171e-16,-2.03518195e-15,-5.57115756e-13,-5.6110989e-15,0,-0,-4.4408921e-17,0,1.16317057e-16,2.32970891e-32,-5.24465582e-30,-0,2.53052178e-29,3,1.87526609e-18,-2.12488786e-16,-2.66688773e-16,-9.18759478e-17
1.88,1.57079633,1.9085072,4.6671616e-16,-3.85259605e-15,-3.24721426e-12,-3.90905376e-15,0,-0,-4.4408921e-17,5.55111512e-17,1.14850747e-16,7.50913062e-32,-1.82441856e-30,-0,-2.93807981e-29,3,3.15094591e-18,-2.0980452e-16,-2.73143724e-16,-8.55625774e-17
1.882,1.57079633,1.9085072,-1.19636233e-15,-1.83701587e-15,-3.54382211e-13,5.19860075e-15,0,-0,-4.4408921e-17,5.55111512e-17,1.14850747e-16,1.72786613e-32,-6.2194101e-30,-0,-1.66325587e-29,3,1.56642176e-18,-2.06267774e-16,-2.78622119e-16,-7.9528054e-17
1.884,1.57079633,1.9085072,-1.15107606e-15,8.57367632e-16,4.7508426e-13,6.20565271e-15,0,-0,-4.4408921e-17,5.55111512e-17,1.14850747e-16,6.1056241e-33,-7.14317826e-30,0,1.68734541e-29,3,-9.00544831e-19,-2.0476811e-16,-2.7889631e-16,-7.87783643e-17
1.886,1.57079633,1.9085072,-6.9205123e-16,3.03398964e-15,5.38611451e-13,4.78196638e-15,0,-0,-4.4408921e-17,5.55111512e-17,1.14850747e-16,4.71889236e-32,-3.30936571e-30,0,2.81490738e-29,3,-2.64342045e-18,-2.05943455e-16,-2.74349522e-16,-8.32980433e-17
1.888,1.57079633,1.9085072,7.16378413e-16,3.07734326e-15,1.41486787e-12,-2.23843965e-15,0,-0,-4.4408921e-17,0,1.16317057e-16,4.57600356e-32,-1.60356984e-30,0,-3.19581141e-29,3,-2.68690483e-18,-2.09145473e-16,-2.67376321e-16,-9.07938256e-17
1.89,1.57079633,1.9085072,1.2789595e-15,4.63595089e-16,-2.13223371e-13,-6.24464646e-15,0,-0,-4.4408921e-17,0,1.16317057e-16,3.40587321e-33,-7.98664992e-30,0,2.42146678e-30,3,-3.00302077e-19,-2.11556062e-16,-2.64404741e-16,-9.47010882e-17
1.892,1.57079633,1.9085072,9.33797431e-16,-2.03503285e-15,-5.56903545e-13,-5.61076307e-15,0,-0,-4.4408921e-17,0,1.16317057e-16,2.32928665e-32,-5.23931614e-30,-0,2.53000368e-29,3,1.88355183e-18,-2.1138268e-16,-2.66690157e-16,-9.29907025e-17
1.894,1.57079633,1.9085072,4.65990497e-16,-3.85247512e-15,-3.24704233e-12,-3.90878166e-15,0,-0,-4.4408921e-17,5.55111512e-17,1.14850747e-16,7.50864922e-32,-1.82145511e-30,-0,-2.93781571e-29,3,3.15765836e-18,-2.08696418e-16,-2.73144846e-16,-8.66776664e-17
1.896,1.57079633,1.9085072,-1.1969502e-15,-1.83691779e-15,-3.54242929e-13,5.1988212e-15,0,-0,-4.4408921e-17,5.55111512e-17,1.14850747e-16,1.72783026e-32,-6.2227301e-30,-0,-1.66277729e-29,3,1.57185964e-18,-2.0515806e-16,-2.78623029e-16,-8.06434141e-17
1.898,1.57079633,1.9085072,-1.15155231e-15,8.5744715e-16,4.75197096e-13,6.2058313e-15,0,-0,-4.4408921e-17,5.55111512e-17,1.14850747e-16,6.1072481e-33,-7.14633937e-30,0,1.68767719e-29,3,-8.96139504e-19,-2.03657096e-16,-2.78897046e-16,-7.98939442e-17
1.9,1.57079633,1.9085072,-6.92437051e-16,3.03405411e-15,5.38702862e-13,4.78211106e-15,0,-0,-4.4408921e-17,5.55111512e-17,1.14850747e-16,4.71912012e-32,-3.31131088e-30,0,2.81508371e-29,3,-2.63985161e-18,-2.0483139e-16,-2.74350119e-16,-8.44138014e-17
1.902,1.57079633,1.9085072,7.16065853e-16,3.07739552e-15,1.41494192e-12,-2.23832243e-15,0,-0,-4.4408921e-17,0,1.16317057e-16,4.57611048e-32,-1.60278626e-30,0,-3.19603375e-29,3,-2.68401366e-18,-2.08032558e-16,-2.67376805e-16,-9.19097282e-17
1.904,1.57079633,1.9085072,1.27870629e-15,4.63637441e-16,-2.13163378e-13,-6.24455151e-15,0,-0,-4.4408921e-17,0,1.16317057e-16,3.40546604e-33,-7.98494728e-30,0,2.4194657e-30,3,-2.97959881e-19,-2.1044246e-16,-2.64405133e-16,-9.58171079e-17
1.906,1.57079633,1.9085072,9.33592301e-16,-2.03499853e-15,-5.56854943e-13,-5.61068615e-15,0,-0,-4.4408921e-17,0,1.16317057e-16,2.32918786e-32,-5.23809339e-30,-0,2.52988492e-29,3,1.88544929e-18,-2.10268522e-16,-2.66690474e-16,-9.41068172e-17
1.908,1.57079633,1.9085072,4.65824317e-16,-3.8524473e-15,-3.24700296e-12,-3.90871934e-15,0,-0,-4.4408921e-17,5.55111512e-17,1.14850747e-16,7.508537e-32,-1.82077652e-30,-0,-2.93775383e-29,3,3.15919552e-18,-2.0758181e-16,-2.73145104e-16,-8.77938579e-17
1.91,1.57079633,1.9085072,-1.19708483e-15,-1.83689526e-15,-3.54211032e-13,5.19887169e-15,0,-0,-4.4408921e-17,5.55111512e-17,1.14850747e-16,1.72782188e-32,-6.22349043e-30,-0,-1.66266722e-29,3,1.57310492e-18,-2.04043089e-16,-2.78623237e-16,-8.17596679e-17
1.912,1.57079633,1.9085072,-1.15166137e-15,8.57465412e-16,4.75222936e-13,6.2058722e-15,0,-0,-4.4408921e-17,5.55111512e-17,1.14850747e-16,6.10762384e-33,-7.1470633e-30,0,1.68775328e-29,3,-8.95130676e-19,-2.0254183e-16,-2.78897215e-16,-8.10102486e-17
1.914,1.57079633,1.9085072,-6.92525404e-16,3.0340689e-15,5.38723796e-13,4.78214419e-15,0,-0,-4.4408921e-17,5.55111512e-17,1.14850747e-16,4.71917274e-32,-3.31175634e-30,0,2.81512409e-29,3,-2.63903434e-18,-2.03715886e-16,-2.74350256e-16,-8.55301467e-17
1.916,1.57079633,1.9085072,7.15994276e-16,3.07740751e-15,1.41495888e-12,-2.23829559e-15,0,-0,-4.4408921e-17,0,1.16317057e-16,4.57613515e-32,-1.60260683e-30,0,-3.19608485e-29,3,-2.68335157e-18,-2.06916861e-16,-2.67376916e-16,-9.30261067e-17
1.918,1.57079633,1.9085072,1.2786483e-15,4.63647154e-16,-2.1314964e-13,-6.24452976e-15,0,-0,-4.4408921e-17,0,1.16317057e-16,3.40537224e-33,-7.98455739e-30,0,2.41900692e-30,3,-2.97423514e-19,-2.09326607e-16,-2.64405223e-16,-9.69335133e-17
1.92,1.57079633,1.9085072,9.33545325e-16,-2.03499066e-15,-5.56843814e-13,-5.61066853e-15,0,-0,-4.4408921e-17,0,1.16317057e-16,2.32916512e-32,-5.23781338e-30,-0,2.52985772e-29,3,1.88588381e-18,-2.09152542e-16,-2.66690547e-16,-9.52232443e-17
1.922,1.57079633,1.9085072,4.65786261e-16,-3.85244093e-15,-3.24699394e-12,-3.90870507e-15,0,-0,-4.4408921e-17,5.55111512e-17,1.14850747e-16,7.5085112e-32,-1.82062112e-30,-0,-2.93773958e-29,3,3.15954753e-18,-2.06465728e-16,-2.73145163e-16,-8.89103026e-17
1.924,1.57079633,1.9085072,-1.19711566e-15,-1.83689009e-15,-3.54203728e-13,5.19888325e-15,0,-0,-4.4408921e-17,5.55111512e-17,1.14850747e-16,1.72781995e-32,-6.22366454e-30,-0,-1.66264199e-29,3,1.5733901e-18,-2.02926923e-16,-2.78623285e-16,-8.28761269e-17
1.926,1.57079633,1.9085072,-1.15168635e-15,8.57469597e-16,4.75228854e-13,6.20588157e-15,0,-0,-4.4408921e-17,5.55111512e-17,1.14850747e-16,6.10771008e-33,-7.14722908e-30,0,1.68777071e-29,3,-8.94899653e-19,-2.01425597e-16,-2.78897254e-16,-8.21267192e-17
1.928,1.57079633,1.9085072,-6.92545637e-16,3.03407229e-15,5.38728589e-13,4.78215178e-15,0,-0,-4.4408921e-17,5.55111512e-17,1.14850747e-16,4.71918482e-32,-3.31185835e-30,0,2.81513333e-29,3,-2.63884719e-18,-2.02599598e-16,-2.74350287e-16,-8.66466266e-17
1.93,1.57079633,1.9085072,7.15977885e-16,3.07741025e-15,1.41496276e-12,-2.23828945e-15,0,-0,-4.4408921e-17,0,1.16317057e-16,4.5761408e-32,-1.60256574e-30,0,-3.19609657e-29,3,-2.68319995e-18,-2.0580053e-16,-2.67376942e-16,-9.41425942e-17
1.932,1.57079633,1.9085072,1.27863502e-15,4.63649379e-16,-2.13146493e-13,-6.24452478e-15,0,-0,-4.4408921e-17,0,1.16317057e-16,3.40535073e-33,-7.9844681e-30,0,2.41890182e-30,3,-2.97300685e-19,-2.08210239e-16,-2.64405243e-16,-9.8050007e-17
1.934,1.57079633,1.9085072,9.33534568e-16,-2.03498886e-15,-5.56841265e-13,-5.6106645e-15,0,-0,-4.4408921e-17,0,1.16317057e-16,2.32915991e-32,-5.23774926e-30,-0,2.52985149e-29,3,1.88598331e-18,-2.08036146e-16,-2.66690564e-16,-9.6339743e-17
1.936,1.57079633,1.9085072,4.65777546e-16,-3.85243947e-15,-3.24699188e-12,-3.9087018e-15,0,-0,-4.4408921e-17,5.55111512e-17,1.14850747e-16,7.50850528e-32,-1.82058554e-30,-0,-2.93773631e-29,3,3.15962814e-18,-2.05349308e-16,-2.73145176e-16,-9.00268054e-17
1.938,1.57079633,1.9085072,-1.19712272e-15,-1.83688891e-15,-3.54202055e-13,5.19888589e-15,0,-0,-4.4408921e-17,5.55111512e-17,1.14850747e-16,1.72781951e-32,-6.22370442e-30,-0,-1.66263621e-29,3,1.5734554e-18,-2.01810484e-16,-2.78623296e-16,-8.3992633e-17
1.94,1.57079633,1.9085072,-1.15169207e-15,8.57470555e-16,4.75230209e-13,6.20588371e-15,0,-0,-4.4408921e-17,5.55111512e-17,1.14850747e-16,6.10772984e-33,-7.14726704e-30,0,1.6877747e-29,3,-8.94846749e-19,-2.00309143e-16,-2.78897263e-16,-8.32432278e-17
1.942,1.57079633,1.9085072,-6.92550271e-16,3.03407307e-15,5.38729687e-13,4.78215352e-15,0,-0,-4.4408921e-17,5.55111512e-17,1.14850747e-16,4.71918758e-32,-3.31188171e-30,0,2.81513545e-29,3,-2.63880433e-18,-2.01483131e-16,-2.74350294e-16,-8.77631375e-17
1.944,1.57079633,1.9085072,7.15974131e-16,3.07741088e-15,1.41496365e-12,-2.23828804e-15,0,-0,-4.4408921e-17,0,1.16317057e-16,4.5761421e-32,-1.60255633e-30,0,-3.19609925e-29,3,-2.68316523e-18,-2.04684053e-16,-2.67376948e-16,-9.52591068e-17
1.946,1.57079633,1.9085072,1.27863198e-15,4.63649889e-16,-2.13145773e-13,-6.24452364e-15,0,-0,-4.4408921e-17,0,1.16317057e-16,3.4053458e-33,-7.98444765e-30,0,2.41887776e-30,3,-2.97272557e-19,-2.07093754e-16,-2.64405248e-16,-9.91665209e-17
1.948,1.57079633,1.9085072,9.33532105e-16,-2.03498844e-15,-5.56840681e-13,-5.61066357e-15,0,-0,-4.4408921e-17,0,1.16317057e-16,2.32915872e-32,-5.23773457e-30,-0,2.52985006e-29,3,1.8860061e-18,-2.06919654e-16,-2.66690568e-16,-9.74562581e-17
1.95,1.57079633,1.9085072,4.65775551e-16,-3.85243913e-15,-3.24699141e-12,-3.90870106e-15,0,-0,-4.4408921e-17,5.55111512e-17,1.14850747e-16,7.50850393e-32,-1.82057739e-30,-0,-2.93773557e-29,3,3.1596466e-18,-2.04232811e-16,-2.73145179e-16,-9.11433214e-17
1.952,1.57079633,1.9085072,-1.19712434e-15,-1.83688864e-15,-3.54201672e-13,5.1988865e-15,0,-0,-4.4408921e-17,5.55111512e-17,1.14850747e-16,1.72781941e-32,-6.22371355e-30,-0,-1.66263489e-29,3,1.57347036e-18,-2.00693983e-16,-2.78623299e-16,-8.51091497e-17
1.954,1.57079633,1.9085072,-1.45345603e-15,1.17921632e-15,-4.20436533e-13,7.79013812e-15,0,-0,-4.4408921e-17,5.55111512e-17,1.39773507e-16,1.09909549e-32,-1.13226232e-29,0,3.79148286e-29,3,-1.04571596e-18,-1.99199273e-16,-2.78736392e-16,-8.44981044e-17
1.956,1.57079633,1.9085072,-8.61034237e-16,4.35471983e-15,1.17434538e-12,6.10700817e-15,0,-0,-4.4408921e-17,5.55111512e-17,1.14850747e-16,9.64629851e-32,-5.25834312e-30,0,3.94988989e-29,3,-3.60367397e-18,-2.01013748e-16,-2.71971458e-16,-9.12379311e-17
1.958,1.57079633,1.9085072,1.11507549e-15,3.39167327e-15,9.64546985e-13,-4.14022065e-15,0,-0,-4.4408921e-17,0,1.16317057e-16,5.58756057e-32,-4.61665858e-30,0,-3.92049925e-29,3,-2.87031362e-18,-2.05146334e-16,-2.63619977e-16,-1.00483741e-16
1.96,1.57079633,1.9085072,1.38997487e-15,4.59285323e-16,-3.91975048e-13,-6.90691012e-15,0,-0,-4.4408921e-17,0,1.16317057e-16,3.84595794e-33,-9.60043149e-30,0,3.2689108e-30,3,-8.59284288e-20,-2.078198e-16,-2.60473077e-16,-1.04717193e-16
1.962,1.57079633,1.9085072,9.36186974e-16,-2.12388913e-15,-6.14940115e-13,-5.76405281e-15,0,-0,-4.4408921e-17,0,1.16317057e-16,2.51584935e-32,-5.39623115e-30,-0,2.6370701e-29,3,2.16623588e-18,-2.07628078e-16,-2.62894316e-16,-1.02896983e-16
1.964,1.57079633,1.9085072,4.36970725e-16,-3.94054161e-15,-4.81518009e-13,-3.88415821e-15,0,-0,-4.4408921e-17,0,1.16317057e-16,7.83618799e-32,-1.69726343e-30,-0,2.74456696e-29,3,3.39860916e-18,-2.04840991e-16,-2.69532546e-16,-9.63904328e-17
1.966,1.57079633,1.9085072,-1.12717967e-15,-2.79290129e-15,-7.59336999e-13,4.43346931e-15,0,-0,-4.4408921e-17,5.55111512e-17,1.14850747e-16,3.82070798e-32,-4.99731646e-30,-0,-3.04850052e-29,3,2.40485804e-18,-2.00677482e-16,-2.76746983e-16,-8.87154045e-17
1.968,1.57079633,1.9085072,-1.79264064e-15,7.44851661e-16,-1.02890367e-13,9.28486096e-15,0,-0,-4.4408921e-17,5.55111512e-17,1.39773507e-16,8.21235773e-33,-1.66444191e-29,0,3.55922247e-29,3,-6.43315501e-19,-1.9824438e-16,-2.78292398e-16,-8.65224191e-17
1.97,1.57079633,1.9085072,-1.48514553e-15,4.92735955e-15,4.97113151e-12,9.42054526e-15,0,-0,-4.4408921e-17,0,1.16317057e-16,1.26872514e-31,-1.39908807e-29,0,-1.7492293e-29,3,-3.9896352e-18,-1.99622018e-16,-2.71470065e-16,-9.32061887e-17
1.972,1.57079633,1.9085072,1.1999755e-15,3.35888287e-15,8.57804962e-13,-4.50878761e-15,0,-0,-4.4408921e-17,0,1.16317057e-16,5.49538739e-32,-5.41043466e-30,0,-3.88495673e-29,3,-2.98217975e-18,-2.03706056e-16,-2.63088803e-16,-1.02698583e-16
1.974,1.57079633,1.9085072,1.40940561e-15,3.88619099e-16,-4.28278308e-13,-6.98687641e-15,0,-0,-4.4408921e-17,0,1.16317057e-16,3.83020194e-33,-9.84734284e-30,0,4.37332073e-30,3,-1.20303326e-19,-2.06248212e-16,-2.60066587e-16,-1.06907809e-16
1.976,1.57079633,1.9085072,9.35138206e-16,-2.18692807e-15,-6.23246124e-13,-5.74614531e-15,0,-0,-4.4408921e-17,0,1.16317057e-16,2.66466655e-32,-5.37344001e-30,-0,2.67662948e-29,3,2.14090856e-18,-2.05928818e-16,-2.62623055e-16,-1.05003107e-16
1.978,1.57079633,1.9085072,4.32521654e-16,-3.9854976e-15,-4.80535436e-13,-3.84535908e-15,0,-0,-4.4408921e-17,0,1.16317057e-16,8.02017248e-32,-1.66320107e-30,-0,2.73498996e-29,3,3.36550163e-18,-2.03043931e-16,-2.69365031e-16,-9.8422059e-17
1.98,1.57079633,1.9085072,-9.07173459e-16,-3.67961135e-15,-2.7137002e-12,3.05116979e-15,0,-0,-4.4408921e-17,5.55111512e-17,1.39773507e-16,6.57683693e-32,-2.76794025e-30,-0,-6.4505508e-29,3,2.96939501e-18,-1.98492542e-16,-2.77791138e-16,-8.96720904e-17
1.982,1.57079633,1.9085072,-2.04940547e-15,7.6996521e-16,2.63577976e-13,1.06121101e-14,0,-0,-4.4408921e-17,5.55111512e-17,1.39773507e-16,9.86244203e-33,-2.17485165e-29,0,4.09336717e-29,3,-7.30165537e-19,-1.95474816e-16,-2.79759122e-16,-8.69523531e-17
1.984,1.57079633,1.9085072,-1.51797678e-15,5.11689242e-15,9.23750919e-13,9.72678455e-15,0,-0,-4.4408921e-17,5.55111512e-17,1.39773507e-16,1.36374891e-31,-1.47650331e-29,0,1.03932046e-28,3,-4.27380132e-18,-1.96807726e-16,-2.72638047e-16,-9.39835376e-17
1.986,1.57079633,1.9085072,7.77535614e-16,5.69835982e-15,2.16155683e-12,-1.50341509e-15,0,-0,-4.4408921e-17,0,1.16317057e-16,1.56931396e-31,-1.16895877e-30,0,-7.21952403e-29,3,-4.76852596e-18,-2.01933728e-16,-2.60564012e-16,-1.07086072e-16
1.988,1.57079633,1.9085072,1.70685666e-15,2.5496227e-15,-1.68765901e-13,-7.6870955e-15,0,-0,-4.4408921e-17,0,1.16317057e-16,3.38354349e-32,-1.31207701e-29,0,-2.80243004e-29,3,-1.69437559e-18,-2.0673266e-16,-2.52949694e-16,-1.16295468e-16
1.99,1.57079633,1.9085072,1.31710881e-15,-6.35725651e-16,-7.05808984e-13,-7.24567469e-15,0,-0,-4.4408921e-17,0,1.16317057e-16,5.49975881e-33,-9.54334199e-30,-0,1.67926459e-29,3,1.32026125e-18,-2.08541525e-16,-2.51931412e-16,-1.18385661e-16
1.992,1.57079633,1.9085072,7.11664964e-16,-3.00126939e-15,-6.27379982e-13,-5.15396551e-15,0,-0,-4.4408921e-17,0,1.16317057e-16,4.6840492e-32,-3.66789668e-30,-0,2.93881025e-29,3,3.19128138e-18,-2.07232024e-16,-2.56301388e-16,-1.14452027e-16
1.994,1.57079633,1.9085072,2.37296809e-16,-4.53022075e-15,-4.11148634e-13,-3.18273636e-15,0,-0,-4.4408921e-17,0,1.16317057e-16,1.0245097e-31,-7.55253183e-31,-0,2.48933771e-29,3,3.99250462e-18,-2.03511721e-16,-2.64331085e-16,-1.06417599e-16
1.996,1.57079633,1.9085072,-5.39220586e-16,-4.48637427e-15,-3.43987066e-12,9.6816297e-16,0,-0,-4.4408921e-17,5.55111512e-17,1.39773507e-16,9.78281689e-32,-5.22053404e-31,-0,-8.01287547e-29,3,3.45587992e-18,-1.98477068e-16,-2.73739727e-16,-9.72042377e-17
1.998,1.57079633,1.9085072,-2.10181291e-15,-1.04480926e-16,7.46315939e-14,1.05659198e-14,0,-0,-4.4408921e-17,5.55111512e-17,1.39773507e-16,6.17332236e-33,-2.22075867e-29,-0,2.26413979e-29,3,-1.13710576e-19,-1.94752164e-16,-2.77484278e-16,-9.35315286e-17
2,1.57079633,1.9085072,-1.65715636e-15,4.44968133e-15,9.26234171e-13,1.02357136e-14,0,-0,-4.4408921e-17,5.55111512e-17,1.39773507e-16,1.05684437e-31,-1.69621779e-29,0,9.95342529e-29,3,-3.89986367e-18,-1.95281885e-16,-2.71868545e-16,-9.95032731e-17
