time,input_angle,output_angle,input_velocity,output_velocity,input_acceleration,input_torque,output_torque,static_reference_torque,deflection_m,span_error_m,closure_m,kinetic_J,input_power_W,output_power_W,equality_power_W,rows,q0,q1,q2,q3
0,1.57079633,1.9085072,0,0,6.5271761e-13,0,-0,0,0,0,6.28190294e-17,0,0,-0,0,3,0,0,0,0
0.002,1.57079633,1.9085072,8.38094063e-09,3.81752483e-09,4.31484245e-05,1.72431838e-07,-3.81752483e-09,1.78513148e-09,-1.20792265e-14,1.20459198e-14,1.236305e-14,1.3704936e-19,1.44514099e-15,-1.45734958e-17,-1.92104851e-17,3,4.96684545e-12,-5.63718869e-12,2.26234156e-12,-2.92033632e-12
0.004,1.57079633,1.9085072,3.7951089e-07,1.73004557e-07,0.000640980306,2.6171761e-06,-1.73004557e-07,8.08995082e-08,-8.13971113e-13,8.13682455e-13,8.32971773e-13,2.8124822e-16,9.93246831e-13,-2.99305767e-14,-1.30632034e-14,3,3.44371822e-10,-3.9081998e-10,1.56963705e-10,-2.02601077e-10
0.006,1.57079633,1.9085072,3.00637274e-06,1.37162178e-06,0.00291601772,1.21856927e-05,-1.37162178e-06,6.41390778e-07,-8.67199645e-12,8.66928751e-12,8.86950114e-12,1.76640821e-14,3.66347342e-11,-1.8813463e-12,-4.7595412e-13,3,3.77118688e-09,-4.2795056e-09,1.7201034e-09,-2.22004709e-09
0.008,1.57079635,1.90850721,1.21620873e-05,5.55341497e-06,0.00803542966,3.44254851e-05,-5.55341497e-06,2.59685959e-06,-4.41751524e-11,4.41613413e-11,4.51553788e-11,2.89326403e-13,4.18685754e-10,-3.08404178e-11,-5.36918109e-12,3,1.97603537e-08,-2.24221445e-08,9.01936008e-09,-1.16398364e-08
0.01,1.5707964,1.90850723,3.41305798e-05,1.55976593e-05,0.0166402128,7.32425947e-05,-1.55976593e-05,7.29369806e-06,-1.49832813e-10,1.49785961e-10,1.5307085e-10,2.28049409e-12,2.49981222e-09,-2.43286975e-10,-3.16184247e-11,3,6.89944778e-08,-7.8282409e-08,3.1513682e-08,-4.06660752e-08
0.012,1.57079651,1.90850729,7.5892855e-05,3.47124549e-05,0.0285772583,0.000129555551,-3.47124549e-05,1.62320623e-05,-3.91710575e-10,3.91588095e-10,3.99950464e-10,1.12854329e-11,9.83234065e-09,-1.20495453e-09,-1.22544475e-10,3,1.85842491e-07,-2.1084473e-07,8.49441682e-08,-1.09604153e-07
0.014,1.57079674,1.90850739,0.000143575649,6.57262963e-05,0.0430271883,0.000201462271,-6.57262963e-05,3.07346007e-05,-8.53866622e-10,8.53599691e-10,8.71339052e-10,4.04257623e-11,2.89250763e-08,-4.31994603e-09,-3.54804229e-10,3,4.17789004e-07,-4.73961492e-07,1.91095047e-07,-2.46548034e-07
0.016,1.57079715,1.90850758,0.000241405295,0.00011060701,0.0589265533,0.00028568106,-0.00011060701,5.17215033e-05,-1.62801439e-09,1.62750563e-09,1.66040168e-09,1.14386316e-10,6.89649205e-08,-1.22339107e-08,-8.3126722e-10,3,8.22292777e-07,-9.32784573e-07,3.76376346e-07,-4.85547265e-07
0.018,1.57079779,1.90850787,0.000371595677,0.00017040543,0.0754565256,0.000379458368,-0.00017040543,7.96841659e-05,-2.80294912e-09,2.80207307e-09,2.85713347e-09,2.71272073e-10,1.41005089e-07,-2.90380105e-08,-1.66686983e-09,3,1.46268978e-06,-1.65911541e-06,6.69960994e-07,-8.6420027e-07
0.02,1.57079873,1.9085083,0.000535118538,0.000245602461,0.0923633688,0.000482003975,-0.000245602461,0.000114847484,-4.45802057e-09,4.45662734e-09,4.54174451e-09,5.63040951e-10,2.57929262e-07,-6.03205688e-08,-2.98374057e-09,3,2.40502032e-06,-2.72780619e-06,1.10233379e-06,-1.42178084e-06
0.022,1.57080004,1.90850891,0.00073289884,0.000336652568,0.109979229,0.000594834046,-0.000336652568,0.000157423999,-6.66269497e-09,6.66061289e-09,6.78427571e-09,1.05703469e-09,4.35953182e-07,-1.13334951e-07,-4.92438815e-09,3,3.71702016e-06,-4.21561806e-06,1.70482187e-06,-2.19863258e-06
0.024,1.5708018,1.90850971,0.000966828361,0.000444447223,0.128965394,0.000720977233,-0.000444447223,0.000207830614,-9.48126688e-09,9.47830425e-09,9.64946823e-09,1.84093496e-09,6.97061237e-07,-1.97533334e-07,-7.67576091e-09,3,5.46936622e-06,-6.20263744e-06,2.51015369e-06,-3.23689124e-06
0.026,1.57080406,1.90851076,0.00124013994,0.000570488567,0.149927187,0.000863533688,-0.000570488567,0.000266769809,-1.29795521e-08,1.29754968e-08,1.32036264e-08,3.03103937e-09,1.07090262e-06,-3.25457205e-07,-1.14878785e-08,3,7.73819794e-06,-8.77513856e-06,3.55360468e-06,-4.58196371e-06
0.028,1.57080693,1.90851208,0.00155703144,0.000716720927,0.173093683,0.00102432666,-0.000716720927,0.000335150858,-1.72298546e-08,1.72244721e-08,1.75196869e-08,4.78107908e-09,1.59490881e-06,-5.13688888e-07,-1.66736939e-08,3,1.0607436e-05,-1.20282141e-05,4.87405675e-06,-6.28389507e-06
0.03,1.5708105,1.90851372,0.00192179006,0.000885132997,0.198204784,0.00120326492,-0.000885132997,0.000413903808,-2.2311746e-08,2.23047772e-08,2.26779926e-08,7.28780883e-09,2.31242256e-06,-7.83460422e-07,-2.35870384e-08,3,1.41696629e-05,-1.60667727e-05,6.51440622e-06,-8.39789389e-06
0.032,1.57081485,1.90851572,0.0023378745,0.00107733852,0.224636438,0.0013986375,-0.00107733852,0.000503783413,-2.83084443e-08,2.82996042e-08,2.87625707e-08,1.07909465e-08,3.26983895e-06,-1.16065829e-06,-3.25873911e-08,3,1.8525123e-05,-2.10044025e-05,8.52111457e-06,-1.0983751e-05
0.034,1.57082011,1.90851815,0.00280738341,0.00129433148,0.251680532,0.00160810441,-0.00129433148,0.000605254652,-3.53006859e-08,3.52896652e-08,3.58548684e-08,1.55681429e-08,4.51456565e-06,-1.67529398e-06,-4.40094269e-08,3,2.37793166e-05,-2.69606401e-05,1.09431141e-05,-1.41044258e-05
0.036,1.57082637,1.90852103,0.0033311139,0.0015365098,0.278832748,0.0018298475,-0.0015365098,0.000718503825,-4.3360983e-08,4.334745e-08,4.40279021e-08,2.19289401e-08,6.09543044e-06,-2.36086236e-06,-5.81557962e-08,3,3.00402596e-05,-3.40578618e-05,1.38305555e-05,-1.782443e-05
0.038,1.57083374,1.90852444,0.00390911719,0.0018039266,0.305953495,0.00206332799,-0.0018039266,0.000843556043,-5.25506907e-08,5.25342953e-08,5.33432963e-08,3.02129781e-08,8.06579092e-06,-3.25415117e-06,-7.5319527e-08,3,3.74165178e-05,-4.24190546e-05,1.72339035e-05,-2.22086609e-05
0.04,1.57084234,1.90852841,0.00454143693,0.00209662642,0.333240464,0.00230933918,-0.00209662642,0.000980432462,-6.29207709e-08,6.29011482e-08,6.38520994e-08,4.07956073e-08,1.04877182e-05,-4.39584235e-06,-9.58233956e-08,3,4.60166393e-05,-5.21671748e-05,2.12036676e-05,-2.73220554e-05
0.042,1.57085228,1.90853299,0.00522866416,0.00241489951,0.361045697,0.00256940426,-0.00241489951,0.00112926919,-7.45153355e-08,7.4492108e-08,7.55984283e-08,5.40993258e-08,1.3434552e-05,-5.83173966e-06,-1.2005078e-07,3,5.59498861e-05,-6.34259808e-05,2.57907272e-05,-3.32300107e-05
0.044,1.57086365,1.90853825,0.00597206751,0.00275934317,0.389639004,0.00284486931,-0.00275934317,0.00129034601,-8.73758729e-08,8.73486514e-08,8.86237943e-08,7.06049784e-08,1.69897516e-05,-7.61397475e-06,-1.48445448e-07,3,6.73275665e-05,-7.63215453e-05,3.10469334e-05,-3.99991623e-05
0.046,1.57087659,1.90854423,0.00677328058,0.00313072105,0.419033832,0.00313614662,-0.00313072105,0.00146402054,-1.01543981e-07,1.01512364e-07,1.02969886e-07,9.08554676e-08,2.1242001e-05,-9.80141428e-06,-1.81474514e-07,3,8.02640586e-05,-9.0983417e-05,3.70255744e-05,-4.76979851e-05
0.048,1.5708912,1.90855098,0.00763373772,0.00352970649,0.448950249,0.00344244513,-0.00352970649,0.00165060829,-1.17061364e-07,1.17024943e-07,1.18678554e-07,1.15447905e-07,2.62787233e-05,-1.24588279e-05,-2.19569038e-07,3,9.48768524e-05,-0.000107544668,4.37813957e-05,-5.63968188e-05
0.05,1.57090761,1.90855857,0.00855414595,0.0039566411,0.478917906,0.00376206232,-0.0039566411,0.00185026972,-1.33967289e-07,1.3392564e-07,1.35789191e-07,1.45016038e-07,3.21812301e-05,-1.56550088e-05,-2.63069514e-07,3,0.000111285463,-0.000126140658,5.13701051e-05,-6.61672294e-05
0.052,1.57092594,1.90856705,0.00953423428,0.00441141883,0.508456295,0.00409304211,-0.00441141883,0.00206295605,-1.52294834e-07,1.52247528e-07,1.54334913e-07,1.8021015e-07,3.90240224e-05,-1.94606161e-05,-3.12202397e-07,3,0.000129609609,-0.00014690697,5.98475389e-05,-7.70809334e-05
0.054,1.57094629,1.90857647,0.0105728668,0.00489353581,0.537240227,0.00443385392,-0.00489353581,0.00228843257,-1.72067747e-07,1.72014352e-07,1.74339353e-07,2.21683328e-07,4.6878547e-05,-2.39466927e-05,-3.67098602e-07,3,0.00014996734,-0.000169977285,6.92688044e-05,-8.92086912e-05
0.056,1.5709688,1.90858689,0.0116684276,0.00540226479,0.565175111,0.00478377425,-0.00540226479,0.00252636019,-1.93299219e-07,1.932393e-07,1.95815423e-07,2.70089709e-07,5.58191237e-05,-2.91844648e-05,-4.27842641e-07,3,0.000172473763,-0.000195481938,7.96876895e-05,-0.000102619546
0.058,1.57099357,1.90859836,0.0128192688,0.00593685946,0.592356624,0.00514282509,-0.00593685946,0.00277639101,-2.15992876e-07,2.15926002e-07,2.18766359e-07,3.26093519e-07,6.59272574e-05,-3.52463002e-05,-4.94523556e-07,3,0.00019724065,-0.000223547475,9.11564744e-05,-0.000117380583
0.06,1.5710207,1.90861093,0.014024006,0.00649669012,0.618945974,0.0055113452,-0.00649669012,0.00303823176,-2.40145247e-07,2.40070993e-07,2.43188238e-07,3.90381e-07,7.72911382e-05,-4.22069825e-05,-5.67256779e-07,3,0.00022437678,-0.000254297041,0.000103726081,-0.000133557124
0.062,1.57105032,1.90862465,0.0152815398,0.00708125474,0.645027942,0.00588943346,-0.00708125474,0.00331164897,-2.6574834e-07,2.65666286e-07,2.69072618e-07,4.63664693e-07,8.99996116e-05,-5.01441687e-05,-6.46161134e-07,3,0.000253988538,-0.000287851064,0.000117446338,-0.00015121307
0.064,1.57108251,1.90863957,0.0165908224,0.00769007367,0.670519852,0.00627653804,-0.00769007367,0.00359641974,-2.92791082e-07,2.92700818e-07,2.96407998e-07,5.46672644e-07,0.000104132928,-5.9137233e-05,-7.31299059e-07,3,0.000286180227,-0.000324327607,0.000132366123,-0.000170411084
0.066,1.57111738,1.90865574,0.0179505063,0.00832252953,0.695168605,0.00667136778,-0.00832252953,0.00389225688,-3.21259042e-07,3.21160168e-07,3.25179523e-07,6.40122641e-07,0.00011975443,-6.92644978e-05,-8.22607645e-07,3,0.000321053733,-0.000363841986,0.000148533207,-0.000191212393
0.068,1.57115503,1.9086732,0.0193586516,0.00897773322,0.718627971,0.00707213394,-0.00897773322,0.00419874618,-3.51132721e-07,3.51024849e-07,3.55367237e-07,7.44689336e-07,0.000136906977,-8.05996938e-05,-9.19853264e-07,3,0.000358707541,-0.000406505656,0.000165993802,-0.000213676204
0.07,1.57119556,1.90869199,0.020812623,0.00965447609,0.740571739,0.00747697511,-0.00965447609,0.00451532412,-3.82385347e-07,3.82268104e-07,3.86943828e-07,8.60976017e-07,0.000155615464,-9.32089085e-05,-1.02263092e-06,3,0.000399235386,-0.000452424681,0.000184791941,-0.000237858905
0.072,1.57123905,1.90871217,0.022309207,0.0103512822,0.760786309,0.00788434883,-0.0103512822,0.00484130219,-4.14981251e-07,4.14854281e-07,4.19872971e-07,9.89500466e-07,0.00017589357,-0.000107149042,-1.13040706e-06,3,0.000442724975,-0.00050169828,0.00020496889,-0.000263813308
0.074,1.57128558,1.90873376,0.0238448716,0.0110665262,0.77920189,0.00829321166,-0.0110665262,0.00517592211,-4.48875509e-07,4.48738477e-07,4.54108986e-07,1.130697e-06,0.000197750567,-0.000122468002,-1.24258278e-06,3,0.000489257145,-0.000554417883,0.000226562758,-0.000291588142
0.076,1.57133523,1.90875681,0.0254160349,0.0117985562,0.7958544,0.00870292722,-0.0117985562,0.00551841318,-4.84014909e-07,4.83867505e-07,4.8959782e-07,1.28492811e-06,0.000221193902,-0.000139205929,-1.3585445e-06,3,0.000538905571,-0.000610666789,0.000249608353,-0.000321227877
0.078,1.57138806,1.90878134,0.0270192189,0.0125457645,0.810803285,0.00911297466,-0.0125457645,0.00586802534,-5.20339652e-07,5.20181591e-07,5.26278795e-07,1.45249397e-06,0.000246225457,-0.000157396207,-1.47767631e-06,3,0.000591736883,-0.000670520309,0.000274137227,-0.00035277278
0.08,1.57144414,1.90880738,0.0286510305,0.0133065795,0.824048361,0.00952261576,-0.0133065795,0.00622402555,-5.57784949e-07,5.57615975e-07,5.64086236e-07,1.63362876e-06,0.000272832755,-0.000177065059,-1.59932895e-06,3,0.000647810878,-0.000734046005,0.000300177772,-0.000386259038
0.082,1.57150351,1.90883496,0.0303080005,0.0140793933,0.835484645,0.00993068095,-0.0140793933,0.00658566366,-5.96281809e-07,5.96101693e-07,6.02950264e-07,1.82847997e-06,0.000300979084,-0.000198229314,-1.72276272e-06,3,0.000707180503,-0.00080130367,0.000327755204,-0.000421718745
0.084,1.57156622,1.90886409,0.031986373,0.014862465,0.844912319,0.0103355626,-0.014862465,0.00695212746,-6.3575677e-07,6.35565317e-07,6.42796524e-07,2.03707558e-06,0.000330597162,-0.000220892866,-1.84709469e-06,3,0.00076989144,-0.000872344859,0.000356891373,-0.00045917965
0.086,1.57163231,1.90889481,0.0336819516,0.015653851,0.852091442,0.0107353979,-0.015653851,0.0073225097,-6.76130866e-07,6.75927911e-07,6.83545112e-07,2.25929057e-06,0.000361589154,-0.000245043051,-1.97127831e-06,3,0.000835981322,-0.000947212003,0.000387604399,-0.000498664698
0.088,1.57170181,1.90892711,0.0353900716,0.0164513911,0.856811278,0.0111283367,-0.0164513911,0.00769580181,-7.17318426e-07,7.17103838e-07,7.25109364e-07,2.49482503e-06,0.000393832633,-0.000270648269,-2.09412668e-06,3,0.000905478801,-0.00102593734,0.000419908243,-0.00054019147
0.09,1.57177473,1.90896101,0.0371057015,0.0172527543,0.858940498,0.0115127621,-0.0172527543,0.00807091525,-7.59226357e-07,7.59000042e-07,7.67395115e-07,2.74320035e-06,0.000427189115,-0.00029765753,-2.21436973e-06,3,0.000978402713,-0.001108542,0.00045381232,-0.000583771692
0.092,1.57185109,1.90899652,0.0388236159,0.0180555176,0.858436998,0.0118873675,-0.0180555176,0.00844671826,-8.01754245e-07,8.01516147e-07,8.10300817e-07,3.00377107e-06,0.000461510588,-0.000326001714,-2.33071938e-06,3,0.00105476156,-0.00119503537,0.000489321255,-0.000629410919
0.094,1.57193088,1.90903364,0.0405385564,0.0188572395,0.855317137,0.0122510692,-0.0188572395,0.00882207025,-8.44795219e-07,8.44545323e-07,8.53718413e-07,3.2757429e-06,0.000496640661,-0.00035559548,-2.44191494e-06,3,0.00113455334,-0.00128541496,0.000526434795,-0.000677108425
0.096,1.57201409,1.90907235,0.0422453104,0.0196554963,0.849603141,0.0126028166,-0.0196554963,0.00919583881,-8.88237167e-07,8.87975495e-07,8.97534586e-07,3.55818468e-06,0.0005324099,-0.000386338535,-2.5467323e-06,3,0.00121776558,-0.00137966638,0.000565147825,-0.000726857229
0.098,1.5721007,1.90911265,0.0439386839,0.0204478707,0.841275589,0.0129413975,-0.0204478707,0.00956689423,-9.31963778e-07,9.31690397e-07,9.41631815e-07,3.85002634e-06,0.000568627975,-0.000418115416,-2.64395982e-06,3,0.00130437542,-0.0014777635,0.000605450394,-0.000778644126
0.1,1.57219068,1.90915453,0.0456133983,0.0212319043,0.830252662,0.0132653335,-0.0212319043,0.00993408738,-9.75855041e-07,9.75570057e-07,9.85888881e-07,4.15004295e-06,0.000605076942,-0.000450793758,-2.73236048e-06,3,0.00139434952,-0.00157966831,0.000647327677,-0.000832449644
0.102,1.57228397,1.90919796,0.0472639696,0.0220050429,0.81640307,0.0135729048,-0.0220050429,0.0102962241,-1.01978711e-06,1.01949067e-06,1.03018072e-06,4.45683265e-06,0.000641509362,-0.000484221914,-2.81064577e-06,3,0.00148764374,-0.00168533056,0.000690759817,-0.000888247843
0.104,1.57238053,1.90924292,0.0488846353,0.0227646031,0.799583138,0.0138622809,-0.0227646031,0.0106520493,-1.06363178e-06,1.06332408e-06,1.07437789e-06,4.76880016e-06,0.000677652544,-0.000518227154,-2.87747994e-06,3,0.00158420265,-0.00179468722,0.000735721691,-0.000946006015
0.106,1.57248029,1.90928938,0.0504693613,0.0235077747,0.779678292,0.0141316858,-0.0235077747,0.0110002484,-1.10725592e-06,1.10693718e-06,1.11834598e-06,5.08415513e-06,0.000713217155,-0.000552615469,-2.9315177e-06,3,0.00168395893,-0.00190766177,0.000782182647,-0.00100568435
0.108,1.57258316,1.90933731,0.052011924,0.0242316578,0.756629218,0.0143795198,-0.0242316578,0.0113394644,-1.15052131e-06,1.15019182e-06,1.16194548e-06,5.40092783e-06,0.00074790649,-0.00058717324,-2.97146234e-06,3,0.00178683293,-0.00202416377,0.000830106293,-0.00106723566
0.11,1.57268906,1.90938665,0.0535060248,0.0249333156,0.730432211,0.0146043857,-0.0249333156,0.0116683225,-1.19328499e-06,1.19294506e-06,1.20503205e-06,5.71699705e-06,0.000781422625,-0.000621670225,-2.99612278e-06,3,0.00189273247,-0.00214408854,0.000879450383,-0.00113060524
0.112,1.57279788,1.90943737,0.0549453869,0.0256098181,0.701116363,0.01480502,-0.0256098181,0.011985451,-1.23539997e-06,1.23504997e-06,1.24745737e-06,6.03012007e-06,0.00081346755,-0.000655862782,-3.00445032e-06,3,0.00200155276,-0.00226731716,0.000930166801,-0.00119573087
0.114,1.5729095,1.9094894,0.056323797,0.026258262,0.668710723,0.0149801714,-0.026258262,0.0122894898,-1.27671619e-06,1.27635651e-06,1.28907001e-06,6.33795536e-06,0.000843740133,-0.000689496323,-2.99554732e-06,3,0.00211317656,-0.0023937166,0.000982201602,-0.00126254282
0.116,1.5730238,1.9095427,0.0576350827,0.0268757606,0.633217859,0.0151284921,-0.0268757606,0.0125790865,-1.31708125e-06,1.31671234e-06,1.32971623e-06,6.63807364e-06,0.000871931895,-0.000722306507,-2.96865456e-06,3,0.00222747423,-0.00252313981,0.00103549506,-0.00133096398
0.118,1.57314063,1.90959718,0.0588730506,0.0274594156,0.594605494,0.0152484904,-0.0274594156,0.0128528826,-1.3563408e-06,1.35596314e-06,1.36924031e-06,6.92796016e-06,0.000897725147,-0.000754019503,-2.92313336e-06,3,0.0023443038,-0.00265542578,0.00108998167,-0.00140090982
0.12,1.57325984,1.90965279,0.0600314219,0.028006288,0.552818235,0.0153385634,-0.028006288,0.0131095,-1.39433854e-06,1.39395265e-06,1.40748466e-06,7.20501632e-06,0.00092079577,-0.000784352166,-2.85845986e-06,3,0.0024635108,-0.00279039936,0.00114559007,-0.00147228832
0.122,1.57338125,1.90970944,0.0611038039,0.0285133849,0.507801844,0.0153970866,-0.0285133849,0.0133475351,-1.43091607e-06,1.4305225e-06,1.44428952e-06,7.4665696e-06,0.00094082056,-0.000813013121,-2.77424115e-06,3,0.00258492806,-0.00292787104,0.00120224297,-0.00154499983
0.124,1.5735047,1.90976706,0.0620837112,0.0289776692,0.459527444,0.0154225145,-0.0289776692,0.0135655628,-1.46591273e-06,1.46551208e-06,1.47949292e-06,7.70989725e-06,0.00095748694,-0.000839705315,-2.67025138e-06,3,0.00270837551,-0.00306763671,0.00125985702,-0.00161893701
0.126,1.57362999,1.90982554,0.0629646288,0.029396088,0.408004431,0.0154134455,-0.029396088,0.0137621503,-1.49916575e-06,1.49875863e-06,1.51293074e-06,7.93226299e-06,0.000970501877,-0.000864129988,-2.54647658e-06,3,0.00283366005,-0.00320947753,0.00131834279,-0.00169398468
0.128,1.5737569,1.90988481,0.0637400883,0.0297656077,0.353277304,0.0153686261,-0.0297656077,0.0139358732,-1.53051065e-06,1.53009773e-06,1.54443716e-06,8.13096065e-06,0.000979597584,-0.000885991401,-2.40315345e-06,3,0.00296057561,-0.00335315999,0.00137760474,-0.00177001988
0.13,1.57388523,1.90994474,0.0644037276,0.0300832418,0.295409622,0.0152869005,-0.0300832418,0.0140853287,-1.55978194e-06,1.5593639e-06,1.57384537e-06,8.30335665e-06,0.000984533375,-0.000905001438,-2.24079156e-06,3,0.0030889033,-0.0034984361,0.00143754133,-0.00184691197
0.132,1.57401474,1.91000525,0.0649493143,0.0303460615,0.234463943,0.0151671364,-0.0303460615,0.0142091404,-1.58681381e-06,1.58639138e-06,1.60098826e-06,8.44692523e-06,0.000985095108,-0.00092088345,-2.060177e-06,3,0.00321841167,-0.00364504365,0.00149804513,-0.00192452278
0.134,1.57414518,1.9100662,0.0653707307,0.0305511896,0.170487509,0.0150081652,-0.0305511896,0.0143059557,-1.61144074e-06,1.61101466e-06,1.62569905e-06,8.55927522e-06,0.000981094726,-0.000933375186,-1.86236392e-06,3,0.00334885694,-0.00379270655,0.0015590029,-0.00200270673
0.136,1.57427631,1.9101275,0.0656619397,0.0306957848,0.10350975,0.0148087647,-0.0306957848,0.0143744384,-1.63349784e-06,1.63306887e-06,1.64781159e-06,8.63817211e-06,0.000972372215,-0.000942231207,-1.64866478e-06,3,0.00347998323,-0.00394113498,0.0016202957,-0.00208131098
0.138,1.57440785,1.910189,0.0658169545,0.0307770285,0.033551494,0.0145676889,-0.0307770285,0.0144132622,-1.65282097e-06,1.65238991e-06,1.66716055e-06,8.68156157e-06,0.000958800918,-0.000947225483,-1.42064856e-06,3,0.00361152262,-0.00409002556,0.00168179895,-0.00216017547
0.14,1.57453952,1.91025058,0.0658298324,0.0307921215,-0.0393596453,0.0142837278,-0.0307921215,0.0144211099,-1.66924681e-06,1.66881447e-06,1.68358143e-06,8.68760031e-06,0.000940295408,-0.000948154748,-1.18015059e-06,3,0.0037431953,-0.00423906147,0.00174338242,-0.00223913297
0.142,1.57467104,1.91031211,0.0656947,0.0307382961,-0.115175537,0.0139557673,-0.0307382961,0.0143966783,-1.68261296e-06,1.68218018e-06,1.69691067e-06,8.65469575e-06,0.000916819946,-0.000944842844,-9.29290539e-07,3,0.00387470963,-0.00438791253,0.00180491037,-0.00231800918
0.144,1.57480209,1.91037344,0.0654057995,0.0306128369,-0.193821689,0.0135828228,-0.0306128369,0.0143386886,-1.69275821e-06,1.69232583e-06,1.70698593e-06,8.58155256e-06,0.000888395384,-0.000937145785,-6.70491165e-07,3,0.00400576237,-0.00453623548,0.00186624154,-0.00239662283
0.146,1.57493237,1.91043443,0.0649575403,0.0304131054,-0.275201187,0.0131640349,-0.0304131054,0.0142458976,-1.69952297e-06,1.69909186e-06,1.71364654e-06,8.46722047e-06,0.000855103328,-0.000924956979,-4.06489947e-07,3,0.00413603897,-0.00468367427,0.00192722935,-0.00247478584
0.148,1.57506154,1.91049492,0.0643445362,0.0301365565,-0.35920558,0.0126986349,-0.0301365565,0.0141171058,-1.70274989e-06,1.70232093e-06,1.71673411e-06,8.3111382e-06,0.000817087774,-0.000908212037,-1.40339452e-07,3,0.00426521395,-0.00482986052,0.00198772207,-0.00255230357
0.15,1.57518928,1.91055477,0.0635616192,0.0297807458,-0.445726925,0.0121859,-0.0297807458,0.0139511607,-1.70228442e-06,1.7018585e-06,1.71609308e-06,8.11317036e-06,0.000774555535,-0.00088689282,1.24602909e-07,3,0.00439295132,-0.00497441402,0.00204756299,-0.00262897507
0.152,1.57531523,1.91061379,0.0626038319,0.0293433263,-0.534665321,0.011625122,-0.0293433263,0.0137469552,-1.69797526e-06,1.69755328e-06,1.71157123e-06,7.87363779e-06,0.000727777186,-0.000861030796,3.84691238e-07,3,0.00451890502,-0.00511694317,0.00210659064,-0.00270459333
0.154,1.57543905,1.91067184,0.0614664099,0.0288220407,-0.62592893,0.0110156039,-0.0288220407,0.0135034244,-1.68967473e-06,1.68925761e-06,1.70302002e-06,7.5933447e-06,0.000677089624,-0.000830710028,6.36008225e-07,3,0.00464271934,-0.00525704548,0.00216463896,-0.0027789455
0.156,1.57556036,1.91072874,0.06014477,0.0282147164,-0.719427335,0.0103566833,-0.0282147164,0.013219543,-1.67723896e-06,1.67682762e-06,1.69029477e-06,7.27360622e-06,0.000622900335,-0.00079607022,8.74379417e-07,3,0.00476402924,-0.00539430798,0.0022215375,-0.00285181317
0.158,1.57567879,1.91078431,0.0586345147,0.0275192676,-0.815062088,0.00964777135,-0.0275192676,0.0128943266,-1.66052803e-06,1.6601234e-06,1.67325481e-06,6.91627899e-06,0.000565692391,-0.000757310088,1.09538441e-06,3,0.00488246077,-0.00552830761,0.00227711155,-0.00292297254
0.16,1.57579396,1.91083838,0.0569314539,0.0267337058,-0.912719185,0.0088883876,-0.0267337058,0.0125268367,-1.63940622e-06,1.63900924e-06,1.65176378e-06,6.5237945e-06,0.000506028829,-0.000714691023,1.29436744e-06,3,0.00499763141,-0.00565861167,0.00233118236,-0.00299219463
0.162,1.57590548,1.91089077,0.0550316391,0.0258561553,-1.01226685,0.00807817636,-0.0258561553,0.0121161879,-1.61374229e-06,1.6133539e-06,1.62568985e-06,6.09919253e-06,0.000444555286,-0.000668540767,1.46645092e-06,3,0.00510915059,-0.00578477838,0.00238356735,-0.00305924564
0.164,1.57601295,1.91094128,0.052931397,0.0248848694,-1.11355911,0.00721690012,-0.0248848694,0.0116615558,-1.58340993e-06,1.58303107e-06,1.59490623e-06,5.64615119e-06,0.000382000605,-0.000619256726,1.60655429e-06,3,0.00521662016,-0.00590635739,0.00243408033,-0.00312388719
0.166,1.57611596,1.91098973,0.0506273524,0.0238182411,-1.21644307,0.0063044163,-0.0238182411,0.0111621819,-1.5482882e-06,1.54791984e-06,1.55929165e-06,5.16901077e-06,0.000319175906,-0.000567308608,1.7094188e-06,3,0.00531963499,-0.00602289054,0.0024825318,-0.00318587669
0.168,1.57621411,1.91103593,0.0481164372,0.0226548072,-1.32076597,0.00534065093,-0.0226548072,0.0106173758,-1.50826203e-06,1.50790514e-06,1.5187308e-06,4.6727905e-06,0.000256973095,-0.000513240289,1.76963678e-06,3,0.0054177836,-0.00613391244,0.00252872922,-0.0032449677
0.17,1.57630698,1.91107968,0.0453958856,0.0213932474,-1.42637914,0.00432558278,-0.0213932474,0.0100265149,-1.46322258e-06,1.46287812e-06,1.47311478e-06,4.16319929e-06,0.000196363661,-0.000457671033,1.78168339e-06,3,0.00551064874,-0.00623895125,0.00257247731,-0.00330091031
0.172,1.57639413,1.91112078,0.0424632264,0.0200323805,-1.53313712,0.00325924488,-0.0200323805,0.00938904248,-1.4130675e-06,1.41273645e-06,1.42234142e-06,3.64664254e-06,0.000138398053,-0.000401296267,1.73994944e-06,3,0.005597808,-0.00633752928,0.00261357832,-0.00335345147
0.174,1.57647516,1.91115903,0.0393162793,0.0185711632,-1.64089323,0.00214174182,-0.0185711632,0.00870446762,-1.35770118e-06,1.35738454e-06,1.36631552e-06,3.13022668e-06,8.42053194e-05,-0.000344888102,1.63877495e-06,3,0.00567883441,-0.0064291637,0.00265183232,-0.00340233536
0.176,1.57654962,1.91119424,0.0359531618,0.0170086938,-1.74949392,0.000973273734,-0.0170086938,0.00797236669,-1.29703492e-06,1.29673368e-06,1.30494912e-06,2.62176188e-06,3.4992268e-05,-0.000289295663,1.47248435e-06,3,0.00575329698,-0.00651336714,0.00268703744,-0.00344730373
0.178,1.57661709,1.91122619,0.0323723061,0.0153442198,-1.85877487,-0.000245844222,-0.0153442198,0.00719238735,-1.23098716e-06,1.23070233e-06,1.23816183e-06,2.1297619e-06,-7.95854439e-06,-0.000235445081,1.23542408e-06,3,0.00582076136,-0.00658964845,0.00271899023,-0.00348809627
0.18,1.57667712,1.91125469,0.0285724818,0.013577149,-1.96856049,-0.00151517486,-0.013577149,0.00636425361,-1.15948374e-06,1.15921636e-06,1.16588133e-06,1.66343916e-06,-4.3292306e-05,-0.000184338976,9.22002788e-07,3,0.00588079049,-0.0066575134,0.0027474859,-0.00352445102
0.182,1.57672927,1.91127952,0.0245528165,0.0117070593,-2.07866689,-0.00283416579,-0.0117070593,0.00548777059,-1.08245829e-06,1.0822094e-06,1.08804394e-06,1.23269347e-06,-6.95867528e-05,-0.000137055237,5.26733535e-07,3,0.00593294527,-0.00671646544,0.0027723187,-0.00355610475
0.184,1.57677311,1.91130048,0.0203128092,0.00973370465,-2.18890657,-0.00420216508,-0.00973370465,0.00456282759,-9.99852524e-07,9.99623201e-07,1.00459547e-06,8.48093478e-07,-8.53577774e-05,-9.47450062e-05,4.42766797e-08,3,0.00597678534,-0.0067660066,0.00279328227,-0.00358279344
0.186,1.5768082,1.91131737,0.0158523336,0.00765701774,-2.29909266,-0.00561843695,-0.00765701774,0.00358939919,-9.1161662e-07,9.11407949e-07,9.15492364e-07,5.2085139e-07,-8.90653368e-05,-5.86299206e-05,-5.30517464e-07,3,0.00601186981,-0.00680563825,0.00281016997,-0.0036042527
0.188,1.57683408,1.91132998,0.0111716357,0.00547710854,-2.40904085,-0.00708217003,-0.00547710854,0.00256754485,-8.17709456e-07,8.17522556e-07,8.20703493e-07,2.62791938e-07,-7.91194235e-05,-2.9998718e-05,-1.20256626e-06,3,0.00603775797,-0.006834862,0.00282277523,-0.00362021823
0.19,1.57685034,1.91133809,0.00627132824,0.00319426249,-2.51856853,-0.00859247485,-0.00319426249,0.00149740808,-7.1809883e-07,7.17934851e-07,7.20213392e-07,8.63165808e-08,-5.38862302e-05,-1.02033129e-05,-1.97651187e-06,3,0.00605401011,-0.00685318049,0.00283089194,-0.00363042626
0.192,1.57685651,1.91134152,0.00115238971,0.00080894007,-2.62749188,-0.0101483725,-0.00080894007,0.000379216313,-6.12761615e-07,6.12621742e-07,6.14029137e-07,4.36332324e-09,-1.16948801e-05,-6.54384038e-07,-2.85667662e-06,3,0.00606018816,-0.0068600982,0.00283431478,-0.00363461399
0.194,1.57685218,1.91134004,-0.00418383098,-0.00167822076,-2.73562269,-0.011748781,0.00167822076,-0.000786717813,-5.01683907e-07,5.01569364e-07,5.02197299e-07,3.03616884e-08,4.91549139e-05,-2.8164249e-06,-3.8470163e-06,3,0.00605585649,-0.00685512233,0.00283283956,-0.00363252001
0.196,1.57683691,1.91133347,-0.00973560394,-0.00426639951,-2.84276649,-0.0133925051,0.00426639951,-0.00199999409,-3.84861184e-07,3.84773241e-07,3.84854619e-07,1.78181994e-07,0.000130384125,-1.82021648e-05,-4.95107174e-06,3,0.00604058264,-0.00683776357,0.00282626361,-0.00362388477
0.198,1.57681026,1.91132159,-0.0155008056,-0.00695458722,-2.94872285,-0.015078235,0.00695458722,-0.00326012184,-2.62298506e-07,2.62238481e-07,2.62429938e-07,4.62078219e-07,0.00023372479,-4.83662834e-05,-6.17192067e-06,3,0.00601393809,-0.00680753702,0.00281438611,-0.00360845106
0.2,1.57677183,1.91130421,-0.0214769084,-0.00974158145,-3.05328762,-0.016804553,0.00974158145,-0.00456651757,-1.34010725e-07,1.33979992e-07,1.37019333e-07,8.96624368e-07,0.000360909844,-9.48984091e-05,-7.51213187e-06,3,0.00597549908,-0.0067639631,0.00279700853,-0.00358596445
0.202,1.57672117,1.91128114,-0.0276609753,-0.0126259838,-3.15625601,-0.0185699441,0.0126259838,-0.00591850369,-2.26981101e-11,2.26927921e-11,4.81112264e-08,1.49664495e-06,0.000513662765,-0.000159415466,-8.97372333e-06,3,0.00592484743,-0.00670656838,0.00277393496,-0.00355617382
0.204,1.5766579,1.91125217,-0.034049661,-0.0156061999,-3.25742511,-0.0203728068,0.0156061999,-0.00731530865,1.39630528e-07,-1.39598304e-07,1.55389437e-07,2.27714057e-06,0.000693687166,-0.000243553477,-1.05581244e-05,3,0.00586157131,-0.00663488662,0.00274497256,-0.0035188318
0.206,1.57658159,1.91121713,-0.0406392164,-0.0186804421,-3.35659488,-0.0222114577,0.0186804421,-0.00875606786,2.8490358e-07,-2.84837551e-07,2.98451175e-07,3.25320945e-06,0.000902656237,-0.000348958917,-1.22661409e-05,3,0.00578526612,-0.00654845954,0.0027099319,-0.00347369532
0.208,1.57649186,1.91117583,-0.0474254943,-0.021846731,-3.4535674,-0.02408413,0.021846731,-0.0102398249,4.35740669e-07,-4.35639181e-07,4.4947928e-07,4.43996529e-06,0.00114220177,-0.000477279656,-1.40979216e-05,3,0.00569553523,-0.00644683785,0.00266862738,-0.00342052602
0.21,1.57638832,1.91112808,-0.0544039521,-0.0251028977,-3.5481452,-0.0259889675,0.0251028977,-0.011765532,5.92075533e-07,-5.91936842e-07,6.06683476e-07,5.85245124e-06,0.00141390254,-0.000630155472,-1.60529244e-05,3,0.00559199083,-0.00632958203,0.00262087757,-0.00335909078
0.212,1.57627058,1.91107371,-0.0615696516,-0.028446583,-3.64012947,-0.0279240178,0.028446583,-0.0133320503,7.53831386e-07,-7.53653657e-07,7.69610725e-07,7.50554945e-06,0.00171927205,-0.000809208083,-1.81298819e-05,3,0.00547425465,-0.00619626328,0.00256650565,-0.00328916218
0.214,1.57613829,1.91101254,-0.0689172553,-0.0318752362,-3.72931933,-0.0298872289,0.0318752362,-0.0149381488,9.20920876e-07,-9.2070217e-07,9.38043781e-07,9.41388616e-06,0.00205974579,-0.00101603068,-2.03267691e-05,3,0.00534195883,-0.00604646437,0.00250533973,-0.00321051894
0.216,1.57599107,1.91094442,-0.0764410229,-0.0353861135,-3.81551241,-0.0318764506,0.0353861135,-0.0165825041,1.09324602e-06,-1.09298429e-06,1.11182744e-06,1.15917326e-05,0.00243666849,-0.00125217703,-2.26407744e-05,3,0.00519474666,-0.00587978057,0.00243721329,-0.00312294646
0.218,1.5758286,1.91086917,-0.0841348088,-0.038976277,-3.89850655,-0.0338894411,0.038976277,-0.0182636996,1.27069813e-06,-1.27039121e-06,1.29082347e-06,1.40529025e-05,0.00285128165,-0.00151915017,-2.50682769e-05,3,0.00503227345,-0.00569582054,0.00236196551,-0.00302623726
0.22,1.57565053,1.91078664,-0.0919920649,-0.0426425958,-3.97810178,-0.035923876,0.0426425958,-0.0199802266,1.45315778e-06,-1.45280339e-06,1.47489528e-06,1.68106485e-05,0.00330471153,-0.00181839098,-2.76048315e-05,3,0.00485420727,-0.00549420722,0.0022794417,-0.0029201915
0.222,1.57545656,1.9106967,-0.100005845,-0.0463817492,-4.05410184,-0.0379773554,0.0463817492,-0.0217304853,1.64049479e-06,-1.64009049e-06,1.66390167e-06,1.98775569e-05,0.00379795753,-0.00215126666,-3.02451601e-05,3,0.00466022981,-0.00527457879,0.00218949368,-0.0028046174
0.224,1.57524636,1.91059918,-0.108168815,-0.0501902299,-4.12631468,-0.0400474084,0.0501902299,-0.0235127872,1.83256821e-06,-1.83211146e-06,1.85769406e-06,2.32654432e-05,0.00433188072,-0.00251905918,-3.29831485e-05,3,0.00445003713,-0.00503658946,0.00209198013,-0.0026793318
0.226,1.57501967,1.91049397,-0.116473258,-0.0540643489,-4.19455202,-0.0421314935,0.0540643489,-0.0253253566,2.02922642e-06,-2.02871448e-06,2.0561151e-06,2.69852479e-05,0.00490719233,-0.00292295382,-3.58118467e-05,3,0.00422334043,-0.00477991039,0.00198676698,-0.00254416053
0.228,1.57477619,1.91038093,-0.124911084,-0.0580002383,-4.25862833,-0.0442269963,0.0580002383,-0.027166333,2.23030714e-06,-2.22973716e-06,2.25899793e-06,3.1046931e-05,0.00552444206,-0.00336402764,-3.87234701e-05,3,0.00397986682,-0.00450423055,0.00187372776,-0.00239893895
0.23,1.57451569,1.91025995,-0.133473833,-0.0619938541,-4.31835998,-0.0463312277,0.0619938541,-0.0290337721,2.4356376e-06,-2.43500654e-06,2.46616592e-06,3.54593679e-05,0.00618400653,-0.00384323795,-4.1709404e-05,3,0.00371936006,-0.00420925749,0.00175274396,-0.0022435123
0.232,1.57423791,1.91013091,-0.142152678,-0.0660409786,-4.37356503,-0.0484414247,0.0660409786,-0.030925647,2.64503458e-06,-2.64433921e-06,2.6774324e-06,4.02302441e-05,0.00688607824,-0.00436141085,-4.47602117e-05,3,0.00344158127,-0.00389471824,0.00162370537,-0.00207773623
0.234,1.57394264,1.90999371,-0.150938431,-0.0701372221,-4.4240639,-0.0505547541,0.0701372221,-0.0328398498,2.85830451e-06,-2.85754145e-06,2.89260065e-06,4.53659518e-05,0.00763065527,-0.00491922992,-4.78656492e-05,3,0.00314630969,-0.00356036007,0.00148651043,-0.0019014772
0.236,1.57362967,1.90984827,-0.159821548,-0.0742780263,-4.46968056,-0.0526683192,0.0742780263,-0.0347741926,3.07524359e-06,-3.07440926e-06,3.11146387e-06,5.08714895e-05,0.00841753229,-0.00551722519,-5.10146881e-05,3,0.00283334338,-0.00320595135,0.00134106658,-0.00171461288
0.238,1.57329883,1.90969449,-0.168792134,-0.0784586686,-4.51024387,-0.0547791673,0.0784586686,-0.0367264106,3.29563792e-06,-3.29472853e-06,3.33380526e-06,5.67503658e-05,0.00924629256,-0.00615576267,-5.41955469e-05,3,0.00250249993,-0.00283128229,0.00118729057,-0.00151703265
0.24,1.57294994,1.90953231,-0.177839958,-0.0826742671,-4.54558846,-0.0568842965,0.0826742671,-0.0386941643,3.51926362e-06,-3.51827518e-06,3.55939805e-06,6.30045083e-05,0.0101163009,-0.00683503445,-5.73957305e-05,3,0.00215361713,-0.00243616578,0.00102510881,-0.00130863794
0.242,1.57258288,1.90936166,-0.186954463,-0.0869197875,-4.57555504,-0.05898066,0.0869197875,-0.0406750429,3.74588702e-06,-3.74481533e-06,3.78800573e-06,6.96341787e-05,0.0110266976,-0.00755504946,-6.06020744e-05,3,0.00178655366,-0.00202043807,0.000854457648,-0.00108934265
0.244,1.57219752,1.90918249,-0.196124775,-0.0911900484,-4.59999011,-0.061065168,0.0911900484,-0.0426665672,3.97526487e-06,-3.97410552e-06,4.01938218e-06,7.66378937e-05,0.0119763923,-0.00831562492,-6.3800794e-05,3,0.0014011897,-0.00158395957,0.000675283701,-0.000859073579
0.246,1.57179375,1.90899475,-0.205339721,-0.0954797277,-4.61874541,-0.0631346893,0.0954797277,-0.0446661932,4.20714458e-06,-4.20589291e-06,4.25327189e-06,8.4012351e-05,0.0129640595,-0.0091163784,-6.69775348e-05,3,0.000997427558,-0.00112661546,0.000487544117,-0.000617770719
0.248,1.57137152,1.90879841,-0.214587831,-0.099783368,-4.63167755,-0.0651860521,0.099783368,-0.0466713144,4.44126442e-06,-4.43991556e-06,4.48941018e-06,9.1752362e-05,0.0139881336,-0.00995672052,-7.01174276e-05,3,0.000575192251,-0.000648316447,0.00029120686,-0.000365387671
0.25,1.57093076,1.90859345,-0.223857356,-0.104095381,-4.63864807,-0.0672160479,0.104095381,-0.0486792651,4.6773538e-06,-4.67590265e-06,4.72752345e-06,9.98507898e-05,0.0150468068,-0.0108358484,-7.3205147e-05,3,0.000134432096,-0.000148999382,8.62509723e-05,-0.00010189197
0.252,1.57047145,1.90837987,-0.233136272,-0.108410056,-4.63952402,-0.0692214361,0.108410056,-0.0506873228,4.91513353e-06,-4.91357475e-06,4.96732946e-06,0.000108298496,0.0161380276,-0.0117527402,-7.62249769e-05,3,-0.000324880747,0.000371372104,-0.00012733317,0.000172734578
0.254,1.56999358,1.90815766,-0.242412293,-0.11272156,-4.63417879,-0.071198951,0.11272156,-0.052692712,5.15431606e-06,-5.15264406e-06,5.20853752e-06,0.000117084297,0.0172595009,-0.0127061502,-7.91608827e-05,3,-0.000802749741,0.000912806983,-0.000349543619,0.000458495571
0.256,1.56949717,1.90792684,-0.251672886,-0.117023953,-4.62249297,-0.0731453089,0.117023953,-0.0546926073,5.39460579e-06,-5.39281475e-06,5.45084882e-06,0.000126194929,0.0184086909,-0.0136946055,-8.19965909e-05,3,-0.00129915347,0.00147528624,-0.000580366623,0.000755379708
0.258,1.56898228,1.90768743,-0.260905284,-0.121311186,-4.60435492,-0.075057214,0.121311186,-0.0566841378,5.63569935e-06,-5.63378321e-06,5.69395676e-06,0.000135615026,0.0195828238,-0.014716404,-8.47156734e-05,3,-0.00181404515,0.00205876234,-0.000819776417,0.0010633605
0.26,1.56844897,1.90743947,-0.270096506,-0.12557712,-4.57966087,-0.0769313638,0.12557712,-0.0586643912,5.87728596e-06,-5.87523841e-06,5.93754721e-06,0.000145327108,0.0207788925,-0.0157696131,-8.73016365e-05,3,-0.00234735221,0.00266315867,-0.00106773502,0.00138239599
0.262,1.56789735,1.90718301,-0.279233364,-0.129815524,-4.54831479,-0.0787644518,0.129815524,-0.0606304177,6.11904775e-06,-6.11686227e-06,6.18129893e-06,0.000155311581,0.0219936629,-0.0168520703,-8.97380107e-05,3,-0.00289897582,0.00328836909,-0.00132419206,0.00171242851
0.264,1.56732754,1.90691812,-0.288302489,-0.134020089,-4.51022807,-0.0805531713,0.134020089,-0.0625792345,6.36066017e-06,-6.35832998e-06,6.42488389e-06,0.000165546746,0.0232236798,-0.0179613843,-9.20084417e-05,3,-0.0034687906,0.00393425746,-0.00158908459,0.00205338445
0.266,1.56673968,1.90664487,-0.297290335,-0.138184435,-4.46531941,-0.0822942182,0.138184435,-0.0645078293,6.6017923e-06,-6.59931043e-06,6.66796768e-06,0.000176008818,0.0244652757,-0.019094938,-9.40967829e-05,3,-0.00405664415,0.00460065724,-0.00186233699,0.00240517403
0.268,1.56613397,1.90636334,-0.306183204,-0.142302115,-4.41351494,-0.0839842957,0.142302115,-0.0664131647,6.84210732e-06,-6.83946656e-06,6.91020991e-06,0.000186671961,0.0257145807,-0.0202498919,-9.59871894e-05,3,-0.00466235682,0.00528737105,-0.00214386076,0.0027676911
0.27,1.56551061,1.90607365,-0.314967251,-0.146366628,-4.35474865,-0.0856201203,0.146366628,-0.0682921822,7.08126284e-06,-7.07845578e-06,7.15126456e-06,0.00019750833,0.0269675339,-0.0214231899,-9.76642157e-05,3,-0.00528572138,0.00599417038,-0.00243355445,0.00314081297
0.272,1.56486982,1.9057759,-0.32362851,-0.150371425,-4.28896296,-0.0871984277,0.150371425,-0.0701418061,7.31891131e-06,-7.31593037e-06,7.39078042e-06,0.00020848813,0.0282198972,-0.0226115653,-9.91129155e-05,3,-0.00592650274,0.00672079522,-0.00273130354,0.00352440025
0.274,1.56421189,1.90547022,-0.332152904,-0.154309915,-4.21610925,-0.0887159797,0.154309915,-0.0719589485,7.55470047e-06,-7.55153789e-06,7.62840153e-06,0.000219579684,0.0294672703,-0.0238115499,-0.000100318945,3,-0.00658443774,0.00746695378,-0.00303698038,0.0039182967
0.276,1.56353709,1.90515676,-0.340526264,-0.15817548,-4.13614814,-0.0901695699,0.15817548,-0.0737405136,7.78827378e-06,-7.78492164e-06,7.8637676e-06,0.000230749518,0.0307051068,-0.0250194825,-0.000101268664,3,-0.00725923496,0.00823232226,-0.00335044408,0.00432232909
0.278,1.56284575,1.90483566,-0.348734354,-0.16196148,-4.04904953,-0.0915560283,0.16196148,-0.0754834026,8.01927083e-06,-8.01572109e-06,8.09651446e-06,0.000241962462,0.0319287324,-0.026231521,-0.000101949243,3,-0.00795057454,0.00901654463,-0.00367154049,0.00473630716
0.28,1.56213822,1.9045071,-0.35676288,-0.165661263,-3.95479251,-0.0928722257,0.165661263,-0.0771845183,8.24732785e-06,-8.24357235e-06,8.32627453e-06,0.000253181753,0.0331333627,-0.0274436542,-0.000102348756,3,-0.00865810808,0.00981923246,-0.00400010217,0.00516002348
0.282,1.56141487,1.90417125,-0.364597515,-0.169268177,-3.85336513,-0.0941150768,0.169268177,-0.0788407696,8.47207817e-06,-8.46810867e-06,8.55267733e-06,0.000264369162,0.0343141232,-0.0286517159,-0.000102456285,3,-0.00938145855,0.0106399648,-0.00433594837,0.00559325342
0.284,1.56067611,1.90382832,-0.372223916,-0.172775575,-3.74476437,-0.0952815452,0.172775575,-0.0804490763,8.69315268e-06,-8.6889609e-06,8.77534995e-06,0.000275485127,0.0354660698,-0.0298513993,-0.000102262007,3,-0.0101202202,0.0114782881,-0.00467888504,0.00603575514
0.286,1.55992237,1.9034785,-0.379627737,-0.176176825,-3.62899625,-0.0963686472,0.176176825,-0.0820063732,8.91018035e-06,-8.90575797e-06,8.99391753e-06,0.000286488893,0.0365842115,-0.0310382738,-0.00010175729,3,-0.0108739587,0.0123337161,-0.00502870486,0.00648726953
0.288,1.55915412,1.90312201,-0.386794655,-0.179465323,-3.50607611,-0.0973734579,0.179465323,-0.0835096147,9.12278868e-06,-9.11812743e-06,9.20800378e-06,0.000297338673,0.0376635331,-0.0322078022,-0.000100934777,3,-0.011642211,0.01320573,-0.00538518726,0.00694752028
0.29,1.55837184,1.9027591,-0.393710383,-0.182634496,-3.3760289,-0.0982931161,0.182634496,-0.0849557793,9.33060423e-06,-9.32569588e-06,9.41723148e-06,0.000307991814,0.0386990204,-0.033355359,-9.97884732e-05,3,-0.0124244853,0.0140937782,-0.00574809853,0.00741621388
0.292,1.55757607,1.90239001,-0.400360692,-0.185677815,-3.2388895,-0.0991248305,0.185677815,-0.0863418744,9.53325311e-06,-9.52808953e-06,9.62122296e-06,0.000318404978,0.0396856857,-0.0344762511,-9.83138307e-05,3,-0.0132202616,0.0149972767,-0.00611719185,0.00789303966
0.294,1.55676734,1.90201499,-0.406731428,-0.188588807,-3.09470278,-0.0998658839,0.188588807,-0.0876649407,9.7303615e-06,-9.72493471e-06,9.8196007e-06,0.000328534332,0.0406185935,-0.0355657381,-9.65078216e-05,3,-0.0140289912,0.015915609,-0.00649220739,0.00837766991
0.296,1.55594623,1.90163433,-0.412808537,-0.191361058,-2.94352358,-0.100513638,0.191361058,-0.0889220568,9.92155615e-06,-9.91585837e-06,1.00119878e-05,0.000338335746,0.0414928876,-0.0366190547,-9.43690108e-05,3,-0.0148500974,0.0168481263,-0.0068728725,0.00886975997
0.298,1.55511335,1.9012483,-0.418578081,-0.19398823,-2.78541654,-0.101065535,0.19398823,-0.0901103441,1.01064649e-05,-1.01004886e-05,1.01980084e-05,0.000347765005,0.0423038176,-0.0376314333,-9.18976191e-05,3,-0.0156829755,0.0177941479,-0.00725890174,0.00936894833
0.3,1.55426933,1.9008572,-0.424026258,-0.196464063,-2.62045598,-0.101519105,0.196464063,-0.0912269704,1.02847173e-05,-1.02784553e-05,1.03772886e-05,0.000356778022,0.0430467661,-0.0385981281,-8.90955794e-05,3,-0.0165269932,0.018752961,-0.00764999712,0.00987485685
0.302,1.55341484,1.90046135,-0.429139423,-0.19878239,-2.4487258,-0.101871966,0.19878239,-0.0922691548,1.0455945e-05,-1.04493904e-05,1.05494565e-05,0.000365331062,0.0437172765,-0.0395144388,-8.59665841e-05,3,-0.0173814905,0.0197238217,-0.00804584825,0.0103870909
0.304,1.55255055,1.90006107,-0.433904105,-0.200937144,-2.27031948,-0.102121828,0.200937144,-0.0932341715,1.06197823e-05,-1.06129286e-05,1.07141432e-05,0.000373380973,0.0443110804,-0.0403757357,-8.25161266e-05,3,-0.0182457807,0.0207059545,-0.0084461325,0.0109052394
0.306,1.55167718,1.89965669,-0.438307028,-0.202922363,-2.08534027,-0.102266501,0.202922363,-0.0941193539,1.07758668e-05,-1.07687081e-05,1.08709828e-05,0.000380885414,0.044824126,-0.0411774853,-7.8751534e-05,3,-0.0191191502,0.0216985536,-0.00885051526,0.0114288755
0.308,1.55079547,1.89924855,-0.442335129,-0.204732205,-1.89390122,-0.102303893,0.204732205,-0.0949220985,1.09238399e-05,-1.09163708e-05,1.10196136e-05,0.000387803102,0.0452526057,-0.0419152759,-7.4681993e-05,3,-0.0200008589,0.0227007825,-0.00925865014,0.0119575563
0.31,1.54990619,1.89883702,-0.44597558,-0.206360954,-1.69612531,-0.10223202,0.206360954,-0.0956398689,1.1063347e-05,-1.10555627e-05,1.11596781e-05,0.000394094048,0.0455929843,-0.0425848435,-7.03185675e-05,3,-0.0208901413,0.0237117749,-0.00967017922,0.0124908233
0.312,1.54901012,1.89842247,-0.449215804,-0.207803029,-1.49214536,-0.102049004,0.207803029,-0.0962702001,1.11940386e-05,-1.11859351e-05,1.12908238e-05,0.000399719806,0.0458420255,-0.0431820987,-6.56742069e-05,3,-0.0217862062,0.0247306354,-0.0100847333,0.0130282029
0.314,1.54810809,1.89800527,-0.452043499,-0.20905299,-1.28210391,-0.101753081,0.20905299,-0.0968107013,1.13155704e-05,-1.13071442e-05,1.14127035e-05,0.000404643721,0.0459968187,-0.0437031525,-6.07637449e-05,3,-0.0226882379,0.0257564395,-0.0105019323,0.0135692066
0.316,1.54720093,1.89758582,-0.454446655,-0.210105551,-1.066153,-0.101342598,0.210105551,-0.0972590604,1.14276039e-05,-1.14188525e-05,1.15249762e-05,0.000408831169,0.0460548045,-0.0441443427,-5.56038882e-05,3,-0.0235953961,0.0267882348,-0.0109213852,0.0141133311
0.318,1.54628951,1.89716451,-0.456413572,-0.210955587,-0.844454017,-0.100816019,0.210955587,-0.0976130468,1.15298068e-05,-1.15207288e-05,1.16273073e-05,0.000412249807,0.0460137992,-0.0445022596,-5.02131953e-05,3,-0.0245068171,0.0278250414,-0.0113426909,0.014660059
0.32,1.54537471,1.89674176,-0.45793288,-0.211598137,-0.617177502,-0.100171926,0.211598137,-0.0978705149,1.16218541e-05,-1.16124488e-05,1.17193692e-05,0.000414869811,0.0458720186,-0.0447737717,-4.46120449e-05,3,-0.0254216142,0.0288658524,-0.011765438,0.0152088589
0.322,1.54445745,1.896318,-0.458993558,-0.21202842,-0.3845031,-0.0994090227,0.21202842,-0.0980294069,1.17034278e-05,-1.16936955e-05,1.1800842e-05,0.000416664117,0.045628101,-0.0449560507,-3.88225956e-05,3,-0.0263388783,0.0299096351,-0.0121892057,0.0157591863
0.324,1.54353865,1.89589364,-0.45958495,-0.212241832,-0.146619506,-0.0985261337,0.212241832,-0.098087756,1.17742178e-05,-1.17641602e-05,1.18714137e-05,0.000417608646,0.0452811283,-0.0450465953,-3.28687357e-05,3,-0.0272576788,0.0309553313,-0.0126135635,0.0163104834
0.326,1.54261926,1.89546913,-0.459696785,-0.212233964,0.0962755868,-0.0975222098,0.212233964,-0.0980436888,1.18339225e-05,-1.18235423e-05,1.1930781e-05,0.000417682541,0.0448306464,-0.0450432555,-2.67760246e-05,3,-0.0281770642,0.0320018587,-0.0130380723,0.0168621799
0.328,1.54170026,1.89504492,-0.459319193,-0.212000601,0.343975598,-0.0963963284,0.212000601,-0.0978954283,1.18822489e-05,-1.18715501e-05,1.19786493e-05,0.000416868378,0.0442766838,-0.0449442547,-2.05716244e-05,3,-0.029096063,0.0330481113,-0.0134622841,0.0174136935
0.33,1.54078264,1.89462146,-0.458442725,-0.211537731,0.596265233,-0.0951476951,0.211537731,-0.0976412965,1.19189135e-05,-1.19079013e-05,1.20147339e-05,0.000415152381,0.0436197686,-0.0447482118,-1.4284223e-05,3,-0.0300136845,0.0340929604,-0.0138857428,0.0179644303
0.332,1.53986741,1.89419922,-0.457058367,-0.210841556,0.852920728,-0.093775645,0.210841556,-0.097279716,1.19436425e-05,-1.19323236e-05,1.20387598e-05,0.000412524619,0.0428609432,-0.0444541617,-7.94394684e-06,3,-0.0309289195,0.0351352557,-0.0143079848,0.0185137853
0.334,1.53895559,1.89377866,-0.455157561,-0.20990849,1.11371011,-0.0922796433,0.20990849,-0.0968092129,1.1956172e-05,-1.19445547e-05,1.20504625e-05,0.000408979201,0.0420017774,-0.0440615741,-1.58226605e-06,3,-0.0318407416,0.0361738265,-0.0147285389,0.0190611431
0.336,1.53804822,1.89336028,-0.452732217,-0.208735171,1.37839347,-0.0906592856,0.208735171,-0.0962284186,1.19562493e-05,-1.1944343e-05,1.20495885e-05,0.000404514445,0.0410443794,-0.0435703717,4.76811032e-06,3,-0.0327481076,0.0372074821,-0.015146927,0.0196058781
0.338,1.53714637,1.89294454,-0.449774733,-0.207318466,1.64672318,-0.088914299,0.207318466,-0.0955360709,1.19436321e-05,-1.19314482e-05,1.20358952e-05,0.000399133047,0.0399914051,-0.0429809463,1.10733462e-05,3,-0.0336499589,0.0382350136,-0.0155626647,0.0201473557
0.34,1.5362511,1.89253194,-0.446278006,-0.205655472,1.91844408,-0.0870445419,0.205655472,-0.0947310164,1.19180902e-05,-1.19056414e-05,1.20091523e-05,0.000392842223,0.0388460646,-0.0422941733,1.7298598e-05,3,-0.0345452222,0.0392551947,-0.0159752616,0.0206849321
0.342,1.53536352,1.89212298,-0.442235448,-0.203743527,2.19329368,-0.0850500049,0.203743527,-0.0938122111,1.18794048e-05,-1.18667054e-05,1.1969141e-05,0.000385653848,0.0376121271,-0.0415114249,2.34081409e-05,3,-0.0354328108,0.0402667826,-0.0163842217,0.0212179557
0.344,1.5344847,1.89171816,-0.437641005,-0.20158021,2.47100235,-0.0829308108,0.20158021,-0.0927787224,1.18273694e-05,-1.18144356e-05,1.19156554e-05,0.000377584567,0.0362939234,-0.0406345809,2.93655013e-05,3,-0.0363116253,0.0412685198,-0.0167890441,0.021745767
0.346,1.53361577,1.89131798,-0.432489163,-0.199163346,2.75129355,-0.0806872147,0.199163346,-0.0916297294,1.17617904e-05,-1.17486397e-05,1.18485023e-05,0.000368655893,0.034896346,-0.0396660383,3.5133595e-05,3,-0.037180555,0.0422591349,-0.0171892232,0.0222677
0.348,1.53275785,1.89092295,-0.42677497,-0.196491013,3.03388414,-0.0783196031,0.196491013,-0.0903645244,1.16824868e-05,-1.16691388e-05,1.17675016e-05,0.00035889429,0.0334248463,-0.0386087182,4.06748711e-05,3,-0.0380384789,0.0432373439,-0.0175842495,0.0227830822
0.35,1.53191206,1.89053359,-0.420494043,-0.193561543,3.31848467,-0.075828494,0.193561543,-0.0889825135,1.15892912e-05,-1.15757668e-05,1.16724871e-05,0.000348331232,0.03188543,-0.0374660711,4.59514602e-05,3,-0.0388842665,0.0442018518,-0.01797361,0.0232912356
0.352,1.53107955,1.89015041,-0.413642581,-0.190373527,3.60479976,-0.0732145354,0.190373527,-0.087483217,1.14820494e-05,-1.14683715e-05,1.1563306e-05,0.000337003241,0.0302846494,-0.0362420799,5.09253278e-05,3,-0.0397167797,0.0451513535,-0.0183567886,0.0237914775
0.354,1.53026145,1.88977394,-0.406217383,-0.186925817,3.89252839,-0.0704785044,0.186925817,-0.08586627,1.13606216e-05,-1.13468146e-05,1.143982e-05,0.000324951907,0.0286295936,-0.0349412612,5.55584301e-05,3,-0.0405348732,0.0460845356,-0.0187332666,0.0242831209
0.356,1.52945893,1.88940468,-0.398215848,-0.183217529,4.18136424,-0.0676213063,0.183217529,-0.0841314224,1.12248818e-05,-1.12109718e-05,1.13019052e-05,0.000312223888,0.0269278758,-0.0335686631,5.98128735e-05,3,-0.0413373963,0.0470000775,-0.0191025237,0.0247654754
0.358,1.52867313,1.88904316,-0.389635995,-0.179248047,4.47099597,-0.0646439736,0.179248047,-0.0822785392,1.10747187e-05,-1.10607333e-05,1.11494524e-05,0.000298870878,0.025187619,-0.0321298622,6.36510755e-05,3,-0.0421231936,0.047896653,-0.0194640377,0.0252378481
0.36,1.52790522,1.88868992,-0.38047647,-0.175017021,4.76110749,-0.0615476644,0.175017021,-0.0803076004,1.09100356e-05,-1.08960042e-05,1.09823671e-05,0.00028494957,0.0234174381,-0.0306309577,6.70359272e-05,3,-0.0428911069,0.0487729317,-0.0198172859,0.025699544
0.362,1.52715635,1.88834546,-0.370736551,-0.170524375,5.05137831,-0.0583336616,0.170524375,-0.0782187008,1.07307507e-05,-1.0716704e-05,1.08005705e-05,0.000270521578,0.0216264205,-0.0290785626,6.9930956e-05,3,-0.0436399756,0.0496275803,-0.020161745,0.0261498669
0.364,1.52642769,1.88801031,-0.360416164,-0.165770305,5.34148385,-0.0550033712,0.165770305,-0.0760120496,1.05367974e-05,-1.05227676e-05,1.06039989e-05,0.000255653351,0.0198241041,-0.027479794,7.2300489e-05,3,-0.0443686389,0.0504592645,-0.020496892,0.0265881204
0.366,1.52572039,1.887685,-0.349515885,-0.160755279,5.63109581,-0.0515583205,0.160755279,-0.0736879705,1.03281245e-05,-1.03141452e-05,1.03926041e-05,0.000240416052,0.018020452,-0.0258422598,7.41098149e-05,3,-0.0450759364,0.0512666503,-0.0208222046,0.0270136083
0.368,1.52503562,1.88737004,-0.338036948,-0.155480042,5.91988257,-0.0480001565,0.155480042,-0.0712469007,1.01046963e-05,-1.00908022e-05,1.01663541e-05,0.000224885425,0.0162258264,-0.0241740434,7.53253454e-05,3,-0.0457607098,0.0520484055,-0.0211371617,0.0274256356
0.37,1.52437452,1.88706596,-0.325981255,-0.149945613,6.20750957,-0.0443306436,0.149945613,-0.0686893903,9.86649248e-06,-9.85271961e-06,9.92523247e-06,0.000209141626,0.0144509589,-0.0224836869,7.59147739e-05,3,-0.046421804,0.0528032012,-0.0214412441,0.0278235093
0.372,1.52373826,1.88677327,-0.313351378,-0.144153289,6.49363969,-0.0405516624,0.144153289,-0.0660161021,9.61350893e-06,-9.59989428e-06,9.66923918e-06,0.000193269046,0.0127069193,-0.0207801708,7.58472324e-05,3,-0.0470580687,0.0535297138,-0.0217339351,0.0282065392
0.374,1.52312797,1.88649248,-0.300150565,-0.138104642,6.77793363,-0.0366652068,0.138104642,-0.0632278102,9.34575724e-06,-9.33233871e-06,9.39839034e-06,0.000177356097,0.0110050825,-0.0190728922,7.50934447e-05,3,-0.0476683593,0.0542266262,-0.0220147208,0.0285740385
0.376,1.52254479,1.88622411,-0.286382743,-0.131801522,7.06005028,-0.0326733828,0.131801522,-0.0603253996,9.06326505e-06,-9.0500813e-06,9.11271851e-06,0.000161494985,0.009357093,-0.0173716411,7.36258755e-05,3,-0.0482515389,0.0548926294,-0.0222830908,0.0289253249
0.378,1.52198985,1.88596866,-0.272052524,-0.125246052,7.33964705,-0.0285784066,0.125246052,-0.0573098651,8.7660761e-06,-8.7531664e-06,8.81227282e-06,0.000145781458,0.00777482766,-0.0156865736,7.14188759e-05,3,-0.0488064791,0.0555264244,-0.0225385388,0.0292597214
0.38,1.52146427,1.88572664,-0.257165206,-0.118440635,7.61638028,-0.0243826021,0.118440635,-0.0541823104,8.45425028e-06,-8.44165437e-06,8.49711905e-06,0.000130314532,0.00627035689,-0.0140281841,6.8448823e-05,3,-0.0493320616,0.0561267237,-0.0227805629,0.0295765567
0.382,1.52096915,1.88549854,-0.241726773,-0.111387946,7.88990565,-0.0200883992,0.111387946,-0.0509439471,8.12786369e-06,-8.11562155e-06,8.16733987e-06,0.000115196194,0.00485590393,-0.0124072746,6.46942544e-05,3,-0.0498271796,0.056692253,-0.0230086668,0.0298751667
0.384,1.52050559,1.88528484,-0.2257439,-0.104090936,8.15987852,-0.0156983319,0.104090936,-0.0475960936,7.78700862e-06,-7.77516037e-06,7.82303496e-06,0.000100531094,0.00354380267,-0.0108349229,6.01359976e-05,3,-0.0502907391,0.0572217527,-0.0232223593,0.0301548946
0.386,1.52007467,1.88508605,-0.20922395,-0.0965528273,8.42595444,-0.0112150357,0.0965528273,-0.0441401744,7.43179362e-06,-7.42037926e-06,7.46432124e-06,8.6426206e-05,0.00234645407,-0.00932244845,5.47572914e-05,3,-0.0507216603,0.0577139796,-0.023421156,0.0304150924
0.388,1.51967745,1.88490262,-0.192174976,-0.0887771157,8.68778949,-0.00664124597,0.0887771157,-0.0405777189,7.06234343e-06,-7.05140268e-06,7.09133322e-06,7.29904774e-05,0.00127628128,-0.00788137627,4.85439022e-05,3,-0.0511188789,0.0581677088,-0.0236045788,0.0306551211
0.39,1.51931498,1.88473504,-0.174605715,-0.0807675667,8.94504075,-0.00197979577,0.0807675667,-0.03691036,6.678799e-06,-6.66837108e-06,6.70422337e-06,6.03344601e-05,0.000345683657,-0.00652339984,4.14842323e-05,3,-0.0514813479,0.0585817349,-0.0237721573,0.0308743521
0.392,1.51898829,1.88458377,-0.156525593,-0.0725282147,9.19736666,0.00276638613,0.0725282147,-0.0331398336,6.28131741e-06,-6.27144085e-06,6.3031628e-06,4.85699236e-05,-0.00043301023,-0.00526034192,3.3569421e-05,3,-0.0518080382,0.0589548741,-0.0239234289,0.0310721675
0.394,1.51869839,1.88444926,-0.137944715,-0.0640633607,9.44442743,0.00759427702,0.0640633607,-0.0292679772,5.87007182e-06,-5.86078422e-06,5.88834217e-06,3.78094541e-05,-0.00104759038,-0.00410411418,2.47934377e-05,3,-0.0520979407,0.0592859656,-0.0240579391,0.0312479613
0.396,1.51844626,1.88433196,-0.118873865,-0.055377571,9.68588543,0.0125007621,0.055377571,-0.0252967293,5.44525139e-06,-5.43658924e-06,5.45997328e-06,2.81660396e-05,-0.00148601391,-0.00306667537,1.51531676e-05,3,-0.0523500673,0.0595738733,-0.0241752427,0.0314011399
0.398,1.51823287,1.8842323,-0.0993245004,-0.0464756747,9.92140558,0.0174826362,0.0464756747,-0.0212281279,5.0070612e-06,-4.99905963e-06,5.0182915e-06,1.97526412e-05,-0.00173645411,-0.00215998834,4.64848862e-06,3,-0.0525634521,0.0598174873,-0.0242749039,0.0315311234
0.4,1.51805917,1.88415071,-0.0793087461,-0.0373627615,10.1506558,0.0225366055,0.0373627615,-0.0170643101,4.55572214e-06,-4.54841469e-06,4.56355999e-06,1.26817543e-05,-0.00178734993,-0.00139597595,-6.71766034e-06,3,-0.0527371533,0.0600157259,-0.0243564967,0.0316373455
0.402,1.51792607,1.8840876,-0.0588393893,-0.0280441797,10.3733074,0.0276592894,0.0280441797,-0.012807511,4.09147075e-06,-4.0848892e-06,4.09607724e-06,7.06495916e-06,-0.0016274557,-0.000786476017,-1.89392192e-05,3,-0.052870254,0.0601675366,-0.0244196057,0.0317192555
0.404,1.51783446,1.88404338,-0.0379298715,-0.0185255334,10.5890354,0.0328472219,0.0185255334,-0.00846006301,3.61455916e-06,-3.60873326e-06,3.61619122e-06,3.01246268e-06,-0.00124589091,-0.000343195386,-3.20069557e-05,3,-0.0529618636,0.0602718982,-0.0244638265,0.0317763179
0.406,1.51778521,1.88401844,-0.016594281,-0.00881267978,10.7975192,0.0380968531,0.00881267978,-0.00402439486,3.12525487e-06,-3.12021217e-06,3.12432808e-06,6.32633752e-07,-0.000632189888,-7.76633249e-05,-4.59084238e-05,3,-0.0530111193,0.0603278223,-0.0244887664,0.0318080141
0.408,1.51777914,1.88401316,0.00515265585,0.00108827303,10.9984428,0.0434045511,-0.00108827303,0.00049696888,2.62384061e-06,-2.61960624e-06,2.62105626e-06,3.1532969e-08,0.000223648714,-1.18433818e-06,-6.06279302e-05,3,-0.0530171872,0.0603343544,-0.0244940445,0.0318138425
0.41,1.51781706,1.88402791,0.0272955844,0.0111709693,11.1914949,0.0487666029,-0.0111709693,0.00510140851,2.11061419e-06,-2.10721065e-06,2.10724925e-06,1.31243861e-06,0.00133111292,-0.000124790554,-7.61465111e-05,3,-0.0529792639,0.060290576,-0.0244792924,0.0317933196
0.412,1.51789975,1.88406305,0.0498185318,0.0214288083,11.37637,0.0541792155,-0.0214288083,0.00978620981,1.5858883e-06,-1.58333527e-06,1.58458285e-06,4.57537064e-06,0.00269912897,-0.000459193824,-9.24419177e-05,3,-0.0528965772,0.0601956058,-0.024444155,0.0317459809
0.414,1.51802794,1.88411891,0.072704918,0.0318549475,11.5527681,0.0596385177,-0.0318549475,0.0145485645,1.04999029e-06,-1.04830448e-06,1.05756199e-06,9.91661427e-06,0.00433601354,-0.00101473768,-0.000109488611,3,-0.0527683876,0.0600486012,-0.0243882905,0.0316713811
0.416,1.51820234,1.88419583,0.0959375677,0.0424423054,11.7203954,0.0651405607,-0.0424423054,0.0193855707,5.03262008e-07,-5.02456939e-07,5.47491223e-07,1.7428245e-05,0.00624942695,-0.00180134929,-0.000127257767,3,-0.0525939897,0.0598487597,-0.024311371,0.0315690953
0.418,1.51842361,1.88429412,0.119498723,0.0531835652,11.8789648,0.0706813194,-0.0531835652,0.0242942333,-5.3940459e-08,5.38545708e-08,3.01118909e-07,2.71976569e-05,0.0084463274,-0.0028284916,-0.000145717289,3,-0.052372713,0.0595953204,-0.0242130833,0.0314387195
0.42,1.5186924,1.88441407,0.143370057,0.0640711773,12.0281959,0.0762566932,-0.0640711773,0.0292714643,-6.21246983e-07,6.20263383e-07,7.25328266e-07,3.93070955e-05,0.0109329264,-0.00410511576,-0.000164831835,3,-0.0521039234,0.0592875653,-0.0240931289,0.0312798713
0.422,1.5190093,1.88455598,0.167532686,0.0750973635,12.1678156,0.0818625073,-0.0750973635,0.0343140831,-1.19827364e-06,1.19638916e-06,1.28054954e-06,5.38331982e-05,0.0137146457,-0.00563961401,-0.000184562846,3,-0.051787024,0.0589248206,-0.0239512249,0.0310921906
0.424,1.51937487,1.8847201,0.191967188,0.0862541201,12.2975586,0.0874945134,-0.0862541201,0.0394188165,-1.78462296e-06,1.78183811e-06,1.86126314e-06,7.08465426e-05,0.0167960757,-0.00743977324,-0.000204868596,3,-0.0514214564,0.0585064582,-0.023787104,0.0308753402
0.426,1.51978962,1.88490669,0.216653615,0.0975332215,12.4171676,0.0931483905,-0.0975332215,0.0445822991,-2.37988416e-06,2.37620325e-06,2.45574266e-06,9.0411206e-05,0.0201809355,-0.0095127293,-0.00022570424,3,-0.0510067018,0.0580318967,-0.0236005153,0.0306290065
0.428,1.52025405,1.88511598,0.241571511,0.108926224,12.5263934,0.0988197458,-0.108926224,0.0498010734,-2.98363342e-06,2.97906458e-06,3.06079104e-06,0.000112584337,0.0238720353,-0.0118649223,-0.000247021879,3,-0.0505422817,0.0575006027,-0.0233912248,0.0303529003
0.43,1.52076857,1.88534819,0.266699928,0.12042447,12.6249957,0.104504116,-0.12042447,0.0550715899,-3.59543414e-06,3.58998941e-06,3.67497055e-06,0.00013741574,0.0278712401,-0.014502053,-0.000268770636,3,-0.0500277594,0.056912092,-0.0231590153,0.030046757
0.432,1.52133359,1.88560351,0.292017444,0.132019091,12.7127432,0.110196966,-0.132019091,0.0603902069,-4.21483722e-06,4.20853254e-06,4.29738316e-06,0.000164947481,0.0321794362,-0.0174290404,-0.000290896737,3,-0.0494627405,0.0562659308,-0.0229036874,0.0297103375
0.434,1.52194945,1.88588214,0.317502181,0.143701013,12.7894139,0.115893693,-0.143701013,0.0657531908,-4.84138134e-06,4.83423658e-06,4.92733579e-06,0.000195213503,0.0367965002,-0.0206499811,-0.000313343606,3,-0.0488468741,0.0555617365,-0.0226250597,0.0293434284
0.436,1.52261647,1.88618423,0.343131825,0.155460959,12.8547954,0.121589625,-0.155460959,0.0711567162,-5.47459325e-06,5.46663214e-06,5.56422295e-06,0.000228239268,0.0417212699,-0.0241681099,-0.000336051971,3,-0.0481798536,0.0547991791,-0.0223229692,0.0289458433
0.438,1.52333491,1.88650993,0.368883644,0.167289457,12.9086853,0.127280022,-0.167289457,0.0765968659,-6.11398802e-06,6.10523817e-06,6.20747833e-06,0.000264041417,0.0469515183,-0.0279857624,-0.000358959977,3,-0.0474614175,0.0539779818,-0.0219972716,0.0285174224
0.44,1.52410498,1.88685936,0.394734509,0.179176839,12.9508914,0.132960078,-0.179176839,0.0820696306,-6.75906942e-06,6.74956218e-06,6.85655242e-06,0.000302627458,0.0524839309,-0.0321043396,-0.000382003317,3,-0.0466913502,0.0530979221,-0.0216478419,0.0280580336
0.442,1.52492684,1.88723263,0.420660915,0.191113251,12.9812322,0.138624919,-0.191113251,0.0875709096,-7.40933015e-06,7.39910053e-06,7.51090128e-06,0.000343995472,0.0583140851,-0.0365242746,-0.000405115363,3,-0.0458694832,0.0521588328,-0.0212745746,0.0275675728
0.444,1.52580063,1.88762982,0.446639001,0.203088654,12.9995368,0.144269608,-0.203088654,0.0930965108,-8.06425219e-06,8.05333875e-06,8.16998055e-06,0.00038813385,0.0644364337,-0.0412450014,-0.000428227321,3,-0.0449956949,0.0511606025,-0.0208773842,0.0270459642
0.446,1.52672641,1.888051,0.472644574,0.215092834,13.0056455,0.149889145,-0.215092834,0.0986421505,-8.72330708e-06,8.71175177e-06,8.8332421e-06,0.000435021061,0.070844291,-0.046264927,-0.000451268386,3,-0.0440699123,0.0501031766,-0.0204562053,0.026493161
0.448,1.52770422,1.88849621,0.498653128,0.2271154,12.9994101,0.155478465,-0.2271154,0.104203454,-9.38595631e-06,9.37380427e-06,9.50013217e-06,0.000484625446,0.077529823,-0.0515814051,-0.000474165915,3,-0.043092111,0.0489865577,-0.0200109935,0.0259091457
0.45,1.52873401,1.88896548,0.524639871,0.239145799,12.9806935,0.161032444,-0.239145799,0.109775957,-1.00516516e-05,1.0038951e-05,1.01700902e-05,0.000536905046,0.0844840407,-0.0571907134,-0.000496845609,3,-0.042062316,0.0478108066,-0.0195417251,0.0252939302
0.452,1.52981572,1.8894588,0.550579745,0.251173314,12.9493709,0.166545897,-0.251173314,0.115355104,-1.07198351e-05,1.07066369e-05,1.08425485e-05,0.000591807457,0.0916967977,-0.0630880336,-0.000519231707,3,-0.0409806021,0.0465760428,-0.0190483978,0.0246475567
0.454,1.53094923,1.88997617,0.576447451,0.263187072,12.9053293,0.172013583,-0.263187072,0.120936251,-1.13899401e-05,1.13762977e-05,1.15169316e-05,0.000649269736,0.0991567913,-0.0692674349,-0.000541247192,3,-0.0398470947,0.0452824444,-0.018531031,0.0239700975
0.456,1.53213436,1.89051754,0.602217474,0.275176054,12.8484678,0.177430201,-0.275176054,0.126514664,-1.2061391e-05,1.20473602e-05,1.21926565e-05,0.000709218319,0.106851568,-0.0757218609,-0.000562814005,3,-0.03866197,0.0439302496,-0.0179896659,0.0232616555
0.458,1.53337087,1.89108284,0.627864105,0.287129098,12.7786982,0.182790401,-0.287129098,0.132085523,-1.27336038e-05,1.27192423e-05,1.28691326e-05,0.000771569,0.114767532,-0.0824431191,-0.000583853281,3,-0.0374254555,0.0425197561,-0.017424366,0.0225223646
0.46,1.5346585,1.89167198,0.653361471,0.299034907,12.6959447,0.188088778,-0.299034907,0.137643921,-1.34059865e-05,1.33913536e-05,1.35457616e-05,0.000836226931,0.12288996,-0.0894218759,-0.000604285579,3,-0.0361378302,0.0410513221,-0.0168352172,0.0217523896
0.462,1.5359969,1.89228487,0.678683553,0.310882057,12.6001445,0.193319877,-0.310882057,0.143184865,-1.40779394e-05,1.40630958e-05,1.42219382e-05,0.000903086673,0.131203021,-0.0966476535,-0.000624031142,3,-0.0347994253,0.0395253659,-0.0162223284,0.0209519267
0.464,1.5373857,1.89292137,0.703804219,0.322659004,12.4912475,0.1984782,-0.322659004,0.148703279,-1.47488557e-05,1.4733863e-05,1.489705e-05,0.00097203228,0.139689795,-0.104108833,-0.000643010156,3,-0.0334106238,0.0379423667,-0.0155858312,0.0201212035
0.466,1.53882447,1.89358132,0.728697245,0.33435409,12.3692168,0.203558203,-0.33435409,0.154194006,-1.54181214e-05,1.54030417e-05,1.55704779e-05,0.00104293743,0.148332301,-0.111792658,-0.000661143023,3,-0.0319718615,0.0363028644,-0.0149258807,0.0192604792
0.468,1.5403127,1.89426455,0.753336345,0.345955558,12.2340288,0.2085543,-0.345955558,0.159651807,-1.60851162e-05,1.6070012e-05,1.62415963e-05,0.00111566558,0.157111534,-0.119685248,-0.000678350646,3,-0.0304836264,0.0346074596,-0.0142426551,0.0183700448
0.47,1.54184987,1.89497085,0.777695193,0.357451552,12.085673,0.213460873,-0.357451552,0.165071367,-1.67492136e-05,1.67341471e-05,1.69097735e-05,0.00119007021,0.166007495,-0.127771612,-0.00069455472,3,-0.0289464593,0.0328568137,-0.0135363566,0.017450223
0.472,1.54343537,1.89569999,0.801747455,0.368830132,11.9241526,0.218272266,-0.368830132,0.170447296,-1.74097814e-05,1.73948143e-05,1.75743725e-05,0.00126599505,0.174999234,-0.136035667,-0.00070967804,3,-0.0273609536,0.0310516488,-0.012807211,0.0165013683
0.474,1.54506857,1.89645173,0.825466811,0.380079283,11.7494842,0.222982797,-0.380079283,0.175774132,-1.80661822e-05,1.80513752e-05,1.82347504e-05,0.0013432744,0.184064898,-0.144460261,-0.000723644811,3,-0.0257277554,0.0291927474,-0.0120554681,0.0155238671
0.476,1.54674876,1.8972258,0.848826986,0.391186921,11.5616979,0.227586759,-0.391186921,0.181046342,-1.87177737e-05,1.87031861e-05,1.889026e-05,0.00142173345,0.193181783,-0.153027207,-0.000736380965,3,-0.0240475634,0.0272809524,-0.0112814019,0.0145181376
0.478,1.5484752,1.89802189,0.871801776,0.402140907,11.3608377,0.232078425,-0.402140907,0.18625833,-1.93639091e-05,1.93495986e-05,1.95402491e-05,0.00150118868,0.202326383,-0.161717309,-0.000747814496,3,-0.0223211287,0.0253171666,-0.0104853107,0.0134846297
0.48,1.55024707,1.89883969,0.894365072,0.412929057,11.1469611,0.236452053,-0.412929057,0.191404435,-2.00039379e-05,1.99899598e-05,2.0184062e-05,0.0015814483,0.211474458,-0.170510406,-0.000757875786,3,-0.0205492547,0.0233023523,-0.00966751679,0.012423825
0.482,1.55206353,1.89967883,0.916490895,0.423539152,10.9201396,0.240701894,-0.423539152,0.196478943,-2.0637206e-05,2.0623613e-05,2.0821039e-05,0.00166231271,0.220601094,-0.179385413,-0.00076649795,3,-0.0187327969,0.0212375312,-0.00882836728,0.0113362367
0.484,1.55392366,1.90053897,0.938153415,0.43395895,10.6804582,0.244822192,-0.43395895,0.201476082,-2.12630562e-05,2.12498982e-05,2.14505176e-05,0.00174357501,0.229680775,-0.18832037,-0.000773617177,3,-0.0168726625,0.0191237836,-0.00796823354,0.0102224092
0.486,1.55582652,1.90141969,0.959326985,0.444176198,10.4280159,0.248807195,-0.444176198,0.206390034,-2.18808291e-05,2.18681524e-05,2.20718326e-05,0.00182502157,0.238687457,-0.197292495,-0.000779173076,3,-0.0149698104,0.0169622477,-0.00708751147,0.00908291834
0.488,1.55777108,1.90232058,0.979986166,0.454178644,10.1629254,0.252651162,-0.454178644,0.211214936,-2.24898629e-05,2.24777104e-05,2.26843167e-05,0.00190643263,0.247594644,-0.206278241,-0.000783109025,3,-0.0130252501,0.0147541194,-0.0061866215,0.00791837072
0.49,1.55975628,1.90324119,1.00010575,0.463954049,9.88531305,0.256348364,-0.463954049,0.215944889,-2.30894946e-05,2.3077905e-05,2.32873012e-05,0.00198758291,0.256375474,-0.21525336,-0.000785372515,3,-0.011040042,0.0125006513,-0.00526600852,0.00672940367
0.492,1.56178103,1.90418106,1.01966081,0.473490201,9.59531909,0.259893097,-0.473490201,0.220573961,-2.36790604e-05,2.3668068e-05,2.38801161e-05,0.00206824234,0.265002805,-0.22419297,-0.0007859155,3,-0.00901529651,0.0102031521,-0.0043261419,0.00551668491
0.494,1.56384415,1.90513969,1.03862668,0.482774927,9.29309736,0.263279686,-0.482774927,0.225096193,-2.42578958e-05,2.42475303e-05,2.44620914e-05,0.00214817671,0.273449306,-0.23307163,-0.000784694737,3,-0.00695217359,0.0078629854,-0.00336751535,0.00428091221
0.496,1.56594444,1.90611656,1.05697903,0.491796109,8.97881528,0.266502494,-0.491796109,0.229505607,-2.48253367e-05,2.48156229e-05,2.5032557e-05,0.00222714847,0.281687548,-0.241863412,-0.00078167212,3,-0.00485188205,0.00548156938,-0.0023906469,0.00302281299
0.498,1.56808065,1.90711112,1.07469388,0.500541694,8.65265384,0.269555929,-0.500541694,0.233796214,-2.53807197e-05,2.53716771e-05,2.55908435e-05,0.00230491747,0.289690107,-0.250541988,-0.000776815014,3,-0.00271567896,0.00306037543,-0.0013960787,0.00174314396
0.5,1.57025146,1.90812283,1.09174761,0.508999715,8.31480745,0.272434451,-0.508999715,0.237962018,-2.59233829e-05,2.59150255e-05,2.6136283e-05,0.00238124182,0.297429662,-0.259080709,-0.000770096575,3,-0.000544868903,0.000600927265,-0.000384376925,0.000442690622
0.502,1.57245552,1.90915107,1.10811701,0.517158296,7.96548382,0.275132586,-0.517158296,0.241997026,-2.64526663e-05,2.64450027e-05,2.66682095e-05,0.00245587868,0.3048791,-0.267452703,-0.000761496054,3,0.00165919679,-0.00189520015,0.000643868441,-0.000877733166
0.504,1.57469145,1.91019525,1.12377929,0.525005677,7.60490391,0.277644928,-0.525005677,0.245895254,-2.69679124e-05,2.69609455e-05,2.71859599e-05,0.00252858518,0.312011619,-0.275630961,-0.000750999098,3,0.00389512091,-0.00442638174,0.0016880438,-0.00221728573
0.506,1.57695779,1.91125471,1.1387121,0.532530222,7.23330171,0.27996615,-0.532530222,0.249650736,-2.74684672e-05,2.7462194e-05,2.76888742e-05,0.00259911927,0.318800841,-0.283588438,-0.000738598026,3,0.0061614612,-0.00699094351,0.00274751218,-0.00357509811
0.508,1.57925306,1.91232882,1.15289358,0.539720438,6.85092415,0.282091015,-0.539720438,0.253257534,-2.79536805e-05,2.79480921e-05,2.81762966e-05,0.00266724065,0.32522092,-0.291298151,-0.000724292094,3,0.00845673132,-0.00958716378,0.00382161352,-0.00495027467
0.51,1.58157573,1.91341687,1.16630238,0.546564989,6.45803092,0.284014385,-0.546564989,0.256709743,-2.84229068e-05,2.84179884e-05,2.86475759e-05,0.00273271171,0.331246653,-0.298733287,-0.000708087735,3,0.0107794019,-0.0122132745,0.00490966497,-0.0063418937
0.512,1.58392423,1.91451816,1.17891767,0.553052711,6.05489428,0.285731226,-0.553052711,0.260001506,-2.88755057e-05,2.88712367e-05,2.91020664e-05,0.00279529845,0.336853591,-0.305867301,-0.00068999878,3,0.0131279013,-0.0148674627,0.00601096122,-0.00774900804
0.514,1.58629694,1.91563198,1.19071917,0.559172632,5.64179887,0.287236626,-0.559172632,0.263127015,-2.9310843e-05,2.9307197e-05,2.95391287e-05,0.00285477148,0.342018156,-0.312674033,-0.000670046651,3,0.0155006172,-0.0175478716,0.00712477486,-0.00917064584
0.516,1.58869222,1.91675756,1.20168718,0.564913983,5.21904153,0.288525795,-0.564913983,0.266080527,-2.97282913e-05,2.9725236e-05,2.99581302e-05,0.00291090691,0.34671775,-0.319127809,-0.000648260535,3,0.0178958973,-0.0202526025,0.0082503568,-0.0106058112
0.518,1.59110838,1.91789414,1.21180262,0.570266218,4.78693105,0.289594083,-0.570266218,0.268856371,-3.01272304e-05,3.01247281e-05,3.03584461e-05,0.0029634874,0.350930869,-0.325203559,-0.000624677519,3,0.0203120507,-0.0229797158,0.00938693667,-0.0120534849
0.52,1.59354368,1.91904093,1.22104701,0.575219026,4.34578794,0.290436985,-0.575219026,0.271448959,-3.05070485e-05,3.05050562e-05,3.07394601e-05,0.00301230308,0.354637213,-0.330876928,-0.000599342704,3,0.0227473489,-0.025727233,0.0105337233,-0.0135126254
0.522,1.59599635,1.92019711,1.22940254,0.579762353,3.89594422,0.291050153,-0.579762353,0.273852795,-3.08671427e-05,3.08656122e-05,3.11005651e-05,0.00305715251,0.357817797,-0.336124386,-0.000572309281,3,0.0252000276,-0.0284931381,0.0116899053,-0.0149821692
0.524,1.59846461,1.92136185,1.23685205,0.583886412,3.4377431,0.291429404,-0.583886412,0.276062484,-3.120692e-05,3.12057983e-05,3.14411643e-05,0.00309784366,0.360455057,-0.340923342,-0.000543638571,3,0.0276682874,-0.031275379,0.0128546513,-0.0164610323
0.526,1.60094662,1.92253431,1.24337911,0.587581704,2.97153876,0.291570732,-0.587581704,0.278072745,-3.15257977e-05,3.15250273e-05,3.17606715e-05,0.00313419483,0.362532957,-0.345252258,-0.000513400039,3,0.0301502958,-0.0340718699,0.014027111,-0.0179481105
0.528,1.60344051,1.92371362,1.24896797,0.590839031,2.49769603,0.291470317,-0.590839031,0.279878418,-3.18232046e-05,3.18227239e-05,3.20585124e-05,0.00316603559,0.36403709,-0.349090761,-0.000481671257,3,0.0326441878,-0.036880492,0.0152064152,-0.0194422805
0.53,1.6059444,1.92489888,1.25360364,0.593649514,2.01659012,0.291124533,-0.593649514,0.281474477,-3.20985815e-05,3.20983253e-05,3.23341252e-05,0.00319320768,0.364954773,-0.352419746,-0.000448537839,3,0.0351480684,-0.0396990961,0.0163916768,-0.0209424011
0.532,1.60845634,1.92608919,1.25727187,0.596004608,1.52860629,0.290529961,-0.596004608,0.282856038,-3.23513822e-05,3.23512819e-05,3.25869615e-05,0.0032155659,0.365275148,-0.355221493,-0.000414093334,3,0.0376600132,-0.0425255041,0.0175819916,-0.0224473136
0.534,1.6109744,1.92728364,1.25995922,0.597896115,1.03413953,0.289683394,-0.597896115,0.284018373,-3.25810742e-05,3.25810585e-05,3.2816487e-05,0.00323297893,0.364989262,-0.357479765,-0.000378439073,3,0.0401780704,-0.0453575107,0.0187764382,-0.0239558434
0.536,1.61349659,1.92848128,1.26165301,0.599316204,0.533594218,0.288581851,-0.599316204,0.284956915,-3.27871395e-05,3.27871348e-05,3.30221825e-05,0.00324533019,0.36409016,-0.359179913,-0.000341683981,3,0.0427002623,-0.0481928856,0.0199740798,-0.0254668003
0.538,1.61602091,1.92968117,1.26234139,0.600257423,0.0273837949,0.287222582,-0.600257423,0.285667271,-3.29690755e-05,3.29690067e-05,3.32035448e-05,0.00325251859,0.362572953,-0.360308974,-0.000303944343,3,0.0452245868,-0.0510293749,0.0211739641,-0.0269789803
0.54,1.61854535,1.93088233,1.26201335,0.600712714,-0.484069621,0.285603079,-0.600712714,0.286145231,-3.3126396e-05,3.31261866e-05,3.33600871e-05,0.00325445927,0.360434899,-0.360855765,-0.000265343532,3,0.0477490191,-0.0538647035,0.0223751245,-0.0284911659
0.542,1.62106784,1.93208378,1.26065873,0.600675427,-1.00033559,0.283721083,-0.600675427,0.286386782,-3.32586314e-05,3.32582045e-05,3.34913403e-05,0.00325108431,0.357675461,-0.360810969,-0.00022601169,3,0.0502715137,-0.0566965768,0.0235765808,-0.0300021278
0.544,1.62358633,1.93328454,1.25826823,0.600139336,-1.52097573,0.281574594,-0.600139336,0.286388111,-3.33653303e-05,3.33646089e-05,3.35968536e-05,0.00324234335,0.354296365,-0.360167223,-0.000186085375,3,0.0527900056,-0.0595226826,0.02477734,-0.0315106256
0.546,1.62609874,1.9344836,1.25483343,0.599098651,-2.04554412,0.279161875,-0.599098651,0.286145618,-3.34460596e-05,3.34449677e-05,3.36761955e-05,0.00322820418,0.350301653,-0.358919194,-0.000145707153,3,0.0553024123,-0.0623406934,0.0259763971,-0.0330154088
0.548,1.62860296,1.93567994,1.25034682,0.59754803,-2.5735877,0.276481465,-0.59754803,0.285655925,-3.35004059e-05,3.34988685e-05,3.37289543e-05,0.0032086533,0.34569772,-0.357063649,-0.00010502517,3,0.0578066358,-0.0651482681,0.0271727362,-0.0345152184
0.55,1.63109689,1.93687253,1.24480178,0.595482595,-3.10464665,0.273532183,-0.595482595,0.284915886,-3.3527976e-05,3.35259201e-05,3.37547391e-05,0.00318369634,0.340493348,-0.354599521,-6.41926653e-05,3,0.060300564,-0.0679430541,0.0283653312,-0.0360087876
0.552,1.6335784,1.93806035,1.23819264,0.592897938,-3.63825489,0.270313131,-0.592897938,0.283922593,-3.35283975e-05,3.35257528e-05,3.37531804e-05,0.00315335849,0.334699731,-0.351527965,-2.33674582e-05,3,0.0627820728,-0.0707226894,0.029553147,-0.037494843
0.554,1.63604535,1.93924234,1.23051466,0.589790142,-4.17394041,0.266823709,-0.589790142,0.282673388,-3.350132e-05,3.34980193e-05,3.37239312e-05,0.00311768484,0.328330485,-0.347852411,1.72886021e-05,3,0.0652490279,-0.0734848046,0.0307351402,-0.038972106
0.556,1.63849561,1.94041746,1.22176402,0.586155781,-4.71122581,0.263063612,-0.586155781,0.281165867,-3.34464156e-05,3.34423956e-05,3.36666674e-05,0.00307674064,0.321401658,-0.343578599,5.76102247e-05,3,0.0676992868,-0.0762270253,0.03191026,-0.0404392938
0.558,1.64092703,1.94158465,1.21193791,0.581991938,-5.24962866,0.259032841,-0.581991938,0.279397891,-3.33633798e-05,3.33585814e-05,3.35810887e-05,0.0030306115,0.313931719,-0.338714616,9.74292935e-05,3,0.0701307004,-0.0789469735,0.0330774497,-0.0418951205
0.56,1.64333744,1.94274285,1.20103444,0.577296214,-5.78866203,0.254731704,-0.577296214,0.27736759,-3.32519319e-05,3.32463012e-05,3.34669191e-05,0.00297940349,0.305941548,-0.333270918,0.000136575515,3,0.0725411153,-0.0816422702,0.0342356472,-0.0433382984
0.562,1.6457247,1.94389099,1.18905271,0.572066731,-6.3278349,0.250160823,-0.572066731,0.275073375,-3.31118162e-05,3.31053046e-05,3.33239081e-05,0.00292324318,0.297454406,-0.327260345,0.000174877092,3,0.0749283756,-0.0843105376,0.0353837863,-0.0447675391
0.564,1.64808665,1.945028,1.17599284,0.566302149,-6.86665266,0.245321138,-0.566302149,0.272513938,-3.29428021e-05,3.29353673e-05,3.31518304e-05,0.00286227764,0.288495901,-0.320698124,0.00021216142,3,0.0772903245,-0.0869494007,0.0365207977,-0.0461815549
0.566,1.65042113,1.94615281,1.16185589,0.560001667,-7.40461759,0.240213907,-0.560001667,0.269688263,-3.27446854e-05,3.27362915e-05,3.29504877e-05,0.00279667426,0.279093941,-0.313601867,0.000248255811,3,0.0796248072,-0.0895564897,0.0376456102,-0.0475790598
0.568,1.652726,1.94726435,1.14664394,0.553165033,-7.94122932,0.23484071,-0.553165033,0.26659563,-3.25172884e-05,3.25079065e-05,3.27197081e-05,0.00272662059,0.269278678,-0.305991554,0.00028298822,3,0.0819296718,-0.0921294421,0.0387571515,-0.0489587706
0.57,1.6549991,1.94836155,1.13036009,0.545792549,-8.47598534,0.229203456,-0.545792549,0.263235619,-3.2260461e-05,3.22500693e-05,3.24593478e-05,0.00265232404,0.259082438,-0.297889506,0.000316188005,3,0.084202772,-0.0946659049,0.0398543496,-0.0503194085
0.572,1.6572383,1.94944334,1.11300841,0.537885077,-9.0083815,0.223304376,-0.537885077,0.259608115,-3.19740806e-05,3.19626653e-05,3.21692908e-05,0.00257401153,0.248539649,-0.289320356,0.000347686681,3,0.0864419691,-0.0971635364,0.0409361339,-0.0516596999
0.574,1.65944146,1.95050864,1.09459401,0.529444043,-9.53791248,0.217146031,-0.529444043,0.255713315,-3.16580533e-05,3.16456084e-05,3.18494495e-05,0.00249192899,0.237686746,-0.280310995,0.00037731869,3,0.0886451335,-0.0996200084,0.042001436,-0.0529783777
0.576,1.66160647,1.95155639,1.075123,0.520471444,-10.0640723,0.21073131,-0.520471444,0.251551727,-3.13123142e-05,3.12988421e-05,3.14997656e-05,0.00240634089,0.226562078,-0.270890524,0.000404922172,3,0.0908101474,-0.102033008,0.0430491912,-0.0542741828
0.578,1.66373123,1.95258554,1.0546025,0.510969846,-10.5863549,0.204063428,-0.510969846,0.247124174,-3.09368278e-05,3.0922339e-05,3.11202102e-05,0.00231752958,0.215205801,-0.261090183,0.000430339732,3,0.0929349061,-0.104400242,0.0440783395,-0.0555458647
0.58,1.66581365,1.95359503,1.03304064,0.50094239,-11.1042546,0.19714593,-0.50094239,0.242431802,-3.05315884e-05,3.0516102e-05,3.07107843e-05,0.00222579462,0.203659758,-0.250943278,0.000453419205,3,0.0950173208,-0.106719433,0.0450878268,-0.0567921832
0.582,1.66785165,1.95458381,1.01044657,0.490392792,-11.6172664,0.189982687,-0.490392792,0.237476073,-3.00966207e-05,3.00801643e-05,3.02715187e-05,0.00213145197,0.191967354,-0.240485091,0.000474014417,3,0.09705532,-0.10898833,0.0460766058,-0.0580119095
0.584,1.66984318,1.95555084,0.986830439,0.479325347,-12.124887,0.182577891,-0.479325347,0.232258774,-2.963198e-05,2.96145898e-05,2.98024752e-05,0.00203483317,0.18017342,-0.229752788,0.000491985919,3,0.0990468518,-0.111204702,0.0470436377,-0.0592038269
0.586,1.67178621,1.95649509,0.962203409,0.467744923,-12.6266148,0.174936062,-0.467744923,0.226782014,-2.91377526e-05,2.91194731e-05,2.93037461e-05,0.00193628439,0.168324075,-0.218785313,0.000507201724,3,0.100989886,-0.113366346,0.0479878926,-0.0603667327
0.588,1.67367874,1.95741555,0.93657764,0.455656966,-13.1219506,0.167062034,-0.455656966,0.221048228,-2.86140561e-05,2.859494e-05,2.87754546e-05,0.00183616544,0.156466566,-0.207623271,0.000519538007,3,0.102882416,-0.115471086,0.0489083513,-0.0614994387
0.59,1.67551879,1.95831121,0.909966288,0.443067497,-13.6103983,0.158960962,-0.443067497,0.215060171,-2.80610396e-05,2.80411477e-05,2.82177552e-05,0.00173484869,0.144649117,-0.196308807,0.000528879788,3,0.10472246,-0.117516777,0.0498040063,-0.0626007727
0.592,1.67730439,1.95918106,0.8823835,0.429983106,-14.0914652,0.150638311,-0.429983106,0.208820923,-2.74788838e-05,2.74582845e-05,2.76308336e-05,0.00163271793,0.13292076,-0.184885472,0.00053512159,3,0.106508064,-0.119501304,0.0506738626,-0.0636695795
0.594,1.67903363,1.96002414,0.853844404,0.416410955,-14.5646625,0.142099855,-0.416410955,0.202333886,-2.68678015e-05,2.68465705e-05,2.7014907e-05,0.00153016715,0.121331166,-0.173398084,0.000538168059,3,0.108237306,-0.121422586,0.0515169392,-0.064704722
0.596,1.68070462,1.96083947,0.824365103,0.40235877,-15.0295059,0.133351671,-0.40235877,0.195602783,-2.62280372e-05,2.62062572e-05,2.6370224e-05,0.00142759931,0.109930464,-0.16189258,0.000537934556,3,0.109908291,-0.123278581,0.0523322703,-0.0657050822
0.598,1.68231549,1.96162611,0.793962666,0.387834838,-15.4855162,0.124400135,-0.387834838,0.188631652,-2.55598676e-05,2.55376276e-05,2.56970647e-05,0.00132542499,0.098769063,-0.150415861,0.000534347705,3,0.111519161,-0.125067279,0.0531189059,-0.0666695626
0.6,1.68386442,1.96238312,0.762655116,0.372848,-15.9322194,0.115251917,-0.372848,0.18142485,-2.48636014e-05,2.48409963e-05,2.49957405e-05,0.00122406105,0.0878974638,-0.139015631,0.000527345905,3,0.113068092,-0.126786713,0.0538759137,-0.0675970869
0.602,1.68534962,1.96310958,0.730461417,0.357407648,-16.369148,0.10591397,-0.357407648,0.173987046,-2.41395793e-05,2.41167091e-05,2.42665944e-05,0.00112392918,0.0773660689,-0.127740227,0.000516879793,3,0.114553297,-0.128434957,0.0546023793,-0.0684866012
0.604,1.68676936,1.96380461,0.697401466,0.341523716,-16.7958405,0.096393532,-0.341523716,0.166323216,-2.3388174e-05,2.33651431e-05,2.35100006e-05,0.00102545446,0.0672249906,-0.116638449,0.000502912669,3,0.115973029,-0.130010126,0.0552974082,-0.0693370749
0.606,1.68812191,1.96446733,0.663496078,0.325206675,-17.2118425,0.0866981101,-0.325206675,0.158438644,-2.26097898e-05,2.25867068e-05,2.27263643e-05,0.000929063863,0.0575238561,-0.105759381,0.000485420861,3,0.11732558,-0.131510383,0.0559601262,-0.0701475021
0.608,1.68940561,1.96509688,0.62876697,0.308467521,-17.6167074,0.0768354795,-0.308467521,0.150338912,-2.1804863e-05,2.1781839e-05,2.19161217e-05,0.000835184736,0.0483116116,-0.0951522112,0.000464394052,3,0.118609288,-0.132933935,0.0565896807,-0.070916902
0.61,1.69061886,1.96569244,0.593236746,0.291317769,-18.0099962,0.0668136728,-0.291317769,0.142029901,-2.0973861e-05,2.09510097e-05,2.10797397e-05,0.000744243236,0.0396363259,-0.0848660427,0.00043983554,3,0.119822532,-0.134279039,0.0571852417,-0.0716443202
0.612,1.69176007,1.96625321,0.556928883,0.273769446,-18.3912783,0.0566409734,-0.273769446,0.133517779,-2.01172824e-05,2.00947188e-05,2.02177157e-05,0.000656662772,0.031544994,-0.0749497096,0.000411762453,3,0.120963741,-0.135543998,0.0577460032,-0.0723288298
0.614,1.69282771,1.96677839,0.519867711,0.255835075,-18.7601323,0.0463259059,-0.255835075,0.124809001,-1.92356568e-05,1.92134962e-05,1.93305772e-05,0.000572862411,0.0240833427,-0.0654515858,0.000380205909,3,0.122031388,-0.136727173,0.0582711834,-0.072969532
0.616,1.69382033,1.96726723,0.482078398,0.23752767,-19.116146,0.0358772286,-0.23752767,0.115910302,-1.83295441e-05,1.83079016e-05,1.84188817e-05,0.000493255294,0.0172956369,-0.0564193941,0.00034521111,3,0.123023998,-0.137826973,0.0587600266,-0.073565557
0.618,1.69473648,1.96771901,0.443586928,0.218860721,-19.4589169,0.0253039233,-0.218860721,0.106828687,-1.73995344e-05,1.73785237e-05,1.74832158e-05,0.000418247042,0.0112244896,-0.0479000153,0.000306837385,3,0.123940148,-0.138841863,0.0592118033,-0.0741160653
0.62,1.69557479,1.96813301,0.404420082,0.199848185,-19.7880529,0.0146151867,-0.199848185,0.0975714276,-1.64462473e-05,1.64259799e-05,1.65241957e-05,0.000348234163,0.00591067501,-0.0399392972,0.000265158173,3,0.124778467,-0.139770365,0.059625812,-0.0746202479
0.622,1.69633396,1.96850858,0.364605417,0.180504472,-20.1031725,0.00382042077,-0.180504472,0.0881460548,-1.54703318e-05,1.54509161e-05,1.55424661e-05,0.000283602479,0.00139294611,-0.0325818645,0.000220260946,3,0.125537638,-0.140611059,0.0600013793,-0.075077328
0.624,1.69701273,1.96884506,0.324171246,0.160844433,-20.4039053,-0.00707077769,-0.160844433,0.0785603496,-1.44724651e-05,1.44540054e-05,1.45387001e-05,0.000224725564,-0.00229214281,-0.0258709317,0.000172247071,3,0.126216401,-0.141362584,0.0603378615,-0.0754865607
0.626,1.69760988,1.96914185,0.283146614,0.140883346,-20.6898924,-0.0180486268,-0.140883346,0.0688223366,-1.34533527e-05,1.34359486e-05,1.35135991e-05,0.000171963207,-0.00511040756,-0.0198481171,0.000121231618,3,0.126813552,-0.142023638,0.0606346448,-0.0758472351
0.628,1.69812428,1.96939835,0.241561273,0.120636901,-20.960787,-0.0291031703,-0.120636901,0.0589402754,-1.24137276e-05,1.23974726e-05,1.24678922e-05,0.000125659904,-0.00703019887,-0.0145532619,6.7343101e-05,3,0.127327949,-0.142592982,0.0608911468,-0.0761586738
0.63,1.69855483,1.96961402,0.199445663,0.10012119,-21.2162543,-0.0402242879,-0.10012119,0.0489226521,-1.13543493e-05,1.13393304e-05,1.14023364e-05,8.61433865e-05,-0.00802255977,-0.0100242526,1.07231692e-05,3,0.127758508,-0.143069443,0.0611068167,-0.0764202345
0.632,1.69890053,1.96978834,0.15683088,0.0793526857,-21.4559724,-0.051401707,-0.0793526857,0.0387781706,-1.02760035e-05,1.02623005e-05,1.03177169e-05,5.37231937e-05,-0.00806137495,-0.00629684872,-4.84737653e-05,3,0.128104206,-0.143451908,0.0612811367,-0.0766313105
0.634,1.69916041,1.96992082,0.113748658,0.0583482316,-21.6796325,-0.0626250127,-0.0583482316,0.0285157433,-9.17950124e-06,9.16718554e-06,9.21484782e-06,2.86892874e-05,-0.00712351115,-0.00340451614,-0.000110080953,3,0.128364085,-0.143739332,0.061413622,-0.0767913311
0.636,1.69933358,1.97001102,0.0702313355,0.0371250231,-21.8869389,-0.0738836606,-0.0371250231,0.0181444822,-8.06567809e-06,8.0548124e-06,8.09457502e-06,1.13107259e-05,-0.00518894815,-0.00137826734,-0.000173919791,3,0.128537252,-0.143930738,0.0615038223,-0.0768997628
0.638,1.6994192,1.97005852,0.0263118338,0.0157005919,-22.0776099,-0.0851669871,-0.0157005919,0.00767368868,-6.93539341e-06,6.92603096e-06,6.95778113e-06,1.83439544e-06,-0.00224089961,-0.000246508586,-0.000239800356,3,0.128622875,-0.144025216,0.0615513218,-0.0769561095
0.64,1.69941652,1.97006294,-0.0179763734,-0.0059072104,-22.2513779,-0.0964642225,0.0059072104,-0.00288715611,-5.7895295e-06,5.7817135e-06,5.80539886e-06,4.8380615e-07,0.00173407688,-3.48951347e-05,-0.000307521993,3,0.128620193,-0.144021925,0.0615557405,-0.0769599134
0.642,1.69932484,1.97002394,-0.0625992877,-0.0276802298,-22.4079895,-0.107764502,0.0276802298,-0.0135284016,-4.62899074e-06,4.62275389e-06,4.63844529e-06,7.45795987e-06,0.00674598105,-0.000766195121,-0.000376873955,3,0.128528512,-0.143920095,0.0615167342,-0.0769107552
0.644,1.69914353,1.9699412,-0.107522415,-0.0496000273,-22.5472062,-0.119056879,0.0496000273,-0.0242402381,-3.45470267e-06,3.45006679e-06,3.4581298e-06,2.29302929e-05,0.0128012831,-0.00246016271,-0.000447636089,3,0.128347203,-0.143719027,0.0614339955,-0.0768082554
0.646,1.69887204,1.96981446,-0.152710796,-0.0716478972,-22.6688041,-0.130330336,0.0716478972,-0.0350127079,-2.2676111e-06,2.26458679e-06,2.26630948e-06,4.70476996e-05,0.0199028492,-0.00513342118,-0.000519579566,3,0.128075712,-0.143418094,0.0613072541,-0.0766520742
0.648,1.69850988,1.96964348,-0.198129033,-0.0938048851,-22.7725751,-0.141573799,0.0938048851,-0.045835716,-1.06868116e-06,1.06726757e-06,1.06904957e-06,7.99296418e-05,0.0280498799,-0.00879935646,-0.00059246766,3,0.127713551,-0.143016744,0.0611362776,-0.0764419121
0.65,1.69805663,1.96942807,-0.243741326,-0.116051807,-22.858326,-0.152776151,0.116051807,-0.0566990416,1.4110369e-07,-1.40918979e-07,2.56271772e-07,0.000121667348,0.0372378616,-0.0134680219,-0.000666056565,3,0.127260305,-0.142514496,0.0609208718,-0.0761775107
0.652,1.69751196,1.96916808,-0.2895115,-0.138369268,-22.9258798,-0.163926241,0.138369268,-0.0675923493,1.36074265e-06,-1.35898368e-06,1.40808747e-06,0.000172323105,0.047458532,-0.0191460543,-0.00074009625,3,0.126715631,-0.141910946,0.0606608808,-0.0758586531
0.654,1.69687559,1.96886339,-0.335403037,-0.160737683,-22.9750753,-0.175012903,0.160737683,-0.0785052013,2.58921861e-06,-2.58592094e-06,2.63873367e-06,0.000231929652,0.0586998593,-0.0258366027,-0.000814331349,3,0.12607926,-0.141205766,0.0603561882,-0.0754851639
0.656,1.69614732,1.96851392,-0.381379108,-0.183137295,-23.0057674,-0.186024965,0.183137295,-0.0894270691,3.82549915e-06,-3.82070974e-06,3.88145019e-06,0.00030048967,0.0709460354,-0.0335392687,-0.000888502089,3,0.125350994,-0.140398702,0.0600067166,-0.0750569104
0.658,1.69532704,1.96811963,-0.427402608,-0.205548196,-23.0178275,-0.196951265,0.205548196,-0.100347346,5.06853766e-06,-5.06231455e-06,5.13228549e-06,0.00037797538,0.0841774843,-0.0422500608,-0.000962345241,3,0.124530711,-0.139489579,0.0596124286,-0.0745738022
0.66,1.69441469,1.96768053,-0.473436187,-0.227950348,-23.0111435,-0.207780662,0.227950348,-0.11125536,6.31727438e-06,-6.30968635e-06,6.3895353e-06,0.000464328249,0.0983708844,-0.0519613613,-0.0010355951,3,0.123618362,-0.138478299,0.0591733266,-0.0740357922
0.662,1.6934103,1.96719666,-0.519442282,-0.250323605,-22.98562,-0.218502054,0.250323605,-0.122140385,7.57063749e-06,-7.56176355e-06,7.65190527e-06,0.000559458801,0.113499206,-0.0626619071,-0.00110798449,3,0.122613975,-0.137364843,0.0586894532,-0.0734428763
0.664,1.69231398,1.96666809,-0.565383152,-0.27264773,-22.9411785,-0.22910439,0.27264773,-0.132991657,8.82754427e-06,-8.81747309e-06,8.91821592e-06,0.000663246549,0.129531762,-0.0743367844,-0.00117924578,3,0.121517651,-0.136149268,0.0581608916,-0.0727950943
0.666,1.6911259,1.96609497,-0.611220913,-0.29490242,-22.8777576,-0.239576684,0.29490242,-0.143798382,1.00869021e-05,-1.00757314e-05,1.01873257e-05,0.000775540028,0.14643428,-0.0869674376,-0.00124911193,3,0.120329569,-0.134831713,0.0575877654,-0.07209253
0.668,1.68984631,1.96547744,-0.656917569,-0.31706733,-22.7953127,-0.24990803,0.31706733,-0.154549756,1.13476099e-05,-1.13354454e-05,1.14581051e-05,0.000896156958,0.164168976,-0.100531692,-0.00131731754,3,0.119049981,-0.133412394,0.0569702388,-0.071335311
0.67,1.68847554,1.96481572,-0.702435051,-0.33912209,-22.6938167,-0.260087616,0.33912209,-0.165234973,1.26085588e-05,-1.25955136e-05,1.2729427e-05,0.00102488451,0.182694658,-0.115003792,-0.00138359989,3,0.117679218,-0.13189161,0.0563085168,-0.0705236096
0.672,1.68701401,1.96411005,-0.747735245,-0.361046328,-22.5732598,-0.270104739,0.361046328,-0.175843244,1.38686337e-05,-1.38548274e-05,1.40001623e-05,0.00116147969,0.201966833,-0.130354451,-0.00144770004,3,0.116217686,-0.130269735,0.0556028454,-0.0696576426
0.674,1.68546219,1.96336071,-0.792780032,-0.382819697,-22.4336495,-0.27994882,0.382819697,-0.186363804,1.51267144e-05,-1.51122718e-05,1.52691788e-05,0.00130566984,0.221937835,-0.14655092,-0.00150936384,3,0.114665866,-0.128547229,0.0548535109,-0.0687376712
0.676,1.68382065,1.96256804,-0.837531323,-0.404421894,-22.2750106,-0.28960942,0.404421894,-0.196785935,1.63816764e-05,-1.63667265e-05,1.65353407e-05,0.00145715329,0.242556961,-0.163557068,-0.00156834304,3,0.113024318,-0.126724628,0.0540608404,-0.0677640018
0.678,1.68209,1.9617324,-0.881951087,-0.425832683,-22.0973855,-0.299076252,0.425832683,-0.207098974,1.76323927e-05,-1.76170675e-05,1.77975089e-05,0.00161560003,0.263770626,-0.181333474,-0.0016243963,3,0.111293676,-0.12480255,0.0532252016,-0.0667369854
0.68,1.68027098,1.9608542,-0.926001397,-0.447031923,-21.9008342,-0.308339199,0.447031923,-0.217292329,1.88777345e-05,-1.88621676e-05,1.90545419e-05,0.00178065261,0.285522529,-0.19983754,-0.00167729024,3,0.109474651,-0.122781695,0.0523470026,-0.065657018
0.682,1.67836435,1.95993389,-0.969644453,-0.467999583,-21.6854338,-0.317388326,0.467999583,-0.227355495,2.01165725e-05,-2.01008981e-05,2.03052964e-05,0.00195192705,0.30775383,-0.219023609,-0.00172680047,3,0.107568027,-0.12066284,0.0514266914,-0.0645245406
0.684,1.676371,1.95897196,-1.01284263,-0.488715773,-21.4512792,-0.326213899,0.488715773,-0.237278069,2.13477782e-05,-2.13321296e-05,2.15486285e-05,0.00212901398,0.330403343,-0.238843107,-0.00177271255,3,0.105574668,-0.118446846,0.0504647562,-0.0633400388
0.686,1.67429184,1.95796893,-1.05555849,-0.509160764,-21.1984825,-0.334806396,0.509160764,-0.247049763,2.25702252e-05,-2.25547333e-05,2.27833943e-05,0.00231147972,0.353407734,-0.259244684,-0.00181482302,3,0.10349551,-0.116134652,0.0494617245,-0.0621040434
0.688,1.67212789,1.95692537,-1.09775486,-0.529315014,-20.9271735,-0.343156523,0.529315014,-0.25666042,2.378279e-05,-2.3767582e-05,2.40084516e-05,0.00249886761,0.376701739,-0.280174384,-0.00185294028,3,0.101331563,-0.113727279,0.0484181632,-0.0608171296
0.69,1.66988024,1.95584188,-1.1393948,-0.549159189,-20.6374988,-0.351255231,0.549159189,-0.266100029,2.49843536e-05,-2.49695517e-05,2.52226606e-05,0.00269069939,0.400218385,-0.301575815,-0.00188688552,3,0.099083914,-0.111225824,0.047334678,-0.0594799173
0.692,1.66755005,1.95471911,-1.18044172,-0.568674189,-20.3296228,-0.359093728,0.568674189,-0.275358741,2.61738028e-05,-2.61595223e-05,2.64248855e-05,0.00288647662,0.42388922,-0.323390334,-0.00191649358,3,0.0967537202,-0.108631469,0.046211913,-0.0580930708
0.694,1.66513854,1.95355775,-1.22085935,-0.587841171,-20.0037267,-0.366663496,0.587841171,-0.284426884,2.73500307e-05,-2.73363793e-05,2.76139951e-05,0.00308568229,0.447644557,-0.345557243,-0.00194161377,3,0.0943422136,-0.10594547,0.04505055,-0.0566572982
0.696,1.66264702,1.95235851,-1.26061178,-0.606641573,-19.6600088,-0.373956301,0.606641573,-0.293294975,2.85119388e-05,-2.84990147e-05,2.87888647e-05,0.00328778244,0.471413719,-0.368013998,-0.00196211064,3,0.0918506976,-0.103169165,0.0438513085,-0.055173352
0.698,1.66007687,1.95112215,-1.29966354,-0.625057137,-19.2986843,-0.380964213,0.625057137,-0.30195374,2.96584376e-05,-2.96463283e-05,2.99483769e-05,0.00349222785,0.495125298,-0.390696425,-0.0019778647,3,0.0892805471,-0.100303967,0.0426149443,-0.0536420277
0.7,1.65742953,1.94984945,-1.33797958,-0.643069934,-18.9199852,-0.387679615,0.643069934,-0.310394125,3.0788448e-05,-3.07772289e-05,3.1091423e-05,0.0036984559,0.518707409,-0.41353894,-0.00198877306,3,0.0866332073,-0.0973513709,0.0413422497,-0.0520641643
0.702,1.65470652,1.94854125,-1.37552534,-0.660662386,-18.52416,-0.39409522,0.660662386,-0.318607311,3.19009026e-05,-3.18906359e-05,3.22169042e-05,0.00390589238,0.542087961,-0.436474789,-0.00199475004,3,0.0839101929,-0.0943129442,0.0400340523,-0.0504406435
0.704,1.65190941,1.94719842,-1.41226676,-0.67781729,-18.1114738,-0.40020408,0.67781729,-0.326584731,3.29947465e-05,-3.29854799e-05,3.33237331e-05,0.0041139534,0.565194918,-0.459436279,-0.0019957277,3,0.0811130872,-0.0911903326,0.0386912142,-0.0487723892
0.706,1.64903987,1.94582183,-1.44817032,-0.69451784,-17.6822075,-0.405999603,0.69451784,-0.334318081,3.4068939e-05,-3.40607046e-05,3.44108348e-05,0.00432204743,0.587956576,-0.482355031,-0.00199165628,3,0.0782435407,-0.0879852568,0.0373146316,-0.0470603674
0.708,1.6460996,1.94441244,-1.4832031,-0.710747651,-17.2366586,-0.411475562,0.710747651,-0.341799338,3.51224544e-05,-3.51152678e-05,3.54771482e-05,0.00452957724,0.610301827,-0.505162223,-0.00198250464,3,0.0753032705,-0.0846995119,0.0359052339,-0.045305585
0.71,1.64309039,1.94297118,-1.51733274,-0.726490779,-16.7751399,-0.416626109,0.726490779,-0.34902077,3.61542834e-05,-3.61481425e-05,3.65216275e-05,0.00473594201,0.632160436,-0.527788851,-0.00196826048,3,0.0722940586,-0.0813349669,0.0344639824,-0.0435090898
0.712,1.64001408,1.94149907,-1.55052757,-0.741731744,-16.2979799,-0.421445783,0.741731744,-0.355974951,3.71634341e-05,-3.71583184e-05,3.75432431e-05,0.00494053938,0.653463307,-0.550165981,-0.00194893065,3,0.0692177511,-0.077893563,0.03299187,-0.0416719698
0.714,1.63687258,1.93999712,-1.58275655,-0.756455554,-15.8055225,-0.425929526,0.756455554,-0.362654774,3.81489329e-05,-3.81448033e-05,3.85409834e-05,0.0051427676,0.674142748,-0.572225005,-0.00192454127,3,0.0660762564,-0.0743773135,0.0314899198,-0.039795352
0.716,1.63366787,1.93846639,-1.61398935,-0.77064772,-15.2981265,-0.430072687,0.77064772,-0.369053463,3.91098264e-05,-3.91066239e-05,3.95138559e-05,0.00534202759,0.694132738,-0.593897908,-0.00189513777,3,0.0628715443,-0.0707883018,0.0299591843,-0.0378804025
0.718,1.63040197,1.93690795,-1.64419638,-0.784294281,-14.7761653,-0.433871033,0.784294281,-0.375164585,4.00451817e-05,-4.00428274e-05,4.04608882e-05,0.00553772511,0.713369183,-0.615117519,-0.00186078489,3,0.0596056443,-0.0671286806,0.0284007443,-0.0359283248
0.72,1.62707697,1.93532291,-1.67334879,-0.797381821,-14.2400269,-0.43732076,0.797381821,-0.38098206,4.0954088e-05,-4.09524827e-05,4.13811298e-05,0.00572927287,0.731790165,-0.635817769,-0.00182156657,3,0.056280644,-0.063400671,0.026815708,-0.0339403597
0.722,1.62369501,1.93371241,-1.70141853,-0.80989749,-13.6901134,-0.440418496,0.80989749,-0.386500177,4.18356573e-05,-4.18346816e-05,4.22736531e-05,0.00591609261,0.749336191,-0.655933944,-0.00177758573,3,0.0528986879,-0.0596065605,0.0252052094,-0.0319177842
0.724,1.6202583,1.93207761,-1.72837836,-0.821829018,-13.1268405,-0.443161313,0.821829018,-0.391713597,4.2689026e-05,-4.26885398e-05,4.31375549e-05,0.00609761724,0.765950422,-0.675402935,-0.00172896399,3,0.0494619756,-0.0557487022,0.0235704078,-0.0298619104
0.726,1.61676909,1.93041969,-1.75420187,-0.833164738,-12.5506373,-0.445546727,0.833164738,-0.396617367,4.35133555e-05,-4.35131988e-05,4.39719571e-05,0.00627329281,0.781578904,-0.694163481,-0.00167584128,3,0.0459727599,-0.051829513,0.0219124862,-0.0277740849
0.728,1.61322967,1.92873985,-1.77886355,-0.843893598,-11.9619463,-0.447572709,0.843893598,-0.401206928,4.43078331e-05,-4.4307826e-05,4.47760088e-05,0.00644258061,0.796170776,-0.712156404,-0.00161837538,3,0.0424333456,-0.0478514722,0.02023265,-0.0256556873
0.73,1.60964241,1.92703933,-1.80233874,-0.854005177,-11.3612222,-0.449237683,0.854005177,-0.40547812,4.50716738e-05,-4.50716171e-05,4.55488866e-05,0.00660495909,0.809678478,-0.729324842,-0.00155674135,3,0.0388460872,-0.0438171202,0.0185321261,-0.0235081297
0.732,1.60600971,1.92531936,-1.82460374,-0.863489701,-10.7489323,-0.450540532,0.863489701,-0.409427195,4.58041203e-05,-4.58037961e-05,4.62897965e-05,0.00675992577,0.822057937,-0.745614464,-0.0014911309,3,0.0352133876,-0.0397290563,0.0168121613,-0.0213328551
0.734,1.60233402,1.92358122,-1.84563576,-0.872338056,-10.1255556,-0.4514806,0.872338056,-0.413050816,4.65044447e-05,-4.65036173e-05,4.69979748e-05,0.00690699909,0.833268742,-0.760973684,-0.00142175164,3,0.0315376957,-0.0355899375,0.0150740214,-0.0191313366
0.736,1.59861783,1.92182619,-1.86541301,-0.880541798,-9.49158253,-0.452057693,0.880541798,-0.416346068,4.71719488e-05,-4.71703658e-05,4.76726892e-05,0.00704572018,0.843274302,-0.775353859,-0.00134882628,3,0.0278215049,-0.0314024765,0.0133189893,-0.0169050761
0.738,1.59486368,1.92005557,-1.88391466,-0.888093169,-8.84751466,-0.452272077,0.888093169,-0.419310457,4.78059656e-05,-4.78033589e-05,4.831324e-05,0.00717565458,0.852041996,-0.788709476,-0.00127259174,3,0.0240673509,-0.0271694399,0.011548364,-0.014655603
0.74,1.59107414,1.91827066,-1.90112091,-0.8949851,-8.19386403,-0.452124475,0.8949851,-0.42194192,4.84058598e-05,-4.8401947e-05,4.8918961e-05,0.00729639378,0.859543294,-0.800998329,-0.00119329819,3,0.0202778099,-0.0228936464,0.00976345915,-0.0123844732
0.742,1.58725182,1.9164728,-1.91701298,-0.901211227,-7.53115278,-0.451616071,0.901211227,-0.424238821,4.89710286e-05,-4.89655144e-05,4.94892207e-05,0.00740755679,0.86575387,-0.812181676,-0.001111208,3,0.0164554962,-0.0185779646,0.0079656018,-0.0100932673
0.744,1.58339939,1.91466333,-1.93157315,-0.906765893,-6.85991269,-0.450748498,0.906765893,-0.426199953,4.95009028e-05,-4.94934806e-05,5.00234231e-05,0.00750879152,0.870653695,-0.822224385,-0.00102659468,3,0.0126030606,-0.0142253112,0.00615613069,-0.0077835897
0.746,1.57951951,1.9128436,-1.94478476,-0.911644157,-6.18068467,-0.449523839,0.911644157,-0.427824543,4.99949472e-05,-4.99853007e-05,5.0521009e-05,0.00759977608,0.87422711,-0.831095068,-0.000939741658,3,0.00872318786,-0.00983864905,0.00433639503,-0.00545706717
0.748,1.57561492,1.91101496,-1.95663224,-0.915841797,-5.49401828,-0.447944618,0.915841797,-0.429112245,5.04526613e-05,-5.04404668e-05,5.09814563e-05,0.00768021998,0.876462883,-0.838766196,-0.000850941135,3,0.00481859469,-0.00542098448,0.00250775303,-0.00311534724
0.75,1.57168835,1.90917877,-1.96710115,-0.919355314,-4.8004712,-0.446013793,0.919355314,-0.430063141,5.08735805e-05,-5.08585083e-05,5.14042814e-05,0.00774986518,0.877354246,-0.845214194,-0.00076049279,3,0.000892027586,-0.000975365673,0.000671570407,-0.000760096894
0.752,1.56774259,1.90733642,-1.97617814,-0.922181936,-4.10060872,-0.443734749,0.922181936,-0.430677737,5.1257276e-05,-5.12389928e-05,5.17890394e-05,0.00780848703,0.87689891,-0.850419522,-0.000668702494,3,-0.00305373942,0.00349511991,-0.00117078101,0.00160699894
0.754,1.56378042,1.90548928,-1.983851,-0.924319613,-3.39500321,-0.441111286,0.924319613,-0.43095696,5.1603356e-05,-5.15815268e-05,5.21353254e-05,0.00785589513,0.875099067,-0.854366747,-0.000575880981,3,-0.00701590708,0.00798734772,-0.00301792475,0.00398423886
0.756,1.55980467,1.90363872,-1.9901087,-0.925767023,-2.68423359,-0.438147611,0.925767023,-0.43090215,5.19114656e-05,-5.18857561e-05,5.24427746e-05,0.00789193398,0.87196137,-0.857044581,-0.000482342491,3,-0.0109916531,0.0124981586,-0.00486848116,0.00636990655
0.758,1.55581819,1.90178613,-1.99494132,-0.926523563,-1.96888475,-0.434848324,0.926523563,-0.430515055,5.21812879e-05,-5.21513668e-05,5.27110631e-05,0.00791648356,0.86749689,-0.858445914,-0.000388403403,3,-0.0149781347,0.0170243609,-0.00672106884,0.00876227231
0.76,1.55182384,1.8999329,-1.99834016,-0.926589351,-1.24954701,-0.431218407,0.926589351,-0.429797824,5.2412544e-05,-5.2378085e-05,5.29399085e-05,0.00792945973,0.861721062,-0.858567825,-0.000294380849,3,-0.0189724905,0.0215627336,-0.00857430609,0.0111595946
0.762,1.54782448,1.89808039,-2.00029769,-0.925965213,-0.52681558,-0.427263209,0.925965213,-0.428752995,5.26049935e-05,-5.25656781e-05,5.31290701e-05,0.00793081453,0.854653611,-0.857411576,-0.000200591342,3,-0.0229718435,0.026110028,-0.0104268123,0.0135601218
0.764,1.54382302,1.89622999,-2.00080757,-0.924652686,0.198710074,-0.42298843,0.924652686,-0.427383489,5.27584348e-05,-5.27139543e-05,5.32783495e-05,0.00792053636,0.846318452,-0.85498259,-0.000107349394,3,-0.0269733029,0.0306629708,-0.0122772095,0.0159620935
0.766,1.53982236,1.89438308,-1.99986466,-0.922654001,0.926426764,-0.418400107,0.922654001,-0.425692598,5.28727054e-05,-5.28227634e-05,5.33875905e-05,0.00789864994,0.836743587,-0.851290405,-1.49661688e-05,3,-0.0309739667,0.0352182669,-0.0141241235,0.0183637423
0.768,1.5358254,1.89254102,-1.99746503,-0.919972076,1.65572819,-0.413504599,0.919972076,-0.423683971,5.29476821e-05,-5.28919965e-05,5.34566797e-05,0.00786521624,0.825960974,-0.84634862,7.62518585e-05,3,-0.0349709243,0.0397726013,-0.0159661856,0.0207632956
0.77,1.53183507,1.89070517,-1.99360597,-0.916610507,2.38600552,-0.408308563,0.916610507,-0.421361604,5.29832807e-05,-5.29215866e-05,5.34855461e-05,0.00782033218,0.814006388,-0.840174822,0.000166004196,3,-0.0389612587,0.0443226427,-0.0178020337,0.0231589769
0.772,1.52785428,1.88887689,-1.98828598,-0.912573554,3.11664799,-0.402818945,0.912573554,-0.418729824,5.29794567e-05,-5.29115082e-05,5.34741618e-05,0.00776413029,0.800919262,-0.832790491,0.000253997594,3,-0.042942049,0.0488650456,-0.0196303137,0.0255490076
0.774,1.52388595,1.88705752,-1.9815048,-0.907866124,3.84704354,-0.397042952,0.907866124,-0.415793277,5.2936205e-05,-5.28617773e-05,5.34225413e-05,0.00769677818,0.786742517,-0.824220899,0.000339947261,3,-0.0469103728,0.0533964533,-0.0214496808,0.027931609
0.776,1.51993302,1.8852484,-1.97326338,-0.90249376,4.57657936,-0.390988039,0.90249376,-0.41255691,5.28535596e-05,-5.27724515e-05,5.33307416e-05,0.00761847786,0.771522381,-0.814494986,0.000423578014,3,-0.0508633087,0.0579135008,-0.023258801,0.0303050031
0.778,1.51599839,1.88345085,-1.9635639,-0.896462622,5.30464253,-0.384661886,0.896462622,-0.409025954,5.2731594e-05,-5.26436292e-05,5.31988621e-05,0.00752946506,0.755308193,-0.803645233,0.000504625373,3,-0.0547979387,0.0624128176,-0.0250563521,0.0326674151
0.78,1.51208498,1.88166618,-1.95240976,-0.889779471,6.03062066,-0.378072378,0.889779471,-0.405205913,5.25704204e-05,-5.24754498e-05,5.3027044e-05,0.00743000826,0.738152199,-0.791707507,0.000582836586,3,-0.0587113507,0.0668910304,-0.0268410247,0.0350170745
0.782,1.50819569,1.87989568,-1.93980559,-0.882451648,6.75390242,-0.371227583,0.882451648,-0.401102538,5.23701897e-05,-5.22680932e-05,5.28154701e-05,0.00732040777,0.720109338,-0.778720911,0.000657971578,3,-0.0626006412,0.0713447662,-0.028611524,0.0373522171
0.784,1.50433341,1.87814063,-1.92575723,-0.874487054,7.47387824,-0.364135733,0.874487054,-0.396721816,5.21310912e-05,-5.20217791e-05,5.25643641e-05,0.00720099459,0.701237022,-0.764727608,0.000729803818,3,-0.0664629171,0.0757706553,-0.0303665704,0.0396710863
0.786,1.50050103,1.8764023,-1.91027177,-0.865894132,8.18994086,-0.356805202,0.865894132,-0.392069948,5.18533521e-05,-5.17367664e-05,5.22739903e-05,0.00707212923,0.681594906,-0.749772649,0.000798121107,3,-0.0702952986,0.0801653339,-0.0321049008,0.041971935
0.788,1.4967014,1.87468193,-1.89335748,-0.856681842,8.90148596,-0.349244483,0.856681842,-0.387153332,5.1537237e-05,-5.14133527e-05,5.19446526e-05,0.00693420042,0.661244654,-0.733903779,0.000862726269,3,-0.0740949219,0.0845254476,-0.0338252698,0.0442530269
0.79,1.49293739,1.87298075,-1.87502384,-0.846859639,9.60791276,-0.341462168,0.846859639,-0.381978542,5.11830473e-05,-5.10518737e-05,5.15766941e-05,0.00678762371,0.640249706,-0.717171249,0.000923437754,3,-0.0778589407,0.0888476538,-0.0355264503,0.0465126382
0.792,1.4892118,1.87129997,-1.85528154,-0.83643745,10.3086246,-0.333466925,0.83643745,-0.376552308,5.07911208e-05,-5.06527018e-05,5.11704958e-05,0.00663284002,0.618675031,-0.699627608,0.000980090147,3,-0.0815845298,0.0931286252,-0.0372072348,0.0487490594
0.794,1.48552744,1.86964077,-1.83414246,-0.825425648,11.0030297,-0.325267479,0.825425648,-0.3708815,5.03618306e-05,-5.02162461e-05,5.07264763e-05,0.0064703141,0.596586894,-0.681327501,0.00103253458,3,-0.0852688862,0.0973650524,-0.0388664362,0.0509605964
0.796,1.48188709,1.86800431,-1.81161964,-0.813835031,11.6905413,-0.31687259,0.813835031,-0.364973105,4.98955847e-05,-4.97429505e-05,5.02450903e-05,0.00630053295,0.574052607,-0.662327458,0.00108063903,3,-0.0889092328,0.101553647,-0.0405028888,0.0531455724
0.798,1.47829351,1.86639175,-1.78772732,-0.801676793,12.370579,-0.30829103,0.801676793,-0.358834208,4.9392825e-05,-4.92332932e-05,4.97268279e-05,0.00612400414,0.551140295,-0.642685681,0.00112428856,3,-0.0925028195,0.105691146,-0.0421154489,0.055302329
0.8,1.4747494,1.86480421,-1.76248087,-0.7889625,13.0425684,-0.299531566,0.7889625,-0.352471974,4.88540265e-05,-4.86877857e-05,4.9172213e-05,0.00594125411,0.527918654,-0.622461826,0.00116338542,3,-0.0960469264,0.109774311,-0.0437029955,0.057429228
0.802,1.47125746,1.86324277,-1.73589681,-0.775704063,13.7059427,-0.290602941,0.775704063,-0.345893628,4.82796963e-05,-4.81069712e-05,4.85818028e-05,0.0057528264,0.504456717,-0.601716793,0.00119784906,3,-0.0995388657,0.113799936,-0.0452644316,0.0595246528
0.804,1.46782034,1.86170852,-1.7079928,-0.761913714,14.3601422,-0.281513849,0.761913714,-0.339106433,4.76703725e-05,-4.74914236e-05,4.7956186e-05,0.0055592799,0.480823627,-0.580512508,0.00122761606,3,-0.102975984,0.117764847,-0.0467986839,0.0615870094
0.806,1.46444066,1.8602025,-1.67878759,-0.747603979,15.0046159,-0.272272925,0.747603979,-0.332117677,4.70266233e-05,-4.68417464e-05,4.72959816e-05,0.005361187,0.457088409,-0.558911709,0.00125263999,3,-0.106355665,0.121665906,-0.0483047043,0.0636147283
0.808,1.461121,1.85872573,-1.64830106,-0.732787651,15.6388212,-0.262888719,0.732787651,-0.324934651,4.63490459e-05,-4.6158571e-05,4.66018378e-05,0.00515913178,0.433319754,-0.536977741,0.00127289109,3,-0.109675331,0.125500016,-0.04978147,0.0656062655
0.81,1.45786388,1.85727922,-1.61655414,-0.717477764,16.2622248,-0.253369685,0.717477764,-0.317564632,4.56382652e-05,-4.54425556e-05,4.58744304e-05,0.00495370816,0.409585812,-0.514774342,0.00128835603,3,-0.112932444,0.12926412,-0.051227984,0.0675601037
0.812,1.45467181,1.85586393,-1.58356882,-0.70168757,16.8743033,-0.243724162,0.70168757,-0.310014864,4.48949325e-05,-4.46943838e-05,4.51144612e-05,0.00474551803,0.385953983,-0.492365446,0.0012990374,3,-0.116124513,0.132955207,-0.0526432758,0.0694747539
0.814,1.45154724,1.8544808,-1.54936814,-0.685430512,17.4745435,-0.233960361,0.685430512,-0.302292548,4.41197247e-05,-4.39147628e-05,4.43226569e-05,0.00453516944,0.36249073,-0.469814987,0.00130495327,3,-0.119249088,0.136570312,-0.0540264015,0.0713487563
0.816,1.44849256,1.85313076,-1.51397616,-0.668720199,18.0624432,-0.22408635,0.668720199,-0.294404819,4.33133425e-05,-4.31044226e-05,4.34997674e-05,0.00432327472,0.339261393,-0.447186705,0.00130613661,3,-0.122303768,0.140106524,-0.0553764444,0.0731806817
0.818,1.44551012,1.85181469,-1.47741793,-0.651570382,18.6375111,-0.214110041,0.651570382,-0.286358735,4.24765094e-05,-4.22641137e-05,4.26465642e-05,0.00411044869,0.316330014,-0.424543963,0.0013026347,3,-0.125286203,0.143560983,-0.0566925151,0.0749691324
0.82,1.44260224,1.85053345,-1.43971948,-0.633994932,19.1992681,-0.204039177,0.633994932,-0.278161262,4.16099702e-05,-4.13946061e-05,4.17638391e-05,0.00389730684,0.293759177,-0.401949574,0.00129450841,3,-0.128194092,0.146930886,-0.057973752,0.0767127435
0.822,1.43977114,1.84928788,-1.40090777,-0.616007815,19.7472469,-0.193881325,0.616007815,-0.269819263,4.07144898e-05,-4.04966878e-05,4.08524023e-05,0.00368446355,0.271609854,-0.379465628,0.00128183149,3,-0.131025188,0.150213491,-0.0592193212,0.0784101836
0.824,1.43701903,1.84807879,-1.36101071,-0.597623073,20.2809932,-0.183643862,0.597623073,-0.261339481,3.97908515e-05,-3.95711629e-05,3.99130811e-05,0.00347253037,0.249941263,-0.357153338,0.00126468985,3,-0.133777299,0.153406114,-0.0604284169,0.0800601564
0.826,1.43434804,1.84690694,-1.32005709,-0.578854802,20.8000654,-0.173333972,0.578854802,-0.252728536,3.8839856e-05,-3.86188504e-05,3.89467186e-05,0.00326211429,0.228810738,-0.335072882,0.00124318069,3,-0.136448292,0.156506139,-0.0616002616,0.0816614011
0.828,1.43176024,1.8457731,-1.27807659,-0.559717131,21.3040358,-0.162958632,0.559717131,-0.243992906,3.78623197e-05,-3.76405825e-05,3.79541715e-05,0.0030538161,0.208273612,-0.313283267,0.00121741173,3,-0.139036088,0.159511016,-0.0627341057,0.0832126936
0.83,1.42925765,1.84467797,-1.23509972,-0.540224206,21.7924901,-0.152524613,0.540224206,-0.235138926,3.68590734e-05,-3.66372032e-05,3.69363092e-05,0.00284822874,0.188383107,-0.291842192,0.00118750033,3,-0.141538674,0.162418264,-0.0638292282,0.0847128474
0.832,1.42684223,1.84362227,-1.19115782,-0.520390169,22.2650286,-0.142038473,0.520390169,-0.226172773,3.58309608e-05,-3.56095667e-05,3.58940119e-05,0.00264593578,0.169190238,-0.270805928,0.00115357268,3,-0.143954094,0.165225475,-0.0648849363,0.086160714
0.834,1.42451587,1.84260664,-1.14628301,-0.500229147,22.7212661,-0.131506552,0.500229147,-0.217100467,3.47788374e-05,-3.45585359e-05,3.48281697e-05,0.00244750988,0.150743726,-0.250229199,0.00111576289,3,-0.146280459,0.167930315,-0.0659005653,0.0875551845
0.836,1.42228038,1.84163172,-1.10050817,-0.479755231,23.1608323,-0.120934971,0.479755231,-0.20792786,3.37035687e-05,-3.34849812e-05,3.37396806e-05,0.00225351131,0.133089924,-0.230165082,0.00107421218,3,-0.148515945,0.170530526,-0.066875479,0.0888951895
0.838,1.42013753,1.84069813,-1.05386691,-0.458982468,23.5833722,-0.110329635,0.458982468,-0.198660633,3.2606029e-05,-3.23897788e-05,3.26294495e-05,0.00206448661,0.116272751,-0.210664906,0.00102906802,3,-0.150658792,0.173023932,-0.0678090691,0.0901797005
0.84,1.41808902,1.83980645,-1.00639355,-0.437924846,23.9885463,-0.0996962254,0.437924846,-0.189304296,3.14871001e-05,-3.12738094e-05,3.14983868e-05,0.00188096719,0.100333638,-0.191778171,0.000980483289,3,-0.152707312,0.175408435,-0.0687007554,0.0914077299
0.842,1.41613644,1.83895722,-0.958123051,-0.416596283,24.3760311,-0.0890402107,0.416596283,-0.179864182,3.034767e-05,-3.01379571e-05,3.03474075e-05,0.00170346811,0.0853114784,-0.173552463,0.000928615492,3,-0.154659882,0.177682022,-0.0695499857,0.0925783322
0.844,1.41428137,1.83815097,-0.909091038,-0.395010617,24.7455189,-0.0783668429,0.395010617,-0.170345448,2.91886316e-05,-2.89831078e-05,2.91774299e-05,0.00153248682,0.0712425946,-0.156033388,0.000873625971,3,-0.156514955,0.179842766,-0.0703562353,0.0936906043
0.846,1.41252528,1.83738819,-0.859333721,-0.373181603,25.0967189,-0.0676811641,0.373181603,-0.160753075,2.80108813e-05,-2.78101481e-05,2.79893745e-05,0.00136850203,0.0581607066,-0.139264509,0.000815679169,3,-0.158271051,0.181888826,-0.0711190072,0.0947436862
0.848,1.41086956,1.83666937,-0.808887884,-0.3511229,25.4293563,-0.0569880112,0.3511229,-0.151091873,2.68153179e-05,-2.66199644e-05,2.67841638e-05,0.00121197265,0.0460969118,-0.123287291,0.000754941925,3,-0.159926765,0.183818452,-0.0718378318,0.0957367612
0.85,1.40931556,1.83599494,-0.757790849,-0.32884807,25.7431735,-0.0462920216,0.32884807,-0.141366476,2.56028416e-05,-2.54134414e-05,2.55627209e-05,0.00106333674,0.0350796703,-0.108141053,0.000691582811,3,-0.161480769,0.185629984,-0.0725122668,0.0966690568
0.852,1.40786452,1.83536531,-0.706080438,-0.306370572,26.0379298,-0.0355976408,0.306370572,-0.131581354,2.43743527e-05,-2.41914612e-05,2.43259699e-05,0.000923010588,0.0251347978,-0.0938629273,0.000625771525,3,-0.162931805,0.187321853,-0.0731418967,0.0975398447
0.854,1.40651763,1.83478087,-0.653794945,-0.283703762,26.3134016,-0.0249091301,0.283703762,-0.121740813,2.31307505e-05,-2.29549025e-05,2.30748356e-05,0.000791387794,0.0162854633,-0.0804878247,0.000557678316,3,-0.164278696,0.188892588,-0.0737263329,0.0983484414
0.856,1.40527599,1.83424199,-0.600973095,-0.260860891,26.5693826,-0.0142305756,0.260860891,-0.111849002,2.18729324e-05,-2.17046395e-05,2.18102438e-05,0.000668838476,0.00855219306,-0.0680484046,0.000487473482,3,-0.165520339,0.19034081,-0.0742652133,0.0990942088
0.858,1.40414062,1.833749,-0.547654015,-0.237855105,26.8056841,-0.0035658979,0.237855105,-0.10190992,2.0601793e-05,-2.04415413e-05,2.05331226e-05,0.000555708502,0.0019528783,-0.0565750509,0.000415326901,3,-0.166655711,0.19166524,-0.0747582023,0.0997765539
0.86,1.40311246,1.83330221,-0.493877195,-0.214699446,27.0221349,0.00708113736,0.214699446,-0.0919274219,1.93182232e-05,-1.91664708e-05,1.92444041e-05,0.000452318802,-0.00349721225,-0.046095852,0.000341407633,3,-0.167683867,0.192864694,-0.0752049903,0.10039493
0.862,1.40219239,1.83290191,-0.439682453,-0.191406856,27.2185815,0.0177069084,0.191406856,-0.0819052306,1.80231094e-05,-1.78802844e-05,1.7945028e-05,0.000358964737,-0.00778541692,-0.0366365845,0.00026588357,3,-0.16860394,0.193938092,-0.0756052939,0.100948835
0.864,1.40138118,1.83254835,-0.385109904,-0.167990181,27.3948879,0.0283079255,0.167990181,-0.0718469425,1.67173326e-05,-1.65838312e-05,1.66359463e-05,0.000275915538,-0.0109016625,-0.0282207009,0.00018892114,3,-0.169415145,0.19488445,-0.0759588551,0.101437816
0.866,1.40067955,1.83224176,-0.330199918,-0.144462175,27.5509363,0.0388808187,0.144462175,-0.0617560392,1.54017678e-05,-1.52779527e-05,1.5318132e-05,0.000203413794,-0.0128384432,-0.0208693201,0.000110685067,3,-0.170116777,0.195702887,-0.0762654419,0.101861463
0.868,1.40008812,1.83198235,-0.27499309,-0.120835506,27.6866264,0.049422325,0.120835506,-0.051635898,1.40772838e-05,-1.39634819e-05,1.39925929e-05,0.000141675015,-0.0135907979,-0.0146012196,3.13381891e-05,3,-0.170708211,0.196392626,-0.0765248473,0.102219415
0.87,1.39960742,1.83177031,-0.219530201,-0.0971227632,27.8018759,0.0599292752,0.0971227632,-0.0414898028,1.27447419e-05,-1.26412436e-05,1.26603939e-05,9.08872386e-05,-0.0131562858,-0.00943283113,-4.89586807e-05,3,-0.171188906,0.19695299,-0.0767368899,0.102511357
0.872,1.39923793,1.83160579,-0.163852182,-0.0733364634,27.8966204,0.0703985803,0.0733364634,-0.0313209563,1.14049961e-05,-1.13120536e-05,1.1322697e-05,5.12107107e-05,-0.011534961,-0.00537823686,-0.000130046838,3,-0.171558399,0.197383407,-0.076901413,0.10273702
0.874,1.39898001,1.83148892,-0.108000083,-0.0494890606,27.9708132,0.0808272182,0.0494890606,-0.0211324918,1.00588923e-05,-9.97671854e-06,9.98083263e-06,2.27776099e-05,-0.00872934628,-0.00244916712,-0.000211769728,3,-0.171816312,0.197683409,-0.0770182853,0.102896184
0.876,1.39883398,1.8314198,-0.0520150303,-0.0255929541,28.0244256,0.0912122192,0.0255929541,-0.0109274857,8.70726818e-06,-8.63603613e-06,8.636439e-06,5.6918363e-06,-0.00474440635,-0.000654999299,-0.000293972939,3,-0.171962349,0.197852632,-0.0770873999,0.102988674
0.878,1.39880003,1.83139853,0.00406180402,-0.00166049745,28.0574465,0.101550653,0.00166049745,-0.00070897081,7.35095292e-06,-7.29079471e-06,7.29175546e-06,2.88527518e-08,0.00041247885,-2.75725179e-06,-0.000376504164,3,-0.171996294,0.197890817,-0.077108675,0.103014363
0.88,1.39887831,1.83142515,0.0601892391,0.0222959915,28.0698826,0.111839613,-0.0222959915,0.00952005092,5.99076692e-06,-5.94177345e-06,5.95031061e-06,5.83558143e-06,0.00673154123,-0.000497111239,-0.000459213122,3,-0.171918016,0.197797809,-0.0770820532,0.10297317
0.882,1.39906886,1.8314997,0.116326121,0.0462642212,28.061758,0.122076206,-0.0462642212,0.019756595,4.62752174e-06,-4.58974236e-06,4.61879134e-06,2.31303542e-05,0.0142006515,-0.00214037817,-0.000541951448,3,-0.171727464,0.197573557,-0.0770075018,0.102865062
0.884,1.39937165,1.83162219,0.172431356,0.0702319161,28.0331145,0.132257534,-0.0702319161,0.0299976813,3.26202e-06,-3.23546241e-06,3.31329055e-06,5.19029163e-05,0.0228053459,-0.00493252204,-0.000624572562,3,-0.171424672,0.197218117,-0.0768850127,0.102690053
0.886,1.39978657,1.8317926,0.228463949,0.0941868066,27.9840111,0.142380683,-0.0941868066,0.0402403202,1.8950554e-06,-1.87968578e-06,2.08777138e-06,9.21144831e-05,0.0325288531,-0.00887115454,-0.000706931512,3,-0.171009754,0.196731647,-0.0767146022,0.102448203
0.888,1.40031342,1.83201089,0.284383034,0.11811662,27.9145242,0.152442712,-0.11811662,0.0504814999,5.27412743e-07,-5.23156046e-07,1.21908264e-06,0.000143697849,0.0433521209,-0.0139515358,-0.000788884806,3,-0.170482907,0.196114409,-0.0764963115,0.102139619
0.89,1.40095192,1.832277,0.340147912,0.142009068,27.8247471,0.162440636,-0.142009068,0.0607181732,-8.40131938e-07,8.33391475e-07,1.53688223e-06,0.00020655755,0.0552538432,-0.0201665754,-0.00087029023,3,-0.169844407,0.195366771,-0.0762302059,0.101764455
0.892,1.40170171,1.83259083,0.395718082,0.165851842,27.7147901,0.172371417,-0.165851842,0.0709472444,-2.20681125e-06,2.18922941e-06,2.64200462e-06,0.000280570074,0.0682104867,-0.0275068334,-0.000951006663,3,-0.169094615,0.1944892,-0.0759163756,0.10132291
0.894,1.40256236,1.83295227,0.451053277,0.189632599,27.5847801,0.182231952,-0.189632599,0.0811655568,-3.57186622e-06,3.54363794e-06,3.91491663e-06,0.000365584132,0.082196319,-0.0359605227,-0.00103089389,3,-0.16823397,0.193482269,-0.0755549353,0.100815231
0.896,1.40353333,1.83336118,0.506113497,0.213338957,27.4348606,0.192019058,-0.213338957,0.0913698807,-4.93454609e-06,4.89590437e-06,5.23250954e-06,0.000461420968,0.0971834368,-0.0455135107,-0.00110981243,3,-0.167262992,0.19234665,-0.0751460245,0.100241711
0.898,1.40461405,1.83381739,0.560859038,0.236958485,27.2651913,0.201729468,-0.236958485,0.101556902,-6.29410801e-06,6.2453227e-06,6.56568383e-06,0.000567874736,0.113141795,-0.0561493235,-0.00118762335,3,-0.166182281,0.191083117,-0.0746898077,0.0996026862
0.9,1.40580381,1.83432073,0.615250532,0.260478694,27.075948,0.211359815,-0.260478694,0.111723209,-7.64981675e-06,7.59119312e-06,7.90420041e-06,0.000684712918,0.130039239,-0.0678491503,-0.00126418813,3,-0.164992515,0.189692543,-0.0741864739,0.0988985417
0.902,1.40710188,1.83487096,0.669248972,0.283887036,26.8673223,0.220906629,-0.283887036,0.121865285,-9.00094437e-06,8.93282154e-06,9.24331682e-06,0.0008116768,0.147841534,-0.0805918495,-0.00133936853,3,-0.163694452,0.1881759,-0.0736362377,0.098129706
0.904,1.4085074,1.83546786,0.722815745,0.307170893,26.6395214,0.230366323,-0.307170893,0.131979497,-1.03467698e-05,1.02695191e-05,1.0580343e-05,0.000948481999,0.166512405,-0.0943539575,-0.00141302646,3,-0.162288925,0.186534255,-0.0730393383,0.0972966529
0.906,1.41001948,1.83611116,0.775912666,0.330317574,26.3927674,0.239735188,-0.330317574,0.142062082,-1.16865787e-05,1.16006015e-05,1.19134946e-05,0.00109481905,0.186013569,-0.109109699,-0.00148502395,3,-0.160776846,0.184768773,-0.0723960408,0.0963999006
0.908,1.41163713,1.83680057,0.828502003,0.353314311,26.1272978,0.249009389,-0.353314311,0.152109148,-1.30196626e-05,1.29253889e-05,1.3241437e-05,0.00125035402,0.206304777,-0.124831002,-0.00155522304,3,-0.159159202,0.182880715,-0.0717066353,0.095440012
0.91,1.41335927,1.83753576,0.880546514,0.376148259,25.8433646,0.258184956,-0.376148259,0.162116655,-1.4345319e-05,1.42432047e-05,1.45630811e-05,0.00141472923,0.227343863,-0.141487513,-0.00162348584,3,-0.157437054,0.180871431,-0.0709714378,0.0944175933
0.912,1.41518479,1.83831641,0.932009467,0.398806491,25.5412341,0.267257781,-0.398806491,0.172080418,-1.56628508e-05,1.55533757e-05,1.58774805e-05,0.00158756398,0.249086782,-0.159046617,-0.00168967452,3,-0.155611539,0.178742366,-0.07019079,0.0933332945
0.914,1.41711246,1.83914214,0.982854676,0.421275999,25.2211865,0.276223617,-0.421275999,0.181996095,-1.69715657e-05,1.68552314e-05,1.71837772e-05,0.00176845533,0.271487674,-0.177473467,-0.00175365143,3,-0.153683864,0.176495053,-0.0693650596,0.0921878084
0.916,1.41914102,1.84001256,1.03304653,0.443543693,24.883516,0.285078069,-0.443543693,0.191859183,-1.82707762e-05,1.81481032e-05,1.84811706e-05,0.00195697897,0.294498909,-0.196731008,-0.00181527918,3,-0.15165531,0.174131113,-0.0684946404,0.0909818704
0.918,1.4212691,1.84092725,1.08255,0.465596409,24.5285298,0.293816601,-0.465596409,0.201665015,-1.95597988e-05,1.94313245e-05,1.97688983e-05,0.00215269014,0.318071161,-0.216780016,-0.00187442083,3,-0.149527227,0.171652254,-0.0675799525,0.0897162577
0.92,1.42349529,1.84188576,1.1313307,0.487420903,24.1565482,0.302434529,-0.487420903,0.211408756,-2.08379541e-05,2.07042297e-05,2.10462248e-05,0.00235512456,0.342153468,-0.237579137,-0.0019309401,3,-0.147301036,0.169060268,-0.0666214424,0.088391789
0.922,1.4258181,1.84288762,1.17935489,0.509003865,23.7679041,0.310927024,-0.509003865,0.221085403,-2.2104566e-05,2.19661542e-05,2.23124335e-05,0.00256379946,0.366693307,-0.259084935,-0.00198470166,3,-0.144978223,0.166357028,-0.0656195831,0.0870093241
0.924,1.42823598,1.84393233,1.2265895,0.530331918,23.3629426,0.319289118,-0.530331918,0.23068978,-2.33589618e-05,2.32164341e-05,2.35668214e-05,0.00277821465,0.39163668,-0.281251943,-0.00203557144,3,-0.142560344,0.163544489,-0.0645748744,0.0855697627
0.926,1.43074731,1.84501936,1.27300216,0.551391627,22.9420206,0.327515698,-0.551391627,0.240216541,-2.46004714e-05,2.44544055e-05,2.48086955e-05,0.00299785363,0.416928192,-0.304032727,-0.00208341695,3,-0.140049018,0.160624683,-0.063487843,0.0840740445
0.928,1.4333504,1.84614816,1.31856122,0.572169511,22.5055064,0.335601521,-0.572169511,0.249660173,-2.58284278e-05,2.56794047e-05,2.60373706e-05,0.00322218477,0.442511152,-0.327377949,-0.00212810774,3,-0.137445929,0.157599719,-0.0623590423,0.0825231479
0.93,1.4360435,1.84731815,1.36323579,0.592652046,22.0537794,0.34354121,-0.592652046,0.259014991,-2.70421661e-05,2.68907674e-05,2.72521667e-05,0.00345066253,0.468327672,-0.351236448,-0.00216951585,3,-0.134752823,0.154471777,-0.0611890529,0.0809180898
0.932,1.43882482,1.84852872,1.40699572,0.612825682,21.5872294,0.351329263,-0.612825682,0.26827515,-2.82410239e-05,2.80878292e-05,2.84524082e-05,0.00368272876,0.494318769,-0.375555316,-0.00220751629,3,-0.131971507,0.151243112,-0.0599784824,0.0792599245
0.934,1.44169248,1.84977924,1.44981167,0.63267685,21.1062567,0.358960064,-0.63267685,0.277434644,-2.94243409e-05,2.9269925e-05,2.96374227e-05,0.00391781395,0.52042449,-0.400279996,-0.00224198756,3,-0.129103845,0.147916045,-0.0587279657,0.0775497432
0.936,1.44464456,1.85106904,1.4916551,0.652191979,20.6112709,0.366427886,-0.652191979,0.286487313,-3.05914589e-05,3.04363893e-05,3.08065402e-05,0.00415533868,0.546584026,-0.425354377,-0.00227281226,3,-0.126151764,0.144492964,-0.0574381645,0.0757886732
0.938,1.44767909,1.85239743,1.5324983,0.671357508,20.1026914,0.373726903,-0.671357508,0.295426849,-3.17417215e-05,3.15865559e-05,3.19590925e-05,0.00439471496,0.572735843,-0.450720903,-0.00229987767,3,-0.123117241,0.140976323,-0.0561097679,0.0739778767
0.94,1.45079402,1.85376371,1.5723144,0.690159901,19.5809461,0.380851198,-0.690159901,0.304246803,-3.28744747e-05,3.27197581e-05,3.30944133e-05,0.00463534774,0.598817821,-0.476320689,-0.00232307639,3,-0.120002312,0.137368635,-0.0547434921,0.0721185507
0.942,1.45398726,1.85516712,1.61107739,0.708585666,19.0464713,0.387794776,-0.708585666,0.312940597,-3.39890664e-05,3.38353291e-05,3.42118374e-05,0.00487663633,0.624767394,-0.502093646,-0.00234230698,3,-0.116809063,0.133672474,-0.0533400802,0.0702119251
0.944,1.4572567,1.8566069,1.64876214,0.726621367,18.4997116,0.394551575,-0.726621367,0.321501527,-3.50848468e-05,3.49326016e-05,3.53107009e-05,0.00511797599,0.650521701,-0.527978611,-0.00235747464,3,-0.113539632,0.12989047,-0.0519003023,0.0682592629
0.946,1.46060012,1.85808225,1.68534444,0.744253648,17.9411188,0.401115478,-0.744253648,0.329922781,-3.61611683e-05,3.60109087e-05,3.63903415e-05,0.00535875942,0.67601774,-0.553913493,-0.00236849188,3,-0.110196205,0.126025306,-0.0504249551,0.0662618582
0.948,1.46401531,1.85959234,1.72080094,0.761469246,17.3711518,0.407480327,-0.761469246,0.338197444,-3.72173862e-05,3.70695839e-05,3.74500982e-05,0.0055983784,0.701192529,-0.579835413,-0.00237527921,3,-0.106781018,0.122079717,-0.0489148622,0.0642210361
0.95,1.46749998,1.86113633,1.75510925,0.778255015,16.7902762,0.413639935,-0.778255015,0.346318513,-3.82528585e-05,3.81079615e-05,3.84893119e-05,0.00583622533,0.725983278,-0.605680869,-0.00237776582,3,-0.10329635,0.118056488,-0.0473708733,0.062138151
0.952,1.4710518,1.86271334,1.78824792,0.794597942,16.1989635,0.419588103,-0.794597942,0.354278909,-3.92669465e-05,3.91253773e-05,3.95073252e-05,0.00607169491,0.750327551,-0.631385889,-0.00237589027,3,-0.0997445235,0.113958447,-0.0457938644,0.0600145859
0.954,1.47466842,1.86432246,1.82019641,0.810485169,15.597691,0.425318634,-0.810485169,0.362071492,-4.0259015e-05,4.01211686e-05,4.05034836e-05,0.00630418573,0.77416345,-0.656886209,-0.00236960111,3,-0.0961279046,0.109788469,-0.0441847373,0.0578517514
0.956,1.47834743,1.86596278,1.85093517,0.825904016,14.9869411,0.430825347,-0.825904016,0.369689075,-4.1228433e-05,4.10946755e-05,4.14771354e-05,0.00653310193,0.797429787,-0.682117443,-0.00235885758,3,-0.0924488978,0.105549466,-0.0425444192,0.0556510844
0.958,1.48208638,1.86763334,1.88044561,0.840841998,14.3672009,0.436102094,-0.840841998,0.377124435,-4.21745738e-05,4.20452411e-05,4.24276322e-05,0.00675785485,0.82006627,-0.707015266,-0.00234363016,3,-0.0887099461,0.101244392,-0.0408738626,0.053414047
0.96,1.4858828,1.86933316,1.90871013,0.85528685,13.7389617,0.441142777,-0.85528685,0.384370336,-4.30968159e-05,4.2972212e-05,4.33543298e-05,0.00697786466,0.842013686,-0.731515595,-0.00232390121,3,-0.0849135282,0.0968762326,-0.0391740445,0.0511421254
0.962,1.48973417,1.87106124,1.93571208,0.869226545,13.1027184,0.445941362,-0.869226545,0.391419538,-4.39945433e-05,4.38749396e-05,4.4256589e-05,0.00719256204,0.863214081,-0.755554787,-0.00229966544,3,-0.081062157,0.0924480082,-0.0374459664,0.0488368288
0.964,1.49363795,1.87281655,1.96143584,0.88264932,12.4589692,0.450491897,-0.88264932,0.398264815,-4.48671464e-05,4.47527805e-05,4.51337758e-05,0.00740138972,0.883610951,-0.779069822,-0.00227093049,3,-0.0771583772,0.0879627686,-0.0356906531,0.0464996879
0.966,1.49759156,1.87459805,1.98586676,0.895543692,11.8082152,0.454788528,-0.895543692,0.404898975,-4.57140225e-05,4.56050977e-05,4.59852627e-05,0.00760380417,0.903149422,-0.801998505,-0.00223771728,3,-0.0732047638,0.083423591,-0.0339091531,0.0441322541
0.968,1.50159241,1.87640466,2.00899123,0.907898485,11.1509595,0.458825515,-0.907898485,0.411314872,-4.65345764e-05,4.6431261e-05,4.68104291e-05,0.00779927715,0.921776436,-0.824279659,-0.00220006046,3,-0.0692039196,0.0788335772,-0.032102537,0.0417360978
0.97,1.50563785,1.8782353,2.03079661,0.919702846,10.4877072,0.462597251,-0.919702846,0.417505428,-4.73282214e-05,4.72306482e-05,4.76086626e-05,0.00798729721,0.939440928,-0.845853325,-0.0021580087,3,-0.0651584733,0.0741958511,-0.0302718978,0.0393128076
0.972,1.50972525,1.88008885,2.05127128,0.930946269,9.81896469,0.466098274,-0.930946269,0.423463646,-4.80943798e-05,4.80026464e-05,4.83793597e-05,0.0081673713,0.956094005,-0.866660956,-0.00211162497,3,-0.061071078,0.0695135558,-0.0284183494,0.0368639884
0.974,1.51385192,1.88196418,2.07040466,0.941618615,9.14523898,0.469323286,-0.941618615,0.42918263,-4.8832484e-05,4.87466524e-05,4.91219268e-05,0.00833902613,0.971689118,-0.886645616,-0.0020609867,3,-0.0569444084,0.0647898512,-0.0265430264,0.0343912607
0.976,1.51801517,1.88386012,2.08818714,0.95171013,8.46703761,0.472267168,-0.95171013,0.434655599,-4.9541977e-05,4.9462074e-05,4.9835781e-05,0.00850180967,0.986182229,-0.905752172,-0.00200618592,3,-0.0527811592,0.0600279115,-0.0246470833,0.031896259
0.978,1.52221228,1.88577551,2.10461017,0.961211466,7.78486788,0.474924996,-0.961211466,0.439875908,-5.02223137e-05,5.01483311e-05,5.05203514e-05,0.00865529247,0.999531977,-0.923927482,-0.00194732925,3,-0.048584043,0.0552309224,-0.0227316934,0.0293806305
0.98,1.52644054,1.88770915,2.11966619,0.970113698,7.09923652,0.477292053,-0.970113698,0.444837062,-5.08729612e-05,5.08048569e-05,5.117508e-05,0.00879906899,1.01169982,-0.941120587,-0.00188453792,3,-0.0443557886,0.0504020786,-0.0207980484,0.0268460335
0.982,1.53069719,1.88965984,2.13334864,0.978408345,6.41064914,0.479363847,-0.978408345,0.449532734,-5.14934003e-05,5.14310983e-05,5.17994226e-05,0.0089327588,1.02265021,-0.95728289,-0.00181794758,3,-0.040099138,0.0455445815,-0.0188473571,0.0242941367
0.984,1.53497948,1.89162636,2.145652,0.986087383,5.71960978,0.481136124,-0.986087383,0.453956781,-5.20831258e-05,5.20265181e-05,5.23928501e-05,0.00905600778,1.03235069,-0.972368327,-0.00174770816,3,-0.0358168457,0.0406616363,-0.0168808448,0.0217266171
0.986,1.53928465,1.89360745,2.15657175,0.993143265,5.02662045,0.482604879,-0.993143265,0.458103259,-5.2641648e-05,5.25905948e-05,5.29548494e-05,0.00916848921,1.04077205,-0.986333544,-0.00167398352,3,-0.0315116755,0.0357564501,-0.0148997523,0.019145159
0.988,1.54360993,1.89560187,2.16610434,0.999568932,4.33218069,0.483766371,-0.999568932,0.461966438,-5.31684932e-05,5.31228249e-05,5.34849244e-05,0.00926990475,1.04788844,-0.999138049,-0.00159695113,3,-0.0271863993,0.0308322291,-0.0129053347,0.0165514527
0.99,1.54795253,1.89760834,2.17424727,1.00535783,3.63678704,0.484617133,-1.00535783,0.46554082,-5.36632045e-05,5.36227228e-05,5.39825973e-05,0.00935998536,1.05367748,-1.01074437,-0.00151680159,3,-0.0228437947,0.0258921762,-0.0108988607,0.0139471927
0.992,1.55230968,1.89962559,2.18099899,1.01050393,2.94093264,0.485153984,-1.01050393,0.468821149,-5.41253433e-05,5.4089823e-05,5.44474092e-05,0.00943849219,1.05812035,-1.02111819,-0.00143373814,3,-0.018486643,0.020939489,-0.00888161155,0.0113340771
0.994,1.5566786,1.90165232,2.18635894,1.01500172,2.24510679,0.48537404,-1.01500172,0.471802428,-5.45544895e-05,5.45236802e-05,5.48789217e-05,0.00950521723,1.06120187,-1.03022849,-0.00134797602,3,-0.0141177277,0.0159773573,-0.00685487976,0.00871380539
0.996,1.5610565,1.90368723,2.19032755,1.01884624,1.54979446,0.48527472,-1.01884624,0.474479929,-5.4950243e-05,5.49238708e-05,5.52767172e-05,0.00955998404,1.06291059,-1.03804765,-0.00125974181,3,-0.00973983169,0.0110089608,-0.00481996824,0.00608807752
0.998,1.56544059,1.90572901,2.19290621,1.02203307,0.855475886,0.484853759,-1.02203307,0.476849207,-5.5312224e-05,5.52899938e-05,5.56404006e-05,0.00960264821,1.06323882,-1.0445516,-0.0011692727,3,-0.00535573624,0.00603746681,-0.00277818914,0.00345859255
1,1.56982811,1.90777634,2.19409726,1.02455837,0.162626134,0.484109211,-1.02455837,0.478906113,-5.56400742e-05,5.56216716e-05,5.59695996e-05,0.00963309788,1.06218269,-1.04971985,-0.00107681565,3,-0.000968218422,0.00106602858,-0.000730862739,0.000827047176
1.002,1.57421628,1.90982789,2.19390398,1.02641884,-0.52832866,0.483039285,-1.02641884,0.480646797,-5.59334575e-05,5.59185511e-05,5.6263966e-05,0.00965125393,1.05974181,-1.05353564,-0.000982626282,3,0.0034199505,-0.00390221734,0.0013206837,-0.00180486554
1.004,1.57860233,1.91188232,2.19233024,1.02761162,-1.21744133,0.481640567,-1.02761162,0.482067651,-5.61920601e-05,5.61803035e-05,5.65231756e-05,0.00965706731,1.05591518,-1.05598564,-0.000886962063,3,0.00780600669,-0.00886415253,0.00337511691,-0.00443545731
1.006,1.58298352,1.9139383,2.18937928,1.02813368,-1.90539971,0.479907117,-1.02813368,0.483165051,-5.64155861e-05,5.64066209e-05,5.67469239e-05,0.00965050855,1.0506987,-1.05705887,-0.000790067461,3,0.0121871935,-0.0138166763,0.00543109779,-0.0070630447
1.008,1.58735709,1.91599448,2.18505278,1.02798147,-2.59297275,0.477832443,-1.02798147,0.483935164,-5.66037496e-05,5.65972069e-05,5.69349181e-05,0.00963156009,1.04408911,-1.05674589,-0.000692168841,3,0.0165607588,-0.0187567029,0.00748728054,-0.00968594778
1.01,1.59172028,1.91804951,2.1793512,1.02715098,-3.28044442,0.475411832,-1.02715098,0.48437401,-5.67562663e-05,5.67517699e-05,5.70868688e-05,0.00960021891,1.03608935,-1.05503914,-0.000593484606,3,0.0209239522,-0.0236811578,0.00954231166,-0.0123024887
1.012,1.59607035,1.92010203,2.17227498,1.02563837,-3.96733901,0.472643737,-1.02563837,0.484477731,-5.68728528e-05,5.68700213e-05,5.72024887e-05,0.00955650754,1.02671216,-1.05193407,-0.000494243212,3,0.025274024,-0.0285869767,0.0115948297,-0.0149109911
1.014,1.60040455,1.92215067,2.16382603,1.02344063,-4.65253001,0.469529716,-1.02344063,0.484242919,-5.69532312e-05,5.69516804e-05,5.72814984e-05,0.00950048735,1.01598062,-1.04743072,-0.000394698951,3,0.029608227,-0.0334711073,0.0136434665,-0.0175097816
1.016,1.60472015,1.92419405,2.15400881,1.02055605,-5.33463668,0.466073111,-1.02055605,0.48366686,-5.69971399e-05,5.69964854e-05,5.73236364e-05,0.00943226762,1.00392559,-1.04153466,-0.000295137799,3,0.0339238209,-0.0383305143,0.0156868494,-0.0200971924
1.018,1.6090144,1.92623081,2.14283041,1.01698437,-6.01249134,0.462277222,-1.01698437,0.482747583,-5.70043442e-05,5.70042039e-05,5.73286706e-05,0.00935200664,0.990581689,-1.03425721,-0.000195871247,3,0.0382180775,-0.0431621853,0.0177236042,-0.0226715647
1.02,1.61328461,1.92825956,2.13029992,1.01272642,-6.68545443,0.458143884,-1.01272642,0.481483725,-5.69746432e-05,5.69746397e-05,5.72964051e-05,0.00925990538,0.97598388,-1.0256148,-9.72218377e-05,3,0.0424882857,-0.0479631356,0.0197523577,-0.0252312515
1.022,1.61752808,1.93027894,2.11642725,1.00778363,-7.35345111,0.453673046,-1.00778363,0.479874287,-5.69078716e-05,5.69076343e-05,5.72266811e-05,0.00915619719,0.960166,-1.01562785,4.92623475e-07,3,0.0467317537,-0.0527304107,0.0217717389,-0.0277746194
1.024,1.62174214,1.93228758,2.10122217,1.00215757,-8.01674598,0.448863438,-1.00215757,0.477918422,-5.68038948e-05,5.68030628e-05,5.71193732e-05,0.00904113883,0.943161808,-1.0043198,9.69695362e-05,3,0.0509458093,-0.0574610868,0.0237803802,-0.0303000487
1.026,1.62592413,1.93428412,2.08469386,0.995849745,-8.67559045,0.443713885,-0.995849745,0.475615338,-5.66626035e-05,5.66608274e-05,5.69743828e-05,0.00891500654,0.925007611,-0.991716714,0.000191923338,3,0.0551277993,-0.0621522695,0.025776917,-0.0328059334
1.028,1.63007142,1.93626719,2.0668512,0.988861712,-9.32991887,0.438224602,-0.988861712,0.472964359,-5.64839088e-05,5.64808528e-05,5.67916333e-05,0.00877809807,0.905745044,-0.977847485,0.000285079707,3,0.0592750883,-0.0668010919,0.0277599876,-0.0352906805
1.03,1.63418139,1.93823544,2.04770354,0.981195446,-9.97922615,0.432397875,-0.981195446,0.469965091,-5.62677409e-05,5.62630852e-05,5.65710688e-05,0.00863073862,0.885422658,-0.962744503,0.000376166411,3,0.0633850593,-0.0714047153,0.029728234,-0.0377527103
1.032,1.63825144,1.94018751,2.02726151,0.972853722,-10.6226611,0.426237891,-0.972853722,0.466617613,-5.60140524e-05,5.60074951e-05,5.63126573e-05,0.00847328724,0.864095673,-0.946444364,0.000464905928,3,0.0674551151,-0.0759603311,0.031680303,-0.040190458
1.034,1.64227901,1.94212205,2.0055376,0.963840368,-11.2592674,0.419749892,-0.963840368,0.4629226,-5.57228244e-05,5.57140832e-05,5.60163968e-05,0.00830614021,0.841824191,-0.928988256,0.000551013423,3,0.0714826825,-0.0804651637,0.0336148483,-0.0426023753
1.036,1.64626154,1.94403773,1.98254609,0.954160279,-11.8882455,0.412939113,-0.954160279,0.458881332,-5.53940719e-05,5.53828858e-05,5.56823206e-05,0.00812972977,0.818670824,-0.910421839,0.000634200713,3,0.0754652152,-0.084916475,0.0355305327,-0.0449869329
1.038,1.65019652,1.94593323,1.95830266,0.943819203,-12.5091148,0.405810009,-0.943819203,0.454495596,-5.50278475e-05,5.50139784e-05,5.53105008e-05,0.00794451907,0.794698821,-0.890794688,0.000714184098,3,0.0794001974,-0.0893115672,0.0374260297,-0.0473426224
1.04,1.65408147,1.94780723,1.93282369,0.932823432,-13.1217144,0.39836609,-0.932823432,0.449767536,-5.46242408e-05,5.4607475e-05,5.49010479e-05,0.00775099546,0.769971416,-0.870159556,0.000790692527,3,0.0832851458,-0.0936477846,0.0393000252,-0.0496679577
1.042,1.65791394,1.94965842,1.90612571,0.92117954,-13.7260616,0.390610353,-0.92117954,0.444699526,-5.41833759e-05,5.41635254e-05,5.44541078e-05,0.00754966492,0.744552437,-0.848571746,0.000863472942,3,0.0871176099,-0.0979225142,0.0411512179,-0.0519614748
1.044,1.6616915,1.95148552,1.87822523,0.90889428,-14.3221489,0.382546057,-0.90889428,0.439294122,-5.37054077e-05,5.36823109e-05,5.39698575e-05,0.00734104945,0.718507654,-0.826088811,0.000932291356,3,0.0908951723,-0.102133185,0.0429783201,-0.0542217328
1.046,1.66541178,1.95328726,1.84913886,0.89597466,-14.9097785,0.374177445,-0.89597466,0.433554093,-5.31905181e-05,5.31640412e-05,5.34485019e-05,0.00712568754,0.691906053,-0.802770591,0.000996930304,3,0.0946154488,-0.106277268,0.0447800577,-0.0564473129
1.048,1.66907242,1.95506237,1.81888382,0.882428154,-15.4885036,0.36551009,-0.882428154,0.427482527,-5.26389164e-05,5.26089535e-05,5.28902733e-05,0.00690413641,0.664820389,-0.778679447,0.00105718476,3,0.0982760889,-0.110352276,0.0465551712,-0.0586368197
1.05,1.6726711,1.95680962,1.78747838,0.868262916,-16.0576911,0.356550746,-0.868262916,0.421082926,-5.20508399e-05,5.20173144e-05,5.22954327e-05,0.00667697417,0.637326749,-0.753880491,0.00111285893,3,0.101874778,-0.114355768,0.048302417,-0.0607888818
1.052,1.67620557,1.95852777,1.75494212,0.853487906,-16.6166632,0.347306836,-0.853487906,0.414359275,-5.14265581e-05,5.13894222e-05,5.16642727e-05,0.00644480012,0.609503394,-0.728441606,0.00116376546,3,0.10540924,-0.118285346,0.0500205686,-0.0629021532
1.054,1.67967356,1.96021562,1.72129593,0.838112882,-17.164845,0.33778583,-0.838112882,0.407316032,-5.07663747e-05,5.072561e-05,5.09971206e-05,0.0062082327,0.581429376,-0.702433203,0.00120972742,3,0.108877238,-0.122138663,0.0517084186,-0.0649753151
1.056,1.68307291,1.96187198,1.68656172,0.822148258,-17.7018516,0.327994815,-0.822148258,0.39995806,-5.00706296e-05,5.0026247e-05,5.02943394e-05,0.00596790542,0.553183501,-0.675927758,0.00125058195,3,0.11227658,-0.125913422,0.0533647799,-0.0670070767
1.058,1.68640145,1.96349569,1.65076201,0.805604917,-18.2274834,0.31794041,-0.805604917,0.392290535,-4.9339698e-05,4.92917376e-05,4.9556327e-05,0.00572446236,0.52484395,-0.648999283,0.00128618403,3,0.115605119,-0.12960738,0.0549884868,-0.0689961766
1.06,1.68965708,1.9650856,1.61391962,0.788494057,-18.741642,0.307629026,-0.788494057,0.384318865,-4.85739888e-05,4.8522519e-05,4.87835143e-05,0.00547855432,0.496488521,-0.621722877,0.00131640899,3,0.118860751,-0.133218345,0.0565783958,-0.0709413825
1.062,1.69283775,1.96664059,1.57605759,0.77082712,-19.2442144,0.297067312,-0.77082712,0.376048658,-4.77739411e-05,4.77190587e-05,4.79763617e-05,0.0052308366,0.468195191,-0.594174449,0.00134115308,3,0.12204142,-0.136744178,0.0581333862,-0.0728414921
1.064,1.69594144,1.96815956,1.53719922,0.752615844,-19.73498,0.286262561,-0.752615844,0.367485742,-4.69400227e-05,4.68818515e-05,4.71353572e-05,0.00498196819,0.440042584,-0.566430609,0.00136033247,3,0.125145116,-0.140182793,0.0596523605,-0.0746953325
1.066,1.6989662,1.96964145,1.49736837,0.73387237,-20.2135796,0.275222891,-0.73387237,0.358636212,-4.60727289e-05,4.60114194e-05,4.62610153e-05,0.00473261197,0.412110052,-0.538568656,0.00137388143,3,0.128169876,-0.143532158,0.061134245,-0.0765017613
1.068,1.70191011,1.97108519,1.45658972,0.714609359,-20.6795534,0.263957152,-0.714609359,0.349506489,-4.51725835e-05,4.51083111e-05,4.53538776e-05,0.00448343447,0.384477274,-0.510666536,0.00138175075,3,0.131113786,-0.146790296,0.0625779912,-0.0782596667
1.07,1.70477131,1.97248978,1.41488888,0.694840059,-21.1324219,0.252474611,-0.694840059,0.340103348,-4.42401398e-05,4.4173104e-05,4.44145138e-05,0.00423510491,0.357223519,-0.482802707,0.00138390714,3,0.133974981,-0.149955284,0.0639825763,-0.0799679686
1.072,1.70754798,1.97385421,1.37229238,0.674578285,-21.571771,0.240784597,-0.674578285,0.330433905,-4.32759818e-05,4.32064047e-05,4.34435228e-05,0.00398829292,0.330426869,-0.455055862,0.00138033365,3,0.136751651,-0.153025258,0.065347005,-0.0816256198
1.074,1.71023836,1.97517751,1.32882752,0.653838333,-21.9973006,0.228896244,-0.653838333,0.320505576,-4.22807246e-05,4.22088493e-05,4.24415332e-05,0.00374366554,0.304163628,-0.427504565,0.00137103072,3,0.139442038,-0.155998415,0.0666703102,-0.0832316064
1.076,1.71284077,1.97645876,1.28452208,0.632634862,-22.408822,0.216818436,-0.632634862,0.31032601,-4.12550139e-05,4.11811026e-05,4.14092021e-05,0.00350188401,0.278508068,-0.400226869,0.00135601746,3,0.142044441,-0.15887301,0.0679515538,-0.0847849484
1.078,1.71535354,1.97769703,1.23940417,0.610982795,-22.8062095,0.204559961,-0.610982795,0.299903046,-4.01995234e-05,4.01238561e-05,4.03472133e-05,0.00326360103,0.253532469,-0.373299975,0.00133533231,3,0.144557212,-0.161647359,0.0691898274,-0.0862847001
1.08,1.71777509,1.97889145,1.19350217,0.588897274,-23.1893341,0.192129755,-0.588897274,0.289244681,-3.91149536e-05,3.90378255e-05,3.92562749e-05,0.00302945881,0.22930728,-0.346799999,0.00130903315,3,0.146978763,-0.164319839,0.0703842526,-0.0877299501
1.082,1.72010389,1.98004118,1.14684472,0.566393681,-23.55801,0.179537139,-0.566393681,0.27835908,-3.80020295e-05,3.79237496e-05,3.81371178e-05,0.00280008792,0.20590122,-0.320801802,0.00127719663,3,0.149307561,-0.166888888,0.0715339818,-0.0891198216
1.084,1.72233846,1.9811454,1.0994609,0.543487694,-23.9119764,0.166791917,-0.543487694,0.267254598,-3.68614997e-05,3.67823883e-05,3.69904946e-05,0.00257610635,0.183381192,-0.295378873,0.00123991719,3,0.151542132,-0.169353004,0.0726381983,-0.0904534723
1.086,1.72447739,1.98220332,1.05138037,0.520195345,-24.2509188,0.153904322,-0.520195345,0.255939812,-3.56941363e-05,3.56145232e-05,3.58171792e-05,0.00235811861,0.161811983,-0.270603197,0.00119730601,3,0.15368106,-0.17171075,0.0736961173,-0.091730095
1.088,1.72651932,1.98321419,1.00263341,0.496533058,-24.5745153,0.140884832,-0.496533058,0.24442353,-3.4500735e-05,3.4420957e-05,3.46179669e-05,0.0021467143,0.14125584,-0.246545078,0.00114949021,3,0.155722989,-0.17396075,0.0747069867,-0.092948918
1.09,1.72846295,1.98417729,0.953250945,0.472517628,-24.8824859,0.127743955,-0.472517628,0.232714782,-3.32821154e-05,3.32025142e-05,3.3393675e-05,0.00194246633,0.121772046,-0.223272909,0.00109661227,3,0.157666624,-0.176101692,0.0756700874,-0.0941092059
1.092,1.73030706,1.98509194,0.903264385,0.448166165,-25.1746207,0.114492079,-0.448166165,0.22082279,-3.20391207e-05,3.19600404e-05,3.21451422e-05,0.00174592872,0.103416618,-0.200852912,0.00103882976,3,0.159510735,-0.178132329,0.0765847344,-0.0952102598
1.094,1.73205048,1.98595748,0.85270552,0.423496022,-25.45078,0.101139434,-0.423496022,0.208756927,-3.07726164e-05,3.06944017e-05,3.08732277e-05,0.00155763456,0.0862421533,-0.179348881,0.00097631508,3,0.161254152,-0.180051482,0.0774502775,-0.0962514174
1.096,1.7336921,1.9867733,0.801606377,0.398524727,-25.7108667,0.0876961653,-0.398524727,0.196526685,-2.94834892e-05,2.94064825e-05,2.95788097e-05,0.00137809419,0.0702978053,-0.158821958,0.000909255196,3,0.162895771,-0.181858036,0.0782661011,-0.0972320538
1.098,1.73523088,1.98753883,0.749999168,0.373269953,-25.9547881,0.0741724838,-0.373269953,0.184141656,-2.81726448e-05,2.80971846e-05,2.82627836e-05,0.00120779381,0.0556293012,-0.139330458,0.000837851176,3,0.164434552,-0.183550941,0.079031625,-0.0981515806
1.1,1.73666585,1.98825351,0.697916309,0.34774952,-26.1824248,0.0605787918,-0.34774952,0.171611529,-2.68410068e-05,2.67674249e-05,2.69260608e-05,0.00104719439,0.0422789268,-0.120929729,0.000762317571,3,0.165869518,-0.185129215,0.0797463045,-0.099009447
1.102,1.73799609,1.98891683,0.645390481,0.321981425,-26.3936188,0.0469257462,-0.321981425,0.158946105,-2.54895152e-05,2.5418135e-05,2.55695672e-05,0.000896730822,0.0302854299,-0.103672038,0.000682881623,3,0.16719976,-0.186591943,0.0804096307,-0.0998051388
1.104,1.73922076,1.98952833,0.592454705,0.295983869,-26.5881854,0.0332242247,-0.295983869,0.146155305,-2.41191262e-05,2.40502602e-05,2.41942433e-05,0.000756810977,0.0196838482,-0.0876064504,0.000599782373,3,0.168424433,-0.187938274,0.081021131,-0.100538179
1.106,1.74033908,1.99008757,0.539142379,0.269775269,-26.7659389,0.0194852206,-0.269775269,0.133249181,-2.27308113e-05,2.26647593e-05,2.28010434e-05,0.000627814651,0.0105053082,-0.0727786958,0.000513269692,3,0.169542758,-0.189167427,0.0815803695,-0.10120813
1.108,1.74135035,1.99059415,0.485487252,0.243374252,-26.9267217,0.00571971501,-0.243374252,0.120237901,-2.13255574e-05,2.12626046e-05,2.13909359e-05,0.000510092419,0.00277684872,-0.0592310265,0.000423603312,3,0.170554025,-0.190278689,0.0820869474,-0.101814589
1.11,1.74225392,1.99104771,0.431523358,0.21679961,-27.0704217,-0.00806141824,-0.21679961,0.107131734,-1.99043657e-05,1.98447808e-05,1.99649024e-05,0.000403964449,-0.00347869027,-0.047002071,0.000331051882,3,0.17145759,-0.191271413,0.0825405032,-0.102357194
1.112,1.74304921,1.99144792,0.377284919,0.190070256,-27.1969724,-0.0218474407,-0.190070256,0.0939410213,-1.84682514e-05,1.84122847e-05,1.8523937e-05,0.000309719445,-0.00824270987,-0.0361267022,0.000235892089,3,0.172252879,-0.192145024,0.0829407135,-0.102835619
1.114,1.74373571,1.99179449,0.322806262,0.163205178,-27.3063388,-0.0356277092,-0.163205178,0.0806761526,-1.70182415e-05,1.69661236e-05,1.70690454e-05,0.00022761378,-0.0115008476,-0.02663593,0.000138407866,3,0.172939385,-0.192899013,0.0832872924,-0.103249578
1.116,1.744313,1.99208719,0.268121776,0.136223414,-27.3984943,-0.0493915973,-0.136223414,0.0673475546,-1.5555374e-05,1.55073141e-05,1.56012435e-05,0.00015787085,-0.0132429628,-0.0185568185,3.88896754e-05,3,0.173516672,-0.193532943,0.0835799922,-0.103598823
1.118,1.7447807,1.99232581,0.213265908,0.10914405,-27.4734027,-0.0631284191,-0.10914405,0.0539656851,-1.40806962e-05,1.4036881e-05,1.41215566e-05,0.000100680587,-0.0134631396,-0.0119124236,-6.23661783e-05,3,0.17398437,-0.194046443,0.0838186036,-0.103883143
1.12,1.74513851,1.99251016,0.158273189,0.0819862276,-27.5310102,-0.0768273939,-0.0819862276,0.0405410376,-1.25952639e-05,1.25558561e-05,1.2631019e-05,5.6199068e-05,-0.0121597166,-0.00672174151,-0.000165058273,3,0.174342179,-0.194439214,0.0840029552,-0.104102366
1.122,1.7453862,1.99264012,0.103178268,0.0547691582,-27.5712516,-0.0904776645,-0.0547691582,0.0270841455,-1.11001402e-05,1.10652779e-05,1.11306737e-05,2.45481349e-05,-0.00933532875,-0.00299966069,-0.000268880886,3,0.17458987,-0.194711022,0.0841329141,-0.104256359
1.124,1.74552361,1.99271559,0.0480159283,0.0275121263,-27.5940646,-0.10406836,-0.0275121263,0.0136055829,-9.59639541e-06,9.56619096e-06,9.62157384e-06,5.81504124e-06,-0.00499693889,-0.000756917095,-0.000373524946,3,0.174727282,-0.194861706,0.0842083858,-0.104345027
1.126,1.74555065,1.99273652,-0.00717893953,0.000234477642,-27.5994073,-0.117588672,-0.000234477642,0.000115957053,-8.08510609e-06,8.05964554e-06,8.10478526e-06,5.21360573e-08,0.000844161965,-5.49797644e-08,-0.000478679089,3,0.174754322,-0.194891174,0.0842293147,-0.104368311
1.128,1.7454673,1.99270289,-0.0623713808,-0.0270444071,-27.5872685,-0.131027917,0.0270444071,-0.0133741058,-6.56735443e-06,6.546697e-06,6.58139297e-06,7.27664741e-06,0.00817239212,-0.000731399956,-0.000584030751,3,0.174670971,-0.194799403,0.0841956838,-0.104326195
1.13,1.7452736,1.99261472,-0.117526443,-0.0543051457,-27.5576688,-0.144375559,0.0543051457,-0.0268539788,-5.04422733e-06,5.0284051e-06,5.05252105e-06,2.74706057e-05,0.0169679459,-0.00294904885,-0.000689267229,3,0.174477275,-0.194586439,0.0841075147,-0.104218698
1.132,1.74496968,1.99247207,-0.172609236,-0.0815283856,-27.5106523,-0.157621187,0.0815283856,-0.0403130508,-3.51681526e-06,3.50583303e-06,3.51940579e-06,6.05809162e-05,0.0272068726,-0.00664687766,-0.00079407661,3,0.174173355,-0.194252399,0.083964868,-0.10404588
1.134,1.74455572,1.99227504,-0.227584965,-0.108694824,-27.4462739,-0.170754478,0.108694824,-0.0537407385,-1.98621112e-06,1.98004641e-06,1.98381354e-06,0.000106519558,0.0388611519,-0.0118145649,-0.000898148562,3,0.173759397,-0.193797469,0.0837678428,-0.103807837
1.136,1.74403199,1.99202378,-0.282418948,-0.135785219,-27.3645878,-0.183765154,0.135785219,-0.0671264918,-4.53509039e-07,4.52112378e-07,4.56990904e-07,0.00016516387,0.0518987614,-0.0184376257,-0.00100117503,3,0.17323566,-0.193221904,0.0835165767,-0.103504707
1.138,1.7433988,1.99171845,-0.337076608,-0.162780385,-27.2656424,-0.196642958,0.162780385,-0.0804597955,1.08019649e-06,-1.07690121e-06,1.10725119e-06,0.000236356888,0.0662837414,-0.0264974538,-0.00110285088,3,0.17260247,-0.19252603,0.083211246,-0.103136662
1.14,1.74265655,1.99135927,-0.39152346,-0.189661195,-27.1494833,-0.209377674,0.189661195,-0.0937301697,2.61381144e-06,-2.60592638e-06,2.64454229e-06,0.000319907731,0.0819762712,-0.0359713688,-0.00120287464,3,0.171860223,-0.191710241,0.0828520648,-0.102703915
1.142,1.74180571,1.99094649,-0.445725112,-0.21640858,-27.0161618,-0.221959157,0.21640858,-0.106927172,4.14624289e-06,-4.13389551e-06,4.18389574e-06,0.000415592056,0.0989327702,-0.0468326736,-0.00130094932,3,0.171009383,-0.190774999,0.0824392859,-0.102206719
1.144,1.74084681,1.9904804,-0.499647288,-0.243003544,-26.8657444,-0.23437739,0.243003544,-0.120040407,5.67639968e-06,-5.65974181e-06,5.72190948e-06,0.00052315261,0.117106027,-0.0590507225,-0.00139678336,3,0.170050483,-0.189720836,0.0819731997,-0.101645361
1.146,1.73978045,1.98996134,-0.553255857,-0.269427182,-26.6983197,-0.246622519,0.269427182,-0.133059536,7.20319308e-06,-7.18239982e-06,7.25715481e-06,0.00064229991,0.136445353,-0.0725910066,-0.00149009165,3,0.168984126,-0.188548352,0.0814541348,-0.101020169
1.148,1.73860731,1.98938966,-0.606516887,-0.295660707,-26.5139996,-0.258684874,0.295660707,-0.145974292,8.7255376e-06,-8.70080614e-06,8.78845221e-06,0.000772713059,0.156896744,-0.0874152539,-0.00158059648,3,0.167810981,-0.187258219,0.0808824574,-0.10033151
1.15,1.73732811,1.98876577,-0.659396681,-0.321685474,-26.3129141,-0.270554965,0.321685474,-0.158774494,1.0242352e-05,-1.02139001e-05,1.03146876e-05,0.00091404067,0.178403046,-0.103481544,-0.00166802845,3,0.166531786,-0.185851172,0.080258571,-0.0995797877
1.152,1.73594367,1.98809012,-0.711861813,-0.347482998,-26.0952043,-0.28222346,0.347482998,-0.171450059,1.175256e-05,-1.17206247e-05,1.18347718e-05,0.00106590187,0.200904104,-0.120744434,-0.00175212714,3,0.165147344,-0.184328018,0.0795829162,-0.0987654433
1.154,1.73445485,1.98736317,-0.763879143,-0.373034967,-25.8610151,-0.293681164,0.373034967,-0.183991007,1.32550915e-05,-1.32199273e-05,1.33476292e-05,0.00122788737,0.224336916,-0.139155087,-0.00183264176,3,0.163658526,-0.18268963,0.0788559704,-0.0978889571
1.156,1.7328626,1.98658545,-0.815415821,-0.398323248,-25.6104919,-0.30491901,0.398323248,-0.19638747,1.47488833e-05,-1.47107603e-05,1.48521928e-05,0.00139956051,0.248635785,-0.15866141,-0.00190933167,3,0.162066269,-0.180936948,0.0780782475,-0.0969508467
1.158,1.7311679,1.9857575,-0.86643929,-0.423329889,-25.3437822,-0.315928074,0.423329889,-0.208629692,1.62328797e-05,-1.61920818e-05,1.6347403e-05,0.00158045843,0.273732496,-0.179208195,-0.00198196698,3,0.160371575,-0.179070981,0.0772502973,-0.0959516671
1.16,1.72937184,1.98487991,-0.916917291,-0.448037133,-25.0610399,-0.326699593,0.448037133,-0.22070804,1.77060332e-05,-1.76628562e-05,1.78322073e-05,0.00177009325,0.299556506,-0.200737273,-0.00205032916,3,0.158575511,-0.177092801,0.0763727053,-0.0948920107
1.162,1.72747554,1.98395329,-0.966817879,-0.472427423,-24.7624316,-0.337225007,0.472427423,-0.232613009,1.91673052e-05,-1.91220544e-05,1.93055601e-05,0.00196795338,0.326035166,-0.22318767,-0.00211421181,3,0.156679208,-0.17500355,0.0754460923,-0.0937725073
1.164,1.72548019,1.98297832,-1.01610946,-0.496483428,-24.4481402,-0.347495983,0.496483428,-0.244335234,2.06156665e-05,-2.0568655e-05,2.07664229e-05,0.0021735049,0.353093956,-0.246495794,-0.0021734214,3,0.154683861,-0.172804432,0.0744711139,-0.0925938237
1.166,1.72338705,1.98195566,-1.06476081,-0.520188058,-24.1183658,-0.357504433,0.520188058,-0.255865505,2.20500981e-05,-2.20016443e-05,2.2213765e-05,0.00238619312,0.380656711,-0.270595616,-0.00222777802,3,0.152590725,-0.170496719,0.07344846,-0.0913566636
1.168,1.72119745,1.98088606,-1.11274113,-0.543524489,-23.7733232,-0.367242516,0.543524489,-0.267194779,2.34695919e-05,-2.34200173e-05,2.36465639e-05,0.00260544413,0.408645852,-0.29541887,-0.00227711602,3,0.150401121,-0.168081746,0.0723788545,-0.0900617672
1.17,1.71891275,1.97977026,-1.16002004,-0.56647618,-23.4132374,-0.376702631,0.56647618,-0.27831419,2.48731517e-05,-2.48227787e-05,2.50638064e-05,0.00283066643,0.436982603,-0.320895262,-0.00232128455,3,0.148116428,-0.165560914,0.0712630546,-0.0887099112
1.172,1.71653441,1.97860905,-1.20656764,-0.589026884,-23.0383389,-0.385877407,0.589026884,-0.289215062,2.62597937e-05,-2.6208943e-05,2.6464489e-05,0.00306125259,0.465587193,-0.34695267,-0.00236014791,3,0.145738087,-0.162935686,0.0701018499,-0.0873019081
1.174,1.71406392,1.97740326,-1.25235447,-0.611160663,-22.6488619,-0.394759705,0.611160663,-0.29988891,2.76285473e-05,-2.7577536e-05,2.78476186e-05,0.00329658088,0.494379081,-0.373517356,-0.00239358593,3,0.143267597,-0.160207588,0.0688960625,-0.0858386063
1.176,1.71150284,1.97615375,-1.29735155,-0.632861892,-22.2450446,-0.403342623,0.632861892,-0.310327456,2.89784559e-05,-2.89275951e-05,2.92122136e-05,0.00353601693,0.523277178,-0.400514174,-0.00242149426,3,0.140706516,-0.157378208,0.0676465459,-0.0843208895
1.178,1.70885279,1.97486139,-1.34153039,-0.654115273,-21.8271319,-0.41161952,0.654115273,-0.320522631,3.03085774e-05,-3.02581696e-05,3.05573041e-05,0.00377891547,0.552200096,-0.42786679,-0.00244378471,3,0.138056459,-0.154449197,0.0663541842,-0.0827496765
1.18,1.70611543,1.97352709,-1.38486298,-0.674905847,-21.3953792,-0.419584038,0.674905847,-0.330466586,3.16179846e-05,-3.15683219e-05,3.18819327e-05,0.00402462206,0.581066402,-0.455497902,-0.00246038564,3,0.135319098,-0.151422265,0.065019892,-0.0811259208
1.182,1.70329249,1.97215182,-1.42732185,-0.695219012,-20.950054,-0.427230121,0.695219012,-0.340151704,3.29057664e-05,-3.2857128e-05,3.31851553e-05,0.00427247498,0.609794885,-0.483329475,-0.00247124232,3,0.13249616,-0.148299184,0.0636446131,-0.07945061
1.184,1.70038575,1.97073652,-1.46888005,-0.715040542,-20.4914373,-0.434552033,0.715040542,-0.349570612,3.41710276e-05,-3.41236781e-05,3.4466042e-05,0.00452180709,0.63830481,-0.511282976,-0.00247631729,3,0.129589426,-0.145081785,0.0622293203,-0.0777247658
1.186,1.69739706,1.96928222,-1.50951122,-0.7343566,-20.0198212,-0.441544359,0.7343566,-0.358716191,3.54128902e-05,-3.53670771e-05,3.57236773e-05,0.00477194776,0.666516162,-0.539279616,-0.00247559064,3,0.12660073,-0.141771956,0.0607750141,-0.0759494432
1.188,1.69432829,1.96778992,-1.54918958,-0.753153764,-19.5355068,-0.448202004,0.753153764,-0.367581591,3.66304941e-05,-3.65864463e-05,3.69571618e-05,0.00502222477,0.694349876,-0.567240592,-0.00246906007,3,0.123531959,-0.138371644,0.0592827223,-0.07412573
1.19,1.69118138,1.9662607,-1.58788998,-0.771419031,-19.0388009,-0.454520195,0.771419031,-0.376160234,3.78229974e-05,-3.7780923e-05,3.81656122e-05,0.00527196621,0.721728062,-0.595087321,-0.002456741,3,0.120385049,-0.134882853,0.0577534991,-0.0722547465
1.192,1.68795832,1.96469563,-1.62558785,-0.789139832,-18.5300148,-0.460494475,0.789139832,-0.384445828,3.89895773e-05,-3.89496623e-05,3.93481627e-05,0.00552050232,0.748574225,-0.622741674,-0.00243866641,3,0.117161988,-0.131307644,0.056188424,-0.0703376446
1.194,1.68466114,1.9630958,-1.66225928,-0.806304044,-18.0094643,-0.466120717,0.806304044,-0.392432372,4.01294306e-05,-4.00918372e-05,4.05039657e-05,0.00576716738,0.77481349,-0.650126211,-0.00241488684,3,0.113864811,-0.12764813,0.0545886012,-0.0683756078
1.196,1.68129193,1.96146236,-1.69788098,-0.822899996,-17.4774715,-0.471395135,0.822899996,-0.400114162,4.12417746e-05,-4.12066396e-05,4.16321922e-05,0.00601130146,0.800372833,-0.677164404,-0.00238547017,3,0.1104956,-0.12390648,0.0529551585,-0.0663698499
1.198,1.67785281,1.95979645,-1.7324303,-0.838916488,-16.9343666,-0.476314297,0.838916488,-0.407485806,4.23258471e-05,-4.2293281e-05,4.27320332e-05,0.00625225234,0.825181322,-0.703780874,-0.00235050157,3,0.107056482,-0.120084916,0.0512892465,-0.0643216147
1.2,1.67434596,1.95809924,-1.76588529,-0.854342798,-16.3804891,-0.480875143,0.854342798,-0.414542223,4.33809075e-05,-4.33509932e-05,4.38026998e-05,0.00648937732,0.849170339,-0.729901616,-0.00231008331,3,0.10354963,-0.116185712,0.0495920376,-0.0622321754
1.202,1.67077359,1.95637193,-1.79822464,-0.8691687,-15.8161884,-0.485074991,0.8691687,-0.421278661,4.44062371e-05,-4.4379029e-05,4.48434244e-05,0.00672204506,0.8722738,-0.755454228,-0.00226433456,3,0.099977259,-0.112211191,0.047864725,-0.060102834
1.204,1.66713795,1.95461572,-1.82942779,-0.883384477,-15.2418223,-0.488911541,0.883384477,-0.427690702,4.54011398e-05,-4.53766632e-05,4.58534618e-05,0.00694963741,0.894428358,-0.780368135,-0.00221339113,3,0.0963416267,-0.10816373,0.0461085218,-0.0579349201
1.206,1.66344136,1.95283186,-1.85947487,-0.896980937,-14.6577556,-0.492382874,0.896980937,-0.433774269,4.63649427e-05,-4.63431931e-05,4.68320895e-05,0.00717155115,0.915573579,-0.804574801,-0.00215740502,3,0.0926450302,-0.104045749,0.0443246599,-0.0557297905
1.208,1.65968613,1.95102159,-1.88834676,-0.909949417,-14.064358,-0.495487447,0.909949417,-0.439525635,4.72969967e-05,-4.72779396e-05,4.77786086e-05,0.00738719969,0.935652115,-0.828007941,-0.00209654398,3,0.0888898055,-0.0998597199,0.0425143886,-0.0534888284
1.21,1.65587465,1.94918618,-1.91602508,-0.922281795,-13.4620034,-0.498224097,0.922281795,-0.444941425,4.81966771e-05,-4.81802476e-05,4.86923451e-05,0.00759601467,0.954609864,-0.850603709,-0.00203099089,3,0.0850783262,-0.0956081589,0.0406789743,-0.0512134424
1.212,1.65200933,1.9473269,-1.9424922,-0.933970498,-12.8510695,-0.500592038,0.933970498,-0.450018623,4.9063384e-05,-4.90494871e-05,4.95726502e-05,0.00779744752,0.972396128,-0.872300891,-0.00196094315,3,0.0812130015,-0.0912936271,0.0388196987,-0.0489050657
1.214,1.6480926,1.94544506,-1.96773124,-0.945008509,-12.2319388,-0.502590873,0.945008509,-0.454754577,4.98965432e-05,-4.98850539e-05,5.04189014e-05,0.00799097095,0.98896376,-0.893041082,-0.00188661199,3,0.0772962751,-0.0869187294,0.036937858,-0.0465651552
1.216,1.64412695,1.94354196,-1.9917261,-0.955389372,-11.6049998,-0.504220595,0.955389372,-0.459146998,5.06956061e-05,-5.068637e-05,5.12305028e-05,0.00817608039,1.00426932,-0.912768852,-0.00180822183,3,0.0733306235,-0.082486113,0.0350347617,-0.0441951906
1.218,1.64011488,1.94161893,-2.01446146,-0.965107204,-10.9706477,-0.505481596,0.965107204,-0.463193972,5.14600507e-05,-5.14528843e-05,5.20068864e-05,0.0083522954,1.0182732,-0.931431915,-0.00172600953,3,0.0693185541,-0.0779984659,0.0331117317,-0.0417966736
1.22,1.63605893,1.9396773,-2.0359228,-0.974156701,-10.3292844,-0.506374666,0.974156701,-0.466893956,5.21893818e-05,-5.21840738e-05,5.27475123e-05,0.00851916096,1.03093973,-0.948981278,-0.00164022363,3,0.0652626044,-0.0734585155,0.0311701006,-0.0393711266
1.222,1.63196167,1.93771841,-2.05609639,-0.982533145,-9.68131757,-0.506900992,0.982533145,-0.470245785,5.28831318e-05,-5.28794437e-05,5.34518697e-05,0.00867624878,1.0422373,-0.965371381,-0.00155112352,3,0.0611653395,-0.0688690273,0.0292112111,-0.036920092
1.224,1.62782568,1.93574362,-2.07496935,-0.990232411,-9.02715941,-0.507062151,0.990232411,-0.473248673,5.35408608e-05,-5.35385283e-05,5.41194777e-05,0.0088231584,1.05213842,-0.980560227,-0.00145897854,3,0.0570293513,-0.0642328035,0.0272364147,-0.034445131
1.226,1.62365358,1.93375427,-2.09252958,-0.997250968,-8.36722559,-0.506860102,0.997250968,-0.475902214,5.41621573e-05,-5.41608917e-05,5.47498856e-05,0.00895951828,1.06061976,-0.994509494,-0.001364067,3,0.0528572563,-0.059552681,0.02524707,-0.0319478224
1.228,1.61944802,1.93175174,-2.10876587,-1.00358589,-7.70193439,-0.506297184,1.00358589,-0.478206379,5.47466384e-05,-5.47461282e-05,5.53426739e-05,0.00908498668,1.06766222,-1.00718463,-0.00126667514,3,0.0486516941,-0.0548315303,0.0232445424,-0.0294297619
1.23,1.61521165,1.9297374,-2.12366781,-1.00923483,-7.03170665,-0.505376106,1.00923483,-0.480161516,5.52939507e-05,-5.52938631e-05,5.58974548e-05,0.00919925259,1.07325097,-1.01855495,-0.0011670961,3,0.0444153257,-0.0500722539,0.0212302021,-0.0268925608
1.232,1.61094716,1.92771263,-2.13722584,-1.01419607,-6.35696615,-0.50409995,1.01419607,-0.481768351,5.580377e-05,-5.5803753e-05,5.64138724e-05,0.00930203641,1.07737544,-1.02859368,-0.00106562882,3,0.0401508318,-0.0452777843,0.0192054234,-0.0243378446
1.234,1.60665724,1.92567879,-2.14943125,-1.01846848,-5.67814024,-0.502472162,1.01846848,-0.483027976,5.62758021e-05,-5.62754866e-05,5.68916039e-05,0.00939309061,1.08002937,-1.03727804,-0.000962576957,3,0.0358609114,-0.0404510828,0.017171583,-0.0217672522
1.236,1.60234461,1.92363726,-2.16027621,-1.02205151,-4.99566011,-0.500496553,1.02205151,-0.483941858,5.67097828e-05,-5.67087845e-05,5.73303593e-05,0.00947220035,1.0812108,-1.04458928,-0.000858247832,3,0.0315482796,-0.0355951375,0.0151300596,-0.0191824347
1.238,1.59801199,1.92158943,-2.16975373,-1.02494522,-4.30996063,-0.498177287,1.02494522,-0.484511823,5.71054785e-05,-5.71034004e-05,5.77298824e-05,0.00953918393,1.08092202,-1.05051271,-0.000752951293,3,0.0272156661,-0.0307129619,0.0130822317,-0.0165850542
1.24,1.59366214,1.91953668,-2.17785769,-1.0271503,-3.62147966,-0.495518874,1.0271503,-0.484740061,5.74626863e-05,-5.74591208e-05,5.80899509e-05,0.00959389314,1.07916959,-1.05503773,-0.000646998613,3,0.0228658136,-0.0258075926,0.0110294774,-0.0139767821
1.242,1.5892978,1.91748037,-2.18458286,-1.02866797,-2.93065715,-0.492526156,1.02866797,-0.484629113,5.7781234e-05,-5.77757659e-05,5.84103768e-05,0.00963621355,1.0759642,-1.05815779,-0.00054070134,3,0.018501476,-0.0208820882,0.00897317245,-0.0113592989
1.244,1.58492174,1.91542189,-2.1899249,-1.02950009,-2.23793421,-0.489204295,1.02950009,-0.484181867,5.80609808e-05,-5.80531894e-05,5.86910069e-05,0.00966606463,1.07132067,-1.05987044,-0.000434370138,3,0.0141254163,-0.015939527,0.00691468941,-0.00873429194
1.246,1.58053673,1.9133626,-2.19388032,-1.02964908,-1.54375259,-0.48555876,1.02964908,-0.483401551,5.83018173e-05,-5.8291279e-05,5.89317226e-05,0.00968339978,1.06525781,-1.06017723,-0.000328313631,3,0.00974040535,-0.0109830053,0.00485539647,-0.00610345467
1.248,1.57614555,1.91130386,-2.19644655,-1.02911794,-0.848554553,-0.481595313,1.02911794,-0.482291719,5.85036652e-05,-5.84899565e-05,5.91324406e-05,0.00968820622,1.05779836,-1.05908373,-0.000222837253,3,0.00534921969,-0.00601563554,0.00279665623,-0.00346848534
1.25,1.57175097,1.90924703,-2.19762189,-1.02791022,-0.152783029,-0.477320002,1.02791022,-0.480856248,5.86664781e-05,-5.86491779e-05,5.92931126e-05,0.00968050486,1.04896888,-1.05659941,-0.000118242135,3,0.000954640004,-0.0010405444,0.000739824595,-0.000831085685
1.252,1.56735578,1.90719345,-2.19740551,-1.02603004,0.543118134,-0.472739145,1.02603004,-0.479099322,5.87902408e-05,-5.87689336e-05,5.94137257e-05,0.00966034995,1.0387996,-1.05273764,-1.48240243e-05,3,-0.00344055078,0.00393912913,-0.00131375034,0.00180704035
1.254,1.56296276,1.90514447,-2.1957975,-1.02348206,1.23870414,-0.46785932,1.02348206,-0.477025422,5.88749699e-05,-5.88492479e-05,5.94943021e-05,0.0096278288,1.02732433,-1.04751553,8.71277573e-05,3,-0.00783356919,0.00892023573,-0.0033627294,0.00444418787
1.256,1.55857469,1.90310142,-2.19279882,-1.02027149,1.93352954,-0.462687349,1.02027149,-0.47463932,5.89207133e-05,-5.88901797e-05,5.95348991e-05,0.00958306122,1.01458027,-1.04095392,0.000187331323,3,-0.012221633,0.0138996177,-0.00540578341,0.00707865228
1.258,1.55419436,1.90106561,-2.18841133,-1.01640405,2.6271488,-0.457230283,1.01640405,-0.471946058,5.89275507e-05,-5.88918217e-05,5.95356093e-05,0.00952619903,1.00060793,-1.03307719,0.000285513191,3,-0.0166019631,0.0188741108,-0.00744159425,0.00970873061
1.26,1.54982454,1.89903835,-2.18263776,-1.01188596,3.31911708,-0.451495383,1.01188596,-0.468950941,5.88955926e-05,-5.88543007e-05,5.94965599e-05,0.00945742537,0.985450871,-1.02391319,0.000381409223,3,-0.0209717851,0.0238405468,-0.00946885589,0.0123327228
1.262,1.545468,1.89702093,-2.17548176,-1.00672396,4.00899087,-0.4454901,1.00672396,-0.465659521,5.88249812e-05,-5.8777777e-05,5.9417913e-05,0.00937695396,0.969155587,-1.01349313,0.00047476552,3,-0.0253283313,0.0287957548,-0.0114862754,0.0149489328
1.264,1.54112748,1.89501463,-2.16694784,-1.00092526,4.6963284,-0.439222064,1.00092526,-0.462077584,5.87158893e-05,-5.86624444e-05,5.92998649e-05,0.0092850282,0.951771304,-1.00185138,0.000565339261,3,-0.0296688423,0.0337365639,-0.0134925738,0.0175556702
1.266,1.53680576,1.89302071,-2.15704142,-0.994497536,5.3806898,-0.432699059,0.994497536,-0.458211132,5.85685205e-05,-5.85085297e-05,5.9142646e-05,0.00918192032,0.93334979,-0.989025349,0.000652899486,3,-0.033990569,0.0386598049,-0.0154864873,0.0201512512
1.268,1.53250555,1.89104043,-2.14576876,-0.987448913,6.06163711,-0.425929012,0.987448913,-0.454066369,5.83831087e-05,-5.83162923e-05,5.894652e-05,0.00906793032,0.913945166,-0.975055355,0.000737227809,3,-0.0382907739,0.0435623128,-0.017466768,0.0227339998
1.27,1.52822959,1.88907502,-2.13313703,-0.979787946,6.7387342,-0.418919975,0.979787946,-0.449649688,5.8159918e-05,-5.80860237e-05,5.87117839e-05,0.00894338492,0.893613708,-0.959984418,0.000818119051,3,-0.0425667335,0.0484409283,-0.0194321846,0.0253022494
1.272,1.52398059,1.88712568,-2.11915424,-0.971523605,7.41154691,-0.411680107,0.971523605,-0.444967648,5.78992418e-05,-5.78180469e-05,5.8438767e-05,0.00880863643,0.872413646,-0.943858114,0.000895381803,3,-0.0468157395,0.0532925006,-0.0213815236,0.0278543436
1.274,1.51976123,1.88519361,-2.10382931,-0.962665253,8.07964344,-0.404217658,0.962665253,-0.440026966,5.76014029e-05,-5.75127157e-05,5.81278306e-05,0.00866406157,0.850404956,-0.92672439,0.000968838917,3,-0.0510351008,0.0581138892,-0.02331359,0.0303886378
1.276,1.51557418,1.88327999,-2.08717197,-0.953222632,8.74259481,-0.396540948,0.953222632,-0.434834494,5.72667526e-05,-5.71704146e-05,5.7779367e-05,0.0085100602,0.827649151,-0.908633386,0.00103832793,3,-0.0552221451,0.0629019661,-0.0252272077,0.0329035
1.278,1.51142211,1.88138598,-2.06919284,-0.943205837,9.3999755,-0.388658348,0.943205837,-0.429397205,5.68956704e-05,-5.67915572e-05,5.7393799e-05,0.00834705404,0.804209071,-0.889637251,0.00110370139,3,-0.0593742208,0.0676536179,-0.0271212209,0.0353973125
1.28,1.50730763,1.87951271,-2.04990338,-0.9326253,10.0513639,-0.380578262,0.9326253,-0.423722177,5.64885634e-05,-5.63765862e-05,5.69715791e-05,0.00817548528,0.780148666,-0.86978995,0.00116482716,3,-0.0634886985,0.0723657482,-0.0289944941,0.0378684724
1.282,1.50323335,1.87766129,-2.02931588,-0.921491767,10.6963427,-0.37230911,0.921491767,-0.41781657,5.60458652e-05,-5.59259719e-05,5.65131884e-05,0.00799581523,0.755532791,-0.849147076,0.00122158861,3,-0.0675629727,0.0770352795,-0.0308459134,0.0403153935
1.284,1.49920186,1.87583282,-2.00744348,-0.909816277,11.334499,-0.363859308,0.909816277,-0.411687618,5.55680361e-05,-5.5440212e-05,5.60191361e-05,0.00780852284,0.730426997,-0.827765657,0.0012738847,3,-0.0715944637,0.0816591556,-0.0326743863,0.0427365067
1.286,1.49521571,1.87402836,-1.98430013,-0.897610141,11.9654243,-0.355237254,0.897610141,-0.405342604,5.50555614e-05,-5.49198302e-05,5.54899582e-05,0.00761410328,0.70489733,-0.805703965,0.00132163006,3,-0.0755806189,0.0862343439,-0.0344788432,0.0451302617
1.288,1.49127741,1.87224896,-1.95990059,-0.88488492,12.5887147,-0.346451311,0.88488492,-0.398788845,5.45089514e-05,-5.43653751e-05,5.49262165e-05,0.00741306646,0.679010129,-0.783021322,0.00136475494,3,-0.0795189148,0.090757837,-0.0362582372,0.0474951276
1.29,1.48738947,1.87049566,-1.93426043,-0.871652404,13.2039711,-0.337509791,0.871652404,-0.39203368,5.392874e-05,-5.37774198e-05,5.43284977e-05,0.00720593552,0.652831833,-0.759777913,0.00140320505,3,-0.0834068584,0.0952266558,-0.0380115447,0.0498295943
1.292,1.48355434,1.86876944,-1.90739602,-0.857924589,13.8107994,-0.328420937,0.857924589,-0.385084447,5.33154843e-05,-5.31565601e-05,5.36974124e-05,0.00699324536,0.626428789,-0.736034601,0.00143694143,3,-0.0872419887,0.0996378507,-0.0397377662,0.0521321731
1.294,1.47977445,1.86707128,-1.8793245,-0.843713658,14.4088111,-0.319192912,0.843713658,-0.377948472,5.26697633e-05,-5.25034139e-05,5.30335935e-05,0.00677554112,0.599867062,-0.711852737,0.00146594012,3,-0.0910218786,0.103988505,-0.0414359262,0.0544013983
1.296,1.47605219,1.86540213,-1.85006381,-0.829031956,14.9976238,-0.309833778,0.829031956,-0.37063305,5.19921774e-05,-5.18186197e-05,5.23376956e-05,0.00655337663,0.573212259,-0.687293985,0.00149019189,3,-0.0947441361,0.108275735,-0.043105074,0.0566358276
1.298,1.47238992,1.86376292,-1.81963261,-0.813891973,15.5768613,-0.300351485,0.813891973,-0.363145431,5.1283347e-05,-5.11028357e-05,5.16103935e-05,0.00632731296,0.546529354,-0.662420144,0.00150970184,3,-0.0984064061,0.112496695,-0.0447442836,0.0588340434
1.3,1.46878996,1.86215455,-1.78805033,-0.798306318,16.1461541,-0.290753853,0.798306318,-0.355492809,5.0543912e-05,-5.03567386e-05,5.08523809e-05,0.00609791689,0.519882523,-0.637292977,0.00152448893,3,-0.102006372,0.116648577,-0.0463526541,0.0609946535
1.302,1.46525457,1.86057789,-1.75533715,-0.782287699,16.7051394,-0.281048568,0.782287699,-0.347682298,4.97745302e-05,-4.95810223e-05,5.00643694e-05,0.0058657594,0.493334991,-0.611974044,0.00153458549,3,-0.105541756,0.120728614,-0.0479293101,0.0631162921
1.304,1.461786,1.8590338,-1.72151393,-0.765848907,17.2534614,-0.271243161,0.765848907,-0.339720929,4.89758767e-05,-4.87763963e-05,4.9247087e-05,0.00563141426,0.46694888,-0.586524548,0.00154003668,3,-0.109010323,0.124734082,-0.0494734017,0.0651976205
1.306,1.45838645,1.8575231,-1.68660228,-0.74900279,17.7907708,-0.261345005,0.74900279,-0.331615632,4.81486426e-05,-4.79435852e-05,4.8401277e-05,0.00539545652,0.440785081,-0.561005179,0.00154089987,3,-0.11240988,0.128662303,-0.0509841045,0.067237328
1.308,1.45505805,1.85604658,-1.65062447,-0.731762237,18.316726,-0.251361301,0.731762237,-0.323373223,4.72935342e-05,-4.70833267e-05,4.75276966e-05,0.00515846115,0.414903114,-0.535475972,0.00153724401,3,-0.115738277,0.132510644,-0.05246062,0.0692341328
1.31,1.45180292,1.85460503,-1.61360347,-0.714140161,18.8309924,-0.241299069,0.714140161,-0.315000394,4.64112713e-05,-4.61963708e-05,4.66271155e-05,0.00492100162,0.389361014,-0.50999617,0.00152914891,3,-0.118993411,0.136276523,-0.0539021755,0.0711867825
1.312,1.4486231,1.85319918,-1.57556289,-0.696149478,19.3332436,-0.23116514,0.696149478,-0.306503706,4.55025869e-05,-4.52834783e-05,4.57003148e-05,0.00468364856,0.364215216,-0.484624095,0.00151670459,3,-0.122173224,0.139957408,-0.055308024,0.0730940552
1.314,1.44552062,1.85182976,-1.53652701,-0.677803089,19.8231612,-0.220966149,0.677803089,-0.29788957,4.45682254e-05,-4.43454197e-05,4.47480858e-05,0.00444696846,0.339520457,-0.459417028,0.00150001049,3,-0.125275709,0.143550821,-0.0566774446,0.0749547595
1.316,1.44249742,1.85049746,-1.49652074,-0.65911387,20.3004351,-0.210708526,0.65911387,-0.28916425,4.36089416e-05,-4.33829737e-05,4.37712283e-05,0.00421152234,0.315329679,-0.434431093,0.00147917477,3,-0.128298905,0.147054338,-0.0580097418,0.0767677361
1.318,1.43955542,1.84920296,-1.45556957,-0.640094647,20.7647639,-0.200398494,0.640094647,-0.280333843,4.26255001e-05,-4.2396926e-05,4.27705497e-05,0.00397786455,0.29169395,-0.409721158,0.00145431351,3,-0.131240903,0.150465594,-0.0593042461,0.0785318575
1.32,1.43669648,1.84794689,-1.41369964,-0.620758191,21.2158546,-0.190042061,0.620758191,-0.271404281,4.16186733e-05,-4.13880683e-05,4.17468638e-05,0.00374654156,0.268662393,-0.385340732,0.00142554997,3,-0.134099846,0.153782281,-0.0605603134,0.0802460292
1.322,1.4339224,1.84672988,-1.37093762,-0.601117196,21.6534233,-0.179645022,0.601117196,-0.262381319,4.05892411e-05,-4.03571969e-05,4.07009891e-05,0.00351809083,0.246282118,-0.361341883,0.00139301379,3,-0.13687393,0.157002153,-0.0617773251,0.08190919
1.324,1.43123492,1.84555251,-1.32731076,-0.581184273,22.0771945,-0.169212952,0.581184273,-0.253270533,3.95379892e-05,-3.93051114e-05,3.96337481e-05,0.00329303966,0.224598172,-0.337775159,0.00135684024,3,-0.139561405,0.160123027,-0.062954688,0.0835203127
1.326,1.42863575,1.84441537,-1.28284688,-0.560971935,22.4869021,-0.158751207,0.560971935,-0.244077315,3.84657084e-05,-3.82326138e-05,3.85459661e-05,0.00307190421,0.20365349,-0.314689512,0.00131716943,3,-0.142160575,0.163142784,-0.0640918338,0.0850784045
1.328,1.42612652,1.84331898,-1.23757428,-0.540492589,22.882289,-0.148264925,0.540492589,-0.234806869,3.73731932e-05,-3.71405071e-05,3.74384699e-05,0.00285518843,0.183488857,-0.292132239,0.00127414561,3,-0.144669802,0.166059371,-0.0651882192,0.0865825072
1.33,1.42370882,1.84226388,-1.19152179,-0.519758526,23.2631079,-0.137759024,0.519758526,-0.225464209,3.62612411e-05,-3.60295945e-05,3.63120867e-05,0.0026433831,0.164142879,-0.270148926,0.00122791641,3,-0.147087505,0.168870803,-0.0662433257,0.0880316981
1.332,1.42138417,1.84125054,-1.14471873,-0.498781913,23.6291209,-0.127238203,0.498781913,-0.216054156,3.51306512e-05,-3.49006779e-05,3.51676433e-05,0.002436965,0.145651955,-0.248783397,0.00117863213,3,-0.149412159,0.171575164,-0.0672566589,0.0894250904
1.334,1.41915402,1.84027945,-1.09719489,-0.477574786,23.9801003,-0.116706948,0.477574786,-0.206581342,3.39822234e-05,-3.37545576e-05,3.40059652e-05,0.00223639594,0.128050267,-0.228077676,0.0011264451,3,-0.151642302,0.17417061,-0.0682277489,0.090761833
1.336,1.4170198,1.83935105,-1.04898049,-0.456149044,24.3158279,-0.106169531,0.456149044,-0.197050205,3.28167576e-05,-3.25920305e-05,3.28278755e-05,0.00204212203,0.111369767,-0.208071951,0.001071509,3,-0.15377653,0.176655371,-0.0691561495,0.0920411117
1.338,1.41498283,1.83846576,-1.0001062,-0.434516448,24.636096,-0.0956300196,0.434516448,-0.187464994,3.16350524e-05,-3.14138898e-05,3.16341944e-05,0.0018545729,0.0956401759,-0.188804544,0.00101397829,3,-0.155813498,0.179027748,-0.0700414383,0.0932621486
1.34,1.4130444,1.83762399,-0.950603093,-0.412688613,24.9407064,-0.0850922788,0.412688613,-0.177829771,3.04379045e-05,-3.02209241e-05,3.04257381e-05,0.00167416094,0.0808889834,-0.170311891,0.000954007609,3,-0.157751928,0.18128612,-0.070883216,0.0944242034
1.342,1.41120573,1.8368261,-0.900502616,-0.390677009,25.2294715,-0.0745599795,0.390677009,-0.168148413,2.92261076e-05,-2.90139161e-05,2.92033189e-05,0.00150128072,0.0671414567,-0.152628526,0.000891751259,3,-0.159590599,0.183428942,-0.0716811065,0.095526573
1.344,1.40946797,1.83607245,-0.8498366,-0.368492962,25.5022136,-0.0640366044,0.368492962,-0.158424615,2.80004521e-05,-2.77936426e-05,2.79677441e-05,0.00133630829,0.0544206501,-0.135787063,0.00082736273,3,-0.161328358,0.185454747,-0.0724347566,0.0965685917
1.346,1.40783221,1.83536337,-0.798637216,-0.346147648,25.7587658,-0.0535254555,0.346147648,-0.148661901,2.67617235e-05,-2.6560873e-05,2.67198161e-05,0.00117960066,0.0427474208,-0.119818194,0.000760994254,3,-0.162964113,0.187362149,-0.0731438352,0.0975496321
1.348,1.40629949,1.83469917,-0.746936964,-0.323652105,25.9989716,-0.0430296631,0.323652105,-0.138863621,2.55107027e-05,-2.53163696e-05,2.54603323e-05,0.00103149522,0.0321404459,-0.104750685,0.000692796417,3,-0.164496837,0.189149841,-0.0738080337,0.0984691047
1.35,1.40487076,1.83408014,-0.694768648,-0.301017225,26.222685,-0.0325521943,0.301017225,-0.129032967,2.42481644e-05,-2.40608861e-05,2.41900852e-05,0.000892309298,0.022616244,-0.0906113698,0.000622917814,3,-0.165925571,0.190816598,-0.0744270652,0.0993264582
1.352,1.40354691,1.83350654,-0.642165356,-0.278253765,26.429771,-0.022095863,0.278253765,-0.119172971,2.29748774e-05,-2.27951678e-05,2.29098632e-05,0.000762339701,0.0141891977,-0.0774251577,0.000551504763,3,-0.16724942,0.19236128,-0.0750006646,0.10012118
1.354,1.40232877,1.83297861,-0.589160437,-0.255372349,26.6201052,-0.0116633408,0.255372349,-0.109286521,2.16916032e-05,-2.1519951e-05,2.1620451e-05,0.000641862291,0.00687157895,-0.0652150364,0.000478701061,3,-0.168467555,0.193782827,-0.075528588,0.100852796
1.356,1.40121711,1.83249659,-0.535787481,-0.232383473,26.7935738,-0.00125716759,0.232383473,-0.0993763642,2.03990962e-05,-2.02359626e-05,2.0322632e-05,0.000531131633,0.000673574657,-0.0540020784,0.000404647788,3,-0.169579214,0.195080267,-0.0760106125,0.101520872
1.358,1.40021262,1.83206067,-0.4820803,-0.209297515,26.950074,0.00912023661,0.209297515,-0.0894451202,1.90981029e-05,-1.89439195e-05,1.90171902e-05,0.000430380665,-0.0043966864,-0.0438054497,0.000329483166,3,-0.170583705,0.196252712,-0.0764465364,0.10212501
1.36,1.39931593,1.83167102,-0.428072899,-0.186124739,27.0895138,0.01946656,0.186124739,-0.0794952883,1.77893616e-05,-1.7644529e-05,1.77049146e-05,0.0003398204,-0.00833310679,-0.0346424186,0.000253342457,3,-0.1714804,0.19729936,-0.0768361782,0.102664854
1.362,1.39852758,1.83132782,-0.373799464,-0.162875307,27.2118118,0.029779587,0.162875307,-0.0695292591,1.64736023e-05,-1.63384882e-05,1.63866048e-05,0.000259639673,-0.0111315937,-0.0265283658,0.000176357917,3,-0.172268743,0.198219497,-0.0771793771,0.103140085
1.364,1.39784808,1.83103121,-0.319294331,-0.139559285,27.3168979,0.0400571857,0.139559285,-0.0595493254,1.51515462e-05,-1.5026484e-05,1.50630804e-05,0.000190004912,-0.0127900323,-0.0194767942,9.86587858e-05,3,-0.172948244,0.199012496,-0.0774759923,0.103550424
1.366,1.39727784,1.8307813,-0.264591972,-0.116186655,27.4047129,0.0502972952,0.116186655,-0.0495576934,1.38239054e-05,-1.37091933e-05,1.37351964e-05,0.000131059946,-0.0133082605,-0.0134993388,2.03713215e-05,3,-0.173518483,0.199677818,-0.0777259032,0.103895632
1.368,1.39681722,1.83057819,-0.209726965,-0.0927673235,27.4752086,0.0604979127,0.0927673235,-0.0395564947,1.24913833e-05,-1.23872825e-05,1.24038673e-05,8.29258447e-05,-0.0126880436,-0.0086057763,-5.83811222e-05,3,-0.173979109,0.200215012,-0.0779290088,0.104175508
1.37,1.39646649,1.83042197,-0.154733979,-0.0693111344,27.5283476,0.0706570803,0.0693111344,-0.0295477979,1.11546741e-05,-1.10614082e-05,1.10701103e-05,4.57007872e-05,-0.0109330512,-0.00480403335,-0.000137477985,3,-0.174329839,0.200623717,-0.0780852282,0.104389892
1.372,1.39622587,1.8303127,-0.099647749,-0.0458278793,27.5641037,0.0807728715,0.0458278793,-0.0195336212,9.81446271e-06,-9.73221706e-06,9.73512262e-06,1.94599601e-05,-0.00804883483,-0.00210019452,-0.000216801355,3,-0.174570461,0.200903661,-0.0781944999,0.104538661
1.374,1.3960955,1.83025042,-0.0445030541,-0.0223273096,27.5824615,0.0908433783,0.0223273096,-0.00951594519,8.47142523e-06,-8.40034595e-06,8.40043328e-06,4.25548564e-06,-0.00404280778,-0.000498508753,-0.00029623579,3,-0.174700832,0.20105466,-0.0782567819,0.104621733
1.376,1.39607545,1.83023515,0.0106653043,0.00118085198,27.5834166,0.100866697,-0.00118085198,0.000503274862,7.12622862e-06,-7.06642239e-06,7.06822414e-06,1.16377195e-07,0.00107577402,-1.3944114e-06,-0.000375668113,3,-0.174720878,0.201076622,-0.0782720517,0.104639065
1.378,1.39616573,1.8302669,0.0658225236,0.0246868987,27.5669753,0.110840918,-0.0246868987,0.0105220959,5.77953105e-06,-5.7310648e-06,5.74209215e-06,7.04852256e-06,0.00729582894,-0.000609442968,-0.000454987193,3,-0.174630597,0.200969541,-0.0782403064,0.104590655
1.38,1.39636627,1.83034564,0.120933823,0.0481811279,27.533155,0.120764108,-0.0481811279,0.0205385744,4.43198207e-06,-4.39488284e-06,4.42915056e-06,2.50346944e-05,0.0146044652,-0.00232142108,-0.000534083689,3,-0.174430053,0.200733503,-0.0781615622,0.104476537
1.382,1.39667695,1.83047135,0.175964463,0.0716538285,27.481984,0.130634301,-0.0716538285,0.0305507534,3.0842228e-06,-3.05847786e-06,3.14720669e-06,5.40345882e-05,0.0229869947,-0.00513427113,-0.000612849801,3,-0.174119381,0.200368684,-0.0780358549,0.104296788
1.384,1.39709754,1.83064396,0.23087977,0.0950952691,27.4135013,0.140449487,-0.0950952691,0.0405566498,1.73688629e-06,-1.72244337e-06,1.95843354e-06,9.3984887e-05,0.0324269453,-0.0090431102,-0.000691178988,3,-0.173698788,0.199875348,-0.0778632398,0.104051521
1.386,1.39762778,1.83086341,0.285645157,0.118495686,27.3277567,0.150207595,-0.118495686,0.0505542416,3.90597772e-07,-3.87365506e-07,1.18480304e-06,0.000144799354,0.0429060722,-0.0140412276,-0.000768965701,3,-0.173168545,0.199253847,-0.0776437916,0.10374089
1.388,1.39826733,1.8311296,0.340226143,0.141845271,27.2248109,0.159906486,-0.141845271,0.0605414557,-9.54024914e-07,9.46176436e-07,1.61187443e-06,0.000206368953,0.054404367,-0.020120081,-0.000846105093,3,-0.172528997,0.198504623,-0.0773776045,0.103365088
1.39,1.39901577,1.83144241,0.394588379,0.165134162,27.104735,0.169543937,-0.165134162,0.0705161554,-2.29637097e-06,2.27760943e-06,2.72041811e-06,0.000278561996,0.0669000673,-0.0272692915,-0.000922492747,3,-0.171780555,0.197628207,-0.0770647926,0.102924348
1.392,1.39987263,1.83180171,0.448697662,0.188352429,26.9676107,0.179117635,-0.188352429,0.0804761287,-3.63583618e-06,3.60636612e-06,3.9733209e-06,0.000361224318,0.0803696643,-0.0354766375,-0.000998024405,3,-0.1709237,0.196625215,-0.0767054897,0.102418939
1.394,1.40083735,1.83220735,0.502519965,0.211490065,26.8135305,0.188625163,-0.211490065,0.0904190764,-4.97182247e-06,4.93188426e-06,5.26572133e-06,0.000454179485,0.0947879103,-0.0447280476,-0.0010725957,3,-0.169958979,0.195496353,-0.0762998494,0.101849173
1.396,1.40190932,1.83265916,0.556021451,0.234536978,26.6425969,0.19806399,-0.234536978,0.100342601,-6.30373744e-06,6.25360602e-06,6.57162327e-06,0.000557229029,0.110127827,-0.055007594,-0.00114610193,3,-0.168887009,0.194242411,-0.0758480456,0.101215397
1.398,1.40308785,1.83315693,0.609168495,0.257482978,26.454923,0.207431465,-0.257482978,0.110244196,-7.63099385e-06,7.5709774e-06,7.88166282e-06,0.000670152713,0.126360714,-0.0662974842,-0.0012184378,3,-0.167708475,0.192864266,-0.0753502726,0.100517999
1.4,1.4043722,1.83370046,0.66192771,0.280317774,26.2506323,0.216724806,-0.280317774,0.120121236,-8.95300909e-06,8.88344755e-06,9.19148021e-06,0.000792708832,0.143456155,-0.0785780544,-0.00128949724,3,-0.166424125,0.191362881,-0.074806745,0.0997574055
1.402,1.40576155,1.8342895,0.714265958,0.30303096,26.0298582,0.225941093,-0.30303096,0.129970967,-1.02692047e-05,1.01904682e-05,1.04986211e-05,0.00092463454,0.161382031,-0.0918277626,-0.00135917325,3,-0.165034779,0.1897393,-0.0742176981,0.0989340794
1.404,1.40725501,1.83492381,0.766150381,0.325612013,25.7927444,0.235077258,-0.325612013,0.139790494,-1.15790058e-05,1.14914927e-05,1.1801482e-05,0.00106564622,0.180104531,-0.106023183,-0.0014273577,3,-0.163541318,0.187994653,-0.0735833884,0.0980485236
1.406,1.40885164,1.83560311,0.817548411,0.348050284,25.5394445,0.244130085,-0.348050284,0.14957678,-1.28818406e-05,1.2785976e-05,1.30988851e-05,0.00121543988,0.199588163,-0.121139,-0.00149394127,3,-0.161944691,0.186130152,-0.0729040934,0.0971012783
1.408,1.41055042,1.83632709,0.868427799,0.370334998,25.2701219,0.253096198,-0.370334998,0.15932663,-1.41771399e-05,1.40733733e-05,1.43898845e-05,0.0013736916,0.219795774,-0.137148011,-0.00155881334,3,-0.160245912,0.184147087,-0.0721801121,0.0960929217
1.41,1.41235027,1.83709544,0.918756626,0.392455243,24.9849497,0.261972058,-0.392455243,0.169036688,-1.54643363e-05,1.53531399e-05,1.56736693e-05,0.00154005799,0.240688564,-0.154021117,-0.00162186197,3,-0.158446056,0.182046831,-0.0714117652,0.0950240695
1.412,1.41425006,1.83790781,0.968503329,0.414399972,24.6841106,0.270753963,-0.414399972,0.178703432,-1.67428641e-05,1.66247304e-05,1.69495109e-05,0.00171417671,0.262226114,-0.171727337,-0.00168297391,3,-0.156546266,0.179830835,-0.0705993955,0.0938953746
1.414,1.41624858,1.83876383,1.01763672,0.436158001,24.3677971,0.279438039,-0.436158001,0.188323164,-1.80121585e-05,1.78875982e-05,1.82167328e-05,0.00189566703,0.284366409,-0.190233802,-0.00174203463,3,-0.154547745,0.177500626,-0.069743368,0.0927075271
1.416,1.41834457,1.83966313,1.06612599,0.457718007,24.0362106,0.288020242,-0.457718007,0.19789201,-1.92716553e-05,1.91411949e-05,1.94746927e-05,0.00208413041,0.307065867,-0.209505774,-0.00179892843,3,-0.152451757,0.17505781,-0.0688440702,0.0914612537
1.418,1.4205367,1.84060529,1.11394076,0.479068528,23.6895622,0.296496357,-0.479068528,0.207405911,-2.05207902e-05,2.03849697e-05,2.07227706e-05,0.00227915118,0.330279378,-0.229506655,-0.00185353857,3,-0.150259628,0.172504065,-0.0679019124,0.0901573179
1.42,1.42282358,1.84158987,1.16105107,0.500197968,23.3280717,0.304861993,-0.500197968,0.216860626,-2.17589986e-05,2.16183692e-05,2.19603613e-05,0.00248029713,0.353960344,-0.250198007,-0.00190574748,3,-0.147972747,0.169841143,-0.0669173281,0.0887965191
1.422,1.42520377,1.84261643,1.2074274,0.521094594,22.9519682,0.313112591,-0.521094594,0.226251725,-2.29857151e-05,2.28408365e-05,2.3186869e-05,0.00268712033,0.378060723,-0.271539576,-0.00195543696,3,-0.145592557,0.167070869,-0.065890774,0.0873796927
1.424,1.42767576,1.84368447,1.25304071,0.541746547,22.5614893,0.321243421,-0.541746547,0.235574588,-2.4200373e-05,2.40518113e-05,2.44017042e-05,0.00289915784,0.402531083,-0.293489321,-0.00200248852,3,-0.143120564,0.164195137,-0.0648227307,0.0859077094
1.426,1.430238,1.8447935,1.29786242,0.562141841,22.1568815,0.329249583,-0.562141841,0.244824409,-2.54024041e-05,2.52507292e-05,2.56042803e-05,0.00311593254,0.42732066,-0.31600345,-0.00204678364,3,-0.14055833,0.161215909,-0.0637137025,0.0843814751
1.428,1.43288885,1.84594298,1.34186447,0.582268374,21.7383996,0.337126016,-0.582268374,0.25399619,-2.65912385e-05,2.64370213e-05,2.67940123e-05,0.00333695398,0.452377421,-0.33903646,-0.0020882042,3,-0.137907472,0.158135217,-0.0625642177,0.0828019302
1.43,1.43562666,1.84713237,1.3850193,0.602113932,21.3063069,0.344867498,-0.602113932,0.263084751,-2.77663041e-05,2.76101143e-05,2.79703149e-05,0.00356171931,0.477648141,-0.362541187,-0.00212663288,3,-0.135169665,0.154955154,-0.0613748291,0.0811700497
1.432,1.43844969,1.84836109,1.4272999,0.6216662,20.8608747,0.352468653,-0.6216662,0.272084722,-2.89270265e-05,2.876943e-05,2.91326017e-05,0.00378971419,0.503078475,-0.386468864,-0.00216195362,3,-0.132346637,0.151677881,-0.0601461141,0.0794868419
1.434,1.44135616,1.84962853,1.4686798,0.64091277,20.4023826,0.35992396,-0.64091277,0.280990557,-3.00728288e-05,2.99143855e-05,3.0280284e-05,0.00402041382,0.52861305,-0.410769179,-0.00219405215,3,-0.12944017,0.148305619,-0.0588786748,0.0777533488
1.436,1.44434423,1.85093406,1.50913309,0.659841155,19.9311178,0.367227753,-0.659841155,0.28979653,-3.12031313e-05,3.10443925e-05,3.14127709e-05,0.00425328395,0.554195555,-0.43539035,-0.00222281649,3,-0.126452097,0.144840647,-0.0575731381,0.0759706448
1.438,1.44741202,1.85227705,1.54863445,0.678438796,19.4473754,0.37437424,-0.678438796,0.298496746,-3.23173519e-05,3.21588577e-05,3.25294679e-05,0.00448778199,0.579768844,-0.4602792,-0.00224813758,3,-0.123384303,0.141285307,-0.0562301561,0.0741398367
1.44,1.4505576,1.8536568,1.58715914,0.696693079,18.9514577,0.3813575,-0.696693079,0.307085143,-3.34149056e-05,3.32571831e-05,3.36297775e-05,0.00472335813,0.605275042,-0.485381246,-0.00226990981,3,-0.120238724,0.137641992,-0.054850406,0.0722620631
1.442,1.45377898,1.85507261,1.62468305,0.714591347,18.4436746,0.388171503,-0.714591347,0.315555504,-3.44952047e-05,3.43387653e-05,3.47130985e-05,0.00495945648,0.63065566,-0.510640794,-0.00228803176,3,-0.117017342,0.133913153,-0.0534345904,0.0703384933
1.444,1.45707414,1.85652376,1.66118268,0.732120917,17.9243432,0.394810115,-0.732120917,0.323901459,-3.55576588e-05,3.54029964e-05,3.5778826e-05,0.00519551634,0.655851723,-0.536001037,-0.00230240674,3,-0.11372219,0.130101294,-0.0519834371,0.0683703275
1.446,1.46044098,1.8580095,1.69663517,0.749269091,17.3937872,0.40126711,-0.749269091,0.332116498,-3.66016751e-05,3.64492638e-05,3.68263517e-05,0.00543097337,0.680803893,-0.56140417,-0.00231294354,3,-0.110355344,0.126208965,-0.0504976995,0.0663587951
1.448,1.4638774,1.85952905,1.73101834,0.766023177,16.8523374,0.407536184,-0.766023177,0.340193982,-3.76266584e-05,3.74769507e-05,3.78550636e-05,0.00566526093,0.705452607,-0.586791508,-0.0023195571,3,-0.106918926,0.122238771,-0.0489781561,0.0643051551
1.45,1.46738123,1.86108159,1.76431063,0.782370506,16.300331,0.413610967,-0.782370506,0.348127148,-3.86320114e-05,3.84854362e-05,3.88643468e-05,0.0058978114,0.729738225,-0.612103609,-0.00232216919,3,-0.103415101,0.118193358,-0.0474256111,0.0622106947
1.452,1.47095025,1.86266631,1.7964912,0.798298447,15.7381119,0.419485035,-0.798298447,0.355909125,-3.96171351e-05,3.94740959e-05,3.98535833e-05,0.00612805746,0.753601172,-0.637280411,-0.0023207091,3,-0.0998460791,0.11407542,-0.0458408936,0.0600767285
1.454,1.47458222,1.86428234,1.82753987,0.813794428,15.1660298,0.425151926,-0.813794428,0.363532943,-4.05814289e-05,4.04423026e-05,4.08221525e-05,0.00635543355,0.776982097,-0.662261371,-0.00231511435,3,-0.0962141075,0.109887691,-0.0442248583,0.0579045983
1.456,1.47827485,1.86592882,1.8574372,0.828845954,14.5844407,0.430605155,-0.828845954,0.370991551,-4.15242913e-05,4.13894263e-05,4.17694318e-05,0.00657937722,0.799822032,-0.686985615,-0.00230533138,3,-0.0925214747,0.105632948,-0.0425783846,0.0556956718
1.458,1.48202582,1.86760483,1.88616443,0.843440626,13.9937063,0.435838225,-0.843440626,0.378277822,-4.24451202e-05,4.23148351e-05,4.2694797e-05,0.00679933055,0.822062556,-0.71139209,-0.00229131618,3,-0.088770507,0.101314006,-0.040902377,0.053451342
1.46,1.48583276,1.86930944,1.91370355,0.857566165,13.3941938,0.440844647,-0.857566165,0.385384573,-4.33433131e-05,4.32178958e-05,4.35976229e-05,0.00701474161,0.843645965,-0.735419728,-0.00227303497,3,-0.0849635673,0.0969337129,-0.0391977645,0.0511730262
1.462,1.48969327,1.8710417,1.94003728,0.871210427,12.7862759,0.445617953,-0.871210427,0.392304579,-4.42182684e-05,4.40979748e-05,4.44772839e-05,0.00722506589,0.864515441,-0.759007609,-0.00225046479,3,-0.0811030533,0.0924949552,-0.0374655007,0.0488621652
1.464,1.49360493,1.87280064,1.9651491,0.884361428,12.1703305,0.450151712,-0.884361428,0.399030585,-4.50693852e-05,4.49544386e-05,4.53331548e-05,0.00742976778,0.884615232,-0.782095135,-0.00222359412,3,-0.0771913968,0.0880006492,-0.0357065631,0.0465202224
1.466,1.49756527,1.87458525,1.98902323,0.89700736,11.5467405,0.454439551,-0.89700736,0.405555324,-4.58960645e-05,4.57866546e-05,4.61646115e-05,0.007628322,0.903890824,-0.804622204,-0.00219242341,3,-0.0732310614,0.0834537417,-0.033921953,0.0441486828
1.468,1.50157179,1.87639451,2.01164468,0.909136618,10.9158933,0.458475162,-0.909136618,0.411871531,-4.66977096e-05,4.65939922e-05,4.69710318e-05,0.0078202151,0.922289121,-0.82652939,-0.00215696558,3,-0.0692245412,0.0788572072,-0.0321126951,0.0417490522
1.47,1.50562197,1.87822737,2.03299922,0.920737817,10.2781812,0.462252329,-0.920737817,0.417971962,-4.74737268e-05,4.73758236e-05,4.77517962e-05,0.00800494688,0.939758627,-0.847758128,-0.00211724651,3,-0.0651743597,0.0742140462,-0.030279837,0.039322856
1.472,1.50971326,1.88008275,2.05307343,0.931799815,9.63400052,0.465764937,-0.931799815,0.423849406,-4.82235266e-05,4.81315245e-05,4.85062892e-05,0.00818203186,0.956249617,-0.868250896,-0.00207330541,3,-0.0610830674,0.0695272826,-0.0284244488,0.036871638
1.474,1.51384309,1.88195958,2.07185466,0.942311732,8.98375185,0.469006992,-0.942311732,0.429496704,-4.89465239e-05,4.88604757e-05,4.92338995e-05,0.00835100068,0.971714324,-0.8879514,-0.00202519516,3,-0.056953241,0.0647999622,-0.0265476225,0.0343969602
1.476,1.51800885,1.88385673,2.08933109,0.952262972,8.32783956,0.471972638,-0.952262972,0.434906766,-4.96421393e-05,4.95620634e-05,4.99340218e-05,0.00851140157,0.986107103,-0.906804768,-0.00197298266,3,-0.0527874814,0.0600351498,-0.0246504715,0.0319004005
1.478,1.52220791,1.88577307,2.10549168,0.961643244,7.66667166,0.47465617,-0.961643244,0.440072588,-5.03097998e-05,5.02356807e-05,5.06060572e-05,0.00866280163,0.999384615,-0.924757729,-0.00191674897,3,-0.0485884121,0.0552359279,-0.0227341302,0.0293835528
1.48,1.52643765,1.88770745,2.12032624,0.970442581,7.00065956,0.477052053,-0.970442581,0.444987265,-5.09489397e-05,5.08807285e-05,5.12494146e-05,0.00880478826,1.01150598,-0.941758804,-0.0018565895,3,-0.0443586776,0.0504053939,-0.020799753,0.0268480252
1.482,1.53069538,1.88965869,2.13382538,0.978651363,6.33021786,0.47915494,-0.978651363,0.449644013,-5.15590014e-05,5.1496617e-05,5.18635117e-05,0.00893697046,1.02243297,-0.957758489,-0.0017926141,3,-0.0401009418,0.0455466585,-0.0188485139,0.0242954388
1.484,1.53497844,1.8916256,2.14598057,0.98626033,5.65576405,0.48095968,-0.98626033,0.454036182,-5.21394369e-05,5.20827661e-05,5.24477759e-05,0.00905898004,1.03213013,-0.972709438,-0.00172494706,3,-0.0358178865,0.0406628436,-0.0168816055,0.0217274273
1.486,1.53928412,1.89360696,2.1567841,0.993260608,4.97771834,0.482461341,-0.993260608,0.458157274,-5.26897079e-05,5.26386071e-05,5.30016458e-05,0.00917047292,1.04056495,-0.986566635,-0.00165372699,3,-0.0315122091,0.0357570797,-0.0149002387,0.0191456349
1.488,1.5436097,1.89560156,2.16622908,0.999643724,4.29650337,0.483655221,-0.999643724,0.462000958,-5.32092875e-05,5.31635837e-05,5.35245719e-05,0.00927113022,1.04770801,-0.999287575,-0.00157910676,3,-0.027186622,0.0308325045,-0.0129056416,0.0165517158
1.49,1.54795248,1.89760814,2.17430952,1.00540162,3.61254396,0.484536863,-1.00540162,0.465561087,-5.36976611e-05,5.36571532e-05,5.40160181e-05,0.00936065941,1.05353311,-1.01083243,-0.0015012532,3,-0.0228438496,0.0258922604,-0.0108990584,0.0139473327
1.492,1.5523097,1.89962545,2.18102022,1.01052669,2.92626691,0.485102068,-1.01052669,0.468831713,-5.41543268e-05,5.41187874e-05,5.44754625e-05,0.00943879534,1.05801742,-1.02116419,-0.00142034684,3,-0.0184866278,0.0209394928,-0.00888174941,0.0113341559
1.494,1.55667863,1.90165221,2.1863569,1.01501176,2.23810068,0.485346908,-1.01501176,0.4718071,-5.45787973e-05,5.45479742e-05,5.49023988e-05,0.00950530122,1.06114156,-1.03024887,-0.00133658149,3,-0.0141177015,0.0159773476,-0.00685498915,0.00871386165
1.496,1.5610565,1.90368714,2.19031607,1.01885013,1.54847519,0.485267741,-1.01885013,0.474481745,-5.49706003e-05,5.49442183e-05,5.52963374e-05,0.0095599695,1.06288973,-1.03805559,-0.00125016383,3,-0.00973982331,0.0110089699,-0.00482006612,0.00608813123
1.498,1.56544058,1.90572892,2.19289516,1.0220356,0.857821531,0.484861219,-1.0220356,0.476850384,-5.53292798e-05,5.53070427e-05,5.56568064e-05,0.00960262271,1.06324982,-1.04455677,-0.00116131283,3,-0.00535575151,0.00603750131,-0.00277828155,0.00345864972
1.5,1.56982808,1.90777625,2.19409242,1.02456244,0.166571725,0.484124303,-1.02456244,0.478908011,-5.56543967e-05,5.56359894e-05,5.59833525e-05,0.00963311421,1.06221346,-1.0497282,-0.00107025919,3,-0.000968248606,0.00106607839,-0.000730948461,0.000827104706
1.502,1.57421625,1.90982781,2.193907,1.02642546,-0.524841542,0.483054268,-1.02642546,0.480649891,-5.59455306e-05,5.59306208e-05,5.62755428e-05,0.0096513288,1.05977614,-1.05354923,-0.000977244592,3,0.00341992053,-0.0039021694,0.0013206093,-0.00180481495
1.504,1.57860232,1.91188226,2.19233888,1.02761997,-1.21598518,0.48164872,-1.02761997,0.482071567,-5.62022797e-05,5.6190521e-05,5.6532965e-05,0.00965718334,1.05593722,-1.05600281,-0.000882521044,3,0.00780599039,-0.00886412162,0.00337505816,-0.00443542032
1.506,1.58298352,1.91393826,2.18938894,1.02814183,-1.90642597,0.479905597,-1.02814183,0.483168881,-5.64242629e-05,5.64152962e-05,5.67552291e-05,0.00965062719,1.0507,-1.05707562,-0.000786350003,3,0.0121871965,-0.0138166688,0.00543105583,-0.00706302368
1.508,1.5873571,1.91599445,2.1850589,1.02798743,-2.59573082,0.477823182,-1.02798743,0.483937975,-5.66111197e-05,5.66045762e-05,5.6941968e-05,0.0096316426,1.04407179,-1.05675815,-0.000689001534,3,0.0165607773,-0.0187567141,0.00748725241,-0.00968593967
1.51,1.5917203,1.91804949,2.17935135,1.02715372,-3.28346704,0.47540011,-1.02715372,0.484375308,-5.67625122e-05,5.67580153e-05,5.70928387e-05,0.00960024499,1.03606387,-1.05504477,-0.000590753382,3,0.0209239757,-0.0236811758,0.00954229149,-0.0123024866
1.512,1.59607037,1.92010201,2.17226977,1.02563823,-3.96920261,0.47263537,-1.02563823,0.484477664,-5.68781249e-05,5.68752931e-05,5.7207523e-05,0.00955648311,1.02669153,-1.05193377,-0.000491889994,3,0.0252740408,-0.0285869881,0.0115948113,-0.0149109877
1.514,1.60040456,1.92215065,2.16381847,1.02343902,-4.65250645,0.469528316,-1.02343902,0.484242159,-5.69576664e-05,5.69561155e-05,5.72857288e-05,0.00950043916,1.01597405,-1.04742743,-0.000392701501,3,0.0296082298,-0.0334711039,0.0136434457,-0.0175097722
1.516,1.60472014,1.92419403,2.15400265,1.02055477,-5.3329487,0.466078668,-1.02055477,0.483666251,-5.700087e-05,5.70002155e-05,5.73271905e-05,0.00943222875,1.00393469,-1.04153204,-0.000293482654,3,0.0339238098,-0.0383304961,0.0156868255,-0.0200971766
1.518,1.60901439,1.92623078,2.14282834,1.01698472,-6.01010098,0.462286515,-1.01698472,0.482747746,-5.70074944e-05,5.70073541e-05,5.73316701e-05,0.00935200075,0.990600645,-1.03425792,-0.000194531734,3,0.0382180589,-0.0431621594,0.0177235797,-0.0226715459
1.52,1.6132846,1.92825954,2.13030245,1.0127287,-6.68353668,0.45815232,-1.0127287,0.481484803,-5.69773246e-05,5.69773211e-05,5.72989577e-05,0.0092599371,0.976003009,-1.02561941,-9.61494248e-05,3,0.0424882688,-0.0479631123,0.0197523362,-0.0252312349
1.522,1.61752807,1.93027893,2.11643272,1.00778712,-7.35283121,0.453676923,-1.00778712,0.479875944,-5.69101725e-05,5.69099353e-05,5.72288725e-05,0.00915625244,0.960176685,-1.01563487,1.36233108e-06,3,0.0467317459,-0.0527303983,0.0217717237,-0.0277746091
1.524,1.62174214,1.93228757,2.10122777,1.00216099,-8.01756231,0.448861536,-1.00216099,0.477920052,-5.6805878e-05,5.6805046e-05,5.71212634e-05,0.00904119371,0.943160323,-1.00432665,9.77014939e-05,3,0.0509458131,-0.0574610879,0.0237803721,-0.0303000461
1.526,1.62592414,1.93428412,2.08469702,0.995851925,-8.67731028,0.443707751,-0.995851925,0.475616381,-5.6664309e-05,5.66625328e-05,5.69760091e-05,0.00891503959,0.924996226,-0.991721056,0.000192567097,3,0.0551278115,-0.0621522805,0.0257769143,-0.0328059365
1.528,1.63007143,1.93626719,2.06685076,0.988862117,-9.33165831,0.438217534,-0.988862117,0.472964555,-5.64853626e-05,5.64823065e-05,5.67930196e-05,0.00877809984,0.905730244,-0.977848286,0.000285660423,3,0.0592751025,-0.0668011054,0.0277599871,-0.0352906853
1.53,1.6341814,1.93823543,2.0477001,0.981194357,-9.98019269,0.432393225,-0.981194357,0.469964571,-5.62689655e-05,5.62643097e-05,5.65722355e-05,0.00863071462,0.885411652,-0.962742366,0.000376686171,3,0.0633850686,-0.0714047237,0.0297282323,-0.0377527129
1.532,1.63825144,1.9401875,2.02725698,0.972852027,-10.6225031,0.426237536,-0.972852027,0.4666168,-5.60150743e-05,5.60085169e-05,5.63136296e-05,0.00847325359,0.86409302,-0.946441067,0.000465353622,3,0.0674551158,-0.0759603301,0.0316802982,-0.040190456
1.534,1.642279,1.94212204,2.00553415,0.9638391,-11.2581831,0.419753548,-0.9638391,0.462921989,-5.57236763e-05,5.5714935e-05,5.60172062e-05,0.00830611502,0.841830074,-0.928985811,0.000551377785,3,0.0714826752,-0.080465154,0.0336148406,-0.0426023689
1.536,1.64626153,1.94403773,1.98254517,0.954160133,-11.8868298,0.412944707,-0.954160133,0.45888126,-5.53947898e-05,5.53836035e-05,5.56830021e-05,0.00812972475,0.818681532,-0.91042156,0.000634480516,3,0.075465204,-0.0849164612,0.0355305237,-0.0449869245
1.538,1.65019651,1.94593322,1.9583044,0.943820265,-12.5080448,0.405814819,-0.943820265,0.454496106,-5.50284641e-05,5.50145948e-05,5.53110866e-05,0.00794453508,0.794708947,-0.890796692,0.000714391626,3,0.0794001878,-0.0893115554,0.037426022,-0.0473426152
1.54,1.65408147,1.94780722,1.93282702,0.932825211,-13.1214343,0.398368047,-0.932825211,0.449768393,-5.46247805e-05,5.46080146e-05,5.49015617e-05,0.00775102359,0.769976524,-0.870162874,0.000790849933,3,0.0832851419,-0.0936477793,0.0393000206,-0.049667954
1.542,1.65791394,1.94965842,1.90612895,0.921181258,-13.7266089,0.390608901,-0.921181258,0.444700356,-5.41838522e-05,5.41640015e-05,5.44545622e-05,0.00754969184,0.744550937,-0.84857491,0.0008636043,3,0.0871176128,-0.0979225166,0.041151217,-0.0519614754
1.544,1.66169151,1.95148552,1.87822693,0.908895255,-14.3231846,0.382542238,-0.908895255,0.439294594,-5.37058242e-05,5.36827273e-05,5.39702555e-05,0.00734106402,0.718501133,-0.826090585,0.000932414611,3,0.0908951799,-0.102133193,0.0429783217,-0.0542217363
1.546,1.66541178,1.95328726,1.84913843,0.89597461,-14.9107822,0.374173246,-0.89597461,0.43355407,-5.31908741e-05,5.3164397e-05,5.34488421e-05,0.00712568554,0.69189813,-0.802770501,0.000997052707,3,0.0946154572,-0.106277277,0.04478006,-0.056447317
1.548,1.66907242,1.95506237,1.81888169,0.882427276,-15.4890286,0.365507447,-0.882427276,0.427482102,-5.26392118e-05,5.26092488e-05,5.28905551e-05,0.0069041215,0.664814804,-0.778677897,0.00105730328,3,0.0982760942,-0.110352282,0.0465551723,-0.0586368221
1.55,1.6726711,1.95680962,1.78747569,0.868261748,-16.057556,0.35655068,-0.868261748,0.421082359,-5.20510794e-05,5.20175538e-05,5.22956604e-05,0.00667695519,0.637325674,-0.753878462,0.00111296467,3,0.101874778,-0.114355768,0.0483024159,-0.0607888813
1.552,1.67620556,1.95852777,1.75494014,0.853487049,-16.6160028,0.347309098,-0.853487049,0.414358859,-5.14267517e-05,5.13896156e-05,5.16644562e-05,0.00644478642,0.609506679,-0.728440143,0.00116384968,3,0.105409235,-0.11828534,0.0500205654,-0.0629021501
1.554,1.67967356,1.96021562,1.72129547,0.838112725,-17.1640138,0.337789157,-0.838112725,0.407315955,-5.07665355e-05,5.07257707e-05,5.09972728e-05,0.00620822987,0.581434947,-0.702432939,0.00120978625,3,0.108877231,-0.122138655,0.0517084146,-0.0649753108
1.556,1.6830729,1.96187198,1.68656281,0.822148827,-17.7012401,0.327997608,-0.822148827,0.399958337,-5.00707701e-05,5.00263874e-05,5.02944726e-05,0.0059679134,0.553188568,-0.675928694,0.0012506181,3,0.112276575,-0.125913416,0.0533647764,-0.0670070731
1.558,1.68640144,1.96349569,1.65076399,0.805605907,-18.2273398,0.317941484,-0.805605907,0.392291017,-4.93398266e-05,4.9291866e-05,4.95564495e-05,0.00572447626,0.524846354,-0.649000878,0.00128620531,3,0.115605116,-0.129607378,0.0549884851,-0.068996175
1.56,1.68965708,1.9650856,1.61392152,0.788495003,-18.7419777,0.307628096,-0.788495003,0.384319326,-4.8574108e-05,4.85226381e-05,4.87836284e-05,0.00547856733,0.496487603,-0.62172437,0.00131642482,3,0.118860753,-0.133218347,0.0565783961,-0.0709413833
1.562,1.69283775,1.96664059,1.57605856,0.770827627,-19.2448261,0.297065016,-0.770827627,0.376048906,-4.77740489e-05,4.77191664e-05,4.79764652e-05,0.00523084326,0.468191862,-0.59417523,0.00134117086,3,0.122041425,-0.136744183,0.0581333879,-0.0728414945
1.564,1.69594145,1.96815956,1.53719894,0.752615751,-19.7355646,0.286260075,-0.752615751,0.367485697,-4.6940115e-05,4.68819438e-05,4.71354459e-05,0.00498196668,0.440038682,-0.566430469,0.00136035533,3,0.125145121,-0.140182798,0.0596523625,-0.0746953352
1.566,1.69896621,1.96964145,1.4973671,0.733871799,-20.2138804,0.275221343,-0.733871799,0.358635933,-4.60728028e-05,4.60114932e-05,4.6261086e-05,0.0047326043,0.412107386,-0.538567818,0.00137390806,3,0.128169879,-0.143532162,0.0611342462,-0.0765017629
1.568,1.70191011,1.97108519,1.45658814,0.71460863,-20.6794688,0.263957126,-0.71460863,0.349506132,-4.51726391e-05,4.51083667e-05,4.53539304e-05,0.00448342505,0.38447682,-0.510665494,0.00138177708,3,0.131113786,-0.146790296,0.0625779909,-0.0782596666
1.57,1.70477131,1.97248978,1.41488772,0.694839523,-21.1320328,0.252475953,-0.694839523,0.340103085,-4.42401809e-05,4.41731451e-05,4.44145525e-05,0.00423509819,0.357225125,-0.482801962,0.00138392868,3,0.133974978,-0.149955281,0.0639825748,-0.0799679669
1.572,1.70754797,1.9738542,1.37229212,0.674578168,-21.571284,0.240786561,-0.674578168,0.330433848,-4.32760143e-05,4.32064372e-05,4.34435533e-05,0.00398829145,0.330429499,-0.455055705,0.00138034759,3,0.136751647,-0.153025254,0.065347003,-0.0816256174
1.574,1.71023836,1.97517751,1.32882816,0.653838649,-21.9969424,0.228897892,-0.653838649,0.32050573,-4.22807544e-05,4.2208879e-05,4.24415612e-05,0.00374366915,0.304165964,-0.427504978,0.0013710369,3,0.139442035,-0.155998412,0.0666703085,-0.0832316043
1.576,1.71284077,1.97645876,1.28452324,0.632635429,-22.4087366,0.216819075,-0.632635429,0.310326289,-4.12550443e-05,4.11811331e-05,4.14092312e-05,0.00350189032,0.278509141,-0.400227586,0.00135601803,3,0.142044439,-0.158873009,0.0679515531,-0.0847849475
1.578,1.71535354,1.97769703,1.23940529,0.61098334,-22.8064041,0.204559421,-0.61098334,0.299903314,-4.0199555e-05,4.01238877e-05,4.03472438e-05,0.00326360687,0.253532028,-0.373300642,0.00133533061,3,0.144557213,-0.16164736,0.0691898278,-0.0862847006
1.58,1.71777509,1.97889146,1.19350275,0.588897564,-23.1896912,0.192128406,-0.588897564,0.289244824,-3.91149843e-05,3.90378561e-05,3.92563046e-05,0.00302946178,0.229305781,-0.346800341,0.00130903229,3,0.146978766,-0.164319842,0.0703842538,-0.0877299516
1.582,1.72010389,1.98004119,1.14684457,0.56639362,-23.5583538,0.179535667,-0.56639362,0.27835905,-3.80020559e-05,3.79237759e-05,3.81371434e-05,0.00280008725,0.205899505,-0.320801733,0.00127719843,3,0.149307564,-0.166888891,0.0715339831,-0.0891198233
1.584,1.72233846,1.9811454,1.09946017,0.54348735,-23.9121567,0.166790987,-0.54348735,0.267254429,-3.68615194e-05,3.6782408e-05,3.69905136e-05,0.00257610301,0.183380046,-0.2953785,0.00123992185,3,0.151542134,-0.169353006,0.0726381991,-0.0904534734
1.586,1.72447739,1.98220332,1.05137944,0.520194905,-24.2508744,0.153904283,-0.520194905,0.255939596,-3.56941487e-05,3.56145356e-05,3.58171909e-05,0.00235811454,0.161811799,-0.27060274,0.00119731242,3,0.15368106,-0.17171075,0.0736961173,-0.091730095
1.588,1.72651931,1.98321419,1.00263272,0.496532729,-24.5742911,0.140885603,-0.496532729,0.244423368,-3.45007418e-05,3.44209638e-05,3.46179731e-05,0.0021467114,0.141256515,-0.246544751,0.00114949664,3,0.155722987,-0.173960748,0.0747069859,-0.0929489171
1.59,1.72846295,1.98417729,0.95325077,0.472517545,-24.8822007,0.127745107,-0.472517545,0.232714741,-3.32821197e-05,3.32025184e-05,3.33936787e-05,0.00194246563,0.121773121,-0.22327283,0.00109661712,3,0.157666622,-0.176101689,0.0756700862,-0.0941092046
1.592,1.73030706,1.98509194,0.903264745,0.448166339,-25.1744069,0.114493063,-0.448166339,0.220822875,-3.20391254e-05,3.19600451e-05,3.21451465e-05,0.00174593009,0.103417547,-0.200853067,0.00103883213,3,0.159510733,-0.178132327,0.0765847334,-0.0952102586
1.594,1.73205048,1.98595748,0.852706197,0.423496349,-25.4507237,0.101139835,-0.423496349,0.208757088,-3.07726234e-05,3.06944086e-05,3.08732343e-05,0.001557637,0.086242564,-0.179349158,0.000976314961,3,0.161254151,-0.180051482,0.0774502771,-0.0962514169
1.596,1.7336921,1.9867733,0.801607038,0.398525048,-25.7109749,0.0876958728,-0.398525048,0.196526844,-2.94834984e-05,2.94064918e-05,2.95788187e-05,0.00137809644,0.0702976289,-0.158822214,0.000909253313,3,0.162895772,-0.181858037,0.0782661014,-0.0972320541
1.598,1.73523088,1.98753883,0.749999525,0.373270128,-25.9549949,0.0741717034,-0.373270128,0.184141743,-2.81726549e-05,2.80971947e-05,2.82627935e-05,0.00120779495,0.0556287423,-0.139330589,0.000837848666,3,0.164434553,-0.183550943,0.0790316257,-0.0981515815
1.6,1.73666585,1.98825351,0.697916238,0.34774949,-26.1826283,0.0605779208,-0.34774949,0.171611514,-2.68410157e-05,2.67674338e-05,2.69260695e-05,0.00104719419,0.0422783146,-0.120929708,0.000762315567,3,0.16586952,-0.185129217,0.0797463053,-0.099009448
1.602,1.73799609,1.98891683,0.645390061,0.321981227,-26.39373,0.0469251773,-0.321981227,0.158946006,-2.54895212e-05,2.5418141e-05,2.5569573e-05,0.000896729688,0.030285043,-0.10367191,0.000682880916,3,0.167199761,-0.186591944,0.0804096312,-0.0998051394
1.604,1.73922076,1.98952833,0.59245416,0.295983608,-26.5881658,0.0332241742,-0.295983608,0.146155176,-2.41191288e-05,2.40502628e-05,2.41942457e-05,0.000756809616,0.0196838002,-0.087606296,0.000599783202,3,0.168424433,-0.187938274,0.081021131,-0.10053818
1.606,1.74033908,1.99008757,0.539141961,0.269775068,-26.7658117,0.0194856532,-0.269775068,0.133249081,-2.27308112e-05,2.26647593e-05,2.28010432e-05,0.000627813699,0.0105055333,-0.0727785874,0.000513271734,3,0.169542757,-0.189167426,0.0815803691,-0.101208129
1.608,1.74135035,1.99059415,0.485487131,0.243374193,-26.9265548,0.00572038722,-0.243374193,0.120237872,-2.13255563e-05,2.12626035e-05,2.13909347e-05,0.000510092169,0.00277717438,-0.0592309979,0.00042360583,3,0.170554024,-0.190278687,0.0820869467,-0.101814588
1.61,1.74225392,1.9910477,0.431523554,0.216799704,-27.0702926,-0.0080608279,-0.216799704,0.107131781,-1.99043653e-05,1.98447804e-05,1.99649019e-05,0.000403964807,-0.0034784371,-0.0470021116,0.000331053999,3,0.171457589,-0.191271412,0.0825405027,-0.102357193
1.612,1.74304921,1.99144792,0.37728531,0.190070445,-27.1969336,-0.0218471819,-0.190070445,0.0939411145,-1.84682527e-05,1.8412286e-05,1.85239383e-05,0.000309720073,-0.00824262081,-0.0361267739,0.000235893097,3,0.172252878,-0.192145023,0.0829407132,-0.102835619
1.614,1.74373571,1.99179449,0.322806655,0.163205368,-27.3063972,-0.0356278586,-0.163205368,0.0806762468,-1.70182446e-05,1.69661267e-05,1.70690484e-05,0.000227614322,-0.0115009099,-0.0266359922,0.000138407476,3,0.172939386,-0.192899014,0.0832872925,-0.103249578
1.616,1.744313,1.99208719,0.268121999,0.136223523,-27.3986135,-0.049392044,-0.136223523,0.0673476085,-1.5555378e-05,1.55073181e-05,1.56012475e-05,0.000157871107,-0.0132430936,-0.0185568482,3.88881138e-05,3,0.173516673,-0.193532944,0.0835799927,-0.103598823
1.618,1.7447807,1.99232581,0.213265881,0.109144039,-27.4735236,-0.0631289342,-0.109144039,0.0539656797,-1.40806999e-05,1.40368846e-05,1.41215602e-05,0.000100680565,-0.0134632478,-0.0119124212,-6.23682607e-05,3,0.173984371,-0.194046444,0.0838186041,-0.103883144
1.62,1.74513851,1.99251016,0.158272952,0.0819861149,-27.5310798,-0.076827744,-0.0819861149,0.0405409819,-1.25952661e-05,1.25558583e-05,1.26310211e-05,5.61989075e-05,-0.0121597539,-0.00672172303,-0.000165060051,3,0.17434218,-0.194439214,0.0840029555,-0.104102367
1.622,1.7453862,1.99264012,0.103177949,0.0547690047,-27.5712449,-0.0904777145,-0.0547690047,0.0270840696,-1.11001406e-05,1.10652783e-05,1.1130674e-05,2.4547991e-05,-0.00933530501,-0.00299964388,-0.000268881683,3,0.17458987,-0.194711022,0.0841329141,-0.10425636
1.624,1.74552361,1.99271559,0.0480156751,0.027512004,-27.5939932,-0.104068121,-0.027512004,0.0136055224,-9.59639441e-06,9.56618996e-06,9.62157279e-06,5.81498573e-06,-0.00499690109,-0.000756910362,-0.000373524494,3,0.174727281,-0.194861706,0.0842083856,-0.104345026
1.626,1.74555065,1.99273652,-0.00717902288,0.00023443672,-27.5993096,-0.117588281,-0.00023443672,0.000115936816,-8.08510458e-06,8.05964403e-06,8.10478371e-06,5.21371617e-08,0.00084416896,-5.49605757e-08,-0.000478677626,3,0.174754321,-0.194891174,0.0842293144,-0.104368311
1.628,1.7454673,1.99270289,-0.0623712766,-0.0270443576,-27.5871902,-0.131027563,0.0270443576,-0.0133740813,-6.5673534e-06,6.54669597e-06,6.5813919e-06,7.27662202e-06,0.00817235636,-0.000731397278,-0.00058402892,3,0.17467097,-0.194799402,0.0841956834,-0.104326195
1.63,1.7452736,1.99261472,-0.117526218,-0.0543050374,-27.5576421,-0.144375391,0.0543050374,-0.0268539252,-5.0442274e-06,5.02840517e-06,5.0525211e-06,2.74704983e-05,0.0169678937,-0.00294903709,-0.0006892658,3,0.174477275,-0.194586438,0.0841075145,-0.104218698
1.632,1.74496968,1.99247207,-0.172609002,-0.0815282724,-27.5106831,-0.157621259,0.0815282724,-0.0403129948,-3.51681648e-06,3.50583424e-06,3.519407e-06,6.05807499e-05,0.0272068482,-0.00664685921,-0.000794076161,3,0.174173355,-0.194252399,0.083964868,-0.10404588
1.634,1.74455572,1.99227505,-0.227584825,-0.108694756,-27.4463424,-0.170754732,0.108694756,-0.0537407049,-1.98621299e-06,1.98004827e-06,1.98381541e-06,0.000106519426,0.0388611859,-0.0118145501,-0.000898149246,3,0.173759398,-0.193797469,0.083767843,-0.103807838
1.636,1.74403199,1.99202378,-0.282418954,-0.135785221,-27.3646597,-0.183765458,0.135785221,-0.0671264928,-4.53510811e-07,4.52114145e-07,4.56992634e-07,0.000165163876,0.0518988484,-0.0184376262,-0.00100117652,3,0.173235661,-0.193221905,0.083516577,-0.103504707
1.638,1.7433988,1.99171845,-0.337076741,-0.162780448,-27.2656859,-0.196643173,0.162780448,-0.0804598268,1.08019546e-06,-1.07690019e-06,1.10725018e-06,0.000236357072,0.06628384,-0.0264974743,-0.00110285253,3,0.17260247,-0.192526031,0.0832112462,-0.103136662
1.64,1.74265655,1.99135927,-0.391523647,-0.189661285,-27.1494824,-0.209377716,0.189661285,-0.0937302141,2.61381141e-06,-2.60592636e-06,2.64454227e-06,0.000319908035,0.0819763267,-0.035971403,-0.00120287576,3,0.171860223,-0.191710241,0.0828520649,-0.102703915
1.642,1.74180571,1.99094649,-0.445725266,-0.216408654,-27.0161218,-0.221959026,0.216408654,-0.106927209,4.14624368e-06,-4.1338963e-06,4.18389655e-06,0.000415592341,0.0989327459,-0.0468327057,-0.00130094948,3,0.171009382,-0.190774998,0.0824392858,-0.102206718
1.644,1.74084681,1.9904804,-0.499647344,-0.243003572,-26.8656871,-0.234377163,0.243003572,-0.120040421,5.67640078e-06,-5.6597429e-06,5.72191059e-06,0.000523152728,0.117105927,-0.0590507359,-0.00139678256,3,0.170050483,-0.189720835,0.0819731995,-0.101645361
1.646,1.73978045,1.98996134,-0.553255802,-0.269427156,-26.6982723,-0.246622306,0.269427156,-0.133059523,7.2031939e-06,-7.18240064e-06,7.25715564e-06,0.000642299785,0.136445222,-0.0725909926,-0.00149009028,3,0.168984126,-0.188548352,0.0814541346,-0.101020169
1.648,1.73860731,1.98938966,-0.606516757,-0.295660645,-26.5139817,-0.258684767,0.295660645,-0.145974261,8.72553776e-06,-8.7008063e-06,8.78845238e-06,0.000772712731,0.156896646,-0.0874152171,-0.00158059518,3,0.167810981,-0.187258218,0.0808824573,-0.10033151
1.65,1.73732811,1.98876577,-0.659396541,-0.321685407,-26.3129303,-0.270554999,0.321685407,-0.158774461,1.02423514e-05,-1.02138996e-05,1.0314687e-05,0.000914040287,0.178403031,-0.103481501,-0.00166802776,3,0.166531786,-0.185851172,0.080258571,-0.0995797877
1.652,1.73594367,1.98809012,-0.711861726,-0.347482956,-26.0952438,-0.282223605,0.347482956,-0.171450038,1.1752559e-05,-1.17206238e-05,1.18347709e-05,0.00106590162,0.200904182,-0.120744405,-0.00175212733,3,0.165147344,-0.184328018,0.0795829163,-0.0987654435
1.654,1.73445485,1.98736317,-0.763879141,-0.373034966,-25.8610579,-0.293681343,0.373034966,-0.183991007,1.32550905e-05,-1.32199264e-05,1.33476283e-05,0.00122788736,0.224337052,-0.139155086,-0.00183264269,3,0.163658526,-0.18268963,0.0788559706,-0.0978889574
1.656,1.7328626,1.98658545,-0.815415896,-0.398323283,-25.6105189,-0.304919142,0.398323283,-0.196387487,1.47488828e-05,-1.47107598e-05,1.48521922e-05,0.00139956076,0.248635915,-0.158661438,-0.00190933291,3,0.162066269,-0.180936949,0.0780782477,-0.0969508469
1.658,1.7311679,1.9857575,-0.8664394,-0.423329942,-25.3437832,-0.315928105,0.423329942,-0.208629718,1.62328797e-05,-1.61920818e-05,1.6347403e-05,0.00158045883,0.273732557,-0.17920824,-0.00198196797,3,0.160371575,-0.179070981,0.0772502974,-0.0959516671
1.66,1.72937184,1.98487991,-0.916917383,-0.448037178,-25.0610174,-0.326699521,0.448037178,-0.220708062,1.77060337e-05,-1.76628567e-05,1.78322078e-05,0.00177009361,0.29955647,-0.200737313,-0.00205032951,3,0.158575511,-0.177092801,0.0763727053,-0.0948920106
1.662,1.72747553,1.98395329,-0.966817916,-0.472427441,-24.762398,-0.337224875,0.472427441,-0.232613017,1.91673059e-05,-1.91220551e-05,1.93055608e-05,0.00196795353,0.326035051,-0.223187687,-0.00211421141,3,0.156679208,-0.175003549,0.0754460922,-0.0937725072
1.664,1.72548019,1.98297832,-1.01610943,-0.496483414,-24.4481114,-0.347495856,0.496483414,-0.244335227,2.06156671e-05,-2.05686556e-05,2.07664234e-05,0.00217350478,0.353093816,-0.246495781,-0.00217342049,3,0.15468386,-0.172804432,0.0744711138,-0.0925938236
1.666,1.72338705,1.98195566,-1.06476074,-0.520188022,-24.1183541,-0.357504366,0.520188022,-0.255865487,2.20500983e-05,-2.20016445e-05,2.22137651e-05,0.00238619278,0.380656612,-0.270595578,-0.00222777702,3,0.152590725,-0.170496719,0.07344846,-0.0913566636
1.668,1.72119745,1.98088606,-1.11274105,-0.543524449,-23.7733319,-0.367242533,0.543524449,-0.267194759,2.34695917e-05,-2.34200171e-05,2.36465636e-05,0.00260544374,0.40864584,-0.295418827,-0.00227711538,3,0.150401121,-0.168081746,0.0723788546,-0.0900617673
1.67,1.71891275,1.97977026,-1.16001999,-0.566476154,-23.4132604,-0.376702714,0.566476154,-0.278314178,2.48731512e-05,-2.48227781e-05,2.50638059e-05,0.00283066617,0.436982679,-0.320895233,-0.00232128451,3,0.148116428,-0.165560914,0.0712630546,-0.0887099113
1.672,1.71653441,1.97860905,-1.20656764,-0.589026882,-23.0383645,-0.385877513,0.589026882,-0.289215061,2.62597931e-05,-2.62089425e-05,2.64644884e-05,0.00306125258,0.465587319,-0.346952668,-0.00236014845,3,0.145738087,-0.162935686,0.07010185,-0.0873019082
1.674,1.71406392,1.97740326,-1.25235451,-0.611160683,-22.6488785,-0.394759784,0.611160683,-0.29988892,2.7628547e-05,-2.75775357e-05,2.78476183e-05,0.0032965811,0.494379197,-0.37351738,-0.00239358676,3,0.143267597,-0.160207588,0.0688960626,-0.0858386064
1.676,1.71150284,1.97615375,-1.29735162,-0.632861923,-22.2450458,-0.403342644,0.632861923,-0.310327471,2.89784559e-05,-2.89275951e-05,2.92122136e-05,0.00353601728,0.523277231,-0.400514213,-0.002421495,3,0.140706516,-0.157378208,0.0676465459,-0.0843208895
1.678,1.70885279,1.97486139,-1.34153045,-0.6541153,-21.827119,-0.41161948,0.6541153,-0.320522644,3.03085777e-05,-3.02581699e-05,3.05573044e-05,0.00377891578,0.552200064,-0.427866825,-0.00244378506,3,0.138056459,-0.154449197,0.0663541842,-0.0827496765
1.68,1.70611542,1.97352709,-1.38486301,-0.674905858,-21.3953592,-0.419583961,0.674905858,-0.330466591,3.1617985e-05,-3.15683223e-05,3.18819331e-05,0.0040246222,0.581066305,-0.455497918,-0.00246038547,3,0.135319098,-0.151422265,0.0650198919,-0.0811259207
1.682,1.70329249,1.97215182,-1.42732183,-0.695219005,-20.9500367,-0.427230045,0.695219005,-0.3401517,3.29057667e-05,-3.28571284e-05,3.31851557e-05,0.00427247489,0.60979477,-0.483329465,-0.00247124175,3,0.13249616,-0.148299184,0.0636446131,-0.0794506099
1.684,1.70038575,1.97073652,-1.46888,-0.715040521,-20.49143,-0.434551992,0.715040521,-0.349570601,3.41710277e-05,-3.41236782e-05,3.44660421e-05,0.00452180683,0.638304731,-0.511282946,-0.00247631662,3,0.129589426,-0.145081784,0.0622293202,-0.0777247658
1.686,1.69739706,1.96928222,-1.50951117,-0.734356577,-20.0198261,-0.441544367,0.734356577,-0.35871618,3.54128901e-05,-3.5367077e-05,3.57236772e-05,0.00477194745,0.666516153,-0.539279582,-0.00247559016,3,0.12660073,-0.141771956,0.0607750141,-0.0759494432
1.688,1.69432829,1.96778992,-1.54918955,-0.753153749,-19.5355204,-0.448202053,0.753153749,-0.367581583,3.66304938e-05,-3.6586446e-05,3.69571615e-05,0.00502222456,0.694349937,-0.567240569,-0.00246905998,3,0.123531959,-0.138371644,0.0592827224,-0.07412573
1.69,1.69118138,1.9662607,-1.58788998,-0.771419029,-19.0388162,-0.454520257,0.771419029,-0.376160233,3.78229971e-05,-3.77809227e-05,3.81656119e-05,0.00527196619,0.721728161,-0.595087319,-0.00245674129,3,0.120385049,-0.134882854,0.0577534992,-0.0722547465
1.692,1.68795832,1.96469563,-1.62558788,-0.789139844,-18.5300248,-0.460494522,0.789139844,-0.384445834,3.89895771e-05,-3.89496621e-05,3.93481625e-05,0.00552050249,0.748574314,-0.622741693,-0.00243866694,3,0.117161988,-0.131307644,0.0561884241,-0.0703376447
1.694,1.68466114,1.9630958,-1.66225932,-0.806304062,-18.0094652,-0.46612073,0.806304062,-0.39243238,4.01294306e-05,-4.00918372e-05,4.05039657e-05,0.00576716764,0.774813529,-0.65012624,-0.00241488734,3,0.113864811,-0.12764813,0.0545886012,-0.0683756078
1.696,1.68129193,1.96146236,-1.69788101,-0.822900012,-17.4774638,-0.471395111,0.822900012,-0.40011417,4.12417748e-05,-4.12066398e-05,4.16321924e-05,0.0060113017,0.800372808,-0.67716443,-0.00238547043,3,0.1104956,-0.12390648,0.0529551585,-0.0663698498
1.698,1.67785281,1.95979645,-1.73243032,-0.838916495,-16.9343547,-0.476314251,0.838916495,-0.407485809,4.23258474e-05,-4.22932812e-05,4.27320334e-05,0.00625225244,0.825181249,-0.703780885,-0.0023505015,3,0.107056482,-0.120084916,0.0512892464,-0.0643216146
1.7,1.67434596,1.95809924,-1.76588528,-0.854342793,-16.3804787,-0.480875098,0.854342793,-0.41454222,4.33809077e-05,-4.33509934e-05,4.38027e-05,0.00648937725,0.849170255,-0.729901609,-0.00231008298,3,0.10354963,-0.116185712,0.0495920375,-0.0622321754
1.702,1.67077359,1.95637193,-1.79822461,-0.869168687,-15.816184,-0.485074967,0.869168687,-0.421278655,4.44062372e-05,-4.43790291e-05,4.48434245e-05,0.00672204486,0.872273745,-0.755454207,-0.00226433414,3,0.099977259,-0.112211191,0.047864725,-0.060102834
1.704,1.66713795,1.95461572,-1.82942776,-0.883384463,-15.2418253,-0.488911547,0.883384463,-0.427690695,4.54011397e-05,-4.53766631e-05,4.58534618e-05,0.00694963719,0.894428354,-0.78036811,-0.00221339081,3,0.0963416267,-0.10816373,0.0461085218,-0.0579349201
1.706,1.66344136,1.95283186,-1.85947485,-0.896980928,-14.6577638,-0.492382903,0.896980928,-0.433774265,4.63649425e-05,-4.6343193e-05,4.68320893e-05,0.007171551,0.915573624,-0.804574785,-0.00215740494,3,0.0926450302,-0.104045749,0.0443246599,-0.0557297906
1.708,1.65968613,1.95102159,-1.88834676,-0.909949416,-14.0643672,-0.495487485,0.909949416,-0.439525635,4.72969965e-05,-4.72779394e-05,4.77786084e-05,0.00738719968,0.935652185,-0.82800794,-0.00209654415,3,0.0888898055,-0.09985972,0.0425143886,-0.0534888285
1.71,1.65587465,1.94918618,-1.9160251,-0.922281802,-13.4620094,-0.498224124,0.922281802,-0.444941428,4.8196677e-05,-4.81802475e-05,4.8692345e-05,0.00759601479,0.954609925,-0.850603722,-0.00203099121,3,0.0850783262,-0.0956081589,0.0406789743,-0.0512134424
1.712,1.65200933,1.9473269,-1.94249222,-0.933970509,-12.8510698,-0.500592045,0.933970509,-0.450018629,4.9063384e-05,-4.90494871e-05,4.95726502e-05,0.0077974477,0.972396152,-0.872300912,-0.00196094346,3,0.0812130015,-0.0912936271,0.0388196987,-0.0489050657
1.714,1.6480926,1.94544506,-1.96773126,-0.945008518,-12.2319339,-0.502590857,0.945008518,-0.454754581,4.98965433e-05,-4.9885054e-05,5.04189015e-05,0.00799097111,0.98896374,-0.893041099,-0.00188661216,3,0.0772962751,-0.0869187294,0.036937858,-0.0465651552
1.716,1.64412695,1.94354196,-1.99172611,-0.955389376,-11.6049925,-0.504220567,0.955389376,-0.459147,5.06956062e-05,-5.06863701e-05,5.1230503e-05,0.00817608046,1.00426927,-0.912768859,-0.0018082218,3,0.0733306234,-0.082486113,0.0350347617,-0.0441951906
1.718,1.64011488,1.94161893,-2.01446146,-0.965107201,-10.9706416,-0.505481569,0.965107201,-0.463193971,5.14600508e-05,-5.14528844e-05,5.20068865e-05,0.00835229535,1.01827314,-0.931431909,-0.00172600934,3,0.0693185541,-0.0779984658,0.0331117317,-0.0417966736
1.72,1.63605893,1.9396773,-2.03592278,-0.974156693,-10.3292821,-0.506374653,0.974156693,-0.466893952,5.21893818e-05,-5.21840739e-05,5.27475123e-05,0.00851916083,1.03093969,-0.948981263,-0.00164022337,3,0.0652626043,-0.0734585155,0.0311701006,-0.0393711266
1.722,1.63196167,1.93771841,-2.05609638,-0.982533137,-9.68131967,-0.506900997,0.982533137,-0.470245781,5.28831318e-05,-5.28794437e-05,5.34518697e-05,0.00867624864,1.0422373,-0.965371365,-0.00155112332,3,0.0611653395,-0.0688690274,0.0292112111,-0.036920092
1.724,1.62782568,1.93574362,-2.07496933,-0.990232405,-9.02716455,-0.507062169,0.990232405,-0.473248671,5.35408607e-05,-5.35385282e-05,5.41194776e-05,0.00882315831,1.05213845,-0.980560217,-0.00145897848,3,0.0570293514,-0.0642328035,0.0272364147,-0.034445131
1.726,1.62365358,1.93375427,-2.09252958,-0.997250968,-8.36723112,-0.506860125,0.997250968,-0.475902214,5.41621572e-05,-5.41608916e-05,5.47498855e-05,0.00895951828,1.06061981,-0.994509494,-0.00136406709,3,0.0528572564,-0.059552681,0.02524707,-0.0319478224
1.728,1.61944802,1.93175174,-2.10876588,-1.00358589,-7.70193775,-0.5062972,1.00358589,-0.478206381,5.47466384e-05,-5.47461281e-05,5.53426739e-05,0.00908498677,1.06766226,-1.00718464,-0.00126667532,3,0.0486516941,-0.0548315303,0.0232445424,-0.0294297619
1.73,1.61521165,1.9297374,-2.12366782,-1.00923484,-7.03170652,-0.505376109,1.00923484,-0.48016152,5.52939508e-05,-5.52938631e-05,5.58974548e-05,0.00919925271,1.07325098,-1.01855496,-0.00116709629,3,0.0444153257,-0.0500722539,0.0212302021,-0.0268925608
1.732,1.61094716,1.92771263,-2.13722585,-1.01419608,-6.35696296,-0.504099939,1.01419608,-0.481768353,5.58037701e-05,-5.58037531e-05,5.64138725e-05,0.0093020365,1.07737542,-1.02859369,-0.00106562892,3,0.0401508318,-0.0452777843,0.0192054233,-0.0243378445
1.734,1.60665724,1.92567879,-2.14943126,-1.01846848,-5.67813575,-0.502472145,1.01846848,-0.483027977,5.62758022e-05,-5.62754867e-05,5.6891604e-05,0.00939309064,1.08002933,-1.03727804,-0.000962576945,3,0.0358609114,-0.0404510828,0.017171583,-0.0217672522
1.736,1.60234461,1.92363726,-2.16027621,-1.0220515,-4.99565652,-0.500496537,1.0220515,-0.483941857,5.67097829e-05,-5.67087846e-05,5.73303594e-05,0.00947220031,1.08121076,-1.04458927,-0.000858247721,3,0.0315482795,-0.0355951375,0.0151300595,-0.0191824347
1.738,1.59801199,1.92158943,-2.16975372,-1.02494522,-4.3099595,-0.49817728,1.02494522,-0.484511821,5.71054786e-05,-5.71034004e-05,5.77298824e-05,0.00953918384,1.080922,-1.0505127,-0.000752951145,3,0.0272156661,-0.0307129619,0.0130822317,-0.0165850541
1.74,1.59366214,1.91953668,-2.17785768,-1.02715029,-3.62148126,-0.495518878,1.02715029,-0.484740059,5.74626862e-05,-5.74591208e-05,5.80899509e-05,0.00959389305,1.07916959,-1.05503772,-0.000646998497,3,0.0228658136,-0.0258075926,0.0110294774,-0.0139767822
1.742,1.5892978,1.91748037,-2.18458286,-1.02866797,-2.93066046,-0.492526168,1.02866797,-0.484629112,5.77812339e-05,-5.77757658e-05,5.84103767e-05,0.0096362135,1.07596422,-1.05815779,-0.000540701304,3,0.018501476,-0.0208820882,0.00897317246,-0.0113592989
1.744,1.58492174,1.91542189,-2.1899249,-1.02950009,-2.23793752,-0.489204309,1.02950009,-0.484181867,5.80609808e-05,-5.80531893e-05,5.86910068e-05,0.00966606464,1.0713207,-1.05987044,-0.000434370189,3,0.0141254163,-0.015939527,0.00691468942,-0.00873429196
1.746,1.58053673,1.9133626,-2.19388033,-1.02964908,-1.54375438,-0.485558768,1.02964908,-0.483401552,5.83018172e-05,-5.82912789e-05,5.89317225e-05,0.00968339984,1.06525783,-1.06017724,-0.000328313735,3,0.00974040536,-0.0109830053,0.00485539647,-0.00610345468
1.748,1.57614555,1.91130386,-2.19644656,-1.02911794,-0.848554135,-0.481595313,1.02911794,-0.482291721,5.85036652e-05,-5.84899565e-05,5.91324406e-05,0.0096882063,1.05779837,-1.05908373,-0.000222837357,3,0.00534921969,-0.00601563554,0.00279665623,-0.00346848534
1.75,1.57175097,1.90924703,-2.19762189,-1.02791022,-0.152780825,-0.477319994,1.02791022,-0.480856249,5.86664781e-05,-5.8649178e-05,5.92931127e-05,0.00968050491,1.04896887,-1.05659942,-0.000118242192,3,0.000954639989,-0.00104054439,0.000739824589,-0.000831085676
1.752,1.56735578,1.90719345,-2.19740551,-1.02603004,0.543120917,-0.472739134,1.02603004,-0.479099322,5.87902408e-05,-5.87689336e-05,5.94137258e-05,0.00966034996,1.03879958,-1.05273764,-1.48240152e-05,3,-0.0034405508,0.00393912916,-0.00131375035,0.00180704036
1.754,1.56296276,1.90514447,-2.1957975,-1.02348206,1.23870614,-0.467859311,1.02348206,-0.477025422,5.88749699e-05,-5.88492479e-05,5.94943021e-05,0.00962782876,1.02732431,-1.04751553,8.71278206e-05,3,-0.0078335692,0.00892023575,-0.0033627294,0.00444418788
1.756,1.55857469,1.90310142,-2.19279882,-1.02027149,1.9335299,-0.462687346,1.02027149,-0.474639318,5.89207133e-05,-5.88901797e-05,5.95348991e-05,0.00958306116,1.01458027,-1.04095391,0.000187331405,3,-0.012221633,0.0138996177,-0.00540578341,0.00707865228
1.758,1.55419436,1.90106561,-2.18841132,-1.01640404,2.62714752,-0.457230287,1.01640404,-0.471946056,5.89275506e-05,-5.88918217e-05,5.95356093e-05,0.00952619898,1.00060794,-1.03307718,0.000285513253,3,-0.0166019631,0.0188741108,-0.00744159425,0.00970873061
1.76,1.54982454,1.89903835,-2.18263776,-1.01188596,3.31911492,-0.451495391,1.01188596,-0.46895094,5.88955926e-05,-5.88543006e-05,5.94965599e-05,0.00945742535,0.985450887,-1.02391319,0.00038140924,3,-0.0209717851,0.0238405468,-0.00946885588,0.0123327228
1.762,1.545468,1.89702093,-2.17548176,-1.00672396,4.00898893,-0.445490108,1.00672396,-0.465659521,5.88249812e-05,-5.87777769e-05,5.9417913e-05,0.00937695397,0.969155605,-1.01349313,0.000474765489,3,-0.0253283313,0.0287957548,-0.0114862754,0.0149489328
1.764,1.54112748,1.89501463,-2.16694785,-1.00092526,4.69632758,-0.439222068,1.00092526,-0.462077585,5.87158893e-05,-5.86624444e-05,5.92998649e-05,0.00928502824,0.951771315,-1.00185138,0.000565339203,3,-0.0296688423,0.0337365639,-0.0134925738,0.0175556702
1.766,1.53680576,1.89302071,-2.15704142,-0.994497538,5.38069037,-0.432699058,0.994497538,-0.458211133,5.85685205e-05,-5.85085297e-05,5.9142646e-05,0.00918192037,0.93334979,-0.989025354,0.00065289943,3,-0.033990569,0.0386598049,-0.0154864873,0.0201512512
1.768,1.53250555,1.89104043,-2.14576876,-0.987448914,6.06163867,-0.425929006,0.987448914,-0.45406637,5.83831088e-05,-5.83162923e-05,5.894652e-05,0.00906793035,0.913945156,-0.975055358,0.000737227781,3,-0.0382907739,0.0435623128,-0.017466768,0.0227339998
1.77,1.52822959,1.88907502,-2.13313703,-0.979787946,6.7387359,-0.418919968,0.979787946,-0.449649688,5.8159918e-05,-5.80860237e-05,5.87117839e-05,0.00894338492,0.893613694,-0.959984418,0.000818119059,3,-0.0425667335,0.0484409283,-0.0194321846,0.0253022494
1.772,1.52398059,1.88712568,-2.11915424,-0.971523603,7.41154794,-0.411680102,0.971523603,-0.444967648,5.78992418e-05,-5.78180469e-05,5.84387671e-05,0.0088086364,0.872413635,-0.943858112,0.000895381839,3,-0.0468157395,0.0532925006,-0.0213815236,0.0278543436
1.774,1.51976123,1.88519361,-2.1038293,-0.962665251,8.07964337,-0.404217658,0.962665251,-0.440026965,5.76014029e-05,-5.75127157e-05,5.81278306e-05,0.00866406153,0.850404953,-0.926724386,0.000968838961,3,-0.0510351008,0.0581138892,-0.02331359,0.0303886378
1.776,1.51557418,1.88327999,-2.08717197,-0.953222631,8.74259378,-0.396540951,0.953222631,-0.434834493,5.72667526e-05,-5.71704146e-05,5.7779367e-05,0.00851006018,0.827649157,-0.908633384,0.00103832796,3,-0.0552221451,0.0629019661,-0.0252272077,0.0329035
1.778,1.51142211,1.88138598,-2.06919284,-0.943205837,9.3999741,-0.388658353,0.943205837,-0.429397205,5.68956704e-05,-5.67915572e-05,5.7393799e-05,0.00834705403,0.804209081,-0.88963725,0.00110370139,3,-0.0593742208,0.0676536179,-0.0271212209,0.0353973124
1.78,1.50730763,1.87951271,-2.04990338,-0.932625301,10.0513629,-0.380578267,0.932625301,-0.423722177,5.64885634e-05,-5.63765861e-05,5.6971579e-05,0.0081754853,0.780148676,-0.869789951,0.00116482714,3,-0.0634886985,0.0723657482,-0.0289944941,0.0378684724
1.782,1.50323335,1.87766129,-2.02931589,-0.921491768,10.6963425,-0.372309112,0.921491768,-0.417816571,5.60458652e-05,-5.59259719e-05,5.65131884e-05,0.00799581526,0.755532796,-0.849147079,0.00122158857,3,-0.0675629727,0.0770352795,-0.0308459134,0.0403153935
1.784,1.49920186,1.87583282,-2.00744349,-0.909816278,11.3344996,-0.363859307,0.909816278,-0.411687619,5.55680361e-05,-5.5440212e-05,5.60191361e-05,0.00780852286,0.730426995,-0.82776566,0.00127388467,3,-0.0715944637,0.0816591556,-0.0326743863,0.0427365067
1.786,1.49521571,1.87402836,-1.98430013,-0.897610141,11.9654254,-0.355237251,0.897610141,-0.405342604,5.50555615e-05,-5.49198302e-05,5.54899582e-05,0.00761410329,0.704897323,-0.805703966,0.00132163005,3,-0.0755806189,0.0862343439,-0.0344788432,0.0451302617
1.788,1.49127741,1.87224896,-1.95990059,-0.88488492,12.5887157,-0.346451307,0.88488492,-0.398788845,5.45089514e-05,-5.43653752e-05,5.49262165e-05,0.00741306645,0.679010121,-0.783021321,0.00136475494,3,-0.0795189148,0.090757837,-0.0362582372,0.0474951276
1.79,1.48738947,1.87049566,-1.93426043,-0.871652403,13.2039715,-0.337509789,0.871652403,-0.39203368,5.392874e-05,-5.37774198e-05,5.43284977e-05,0.0072059355,0.652831828,-0.759777911,0.00140320507,3,-0.0834068584,0.0952266558,-0.0380115447,0.0498295943
1.792,1.48355434,1.86876944,-1.90739602,-0.857924588,13.8107991,-0.328420938,0.857924588,-0.385084447,5.33154843e-05,-5.31565601e-05,5.36974123e-05,0.00699324535,0.626428789,-0.736034599,0.00143694145,3,-0.0872419887,0.0996378507,-0.0397377662,0.0521321731
1.794,1.47977445,1.86707128,-1.8793245,-0.843713657,14.4088103,-0.319192915,0.843713657,-0.377948471,5.26697633e-05,-5.25034139e-05,5.30335935e-05,0.0067755411,0.599867067,-0.711852735,0.00146594013,3,-0.0910218786,0.103988505,-0.0414359262,0.0544013983
1.796,1.47605219,1.86540213,-1.85006381,-0.829031957,14.9976229,-0.309833782,0.829031957,-0.37063305,5.19921774e-05,-5.18186196e-05,5.23376956e-05,0.00655337663,0.573212265,-0.687293985,0.00149019189,3,-0.0947441361,0.108275735,-0.043105074,0.0566358276
1.798,1.47238992,1.86376292,-1.81963261,-0.813891974,15.5768607,-0.300351487,0.813891974,-0.363145432,5.1283347e-05,-5.11028357e-05,5.16103935e-05,0.00632731297,0.546529359,-0.662420145,0.00150970183,3,-0.0984064061,0.112496695,-0.0447442836,0.0588340434
1.8,1.46878996,1.86215455,-1.78805033,-0.798306319,16.1461541,-0.290753853,0.798306319,-0.355492809,5.0543912e-05,-5.03567386e-05,5.08523809e-05,0.0060979169,0.519882524,-0.637292978,0.00152448891,3,-0.102006372,0.116648577,-0.0463526541,0.0609946535
1.802,1.46525457,1.86057789,-1.75533715,-0.7822877,16.70514,-0.281048566,0.7822877,-0.347682298,4.97745302e-05,-4.95810223e-05,5.00643694e-05,0.00586575942,0.493334988,-0.611974045,0.00153458547,3,-0.105541756,0.120728614,-0.0479293101,0.0631162921
1.804,1.461786,1.8590338,-1.72151393,-0.765848907,17.2534621,-0.271243158,0.765848907,-0.339720929,4.89758767e-05,-4.87763963e-05,4.9247087e-05,0.00563141426,0.466948876,-0.586524549,0.00154003667,3,-0.109010323,0.124734082,-0.0494734017,0.0651976205
1.806,1.45838645,1.8575231,-1.68660228,-0.749002789,17.7907714,-0.261345003,0.749002789,-0.331615632,4.81486426e-05,-4.79435852e-05,4.8401277e-05,0.00539545652,0.440785077,-0.561005179,0.00154089988,3,-0.11240988,0.128662303,-0.0509841045,0.067237328
1.808,1.45505805,1.85604658,-1.65062447,-0.731762237,18.3167261,-0.2513613,0.731762237,-0.323373222,4.72935342e-05,-4.70833267e-05,4.75276966e-05,0.00515846114,0.414903112,-0.535475971,0.00153724402,3,-0.115738277,0.132510644,-0.05246062,0.0692341328
1.81,1.45180292,1.85460503,-1.61360346,-0.714140161,18.8309921,-0.24129907,0.714140161,-0.315000394,4.64112713e-05,-4.61963708e-05,4.66271155e-05,0.00492100161,0.389361015,-0.509996169,0.00152914892,3,-0.118993411,0.136276523,-0.0539021755,0.0711867825
1.812,1.4486231,1.85319918,-1.57556289,-0.696149478,19.333243,-0.231165142,0.696149478,-0.306503706,4.55025869e-05,-4.52834783e-05,4.57003148e-05,0.00468364856,0.364215219,-0.484624095,0.00151670459,3,-0.122173224,0.139957408,-0.055308024,0.0730940552
1.814,1.44552062,1.85182976,-1.53652701,-0.67780309,19.8231607,-0.220966151,0.67780309,-0.297889571,4.45682253e-05,-4.43454197e-05,4.47480858e-05,0.00444696846,0.33952046,-0.459417028,0.00150001049,3,-0.125275709,0.143550821,-0.0566774446,0.0749547595
1.816,1.44249742,1.85049746,-1.49652074,-0.65911387,20.3004349,-0.210708527,0.65911387,-0.28916425,4.36089416e-05,-4.33829737e-05,4.37712283e-05,0.00421152234,0.31532968,-0.434431094,0.00147917476,3,-0.128298905,0.147054338,-0.0580097418,0.0767677361
1.818,1.43955542,1.84920296,-1.45556958,-0.640094648,20.7647641,-0.200398493,0.640094648,-0.280333843,4.26255001e-05,-4.2396926e-05,4.27705497e-05,0.00397786455,0.29169395,-0.409721158,0.00145431351,3,-0.131240903,0.150465594,-0.0593042461,0.0785318575
1.82,1.43669648,1.84794689,-1.41369964,-0.620758191,21.2158551,-0.19004206,0.620758191,-0.271404281,4.16186733e-05,-4.13880683e-05,4.17468638e-05,0.00374654156,0.268662391,-0.385340732,0.00142554997,3,-0.134099846,0.153782281,-0.0605603134,0.0802460292
1.822,1.4339224,1.84672988,-1.37093762,-0.601117196,21.6534237,-0.17964502,0.601117196,-0.262381319,4.05892411e-05,-4.03571969e-05,4.07009891e-05,0.00351809082,0.246282116,-0.361341883,0.00139301379,3,-0.13687393,0.157002153,-0.0617773251,0.08190919
1.824,1.43123492,1.84555251,-1.32731076,-0.581184272,22.0771947,-0.169212951,0.581184272,-0.253270533,3.95379892e-05,-3.93051114e-05,3.96337481e-05,0.00329303966,0.224598171,-0.337775159,0.00135684024,3,-0.139561405,0.160123027,-0.062954688,0.0835203127
1.826,1.42863575,1.84441537,-1.28284688,-0.560971935,22.486902,-0.158751207,0.560971935,-0.244077315,3.84657084e-05,-3.82326138e-05,3.85459661e-05,0.00307190421,0.20365349,-0.314689511,0.00131716944,3,-0.142160575,0.163142784,-0.0640918338,0.0850784045
1.828,1.42612652,1.84331898,-1.23757427,-0.540492589,22.8822887,-0.148264926,0.540492589,-0.234806869,3.73731932e-05,-3.71405071e-05,3.74384699e-05,0.00285518842,0.183488859,-0.292132239,0.00127414562,3,-0.144669802,0.166059371,-0.0651882192,0.0865825072
1.83,1.42370882,1.84226388,-1.19152179,-0.519758526,23.2631075,-0.137759025,0.519758526,-0.225464209,3.62612411e-05,-3.60295945e-05,3.63120866e-05,0.0026433831,0.16414288,-0.270148926,0.00122791641,3,-0.147087505,0.168870803,-0.0662433257,0.0880316981
1.832,1.42138417,1.84125054,-1.14471873,-0.498781913,23.6291207,-0.127238204,0.498781913,-0.216054156,3.51306512e-05,-3.49006779e-05,3.51676433e-05,0.002436965,0.145651956,-0.248783397,0.00117863213,3,-0.149412159,0.171575164,-0.0672566589,0.0894250904
1.834,1.41915402,1.84027945,-1.09719489,-0.477574786,23.9801003,-0.116706948,0.477574786,-0.206581342,3.39822234e-05,-3.37545576e-05,3.40059652e-05,0.00223639594,0.128050267,-0.228077676,0.0011264451,3,-0.151642302,0.17417061,-0.0682277489,0.090761833
1.836,1.4170198,1.83935105,-1.04898049,-0.456149045,24.3158282,-0.10616953,0.456149045,-0.197050205,3.28167576e-05,-3.25920305e-05,3.28278755e-05,0.00204212203,0.111369766,-0.208071951,0.001071509,3,-0.15377653,0.176655371,-0.0691561495,0.0920411117
1.838,1.41498283,1.83846576,-1.0001062,-0.434516448,24.6360963,-0.0956300185,0.434516448,-0.187464994,3.16350524e-05,-3.14138898e-05,3.16341944e-05,0.0018545729,0.0956401748,-0.188804544,0.00101397829,3,-0.155813498,0.179027748,-0.0700414383,0.0932621486
1.84,1.4130444,1.83762399,-0.950603093,-0.412688613,24.9407066,-0.085092278,0.412688613,-0.177829771,3.04379045e-05,-3.02209241e-05,3.04257381e-05,0.00167416094,0.0808889826,-0.170311891,0.000954007608,3,-0.157751928,0.18128612,-0.070883216,0.0944242034
1.842,1.41120573,1.8368261,-0.900502616,-0.390677009,25.2294715,-0.0745599793,0.390677009,-0.168148412,2.92261076e-05,-2.90139161e-05,2.92033189e-05,0.00150128072,0.0671414564,-0.152628525,0.00089175126,3,-0.159590599,0.183428942,-0.0716811065,0.095526573
1.844,1.40946797,1.83607245,-0.849836599,-0.368492961,25.5022135,-0.0640366048,0.368492961,-0.158424615,2.8000452e-05,-2.77936426e-05,2.79677441e-05,0.00133630829,0.0544206505,-0.135787063,0.000827362733,3,-0.161328358,0.185454747,-0.0724347566,0.0965685917
1.846,1.40783221,1.83536337,-0.798637216,-0.346147648,25.7587656,-0.0535254564,0.346147648,-0.1486619,2.67617235e-05,-2.6560873e-05,2.67198161e-05,0.00117960066,0.0427474215,-0.119818194,0.000760994257,3,-0.162964113,0.187362149,-0.0731438352,0.0975496321
1.848,1.40629949,1.83469917,-0.746936965,-0.323652105,25.9989714,-0.0430296639,0.323652105,-0.138863621,2.55107027e-05,-2.53163696e-05,2.54603323e-05,0.00103149522,0.0321404465,-0.104750685,0.000692796418,3,-0.164496837,0.189149841,-0.0738080337,0.0984691047
1.85,1.40487076,1.83408014,-0.694768649,-0.301017225,26.222685,-0.0325521945,0.301017225,-0.129032967,2.42481644e-05,-2.40608861e-05,2.41900852e-05,0.000892309299,0.0226162442,-0.0906113699,0.000622917814,3,-0.165925571,0.190816598,-0.0744270652,0.0993264582
1.852,1.40354691,1.83350654,-0.642165356,-0.278253765,26.4297711,-0.0220958627,0.278253765,-0.119172971,2.29748774e-05,-2.27951678e-05,2.29098632e-05,0.000762339702,0.0141891976,-0.0774251578,0.000551504762,3,-0.16724942,0.19236128,-0.0750006646,0.10012118
1.854,1.40232877,1.83297861,-0.589160437,-0.255372349,26.6201054,-0.0116633401,0.255372349,-0.109286521,2.16916032e-05,-2.1519951e-05,2.1620451e-05,0.000641862292,0.00687157856,-0.0652150365,0.000478701059,3,-0.168467555,0.193782827,-0.075528588,0.100852796
1.856,1.40121711,1.83249659,-0.535787481,-0.232383473,26.793574,-0.00125716693,0.232383473,-0.0993763642,2.03990962e-05,-2.02359626e-05,2.0322632e-05,0.000531131633,0.000673574304,-0.0540020784,0.000404647786,3,-0.169579214,0.195080267,-0.0760106125,0.101520872
1.858,1.40021262,1.83206067,-0.482080299,-0.209297515,26.9500741,0.00912023693,0.209297515,-0.0894451201,1.90981029e-05,-1.89439195e-05,1.90171902e-05,0.000430380664,-0.00439668655,-0.0438054496,0.000329483165,3,-0.170583705,0.196252712,-0.0764465364,0.10212501
1.86,1.39931593,1.83167102,-0.428072899,-0.186124739,27.0895137,0.0194665599,0.186124739,-0.0794952882,1.77893616e-05,-1.7644529e-05,1.77049146e-05,0.000339820399,-0.00833310672,-0.0346424185,0.000253342458,3,-0.1714804,0.19729936,-0.0768361782,0.102664854
1.862,1.39852758,1.83132782,-0.373799464,-0.162875307,27.2118117,0.0297795865,0.162875307,-0.069529259,1.64736023e-05,-1.63384882e-05,1.63866048e-05,0.000259639673,-0.0111315935,-0.0265283657,0.000176357919,3,-0.172268743,0.198219497,-0.0771793771,0.103140085
1.864,1.39784808,1.83103121,-0.319294332,-0.139559285,27.3168978,0.0400571851,0.139559285,-0.0595493254,1.51515461e-05,-1.5026484e-05,1.50630804e-05,0.000190004912,-0.0127900322,-0.0194767942,9.86587878e-05,3,-0.172948244,0.199012496,-0.0774759923,0.103550424
1.866,1.39727784,1.8307813,-0.264591972,-0.116186655,27.4047129,0.0502972948,0.116186655,-0.0495576935,1.38239054e-05,-1.37091933e-05,1.37351964e-05,0.000131059946,-0.0133082604,-0.0134993388,2.03713229e-05,3,-0.173518483,0.199677818,-0.0777259032,0.103895632
1.868,1.39681722,1.83057819,-0.209726965,-0.0927673236,27.4752086,0.0604979127,0.0927673236,-0.0395564948,1.24913833e-05,-1.23872825e-05,1.24038673e-05,8.2925845e-05,-0.0126880436,-0.00860577633,-5.83811221e-05,3,-0.173979109,0.200215012,-0.0779290088,0.104175508
1.87,1.39646649,1.83042197,-0.154733979,-0.0693111345,27.5283477,0.0706570806,0.0693111345,-0.0295477979,1.11546741e-05,-1.10614082e-05,1.10701103e-05,4.57007874e-05,-0.0109330512,-0.00480403336,-0.000137477987,3,-0.174329839,0.200623717,-0.0780852282,0.104389892
1.872,1.39622587,1.8303127,-0.099647749,-0.0458278793,27.5641038,0.080772872,0.0458278793,-0.0195336212,9.81446271e-06,-9.73221706e-06,9.73512262e-06,1.94599601e-05,-0.00804883487,-0.00210019452,-0.000216801357,3,-0.174570461,0.200903661,-0.0781944999,0.104538661
1.874,1.3960955,1.83025042,-0.0445030538,-0.0223273095,27.5824616,0.0908433786,0.0223273095,-0.00951594515,8.47142523e-06,-8.40034595e-06,8.40043328e-06,4.2554856e-06,-0.00404280777,-0.000498508749,-0.000296235791,3,-0.174700832,0.20105466,-0.0782567819,0.104621733
1.876,1.39607545,1.83023515,0.0106653046,0.00118085211,27.5834166,0.100866698,-0.00118085211,0.000503274918,7.12622862e-06,-7.06642239e-06,7.06822414e-06,1.16377203e-07,0.00107577405,-1.39441171e-06,-0.000375668114,3,-0.174720878,0.201076622,-0.0782720517,0.104639065
1.878,1.39616573,1.8302669,0.0658225239,0.0246868988,27.5669752,0.110840918,-0.0246868988,0.010522096,5.77953105e-06,-5.7310648e-06,5.74209214e-06,7.04852261e-06,0.00729582895,-0.000609442973,-0.000454987192,3,-0.174630597,0.200969541,-0.0782403064,0.104590655
1.88,1.39636627,1.83034564,0.120933823,0.0481811279,27.5331549,0.120764107,-0.0481811279,0.0205385744,4.43198206e-06,-4.39488283e-06,4.42915056e-06,2.50346944e-05,0.0146044651,-0.00232142108,-0.000534083688,3,-0.174430053,0.200733503,-0.0781615622,0.104476537
1.882,1.39667695,1.83047135,0.175964463,0.0716538284,27.4819839,0.130634301,-0.0716538284,0.0305507534,3.0842228e-06,-3.05847786e-06,3.14720668e-06,5.40345881e-05,0.0229869946,-0.00513427112,-0.000612849799,3,-0.174119381,0.200368684,-0.0780358549,0.104296788
1.884,1.39709754,1.83064396,0.23087977,0.095095269,27.4135013,0.140449487,-0.095095269,0.0405566497,1.73688629e-06,-1.72244337e-06,1.95843354e-06,9.39848868e-05,0.0324269453,-0.00904311018,-0.000691178987,3,-0.173698788,0.199875348,-0.0778632398,0.104051521
1.886,1.39762778,1.83086341,0.285645157,0.118495686,27.3277568,0.150207596,-0.118495686,0.0505542415,3.90597773e-07,-3.87365508e-07,1.18480304e-06,0.000144799354,0.0429060722,-0.0140412276,-0.000768965701,3,-0.173168545,0.199253847,-0.0776437916,0.10374089
1.888,1.39826733,1.8311296,0.340226143,0.141845271,27.2248109,0.159906486,-0.141845271,0.0605414557,-9.54024912e-07,9.46176435e-07,1.61187443e-06,0.000206368953,0.0544043671,-0.020120081,-0.000846105094,3,-0.172528997,0.198504623,-0.0773776045,0.103365088
1.89,1.39901577,1.83144241,0.394588379,0.165134162,27.104735,0.169543938,-0.165134162,0.0705161554,-2.29637097e-06,2.27760943e-06,2.72041811e-06,0.000278561996,0.0669000675,-0.0272692916,-0.000922492749,3,-0.171780555,0.197628207,-0.0770647926,0.102924348
1.892,1.39987263,1.83180171,0.448697662,0.188352429,26.9676108,0.179117635,-0.188352429,0.0804761287,-3.63583618e-06,3.60636612e-06,3.9733209e-06,0.000361224318,0.0803696643,-0.0354766375,-0.000998024406,3,-0.1709237,0.196625215,-0.0767054897,0.102418939
1.894,1.40083735,1.83220735,0.502519965,0.211490065,26.8135304,0.188625163,-0.211490065,0.0904190764,-4.97182247e-06,4.93188426e-06,5.26572133e-06,0.000454179485,0.0947879103,-0.0447280476,-0.0010725957,3,-0.169958979,0.195496353,-0.0762998494,0.101849173
1.896,1.40190932,1.83265916,0.556021451,0.234536978,26.6425968,0.19806399,-0.234536978,0.100342601,-6.30373744e-06,6.25360602e-06,6.57162327e-06,0.000557229029,0.110127827,-0.055007594,-0.00114610193,3,-0.168887009,0.194242411,-0.0758480456,0.101215397
1.898,1.40308785,1.83315693,0.609168495,0.257482978,26.454923,0.207431465,-0.257482978,0.110244196,-7.63099385e-06,7.5709774e-06,7.88166282e-06,0.000670152713,0.126360714,-0.0662974842,-0.00121843779,3,-0.167708475,0.192864266,-0.0753502726,0.100517999
1.9,1.4043722,1.83370046,0.66192771,0.280317774,26.2506323,0.216724806,-0.280317774,0.120121236,-8.95300909e-06,8.88344756e-06,9.19148021e-06,0.000792708831,0.143456155,-0.0785780544,-0.00128949724,3,-0.166424125,0.191362881,-0.074806745,0.0997574055
1.902,1.40576155,1.8342895,0.714265958,0.30303096,26.0298583,0.225941093,-0.30303096,0.129970967,-1.02692047e-05,1.01904682e-05,1.04986211e-05,0.00092463454,0.161382031,-0.0918277626,-0.00135917325,3,-0.165034779,0.1897393,-0.0742176981,0.0989340794
1.904,1.40725501,1.83492381,0.766150381,0.325612013,25.7927445,0.235077258,-0.325612013,0.139790494,-1.15790058e-05,1.14914927e-05,1.1801482e-05,0.00106564622,0.180104531,-0.106023183,-0.0014273577,3,-0.163541318,0.187994653,-0.0735833884,0.0980485236
1.906,1.40885164,1.83560311,0.817548411,0.348050284,25.5394446,0.244130085,-0.348050284,0.14957678,-1.28818406e-05,1.2785976e-05,1.30988851e-05,0.00121543988,0.199588163,-0.121139,-0.00149394127,3,-0.161944691,0.186130152,-0.0729040934,0.0971012783
1.908,1.41055042,1.83632709,0.868427799,0.370334998,25.2701219,0.253096198,-0.370334998,0.15932663,-1.41771399e-05,1.40733733e-05,1.43898845e-05,0.0013736916,0.219795774,-0.137148011,-0.00155881334,3,-0.160245912,0.184147087,-0.0721801121,0.0960929217
1.91,1.41235027,1.83709544,0.918756626,0.392455243,24.9849496,0.261972058,-0.392455243,0.169036688,-1.54643363e-05,1.53531399e-05,1.56736693e-05,0.00154005799,0.240688564,-0.154021117,-0.00162186197,3,-0.158446056,0.182046831,-0.0714117652,0.0950240695
1.912,1.41425006,1.83790781,0.968503329,0.414399972,24.6841106,0.270753963,-0.414399972,0.178703432,-1.67428641e-05,1.66247304e-05,1.69495109e-05,0.00171417671,0.262226114,-0.171727337,-0.00168297391,3,-0.156546266,0.179830835,-0.0705993955,0.0938953746
1.914,1.41624858,1.83876383,1.01763672,0.436158001,24.367797,0.279438039,-0.436158001,0.188323164,-1.80121585e-05,1.78875982e-05,1.82167328e-05,0.00189566703,0.284366409,-0.190233802,-0.00174203463,3,-0.154547745,0.177500626,-0.069743368,0.0927075271
1.916,1.41834457,1.83966313,1.06612599,0.457718007,24.0362106,0.288020242,-0.457718007,0.19789201,-1.92716553e-05,1.91411949e-05,1.94746927e-05,0.00208413041,0.307065866,-0.209505774,-0.00179892843,3,-0.152451757,0.17505781,-0.0688440702,0.0914612537
1.918,1.4205367,1.84060529,1.11394076,0.479068528,23.6895622,0.296496357,-0.479068528,0.207405911,-2.05207902e-05,2.03849697e-05,2.07227706e-05,0.00227915118,0.330279378,-0.229506655,-0.00185353857,3,-0.150259628,0.172504065,-0.0679019124,0.0901573179
1.92,1.42282358,1.84158987,1.16105107,0.500197968,23.3280718,0.304861993,-0.500197968,0.216860626,-2.17589986e-05,2.16183692e-05,2.19603613e-05,0.00248029713,0.353960344,-0.250198007,-0.00190574748,3,-0.147972747,0.169841143,-0.0669173281,0.0887965191
1.922,1.42520377,1.84261643,1.2074274,0.521094594,22.9519682,0.313112592,-0.521094594,0.226251725,-2.29857151e-05,2.28408365e-05,2.3186869e-05,0.00268712033,0.378060723,-0.271539576,-0.00195543697,3,-0.145592557,0.167070869,-0.065890774,0.0873796927
1.924,1.42767576,1.84368447,1.25304071,0.541746547,22.5614894,0.321243421,-0.541746547,0.235574588,-2.4200373e-05,2.40518113e-05,2.44017042e-05,0.00289915784,0.402531083,-0.293489321,-0.00200248852,3,-0.143120564,0.164195137,-0.0648227307,0.0859077094
1.926,1.430238,1.8447935,1.29786242,0.562141841,22.1568815,0.329249583,-0.562141841,0.244824409,-2.54024041e-05,2.52507292e-05,2.56042803e-05,0.00311593254,0.42732066,-0.31600345,-0.00204678364,3,-0.14055833,0.161215909,-0.0637137025,0.0843814751
1.928,1.43288885,1.84594298,1.34186447,0.582268374,21.7383996,0.337126016,-0.582268374,0.25399619,-2.65912385e-05,2.64370213e-05,2.67940123e-05,0.00333695398,0.452377421,-0.33903646,-0.0020882042,3,-0.137907472,0.158135217,-0.0625642177,0.0828019302
1.93,1.43562666,1.84713237,1.3850193,0.602113932,21.3063069,0.344867498,-0.602113932,0.263084751,-2.77663041e-05,2.76101143e-05,2.79703149e-05,0.00356171931,0.477648141,-0.362541187,-0.00212663288,3,-0.135169665,0.154955154,-0.0613748291,0.0811700497
1.932,1.43844969,1.84836109,1.4272999,0.6216662,20.8608747,0.352468653,-0.6216662,0.272084722,-2.89270265e-05,2.876943e-05,2.91326017e-05,0.00378971419,0.503078475,-0.386468864,-0.00216195362,3,-0.132346637,0.151677881,-0.0601461141,0.0794868419
1.934,1.44135616,1.84962853,1.4686798,0.64091277,20.4023826,0.35992396,-0.64091277,0.280990557,-3.00728288e-05,2.99143855e-05,3.0280284e-05,0.00402041382,0.52861305,-0.410769179,-0.00219405215,3,-0.12944017,0.148305619,-0.0588786748,0.0777533488
1.936,1.44434423,1.85093406,1.50913309,0.659841155,19.9311178,0.367227754,-0.659841155,0.28979653,-3.12031313e-05,3.10443925e-05,3.14127709e-05,0.00425328395,0.554195555,-0.43539035,-0.00222281649,3,-0.126452097,0.144840647,-0.0575731381,0.0759706448
1.938,1.44741202,1.85227705,1.54863445,0.678438796,19.4473754,0.37437424,-0.678438796,0.298496746,-3.23173519e-05,3.21588577e-05,3.25294679e-05,0.00448778199,0.579768844,-0.4602792,-0.00224813758,3,-0.123384303,0.141285307,-0.0562301561,0.0741398367
1.94,1.4505576,1.8536568,1.58715914,0.696693079,18.9514577,0.3813575,-0.696693079,0.307085143,-3.34149056e-05,3.32571831e-05,3.36297775e-05,0.00472335813,0.605275042,-0.485381246,-0.00226990981,3,-0.120238724,0.137641992,-0.054850406,0.0722620631
1.942,1.45377898,1.85507261,1.62468305,0.714591347,18.4436747,0.388171503,-0.714591347,0.315555504,-3.44952047e-05,3.43387653e-05,3.47130985e-05,0.00495945649,0.63065566,-0.510640794,-0.00228803176,3,-0.117017342,0.133913153,-0.0534345904,0.0703384933
1.944,1.45707414,1.85652376,1.66118268,0.732120917,17.9243432,0.394810115,-0.732120917,0.323901459,-3.55576588e-05,3.54029964e-05,3.5778826e-05,0.00519551634,0.655851723,-0.536001037,-0.00230240674,3,-0.11372219,0.130101294,-0.0519834371,0.0683703275
1.946,1.46044098,1.8580095,1.69663517,0.749269091,17.3937872,0.40126711,-0.749269091,0.332116498,-3.66016751e-05,3.64492638e-05,3.68263517e-05,0.00543097337,0.680803892,-0.56140417,-0.00231294354,3,-0.110355344,0.126208965,-0.0504976995,0.0663587951
1.948,1.4638774,1.85952905,1.73101834,0.766023177,16.8523374,0.407536184,-0.766023177,0.340193982,-3.76266584e-05,3.74769507e-05,3.78550636e-05,0.00566526093,0.705452607,-0.586791508,-0.0023195571,3,-0.106918926,0.122238771,-0.0489781561,0.0643051551
1.95,1.46738123,1.86108159,1.76431063,0.782370506,16.300331,0.413610967,-0.782370506,0.348127148,-3.86320114e-05,3.84854362e-05,3.88643468e-05,0.0058978114,0.729738225,-0.612103609,-0.00232216919,3,-0.103415101,0.118193358,-0.0474256111,0.0622106947
1.952,1.47095025,1.86266631,1.7964912,0.798298447,15.7381119,0.419485035,-0.798298447,0.355909125,-3.96171351e-05,3.94740959e-05,3.98535833e-05,0.00612805746,0.753601172,-0.637280411,-0.0023207091,3,-0.0998460791,0.11407542,-0.0458408936,0.0600767285
1.954,1.47458222,1.86428234,1.82753987,0.813794428,15.1660298,0.425151926,-0.813794428,0.363532943,-4.05814289e-05,4.04423026e-05,4.08221525e-05,0.00635543355,0.776982097,-0.662261371,-0.00231511435,3,-0.0962141075,0.109887691,-0.0442248583,0.0579045983
1.956,1.47827485,1.86592882,1.8574372,0.828845954,14.5844407,0.430605155,-0.828845954,0.370991551,-4.15242913e-05,4.13894263e-05,4.17694318e-05,0.00657937722,0.799822032,-0.686985615,-0.00230533138,3,-0.0925214747,0.105632948,-0.0425783846,0.0556956718
1.958,1.48202582,1.86760483,1.88616443,0.843440626,13.9937063,0.435838225,-0.843440626,0.378277822,-4.24451202e-05,4.23148351e-05,4.2694797e-05,0.00679933055,0.822062556,-0.71139209,-0.00229131618,3,-0.088770507,0.101314006,-0.040902377,0.053451342
1.96,1.48583276,1.86930944,1.91370355,0.857566165,13.3941938,0.440844647,-0.857566165,0.385384573,-4.33433131e-05,4.32178958e-05,4.35976229e-05,0.00701474161,0.843645965,-0.735419728,-0.00227303497,3,-0.0849635673,0.0969337129,-0.0391977645,0.0511730262
1.962,1.48969327,1.8710417,1.94003728,0.871210427,12.7862759,0.445617953,-0.871210427,0.392304579,-4.42182684e-05,4.40979748e-05,4.44772839e-05,0.00722506589,0.864515441,-0.759007609,-0.00225046479,3,-0.0811030533,0.0924949552,-0.0374655007,0.0488621652
1.964,1.49360493,1.87280064,1.9651491,0.884361428,12.1703305,0.450151712,-0.884361428,0.399030585,-4.50693852e-05,4.49544386e-05,4.53331548e-05,0.00742976778,0.884615232,-0.782095135,-0.00222359412,3,-0.0771913968,0.0880006492,-0.0357065631,0.0465202224
1.966,1.49756527,1.87458525,1.98902323,0.89700736,11.5467405,0.454439551,-0.89700736,0.405555324,-4.58960645e-05,4.57866546e-05,4.61646115e-05,0.007628322,0.903890824,-0.804622204,-0.0021924234,3,-0.0732310614,0.0834537417,-0.033921953,0.0441486828
1.968,1.50157179,1.87639451,2.01164468,0.909136618,10.9158933,0.458475162,-0.909136618,0.411871531,-4.66977096e-05,4.65939922e-05,4.69710318e-05,0.0078202151,0.922289121,-0.82652939,-0.00215696558,3,-0.0692245412,0.0788572072,-0.0321126951,0.0417490522
1.97,1.50562197,1.87822737,2.03299922,0.920737817,10.2781812,0.462252329,-0.920737817,0.417971962,-4.74737268e-05,4.73758236e-05,4.77517962e-05,0.00800494688,0.939758627,-0.847758128,-0.00211724651,3,-0.0651743597,0.0742140462,-0.030279837,0.039322856
1.972,1.50971326,1.88008275,2.05307343,0.931799815,9.63400053,0.465764937,-0.931799815,0.423849406,-4.82235266e-05,4.81315245e-05,4.85062892e-05,0.00818203186,0.956249617,-0.868250896,-0.00207330541,3,-0.0610830674,0.0695272826,-0.0284244488,0.036871638
1.974,1.51384309,1.88195958,2.07185466,0.942311732,8.98375186,0.469006992,-0.942311732,0.429496704,-4.89465239e-05,4.88604757e-05,4.92338995e-05,0.00835100068,0.971714324,-0.8879514,-0.00202519516,3,-0.056953241,0.0647999622,-0.0265476225,0.0343969602
1.976,1.51800885,1.88385673,2.08933109,0.952262972,8.32783956,0.471972638,-0.952262972,0.434906766,-4.96421393e-05,4.95620634e-05,4.99340218e-05,0.00851140157,0.986107103,-0.906804768,-0.00197298266,3,-0.0527874814,0.0600351498,-0.0246504715,0.0319004005
1.978,1.52220791,1.88577307,2.10549168,0.961643244,7.66667166,0.47465617,-0.961643244,0.440072588,-5.03097998e-05,5.02356807e-05,5.06060572e-05,0.00866280163,0.999384615,-0.924757729,-0.00191674897,3,-0.0485884121,0.0552359279,-0.0227341302,0.0293835528
1.98,1.52643765,1.88770745,2.12032624,0.970442581,7.00065956,0.477052053,-0.970442581,0.444987265,-5.09489397e-05,5.08807285e-05,5.12494146e-05,0.00880478826,1.01150598,-0.941758804,-0.0018565895,3,-0.0443586776,0.0504053939,-0.020799753,0.0268480252
1.982,1.53069538,1.88965869,2.13382538,0.978651363,6.33021785,0.47915494,-0.978651363,0.449644013,-5.15590014e-05,5.1496617e-05,5.18635117e-05,0.00893697046,1.02243297,-0.957758489,-0.0017926141,3,-0.0401009418,0.0455466585,-0.0188485139,0.0242954388
1.984,1.53497844,1.8916256,2.14598057,0.98626033,5.65576404,0.48095968,-0.98626033,0.454036182,-5.21394369e-05,5.20827661e-05,5.24477759e-05,0.00905898004,1.03213013,-0.972709438,-0.00172494706,3,-0.0358178865,0.0406628436,-0.0168816055,0.0217274273
1.986,1.53928412,1.89360696,2.1567841,0.993260608,4.97771834,0.482461341,-0.993260608,0.458157274,-5.26897079e-05,5.26386071e-05,5.30016458e-05,0.00917047292,1.04056495,-0.986566635,-0.00165372699,3,-0.0315122091,0.0357570797,-0.0149002387,0.0191456349
1.988,1.5436097,1.89560156,2.16622908,0.999643724,4.29650337,0.483655221,-0.999643724,0.462000958,-5.32092875e-05,5.31635837e-05,5.35245719e-05,0.00927113022,1.04770801,-0.999287575,-0.00157910676,3,-0.027186622,0.0308325045,-0.0129056416,0.0165517158
1.99,1.54795248,1.89760814,2.17430952,1.00540162,3.61254397,0.484536863,-1.00540162,0.465561087,-5.36976611e-05,5.36571532e-05,5.40160181e-05,0.00936065941,1.05353311,-1.01083243,-0.0015012532,3,-0.0228438496,0.0258922604,-0.0108990584,0.0139473327
1.992,1.5523097,1.89962545,2.18102022,1.01052669,2.92626692,0.485102068,-1.01052669,0.468831713,-5.41543268e-05,5.41187874e-05,5.44754625e-05,0.00943879534,1.05801742,-1.02116419,-0.00142034684,3,-0.0184866278,0.0209394928,-0.00888174941,0.0113341559
1.994,1.55667863,1.90165221,2.1863569,1.01501176,2.23810068,0.485346908,-1.01501176,0.4718071,-5.45787973e-05,5.45479742e-05,5.49023988e-05,0.00950530122,1.06114156,-1.03024887,-0.00133658149,3,-0.0141177015,0.0159773476,-0.00685498915,0.00871386165
1.996,1.5610565,1.90368714,2.19031607,1.01885013,1.54847519,0.485267741,-1.01885013,0.474481745,-5.49706003e-05,5.49442183e-05,5.52963374e-05,0.0095599695,1.06288973,-1.03805559,-0.00125016383,3,-0.00973982331,0.0110089699,-0.00482006612,0.00608813123
1.998,1.56544058,1.90572892,2.19289516,1.0220356,0.857821528,0.484861219,-1.0220356,0.476850384,-5.53292798e-05,5.53070427e-05,5.56568064e-05,0.00960262271,1.06324982,-1.04455677,-0.00116131283,3,-0.00535575151,0.00603750131,-0.00277828155,0.00345864972
2,1.56982808,1.90777625,2.19409242,1.02456244,0.166571721,0.484124303,-1.02456244,0.478908011,-5.56543967e-05,5.56359894e-05,5.59833525e-05,0.00963311421,1.06221346,-1.0497282,-0.00107025919,3,-0.000968248606,0.00106607839,-0.000730948461,0.000827104706
2.002,1.57421625,1.90982781,2.193907,1.02642546,-0.524841544,0.483054268,-1.02642546,0.480649891,-5.59455306e-05,5.59306208e-05,5.62755428e-05,0.0096513288,1.05977614,-1.05354923,-0.000977244592,3,0.00341992053,-0.0039021694,0.0013206093,-0.00180481495
2.004,1.57860232,1.91188226,2.19233888,1.02761997,-1.21598518,0.48164872,-1.02761997,0.482071567,-5.62022797e-05,5.6190521e-05,5.6532965e-05,0.00965718334,1.05593722,-1.05600281,-0.000882521044,3,0.00780599039,-0.00886412162,0.00337505816,-0.00443542032
2.006,1.58298352,1.91393826,2.18938894,1.02814183,-1.90642597,0.479905597,-1.02814183,0.483168881,-5.64242629e-05,5.64152962e-05,5.67552291e-05,0.00965062719,1.0507,-1.05707562,-0.000786350003,3,0.0121871965,-0.0138166688,0.00543105583,-0.00706302368
2.008,1.5873571,1.91599445,2.1850589,1.02798743,-2.59573082,0.477823182,-1.02798743,0.483937975,-5.66111197e-05,5.66045762e-05,5.6941968e-05,0.0096316426,1.04407179,-1.05675815,-0.000689001534,3,0.0165607773,-0.0187567141,0.00748725241,-0.00968593967
2.01,1.5917203,1.91804949,2.17935135,1.02715372,-3.28346704,0.47540011,-1.02715372,0.484375308,-5.67625122e-05,5.67580153e-05,5.70928387e-05,0.00960024499,1.03606387,-1.05504477,-0.000590753382,3,0.0209239757,-0.0236811758,0.00954229148,-0.0123024866
2.012,1.59607037,1.92010201,2.17226977,1.02563823,-3.96920261,0.47263537,-1.02563823,0.484477664,-5.68781249e-05,5.68752931e-05,5.7207523e-05,0.00955648311,1.02669153,-1.05193377,-0.000491889994,3,0.0252740408,-0.0285869881,0.0115948113,-0.0149109877
2.014,1.60040456,1.92215065,2.16381847,1.02343902,-4.65250645,0.469528316,-1.02343902,0.484242159,-5.69576664e-05,5.69561155e-05,5.72857288e-05,0.00950043916,1.01597405,-1.04742743,-0.000392701501,3,0.0296082298,-0.0334711039,0.0136434457,-0.0175097722
2.016,1.60472014,1.92419403,2.15400265,1.02055477,-5.3329487,0.466078668,-1.02055477,0.483666251,-5.700087e-05,5.70002155e-05,5.73271905e-05,0.00943222875,1.00393469,-1.04153204,-0.000293482654,3,0.0339238098,-0.0383304961,0.0156868255,-0.0200971766
2.018,1.60901439,1.92623078,2.14282834,1.01698472,-6.01010098,0.462286515,-1.01698472,0.482747746,-5.70074944e-05,5.70073541e-05,5.73316701e-05,0.00935200075,0.990600645,-1.03425792,-0.000194531734,3,0.0382180589,-0.0431621594,0.0177235797,-0.0226715459
2.02,1.6132846,1.92825954,2.13030245,1.0127287,-6.68353668,0.45815232,-1.0127287,0.481484803,-5.69773246e-05,5.69773211e-05,5.72989577e-05,0.0092599371,0.976003009,-1.02561941,-9.61494248e-05,3,0.0424882688,-0.0479631123,0.0197523362,-0.0252312349
2.022,1.61752807,1.93027893,2.11643272,1.00778712,-7.35283121,0.453676923,-1.00778712,0.479875944,-5.69101726e-05,5.69099353e-05,5.72288725e-05,0.00915625244,0.960176685,-1.01563487,1.36233114e-06,3,0.0467317459,-0.0527303983,0.0217717237,-0.0277746091
2.024,1.62174214,1.93228757,2.10122777,1.00216099,-8.01756231,0.448861536,-1.00216099,0.477920052,-5.6805878e-05,5.6805046e-05,5.71212634e-05,0.00904119371,0.943160323,-1.00432665,9.77014939e-05,3,0.0509458131,-0.0574610879,0.0237803721,-0.0303000461
2.026,1.62592414,1.93428412,2.08469702,0.995851925,-8.67731028,0.443707751,-0.995851925,0.475616381,-5.6664309e-05,5.66625328e-05,5.69760091e-05,0.00891503959,0.924996226,-0.991721056,0.000192567097,3,0.0551278115,-0.0621522805,0.0257769143,-0.0328059365
2.028,1.63007143,1.93626719,2.06685076,0.988862117,-9.33165831,0.438217534,-0.988862117,0.472964555,-5.64853626e-05,5.64823065e-05,5.67930196e-05,0.00877809984,0.905730244,-0.977848286,0.000285660423,3,0.0592751025,-0.0668011054,0.0277599871,-0.0352906853
2.03,1.6341814,1.93823543,2.0477001,0.981194357,-9.98019269,0.432393225,-0.981194357,0.469964571,-5.62689655e-05,5.62643097e-05,5.65722355e-05,0.00863071462,0.885411652,-0.962742366,0.000376686171,3,0.0633850686,-0.0714047237,0.0297282323,-0.0377527129
2.032,1.63825144,1.9401875,2.02725698,0.972852027,-10.6225031,0.426237536,-0.972852027,0.4666168,-5.60150743e-05,5.60085169e-05,5.63136296e-05,0.00847325359,0.86409302,-0.946441067,0.000465353622,3,0.0674551158,-0.0759603301,0.0316802982,-0.040190456
2.034,1.642279,1.94212204,2.00553415,0.9638391,-11.2581831,0.419753548,-0.9638391,0.462921989,-5.57236763e-05,5.5714935e-05,5.60172062e-05,0.00830611502,0.841830074,-0.928985811,0.000551377785,3,0.0714826752,-0.080465154,0.0336148406,-0.0426023689
2.036,1.64626153,1.94403773,1.98254517,0.954160133,-11.8868298,0.412944707,-0.954160133,0.45888126,-5.53947898e-05,5.53836035e-05,5.56830021e-05,0.00812972475,0.818681532,-0.91042156,0.000634480516,3,0.075465204,-0.0849164612,0.0355305237,-0.0449869245
2.038,1.65019651,1.94593322,1.9583044,0.943820265,-12.5080448,0.405814819,-0.943820265,0.454496106,-5.50284641e-05,5.50145948e-05,5.53110866e-05,0.00794453508,0.794708947,-0.890796692,0.000714391626,3,0.0794001878,-0.0893115554,0.037426022,-0.0473426152
2.04,1.65408147,1.94780722,1.93282702,0.932825211,-13.1214343,0.398368047,-0.932825211,0.449768393,-5.46247805e-05,5.46080146e-05,5.49015617e-05,0.00775102359,0.769976524,-0.870162874,0.000790849933,3,0.0832851419,-0.0936477793,0.0393000206,-0.049667954
2.042,1.65791394,1.94965842,1.90612895,0.921181258,-13.7266089,0.390608901,-0.921181258,0.444700356,-5.41838522e-05,5.41640015e-05,5.44545622e-05,0.00754969184,0.744550937,-0.84857491,0.0008636043,3,0.0871176128,-0.0979225166,0.041151217,-0.0519614754
2.044,1.66169151,1.95148552,1.87822693,0.908895255,-14.3231846,0.382542238,-0.908895255,0.439294594,-5.37058242e-05,5.36827273e-05,5.39702555e-05,0.00734106402,0.718501133,-0.826090585,0.000932414611,3,0.0908951799,-0.102133193,0.0429783217,-0.0542217363
2.046,1.66541178,1.95328726,1.84913843,0.89597461,-14.9107822,0.374173246,-0.89597461,0.43355407,-5.31908741e-05,5.3164397e-05,5.34488421e-05,0.00712568554,0.69189813,-0.802770501,0.000997052707,3,0.0946154572,-0.106277277,0.04478006,-0.056447317
2.048,1.66907242,1.95506237,1.81888169,0.882427276,-15.4890286,0.365507447,-0.882427276,0.427482102,-5.26392118e-05,5.26092488e-05,5.28905551e-05,0.0069041215,0.664814804,-0.778677897,0.00105730328,3,0.0982760942,-0.110352282,0.0465551723,-0.0586368221
2.05,1.6726711,1.95680962,1.78747569,0.868261748,-16.057556,0.35655068,-0.868261748,0.421082359,-5.20510794e-05,5.20175538e-05,5.22956604e-05,0.00667695519,0.637325674,-0.753878462,0.00111296467,3,0.101874778,-0.114355768,0.0483024159,-0.0607888813
2.052,1.67620556,1.95852777,1.75494014,0.853487049,-16.6160028,0.347309098,-0.853487049,0.414358859,-5.14267517e-05,5.13896156e-05,5.16644562e-05,0.00644478642,0.609506679,-0.728440143,0.00116384968,3,0.105409235,-0.11828534,0.0500205654,-0.0629021501
2.054,1.67967356,1.96021562,1.72129547,0.838112725,-17.1640138,0.337789157,-0.838112725,0.407315955,-5.07665355e-05,5.07257707e-05,5.09972728e-05,0.00620822987,0.581434947,-0.702432939,0.00120978625,3,0.108877231,-0.122138655,0.0517084146,-0.0649753108
2.056,1.6830729,1.96187198,1.68656281,0.822148827,-17.7012401,0.327997608,-0.822148827,0.399958337,-5.00707701e-05,5.00263874e-05,5.02944726e-05,0.0059679134,0.553188568,-0.675928694,0.0012506181,3,0.112276575,-0.125913416,0.0533647764,-0.0670070731
2.058,1.68640144,1.96349569,1.65076399,0.805605907,-18.2273398,0.317941484,-0.805605907,0.392291017,-4.93398266e-05,4.9291866e-05,4.95564495e-05,0.00572447626,0.524846354,-0.649000878,0.00128620531,3,0.115605116,-0.129607378,0.0549884851,-0.068996175
2.06,1.68965708,1.9650856,1.61392152,0.788495003,-18.7419777,0.307628096,-0.788495003,0.384319326,-4.8574108e-05,4.85226381e-05,4.87836284e-05,0.00547856733,0.496487603,-0.62172437,0.00131642482,3,0.118860753,-0.133218347,0.0565783961,-0.0709413833
2.062,1.69283775,1.96664059,1.57605856,0.770827627,-19.2448261,0.297065016,-0.770827627,0.376048906,-4.77740489e-05,4.77191664e-05,4.79764652e-05,0.00523084326,0.468191862,-0.59417523,0.00134117086,3,0.122041425,-0.136744183,0.0581333879,-0.0728414945
2.064,1.69594145,1.96815956,1.53719894,0.752615751,-19.7355646,0.286260075,-0.752615751,0.367485697,-4.6940115e-05,4.68819438e-05,4.71354459e-05,0.00498196668,0.440038682,-0.566430469,0.00136035533,3,0.125145121,-0.140182798,0.0596523625,-0.0746953352
2.066,1.69896621,1.96964145,1.4973671,0.733871799,-20.2138804,0.275221343,-0.733871799,0.358635933,-4.60728028e-05,4.60114932e-05,4.6261086e-05,0.0047326043,0.412107386,-0.538567818,0.00137390806,3,0.128169879,-0.143532162,0.0611342462,-0.0765017629
2.068,1.70191011,1.97108519,1.45658814,0.71460863,-20.6794688,0.263957126,-0.71460863,0.349506132,-4.51726391e-05,4.51083667e-05,4.53539304e-05,0.00448342505,0.38447682,-0.510665494,0.00138177708,3,0.131113786,-0.146790296,0.0625779909,-0.0782596666
2.07,1.70477131,1.97248978,1.41488772,0.694839523,-21.1320328,0.252475953,-0.694839523,0.340103085,-4.42401809e-05,4.41731451e-05,4.44145525e-05,0.00423509819,0.357225125,-0.482801962,0.00138392868,3,0.133974978,-0.149955281,0.0639825748,-0.0799679669
2.072,1.70754797,1.9738542,1.37229212,0.674578168,-21.571284,0.240786561,-0.674578168,0.330433848,-4.32760143e-05,4.32064372e-05,4.34435533e-05,0.00398829145,0.330429499,-0.455055705,0.00138034759,3,0.136751647,-0.153025254,0.065347003,-0.0816256174
2.074,1.71023836,1.97517751,1.32882816,0.653838649,-21.9969424,0.228897892,-0.653838649,0.32050573,-4.22807544e-05,4.2208879e-05,4.24415612e-05,0.00374366915,0.304165964,-0.427504978,0.0013710369,3,0.139442035,-0.155998412,0.0666703085,-0.0832316043
2.076,1.71284077,1.97645876,1.28452324,0.632635429,-22.4087366,0.216819075,-0.632635429,0.310326289,-4.12550443e-05,4.11811331e-05,4.14092312e-05,0.00350189032,0.278509141,-0.400227586,0.00135601803,3,0.142044439,-0.158873009,0.0679515531,-0.0847849475
2.078,1.71535354,1.97769703,1.23940529,0.61098334,-22.8064041,0.204559421,-0.61098334,0.299903314,-4.0199555e-05,4.01238877e-05,4.03472438e-05,0.00326360687,0.253532028,-0.373300642,0.00133533061,3,0.144557213,-0.16164736,0.0691898278,-0.0862847006
2.08,1.71777509,1.97889146,1.19350275,0.588897564,-23.1896912,0.192128406,-0.588897564,0.289244824,-3.91149843e-05,3.90378561e-05,3.92563046e-05,0.00302946178,0.229305781,-0.346800341,0.00130903229,3,0.146978766,-0.164319842,0.0703842538,-0.0877299516
2.082,1.72010389,1.98004119,1.14684457,0.56639362,-23.5583538,0.179535667,-0.56639362,0.27835905,-3.80020559e-05,3.79237759e-05,3.81371434e-05,0.00280008725,0.205899505,-0.320801733,0.00127719843,3,0.149307564,-0.166888891,0.0715339831,-0.0891198233
2.084,1.72233846,1.9811454,1.09946017,0.54348735,-23.9121567,0.166790987,-0.54348735,0.267254429,-3.68615194e-05,3.6782408e-05,3.69905136e-05,0.00257610301,0.183380046,-0.2953785,0.00123992185,3,0.151542134,-0.169353006,0.0726381991,-0.0904534734
2.086,1.72447739,1.98220332,1.05137944,0.520194905,-24.2508744,0.153904283,-0.520194905,0.255939596,-3.56941487e-05,3.56145356e-05,3.58171909e-05,0.00235811454,0.161811799,-0.27060274,0.00119731242,3,0.15368106,-0.17171075,0.0736961173,-0.091730095
2.088,1.72651931,1.98321419,1.00263272,0.496532729,-24.5742911,0.140885603,-0.496532729,0.244423368,-3.45007418e-05,3.44209638e-05,3.46179731e-05,0.0021467114,0.141256515,-0.246544751,0.00114949664,3,0.155722987,-0.173960748,0.0747069859,-0.0929489171
2.09,1.72846295,1.98417729,0.95325077,0.472517545,-24.8822007,0.127745107,-0.472517545,0.232714741,-3.32821197e-05,3.32025184e-05,3.33936787e-05,0.00194246563,0.121773121,-0.22327283,0.00109661712,3,0.157666622,-0.176101689,0.0756700862,-0.0941092046
2.092,1.73030706,1.98509194,0.903264745,0.448166339,-25.1744069,0.114493063,-0.448166339,0.220822875,-3.20391254e-05,3.19600451e-05,3.21451465e-05,0.00174593009,0.103417547,-0.200853067,0.00103883213,3,0.159510733,-0.178132327,0.0765847334,-0.0952102586
2.094,1.73205048,1.98595748,0.852706197,0.423496349,-25.4507237,0.101139835,-0.423496349,0.208757088,-3.07726234e-05,3.06944086e-05,3.08732343e-05,0.001557637,0.086242564,-0.179349158,0.000976314961,3,0.161254151,-0.180051482,0.0774502771,-0.0962514169
2.096,1.7336921,1.9867733,0.801607038,0.398525048,-25.7109749,0.0876958728,-0.398525048,0.196526844,-2.94834984e-05,2.94064918e-05,2.95788187e-05,0.00137809644,0.0702976289,-0.158822214,0.000909253313,3,0.162895772,-0.181858037,0.0782661014,-0.0972320541
2.098,1.73523088,1.98753883,0.749999525,0.373270128,-25.9549949,0.0741717034,-0.373270128,0.184141743,-2.81726549e-05,2.80971947e-05,2.82627935e-05,0.00120779495,0.0556287423,-0.139330589,0.000837848666,3,0.164434553,-0.183550943,0.0790316257,-0.0981515815
2.1,1.73666585,1.98825351,0.697916238,0.34774949,-26.1826283,0.0605779208,-0.34774949,0.171611514,-2.68410157e-05,2.67674338e-05,2.69260695e-05,0.00104719419,0.0422783146,-0.120929708,0.000762315567,3,0.16586952,-0.185129217,0.0797463053,-0.099009448
2.102,1.73799609,1.98891683,0.645390061,0.321981227,-26.39373,0.0469251773,-0.321981227,0.158946006,-2.54895212e-05,2.5418141e-05,2.5569573e-05,0.000896729688,0.030285043,-0.10367191,0.000682880916,3,0.167199761,-0.186591944,0.0804096312,-0.0998051394
2.104,1.73922076,1.98952833,0.59245416,0.295983608,-26.5881658,0.0332241742,-0.295983608,0.146155176,-2.41191288e-05,2.40502628e-05,2.41942457e-05,0.000756809616,0.0196838002,-0.087606296,0.000599783202,3,0.168424433,-0.187938274,0.081021131,-0.10053818
2.106,1.74033908,1.99008757,0.539141961,0.269775068,-26.7658117,0.0194856532,-0.269775068,0.133249081,-2.27308112e-05,2.26647593e-05,2.28010432e-05,0.000627813699,0.0105055333,-0.0727785874,0.000513271734,3,0.169542757,-0.189167426,0.0815803691,-0.101208129
2.108,1.74135035,1.99059415,0.485487131,0.243374193,-26.9265548,0.00572038722,-0.243374193,0.120237872,-2.13255563e-05,2.12626035e-05,2.13909347e-05,0.000510092169,0.00277717438,-0.0592309979,0.00042360583,3,0.170554024,-0.190278687,0.0820869467,-0.101814588
2.11,1.74225392,1.9910477,0.431523554,0.216799704,-27.0702926,-0.0080608279,-0.216799704,0.107131781,-1.99043653e-05,1.98447804e-05,1.99649019e-05,0.000403964807,-0.0034784371,-0.0470021116,0.000331053999,3,0.171457589,-0.191271412,0.0825405027,-0.102357193
2.112,1.74304921,1.99144792,0.37728531,0.190070445,-27.1969336,-0.0218471819,-0.190070445,0.0939411145,-1.84682527e-05,1.8412286e-05,1.85239383e-05,0.000309720073,-0.00824262081,-0.0361267739,0.000235893097,3,0.172252878,-0.192145023,0.0829407132,-0.102835619
2.114,1.74373571,1.99179449,0.322806655,0.163205368,-27.3063972,-0.0356278586,-0.163205368,0.0806762468,-1.70182446e-05,1.69661267e-05,1.70690484e-05,0.000227614322,-0.0115009099,-0.0266359922,0.000138407476,3,0.172939386,-0.192899014,0.0832872925,-0.103249578
2.116,1.744313,1.99208719,0.268121999,0.136223523,-27.3986135,-0.049392044,-0.136223523,0.0673476085,-1.5555378e-05,1.55073181e-05,1.56012475e-05,0.000157871107,-0.0132430936,-0.0185568482,3.88881138e-05,3,0.173516673,-0.193532944,0.0835799927,-0.103598823
2.118,1.7447807,1.99232581,0.213265881,0.109144039,-27.4735236,-0.0631289342,-0.109144039,0.0539656797,-1.40806999e-05,1.40368846e-05,1.41215602e-05,0.000100680565,-0.0134632478,-0.0119124212,-6.23682607e-05,3,0.173984371,-0.194046444,0.0838186041,-0.103883144
2.12,1.74513851,1.99251016,0.158272952,0.0819861149,-27.5310798,-0.076827744,-0.0819861149,0.0405409819,-1.25952661e-05,1.25558583e-05,1.26310211e-05,5.61989075e-05,-0.0121597539,-0.00672172303,-0.000165060051,3,0.17434218,-0.194439214,0.0840029555,-0.104102367
2.122,1.7453862,1.99264012,0.103177949,0.0547690047,-27.5712449,-0.0904777145,-0.0547690047,0.0270840696,-1.11001406e-05,1.10652783e-05,1.1130674e-05,2.4547991e-05,-0.00933530501,-0.00299964388,-0.000268881683,3,0.17458987,-0.194711022,0.0841329141,-0.10425636
2.124,1.74552361,1.99271559,0.0480156751,0.027512004,-27.5939932,-0.104068121,-0.027512004,0.0136055224,-9.59639441e-06,9.56618996e-06,9.62157279e-06,5.81498573e-06,-0.00499690109,-0.000756910362,-0.000373524494,3,0.174727281,-0.194861706,0.0842083856,-0.104345026
2.126,1.74555065,1.99273652,-0.00717902288,0.00023443672,-27.5993096,-0.117588281,-0.00023443672,0.000115936816,-8.08510458e-06,8.05964403e-06,8.10478371e-06,5.21371617e-08,0.00084416896,-5.49605756e-08,-0.000478677626,3,0.174754321,-0.194891174,0.0842293144,-0.104368311
2.128,1.7454673,1.99270289,-0.0623712766,-0.0270443576,-27.5871902,-0.131027563,0.0270443576,-0.0133740813,-6.5673534e-06,6.54669597e-06,6.5813919e-06,7.27662202e-06,0.00817235636,-0.000731397278,-0.00058402892,3,0.17467097,-0.194799402,0.0841956834,-0.104326195
2.13,1.7452736,1.99261472,-0.117526218,-0.0543050374,-27.5576421,-0.144375391,0.0543050374,-0.0268539252,-5.0442274e-06,5.02840517e-06,5.0525211e-06,2.74704983e-05,0.0169678937,-0.00294903709,-0.0006892658,3,0.174477275,-0.194586438,0.0841075145,-0.104218698
2.132,1.74496968,1.99247207,-0.172609002,-0.0815282724,-27.5106831,-0.157621259,0.0815282724,-0.0403129948,-3.51681648e-06,3.50583424e-06,3.519407e-06,6.05807499e-05,0.0272068482,-0.00664685921,-0.000794076161,3,0.174173355,-0.194252399,0.083964868,-0.10404588
2.134,1.74455572,1.99227505,-0.227584825,-0.108694756,-27.4463424,-0.170754732,0.108694756,-0.0537407049,-1.98621299e-06,1.98004827e-06,1.98381541e-06,0.000106519426,0.0388611859,-0.0118145501,-0.000898149246,3,0.173759398,-0.193797469,0.083767843,-0.103807838
2.136,1.74403199,1.99202378,-0.282418954,-0.135785221,-27.3646597,-0.183765458,0.135785221,-0.0671264928,-4.53510811e-07,4.52114145e-07,4.56992634e-07,0.000165163876,0.0518988484,-0.0184376262,-0.00100117652,3,0.173235661,-0.193221905,0.083516577,-0.103504707
2.138,1.7433988,1.99171845,-0.337076741,-0.162780448,-27.2656859,-0.196643173,0.162780448,-0.0804598268,1.08019546e-06,-1.07690019e-06,1.10725018e-06,0.000236357072,0.06628384,-0.0264974743,-0.00110285253,3,0.17260247,-0.192526031,0.0832112462,-0.103136662
2.14,1.74265655,1.99135927,-0.391523647,-0.189661285,-27.1494824,-0.209377716,0.189661285,-0.0937302141,2.61381141e-06,-2.60592636e-06,2.64454227e-06,0.000319908035,0.0819763267,-0.035971403,-0.00120287576,3,0.171860223,-0.191710241,0.0828520649,-0.102703915
2.142,1.74180571,1.99094649,-0.445725266,-0.216408654,-27.0161218,-0.221959026,0.216408654,-0.106927209,4.14624368e-06,-4.1338963e-06,4.18389655e-06,0.000415592341,0.0989327459,-0.0468327057,-0.00130094948,3,0.171009382,-0.190774998,0.0824392858,-0.102206718
2.144,1.74084681,1.9904804,-0.499647344,-0.243003572,-26.8656871,-0.234377163,0.243003572,-0.120040421,5.67640078e-06,-5.6597429e-06,5.72191059e-06,0.000523152728,0.117105927,-0.0590507359,-0.00139678256,3,0.170050483,-0.189720835,0.0819731995,-0.101645361
2.146,1.73978045,1.98996134,-0.553255802,-0.269427156,-26.6982723,-0.246622306,0.269427156,-0.133059523,7.2031939e-06,-7.18240064e-06,7.25715564e-06,0.000642299785,0.136445222,-0.0725909926,-0.00149009028,3,0.168984126,-0.188548352,0.0814541346,-0.101020169
2.148,1.73860731,1.98938966,-0.606516757,-0.295660645,-26.5139817,-0.258684767,0.295660645,-0.145974261,8.72553776e-06,-8.7008063e-06,8.78845238e-06,0.000772712731,0.156896646,-0.0874152171,-0.00158059518,3,0.167810981,-0.187258218,0.0808824573,-0.10033151
2.15,1.73732811,1.98876577,-0.659396541,-0.321685407,-26.3129303,-0.270554999,0.321685407,-0.158774461,1.02423514e-05,-1.02138996e-05,1.0314687e-05,0.000914040287,0.178403031,-0.103481501,-0.00166802776,3,0.166531786,-0.185851172,0.080258571,-0.0995797877
2.152,1.73594367,1.98809012,-0.711861726,-0.347482956,-26.0952438,-0.282223605,0.347482956,-0.171450038,1.1752559e-05,-1.17206238e-05,1.18347709e-05,0.00106590162,0.200904182,-0.120744405,-0.00175212733,3,0.165147344,-0.184328018,0.0795829163,-0.0987654435
2.154,1.73445485,1.98736317,-0.763879141,-0.373034966,-25.8610579,-0.293681343,0.373034966,-0.183991007,1.32550905e-05,-1.32199264e-05,1.33476283e-05,0.00122788736,0.224337052,-0.139155086,-0.00183264269,3,0.163658526,-0.18268963,0.0788559706,-0.0978889574
2.156,1.7328626,1.98658545,-0.815415896,-0.398323283,-25.6105189,-0.304919142,0.398323283,-0.196387487,1.47488828e-05,-1.47107598e-05,1.48521922e-05,0.00139956076,0.248635915,-0.158661438,-0.00190933291,3,0.162066269,-0.180936949,0.0780782477,-0.0969508469
2.158,1.7311679,1.9857575,-0.8664394,-0.423329942,-25.3437832,-0.315928105,0.423329942,-0.208629718,1.62328797e-05,-1.61920818e-05,1.6347403e-05,0.00158045883,0.273732557,-0.17920824,-0.00198196797,3,0.160371575,-0.179070981,0.0772502974,-0.0959516671
2.16,1.72937184,1.98487991,-0.916917383,-0.448037178,-25.0610174,-0.326699521,0.448037178,-0.220708062,1.77060337e-05,-1.76628567e-05,1.78322078e-05,0.00177009361,0.29955647,-0.200737313,-0.00205032951,3,0.158575511,-0.177092801,0.0763727053,-0.0948920106
2.162,1.72747553,1.98395329,-0.966817916,-0.472427441,-24.762398,-0.337224875,0.472427441,-0.232613017,1.91673059e-05,-1.91220551e-05,1.93055608e-05,0.00196795353,0.326035051,-0.223187687,-0.00211421141,3,0.156679208,-0.175003549,0.0754460922,-0.0937725072
2.164,1.72548019,1.98297832,-1.01610943,-0.496483414,-24.4481114,-0.347495856,0.496483414,-0.244335227,2.06156671e-05,-2.05686556e-05,2.07664234e-05,0.00217350478,0.353093816,-0.246495781,-0.00217342049,3,0.15468386,-0.172804432,0.0744711138,-0.0925938236
2.166,1.72338705,1.98195566,-1.06476074,-0.520188022,-24.1183541,-0.357504366,0.520188022,-0.255865487,2.20500983e-05,-2.20016445e-05,2.22137651e-05,0.00238619278,0.380656612,-0.270595578,-0.00222777702,3,0.152590725,-0.170496719,0.07344846,-0.0913566636
2.168,1.72119745,1.98088606,-1.11274105,-0.543524449,-23.7733319,-0.367242533,0.543524449,-0.267194759,2.34695917e-05,-2.34200171e-05,2.36465636e-05,0.00260544374,0.40864584,-0.295418827,-0.00227711538,3,0.150401121,-0.168081746,0.0723788546,-0.0900617673
2.17,1.71891275,1.97977026,-1.16001999,-0.566476154,-23.4132604,-0.376702714,0.566476154,-0.278314178,2.48731512e-05,-2.48227781e-05,2.50638059e-05,0.00283066617,0.436982679,-0.320895233,-0.00232128451,3,0.148116428,-0.165560914,0.0712630546,-0.0887099113
2.172,1.71653441,1.97860905,-1.20656764,-0.589026882,-23.0383645,-0.385877513,0.589026882,-0.289215061,2.62597931e-05,-2.62089425e-05,2.64644884e-05,0.00306125258,0.465587319,-0.346952668,-0.00236014845,3,0.145738087,-0.162935686,0.07010185,-0.0873019082
2.174,1.71406392,1.97740326,-1.25235451,-0.611160683,-22.6488785,-0.394759784,0.611160683,-0.29988892,2.7628547e-05,-2.75775357e-05,2.78476183e-05,0.0032965811,0.494379197,-0.37351738,-0.00239358676,3,0.143267597,-0.160207588,0.0688960626,-0.0858386064
2.176,1.71150284,1.97615375,-1.29735162,-0.632861923,-22.2450458,-0.403342644,0.632861923,-0.310327471,2.89784559e-05,-2.89275951e-05,2.92122136e-05,0.00353601728,0.523277231,-0.400514213,-0.002421495,3,0.140706516,-0.157378208,0.0676465459,-0.0843208895
2.178,1.70885279,1.97486139,-1.34153045,-0.6541153,-21.827119,-0.41161948,0.6541153,-0.320522644,3.03085777e-05,-3.02581699e-05,3.05573044e-05,0.00377891578,0.552200064,-0.427866825,-0.00244378506,3,0.138056459,-0.154449197,0.0663541842,-0.0827496765
2.18,1.70611542,1.97352709,-1.38486301,-0.674905858,-21.3953592,-0.419583961,0.674905858,-0.330466591,3.1617985e-05,-3.15683223e-05,3.18819331e-05,0.0040246222,0.581066305,-0.455497918,-0.00246038547,3,0.135319098,-0.151422265,0.0650198919,-0.0811259207
2.182,1.70329249,1.97215182,-1.42732183,-0.695219005,-20.9500367,-0.427230045,0.695219005,-0.3401517,3.29057667e-05,-3.28571284e-05,3.31851557e-05,0.00427247489,0.60979477,-0.483329465,-0.00247124175,3,0.13249616,-0.148299184,0.0636446131,-0.0794506099
2.184,1.70038575,1.97073652,-1.46888,-0.715040521,-20.49143,-0.434551992,0.715040521,-0.349570601,3.41710277e-05,-3.41236782e-05,3.44660421e-05,0.00452180683,0.638304731,-0.511282946,-0.00247631662,3,0.129589426,-0.145081784,0.0622293202,-0.0777247658
2.186,1.69739706,1.96928222,-1.50951117,-0.734356577,-20.0198261,-0.441544367,0.734356577,-0.35871618,3.54128901e-05,-3.5367077e-05,3.57236772e-05,0.00477194745,0.666516153,-0.539279582,-0.00247559016,3,0.12660073,-0.141771956,0.0607750141,-0.0759494432
2.188,1.69432829,1.96778992,-1.54918955,-0.753153749,-19.5355204,-0.448202053,0.753153749,-0.367581583,3.66304938e-05,-3.6586446e-05,3.69571615e-05,0.00502222456,0.694349937,-0.567240569,-0.00246905998,3,0.123531959,-0.138371644,0.0592827224,-0.07412573
2.19,1.69118138,1.9662607,-1.58788998,-0.771419029,-19.0388162,-0.454520257,0.771419029,-0.376160233,3.78229971e-05,-3.77809227e-05,3.81656119e-05,0.00527196619,0.721728161,-0.595087319,-0.00245674129,3,0.120385049,-0.134882854,0.0577534992,-0.0722547465
2.192,1.68795832,1.96469563,-1.62558788,-0.789139844,-18.5300248,-0.460494522,0.789139844,-0.384445834,3.89895771e-05,-3.89496621e-05,3.93481625e-05,0.00552050249,0.748574314,-0.622741693,-0.00243866694,3,0.117161988,-0.131307644,0.0561884241,-0.0703376447
2.194,1.68466114,1.9630958,-1.66225932,-0.806304062,-18.0094652,-0.46612073,0.806304062,-0.39243238,4.01294306e-05,-4.00918372e-05,4.05039657e-05,0.00576716764,0.774813529,-0.65012624,-0.00241488734,3,0.113864811,-0.12764813,0.0545886012,-0.0683756078
2.196,1.68129193,1.96146236,-1.69788101,-0.822900012,-17.4774638,-0.471395111,0.822900012,-0.40011417,4.12417748e-05,-4.12066398e-05,4.16321924e-05,0.0060113017,0.800372808,-0.67716443,-0.00238547043,3,0.1104956,-0.12390648,0.0529551585,-0.0663698498
2.198,1.67785281,1.95979645,-1.73243032,-0.838916495,-16.9343547,-0.476314251,0.838916495,-0.407485809,4.23258474e-05,-4.22932812e-05,4.27320334e-05,0.00625225244,0.825181249,-0.703780885,-0.0023505015,3,0.107056482,-0.120084916,0.0512892464,-0.0643216146
2.2,1.67434596,1.95809924,-1.76588528,-0.854342793,-16.3804787,-0.480875098,0.854342793,-0.41454222,4.33809077e-05,-4.33509934e-05,4.38027e-05,0.00648937725,0.849170255,-0.729901609,-0.00231008298,3,0.10354963,-0.116185712,0.0495920375,-0.0622321754
2.202,1.67077359,1.95637193,-1.79822461,-0.869168687,-15.816184,-0.485074967,0.869168687,-0.421278655,4.44062372e-05,-4.43790291e-05,4.48434245e-05,0.00672204486,0.872273745,-0.755454207,-0.00226433414,3,0.099977259,-0.112211191,0.047864725,-0.060102834
2.204,1.66713795,1.95461572,-1.82942776,-0.883384463,-15.2418253,-0.488911547,0.883384463,-0.427690695,4.54011397e-05,-4.53766631e-05,4.58534618e-05,0.00694963719,0.894428354,-0.78036811,-0.00221339081,3,0.0963416267,-0.10816373,0.0461085218,-0.0579349201
2.206,1.66344136,1.95283186,-1.85947485,-0.896980928,-14.6577638,-0.492382903,0.896980928,-0.433774265,4.63649425e-05,-4.6343193e-05,4.68320893e-05,0.007171551,0.915573624,-0.804574785,-0.00215740494,3,0.0926450302,-0.104045749,0.0443246599,-0.0557297906
2.208,1.65968613,1.95102159,-1.88834676,-0.909949416,-14.0643672,-0.495487485,0.909949416,-0.439525635,4.72969965e-05,-4.72779394e-05,4.77786084e-05,0.00738719968,0.935652185,-0.82800794,-0.00209654415,3,0.0888898055,-0.09985972,0.0425143886,-0.0534888285
2.21,1.65587465,1.94918618,-1.9160251,-0.922281802,-13.4620094,-0.498224124,0.922281802,-0.444941428,4.8196677e-05,-4.81802475e-05,4.8692345e-05,0.00759601479,0.954609925,-0.850603722,-0.00203099121,3,0.0850783262,-0.0956081589,0.0406789743,-0.0512134424
2.212,1.65200933,1.9473269,-1.94249222,-0.933970509,-12.8510698,-0.500592045,0.933970509,-0.450018629,4.9063384e-05,-4.90494871e-05,4.95726502e-05,0.0077974477,0.972396152,-0.872300912,-0.00196094346,3,0.0812130015,-0.0912936271,0.0388196987,-0.0489050657
2.214,1.6480926,1.94544506,-1.96773126,-0.945008518,-12.2319339,-0.502590857,0.945008518,-0.454754581,4.98965433e-05,-4.9885054e-05,5.04189015e-05,0.00799097111,0.98896374,-0.893041099,-0.00188661216,3,0.0772962751,-0.0869187294,0.036937858,-0.0465651552
2.216,1.64412695,1.94354196,-1.99172611,-0.955389376,-11.6049925,-0.504220567,0.955389376,-0.459147,5.06956062e-05,-5.06863701e-05,5.1230503e-05,0.00817608046,1.00426927,-0.912768859,-0.0018082218,3,0.0733306234,-0.082486113,0.0350347617,-0.0441951906
2.218,1.64011488,1.94161893,-2.01446146,-0.965107201,-10.9706416,-0.505481569,0.965107201,-0.463193971,5.14600508e-05,-5.14528844e-05,5.20068865e-05,0.00835229535,1.01827314,-0.931431909,-0.00172600934,3,0.0693185541,-0.0779984658,0.0331117317,-0.0417966736
2.22,1.63605893,1.9396773,-2.03592278,-0.974156693,-10.3292821,-0.506374653,0.974156693,-0.466893952,5.21893818e-05,-5.21840739e-05,5.27475123e-05,0.00851916083,1.03093969,-0.948981263,-0.00164022337,3,0.0652626043,-0.0734585155,0.0311701006,-0.0393711266
2.222,1.63196167,1.93771841,-2.05609638,-0.982533137,-9.68131967,-0.506900997,0.982533137,-0.470245781,5.28831318e-05,-5.28794437e-05,5.34518697e-05,0.00867624864,1.0422373,-0.965371365,-0.00155112332,3,0.0611653395,-0.0688690274,0.0292112111,-0.036920092
2.224,1.62782568,1.93574362,-2.07496933,-0.990232405,-9.02716455,-0.507062169,0.990232405,-0.473248671,5.35408607e-05,-5.35385282e-05,5.41194776e-05,0.00882315831,1.05213845,-0.980560217,-0.00145897848,3,0.0570293514,-0.0642328035,0.0272364147,-0.034445131
2.226,1.62365358,1.93375427,-2.09252958,-0.997250968,-8.36723112,-0.506860125,0.997250968,-0.475902214,5.41621572e-05,-5.41608916e-05,5.47498855e-05,0.00895951828,1.06061981,-0.994509494,-0.00136406709,3,0.0528572564,-0.059552681,0.02524707,-0.0319478224
2.228,1.61944802,1.93175174,-2.10876588,-1.00358589,-7.70193775,-0.5062972,1.00358589,-0.478206381,5.47466384e-05,-5.47461281e-05,5.53426739e-05,0.00908498677,1.06766226,-1.00718464,-0.00126667532,3,0.0486516941,-0.0548315303,0.0232445424,-0.0294297619
2.23,1.61521165,1.9297374,-2.12366782,-1.00923484,-7.03170652,-0.505376109,1.00923484,-0.48016152,5.52939508e-05,-5.52938631e-05,5.58974548e-05,0.00919925271,1.07325098,-1.01855496,-0.00116709629,3,0.0444153257,-0.0500722539,0.0212302021,-0.0268925608
2.232,1.61094716,1.92771263,-2.13722585,-1.01419608,-6.35696296,-0.504099939,1.01419608,-0.481768353,5.58037701e-05,-5.58037531e-05,5.64138725e-05,0.0093020365,1.07737542,-1.02859369,-0.00106562892,3,0.0401508318,-0.0452777843,0.0192054233,-0.0243378445
2.234,1.60665724,1.92567879,-2.14943126,-1.01846848,-5.67813575,-0.502472145,1.01846848,-0.483027977,5.62758022e-05,-5.62754867e-05,5.6891604e-05,0.00939309064,1.08002933,-1.03727804,-0.000962576945,3,0.0358609114,-0.0404510828,0.017171583,-0.0217672522
2.236,1.60234461,1.92363726,-2.16027621,-1.0220515,-4.99565652,-0.500496537,1.0220515,-0.483941857,5.67097829e-05,-5.67087846e-05,5.73303594e-05,0.00947220031,1.08121076,-1.04458927,-0.000858247721,3,0.0315482795,-0.0355951375,0.0151300595,-0.0191824347
2.238,1.59801199,1.92158943,-2.16975372,-1.02494522,-4.3099595,-0.49817728,1.02494522,-0.484511821,5.71054786e-05,-5.71034004e-05,5.77298824e-05,0.00953918384,1.080922,-1.0505127,-0.000752951145,3,0.0272156661,-0.0307129619,0.0130822317,-0.0165850541
2.24,1.59366214,1.91953668,-2.17785768,-1.02715029,-3.62148126,-0.495518878,1.02715029,-0.484740059,5.74626862e-05,-5.74591208e-05,5.80899509e-05,0.00959389305,1.07916959,-1.05503772,-0.000646998497,3,0.0228658136,-0.0258075926,0.0110294774,-0.0139767822
2.242,1.5892978,1.91748037,-2.18458286,-1.02866797,-2.93066046,-0.492526168,1.02866797,-0.484629112,5.77812339e-05,-5.77757658e-05,5.84103767e-05,0.0096362135,1.07596422,-1.05815779,-0.000540701304,3,0.018501476,-0.0208820882,0.00897317246,-0.0113592989
2.244,1.58492174,1.91542189,-2.1899249,-1.02950009,-2.23793752,-0.489204309,1.02950009,-0.484181867,5.80609808e-05,-5.80531893e-05,5.86910068e-05,0.00966606464,1.0713207,-1.05987044,-0.000434370189,3,0.0141254163,-0.015939527,0.00691468942,-0.00873429196
2.246,1.58053673,1.9133626,-2.19388033,-1.02964908,-1.54375438,-0.485558768,1.02964908,-0.483401552,5.83018172e-05,-5.82912789e-05,5.89317225e-05,0.00968339984,1.06525783,-1.06017724,-0.000328313735,3,0.00974040536,-0.0109830053,0.00485539647,-0.00610345468
2.248,1.57614555,1.91130386,-2.19644656,-1.02911794,-0.848554135,-0.481595313,1.02911794,-0.482291721,5.85036652e-05,-5.84899565e-05,5.91324406e-05,0.0096882063,1.05779837,-1.05908373,-0.000222837357,3,0.00534921969,-0.00601563554,0.00279665623,-0.00346848534
2.25,1.57175097,1.90924703,-2.19762189,-1.02791022,-0.152780825,-0.477319994,1.02791022,-0.480856249,5.86664781e-05,-5.8649178e-05,5.92931127e-05,0.00968050491,1.04896887,-1.05659942,-0.000118242192,3,0.000954639989,-0.00104054439,0.000739824589,-0.000831085676
2.252,1.56735578,1.90719345,-2.19740551,-1.02603004,0.543120917,-0.472739134,1.02603004,-0.479099322,5.87902408e-05,-5.87689336e-05,5.94137258e-05,0.00966034996,1.03879958,-1.05273764,-1.48240152e-05,3,-0.0034405508,0.00393912916,-0.00131375035,0.00180704036
2.254,1.56296276,1.90514447,-2.1957975,-1.02348206,1.23870614,-0.467859311,1.02348206,-0.477025422,5.88749699e-05,-5.88492479e-05,5.94943021e-05,0.00962782876,1.02732431,-1.04751553,8.71278206e-05,3,-0.0078335692,0.00892023575,-0.0033627294,0.00444418788
2.256,1.55857469,1.90310142,-2.19279882,-1.02027149,1.9335299,-0.462687346,1.02027149,-0.474639318,5.89207133e-05,-5.88901797e-05,5.95348991e-05,0.00958306116,1.01458027,-1.04095391,0.000187331405,3,-0.012221633,0.0138996177,-0.00540578341,0.00707865228
2.258,1.55419436,1.90106561,-2.18841132,-1.01640404,2.62714752,-0.457230287,1.01640404,-0.471946056,5.89275506e-05,-5.88918217e-05,5.95356093e-05,0.00952619898,1.00060794,-1.03307718,0.000285513253,3,-0.0166019631,0.0188741108,-0.00744159425,0.00970873061
2.26,1.54982454,1.89903835,-2.18263776,-1.01188596,3.31911492,-0.451495391,1.01188596,-0.46895094,5.88955926e-05,-5.88543006e-05,5.94965599e-05,0.00945742535,0.985450887,-1.02391319,0.00038140924,3,-0.0209717851,0.0238405468,-0.00946885588,0.0123327228
2.262,1.545468,1.89702093,-2.17548176,-1.00672396,4.00898893,-0.445490108,1.00672396,-0.465659521,5.88249812e-05,-5.87777769e-05,5.9417913e-05,0.00937695397,0.969155605,-1.01349313,0.000474765489,3,-0.0253283313,0.0287957548,-0.0114862754,0.0149489328
2.264,1.54112748,1.89501463,-2.16694785,-1.00092526,4.69632758,-0.439222068,1.00092526,-0.462077585,5.87158893e-05,-5.86624444e-05,5.92998649e-05,0.00928502824,0.951771315,-1.00185138,0.000565339203,3,-0.0296688423,0.0337365639,-0.0134925738,0.0175556702
2.266,1.53680576,1.89302071,-2.15704142,-0.994497538,5.38069037,-0.432699058,0.994497538,-0.458211133,5.85685205e-05,-5.85085297e-05,5.9142646e-05,0.00918192037,0.93334979,-0.989025354,0.00065289943,3,-0.033990569,0.0386598049,-0.0154864873,0.0201512512
2.268,1.53250555,1.89104043,-2.14576876,-0.987448914,6.06163867,-0.425929006,0.987448914,-0.45406637,5.83831088e-05,-5.83162923e-05,5.894652e-05,0.00906793035,0.913945156,-0.975055358,0.000737227781,3,-0.0382907739,0.0435623128,-0.017466768,0.0227339998
2.27,1.52822959,1.88907502,-2.13313703,-0.979787946,6.7387359,-0.418919968,0.979787946,-0.449649688,5.8159918e-05,-5.80860237e-05,5.87117839e-05,0.00894338492,0.893613694,-0.959984418,0.000818119059,3,-0.0425667335,0.0484409283,-0.0194321846,0.0253022494
2.272,1.52398059,1.88712568,-2.11915424,-0.971523603,7.41154794,-0.411680102,0.971523603,-0.444967648,5.78992418e-05,-5.78180469e-05,5.84387671e-05,0.0088086364,0.872413635,-0.943858112,0.000895381839,3,-0.0468157395,0.0532925006,-0.0213815236,0.0278543436
2.274,1.51976123,1.88519361,-2.1038293,-0.962665251,8.07964337,-0.404217658,0.962665251,-0.440026965,5.76014029e-05,-5.75127157e-05,5.81278306e-05,0.00866406153,0.850404953,-0.926724386,0.000968838961,3,-0.0510351008,0.0581138892,-0.02331359,0.0303886378
2.276,1.51557418,1.88327999,-2.08717197,-0.953222631,8.74259378,-0.396540951,0.953222631,-0.434834493,5.72667526e-05,-5.71704146e-05,5.7779367e-05,0.00851006018,0.827649157,-0.908633384,0.00103832796,3,-0.0552221451,0.0629019661,-0.0252272077,0.0329035
2.278,1.51142211,1.88138598,-2.06919284,-0.943205837,9.3999741,-0.388658353,0.943205837,-0.429397205,5.68956704e-05,-5.67915572e-05,5.7393799e-05,0.00834705403,0.804209081,-0.88963725,0.00110370139,3,-0.0593742208,0.0676536179,-0.0271212209,0.0353973124
2.28,1.50730763,1.87951271,-2.04990338,-0.932625301,10.0513629,-0.380578267,0.932625301,-0.423722177,5.64885634e-05,-5.63765861e-05,5.6971579e-05,0.0081754853,0.780148676,-0.869789951,0.00116482714,3,-0.0634886985,0.0723657482,-0.0289944941,0.0378684724
2.282,1.50323335,1.87766129,-2.02931589,-0.921491768,10.6963425,-0.372309112,0.921491768,-0.417816571,5.60458652e-05,-5.59259719e-05,5.65131884e-05,0.00799581526,0.755532796,-0.849147079,0.00122158857,3,-0.0675629727,0.0770352795,-0.0308459134,0.0403153935
2.284,1.49920186,1.87583282,-2.00744349,-0.909816278,11.3344996,-0.363859307,0.909816278,-0.411687619,5.55680361e-05,-5.5440212e-05,5.60191361e-05,0.00780852286,0.730426995,-0.82776566,0.00127388467,3,-0.0715944637,0.0816591556,-0.0326743863,0.0427365067
2.286,1.49521571,1.87402836,-1.98430013,-0.897610141,11.9654254,-0.355237251,0.897610141,-0.405342604,5.50555615e-05,-5.49198302e-05,5.54899582e-05,0.00761410329,0.704897323,-0.805703966,0.00132163005,3,-0.0755806189,0.0862343439,-0.0344788432,0.0451302617
2.288,1.49127741,1.87224896,-1.95990059,-0.88488492,12.5887157,-0.346451307,0.88488492,-0.398788845,5.45089514e-05,-5.43653752e-05,5.49262165e-05,0.00741306645,0.679010121,-0.783021321,0.00136475494,3,-0.0795189148,0.090757837,-0.0362582372,0.0474951276
2.29,1.48738947,1.87049566,-1.93426043,-0.871652403,13.2039715,-0.337509789,0.871652403,-0.39203368,5.392874e-05,-5.37774198e-05,5.43284977e-05,0.0072059355,0.652831828,-0.759777911,0.00140320507,3,-0.0834068584,0.0952266558,-0.0380115447,0.0498295943
2.292,1.48355434,1.86876944,-1.90739602,-0.857924588,13.8107991,-0.328420938,0.857924588,-0.385084447,5.33154843e-05,-5.31565601e-05,5.36974123e-05,0.00699324535,0.626428789,-0.736034599,0.00143694145,3,-0.0872419887,0.0996378507,-0.0397377662,0.0521321731
2.294,1.47977445,1.86707128,-1.8793245,-0.843713657,14.4088103,-0.319192915,0.843713657,-0.377948471,5.26697633e-05,-5.25034139e-05,5.30335935e-05,0.0067755411,0.599867067,-0.711852735,0.00146594013,3,-0.0910218786,0.103988505,-0.0414359262,0.0544013983
2.296,1.47605219,1.86540213,-1.85006381,-0.829031957,14.9976229,-0.309833782,0.829031957,-0.37063305,5.19921774e-05,-5.18186196e-05,5.23376956e-05,0.00655337663,0.573212265,-0.687293985,0.00149019189,3,-0.0947441361,0.108275735,-0.043105074,0.0566358276
2.298,1.47238992,1.86376292,-1.81963261,-0.813891974,15.5768607,-0.300351487,0.813891974,-0.363145432,5.1283347e-05,-5.11028357e-05,5.16103935e-05,0.00632731297,0.546529359,-0.662420145,0.00150970183,3,-0.0984064061,0.112496695,-0.0447442836,0.0588340434
2.3,1.46878996,1.86215455,-1.78805033,-0.798306319,16.1461541,-0.290753853,0.798306319,-0.355492809,5.0543912e-05,-5.03567386e-05,5.08523809e-05,0.0060979169,0.519882524,-0.637292978,0.00152448891,3,-0.102006372,0.116648577,-0.0463526541,0.0609946535
2.302,1.46525457,1.86057789,-1.75533715,-0.7822877,16.70514,-0.281048566,0.7822877,-0.347682298,4.97745302e-05,-4.95810223e-05,5.00643694e-05,0.00586575942,0.493334988,-0.611974045,0.00153458547,3,-0.105541756,0.120728614,-0.0479293101,0.0631162921
2.304,1.461786,1.8590338,-1.72151393,-0.765848907,17.2534621,-0.271243158,0.765848907,-0.339720929,4.89758767e-05,-4.87763963e-05,4.9247087e-05,0.00563141426,0.466948876,-0.586524549,0.00154003667,3,-0.109010323,0.124734082,-0.0494734017,0.0651976205
2.306,1.45838645,1.8575231,-1.68660228,-0.749002789,17.7907714,-0.261345003,0.749002789,-0.331615632,4.81486426e-05,-4.79435852e-05,4.8401277e-05,0.00539545652,0.440785077,-0.561005179,0.00154089988,3,-0.11240988,0.128662303,-0.0509841045,0.067237328
2.308,1.45505805,1.85604658,-1.65062447,-0.731762237,18.3167261,-0.2513613,0.731762237,-0.323373222,4.72935342e-05,-4.70833267e-05,4.75276966e-05,0.00515846114,0.414903112,-0.535475971,0.00153724402,3,-0.115738277,0.132510644,-0.05246062,0.0692341328
2.31,1.45180292,1.85460503,-1.61360346,-0.714140161,18.8309921,-0.24129907,0.714140161,-0.315000394,4.64112713e-05,-4.61963708e-05,4.66271155e-05,0.00492100161,0.389361015,-0.509996169,0.00152914892,3,-0.118993411,0.136276523,-0.0539021755,0.0711867825
2.312,1.4486231,1.85319918,-1.57556289,-0.696149478,19.333243,-0.231165142,0.696149478,-0.306503706,4.55025869e-05,-4.52834783e-05,4.57003148e-05,0.00468364856,0.364215219,-0.484624095,0.00151670459,3,-0.122173224,0.139957408,-0.055308024,0.0730940552
2.314,1.44552062,1.85182976,-1.53652701,-0.67780309,19.8231607,-0.220966151,0.67780309,-0.297889571,4.45682253e-05,-4.43454197e-05,4.47480858e-05,0.00444696846,0.33952046,-0.459417028,0.00150001049,3,-0.125275709,0.143550821,-0.0566774446,0.0749547595
2.316,1.44249742,1.85049746,-1.49652074,-0.65911387,20.3004349,-0.210708527,0.65911387,-0.28916425,4.36089416e-05,-4.33829737e-05,4.37712283e-05,0.00421152234,0.31532968,-0.434431094,0.00147917476,3,-0.128298905,0.147054338,-0.0580097418,0.0767677361
2.318,1.43955542,1.84920296,-1.45556958,-0.640094648,20.7647641,-0.200398493,0.640094648,-0.280333843,4.26255001e-05,-4.2396926e-05,4.27705497e-05,0.00397786455,0.29169395,-0.409721158,0.00145431351,3,-0.131240903,0.150465594,-0.0593042461,0.0785318575
2.32,1.43669648,1.84794689,-1.41369964,-0.620758191,21.2158551,-0.19004206,0.620758191,-0.271404281,4.16186733e-05,-4.13880683e-05,4.17468638e-05,0.00374654156,0.268662391,-0.385340732,0.00142554997,3,-0.134099846,0.153782281,-0.0605603134,0.0802460292
2.322,1.4339224,1.84672988,-1.37093762,-0.601117196,21.6534237,-0.17964502,0.601117196,-0.262381319,4.05892411e-05,-4.03571969e-05,4.07009891e-05,0.00351809082,0.246282116,-0.361341883,0.00139301379,3,-0.13687393,0.157002153,-0.0617773251,0.08190919
2.324,1.43123492,1.84555251,-1.32731076,-0.581184272,22.0771947,-0.169212951,0.581184272,-0.253270533,3.95379892e-05,-3.93051114e-05,3.96337481e-05,0.00329303966,0.224598171,-0.337775159,0.00135684024,3,-0.139561405,0.160123027,-0.062954688,0.0835203127
2.326,1.42863575,1.84441537,-1.28284688,-0.560971935,22.486902,-0.158751207,0.560971935,-0.244077315,3.84657084e-05,-3.82326138e-05,3.85459661e-05,0.00307190421,0.20365349,-0.314689511,0.00131716944,3,-0.142160575,0.163142784,-0.0640918338,0.0850784045
2.328,1.42612652,1.84331898,-1.23757427,-0.540492589,22.8822887,-0.148264926,0.540492589,-0.234806869,3.73731932e-05,-3.71405071e-05,3.74384699e-05,0.00285518842,0.183488859,-0.292132239,0.00127414562,3,-0.144669802,0.166059371,-0.0651882192,0.0865825072
2.33,1.42370882,1.84226388,-1.19152179,-0.519758526,23.2631075,-0.137759025,0.519758526,-0.225464209,3.62612411e-05,-3.60295945e-05,3.63120866e-05,0.0026433831,0.16414288,-0.270148926,0.00122791641,3,-0.147087505,0.168870803,-0.0662433257,0.0880316981
2.332,1.42138417,1.84125054,-1.14471873,-0.498781913,23.6291207,-0.127238204,0.498781913,-0.216054156,3.51306512e-05,-3.49006779e-05,3.51676433e-05,0.002436965,0.145651956,-0.248783397,0.00117863213,3,-0.149412159,0.171575164,-0.0672566589,0.0894250904
2.334,1.41915402,1.84027945,-1.09719489,-0.477574786,23.9801003,-0.116706948,0.477574786,-0.206581342,3.39822234e-05,-3.37545576e-05,3.40059652e-05,0.00223639594,0.128050267,-0.228077676,0.0011264451,3,-0.151642302,0.17417061,-0.0682277489,0.090761833
2.336,1.4170198,1.83935105,-1.04898049,-0.456149045,24.3158282,-0.10616953,0.456149045,-0.197050205,3.28167576e-05,-3.25920305e-05,3.28278755e-05,0.00204212203,0.111369766,-0.208071951,0.001071509,3,-0.15377653,0.176655371,-0.0691561495,0.0920411117
2.338,1.41498283,1.83846576,-1.0001062,-0.434516448,24.6360963,-0.0956300185,0.434516448,-0.187464994,3.16350524e-05,-3.14138898e-05,3.16341944e-05,0.0018545729,0.0956401748,-0.188804544,0.00101397829,3,-0.155813498,0.179027748,-0.0700414383,0.0932621486
2.34,1.4130444,1.83762399,-0.950603093,-0.412688613,24.9407066,-0.085092278,0.412688613,-0.177829771,3.04379045e-05,-3.02209241e-05,3.04257381e-05,0.00167416094,0.0808889826,-0.170311891,0.000954007608,3,-0.157751928,0.18128612,-0.070883216,0.0944242034
2.342,1.41120573,1.8368261,-0.900502616,-0.390677009,25.2294715,-0.0745599793,0.390677009,-0.168148412,2.92261076e-05,-2.90139161e-05,2.92033189e-05,0.00150128072,0.0671414564,-0.152628525,0.00089175126,3,-0.159590599,0.183428942,-0.0716811065,0.095526573
2.344,1.40946797,1.83607245,-0.849836599,-0.368492961,25.5022135,-0.0640366048,0.368492961,-0.158424615,2.8000452e-05,-2.77936426e-05,2.79677441e-05,0.00133630829,0.0544206505,-0.135787063,0.000827362733,3,-0.161328358,0.185454747,-0.0724347566,0.0965685917
2.346,1.40783221,1.83536337,-0.798637216,-0.346147648,25.7587656,-0.0535254564,0.346147648,-0.1486619,2.67617235e-05,-2.6560873e-05,2.67198161e-05,0.00117960066,0.0427474215,-0.119818194,0.000760994257,3,-0.162964113,0.187362149,-0.0731438352,0.0975496321
2.348,1.40629949,1.83469917,-0.746936965,-0.323652105,25.9989714,-0.0430296639,0.323652105,-0.138863621,2.55107027e-05,-2.53163696e-05,2.54603323e-05,0.00103149522,0.0321404465,-0.104750685,0.000692796418,3,-0.164496837,0.189149841,-0.0738080337,0.0984691047
2.35,1.40487076,1.83408014,-0.694768649,-0.301017225,26.222685,-0.0325521945,0.301017225,-0.129032967,2.42481644e-05,-2.40608861e-05,2.41900852e-05,0.000892309299,0.0226162442,-0.0906113699,0.000622917814,3,-0.165925571,0.190816598,-0.0744270652,0.0993264582
2.352,1.40354691,1.83350654,-0.642165356,-0.278253765,26.4297711,-0.0220958627,0.278253765,-0.119172971,2.29748774e-05,-2.27951678e-05,2.29098632e-05,0.000762339702,0.0141891976,-0.0774251578,0.000551504762,3,-0.16724942,0.19236128,-0.0750006646,0.10012118
2.354,1.40232877,1.83297861,-0.589160437,-0.255372349,26.6201054,-0.0116633401,0.255372349,-0.109286521,2.16916032e-05,-2.1519951e-05,2.1620451e-05,0.000641862292,0.00687157856,-0.0652150365,0.000478701059,3,-0.168467555,0.193782827,-0.075528588,0.100852796
2.356,1.40121711,1.83249659,-0.535787481,-0.232383473,26.793574,-0.00125716693,0.232383473,-0.0993763642,2.03990962e-05,-2.02359626e-05,2.0322632e-05,0.000531131633,0.000673574304,-0.0540020784,0.000404647786,3,-0.169579214,0.195080267,-0.0760106125,0.101520872
2.358,1.40021262,1.83206067,-0.482080299,-0.209297515,26.9500741,0.00912023693,0.209297515,-0.0894451201,1.90981029e-05,-1.89439195e-05,1.90171902e-05,0.000430380664,-0.00439668655,-0.0438054496,0.000329483165,3,-0.170583705,0.196252712,-0.0764465364,0.10212501
2.36,1.39931593,1.83167102,-0.428072899,-0.186124739,27.0895137,0.0194665599,0.186124739,-0.0794952882,1.77893616e-05,-1.7644529e-05,1.77049146e-05,0.000339820399,-0.00833310672,-0.0346424185,0.000253342458,3,-0.1714804,0.19729936,-0.0768361782,0.102664854
2.362,1.39852758,1.83132782,-0.373799464,-0.162875307,27.2118117,0.0297795865,0.162875307,-0.069529259,1.64736023e-05,-1.63384882e-05,1.63866048e-05,0.000259639673,-0.0111315935,-0.0265283657,0.000176357919,3,-0.172268743,0.198219497,-0.0771793771,0.103140085
2.364,1.39784808,1.83103121,-0.319294332,-0.139559285,27.3168978,0.0400571851,0.139559285,-0.0595493254,1.51515461e-05,-1.5026484e-05,1.50630804e-05,0.000190004912,-0.0127900322,-0.0194767942,9.86587878e-05,3,-0.172948244,0.199012496,-0.0774759923,0.103550424
2.366,1.39727784,1.8307813,-0.264591972,-0.116186655,27.4047129,0.0502972948,0.116186655,-0.0495576935,1.38239054e-05,-1.37091933e-05,1.37351964e-05,0.000131059946,-0.0133082604,-0.0134993388,2.03713229e-05,3,-0.173518483,0.199677818,-0.0777259032,0.103895632
2.368,1.39681722,1.83057819,-0.209726965,-0.0927673236,27.4752086,0.0604979127,0.0927673236,-0.0395564948,1.24913833e-05,-1.23872825e-05,1.24038673e-05,8.2925845e-05,-0.0126880436,-0.00860577633,-5.83811221e-05,3,-0.173979109,0.200215012,-0.0779290088,0.104175508
2.37,1.39646649,1.83042197,-0.154733979,-0.0693111345,27.5283477,0.0706570806,0.0693111345,-0.0295477979,1.11546741e-05,-1.10614082e-05,1.10701103e-05,4.57007874e-05,-0.0109330512,-0.00480403336,-0.000137477987,3,-0.174329839,0.200623717,-0.0780852282,0.104389892
2.372,1.39622587,1.8303127,-0.099647749,-0.0458278793,27.5641038,0.080772872,0.0458278793,-0.0195336212,9.81446271e-06,-9.73221706e-06,9.73512262e-06,1.94599601e-05,-0.00804883487,-0.00210019452,-0.000216801357,3,-0.174570461,0.200903661,-0.0781944999,0.104538661
2.374,1.3960955,1.83025042,-0.0445030538,-0.0223273095,27.5824616,0.0908433786,0.0223273095,-0.00951594515,8.47142523e-06,-8.40034595e-06,8.40043328e-06,4.2554856e-06,-0.00404280777,-0.000498508749,-0.000296235791,3,-0.174700832,0.20105466,-0.0782567819,0.104621733
2.376,1.39607545,1.83023515,0.0106653046,0.00118085211,27.5834166,0.100866698,-0.00118085211,0.000503274918,7.12622862e-06,-7.06642239e-06,7.06822414e-06,1.16377203e-07,0.00107577405,-1.39441171e-06,-0.000375668114,3,-0.174720878,0.201076622,-0.0782720517,0.104639065
2.378,1.39616573,1.8302669,0.0658225239,0.0246868988,27.5669752,0.110840918,-0.0246868988,0.010522096,5.77953105e-06,-5.7310648e-06,5.74209214e-06,7.04852261e-06,0.00729582895,-0.000609442973,-0.000454987192,3,-0.174630597,0.200969541,-0.0782403064,0.104590655
2.38,1.39636627,1.83034564,0.120933823,0.0481811279,27.5331549,0.120764107,-0.0481811279,0.0205385744,4.43198206e-06,-4.39488283e-06,4.42915056e-06,2.50346944e-05,0.0146044651,-0.00232142108,-0.000534083688,3,-0.174430053,0.200733503,-0.0781615622,0.104476537
2.382,1.39667695,1.83047135,0.175964463,0.0716538284,27.4819839,0.130634301,-0.0716538284,0.0305507534,3.0842228e-06,-3.05847786e-06,3.14720668e-06,5.40345881e-05,0.0229869946,-0.00513427112,-0.000612849799,3,-0.174119381,0.200368684,-0.0780358549,0.104296788
2.384,1.39709754,1.83064396,0.23087977,0.095095269,27.4135013,0.140449487,-0.095095269,0.0405566497,1.73688629e-06,-1.72244337e-06,1.95843354e-06,9.39848868e-05,0.0324269453,-0.00904311018,-0.000691178987,3,-0.173698788,0.199875348,-0.0778632398,0.104051521
2.386,1.39762778,1.83086341,0.285645157,0.118495686,27.3277568,0.150207596,-0.118495686,0.0505542415,3.90597773e-07,-3.87365508e-07,1.18480304e-06,0.000144799354,0.0429060722,-0.0140412276,-0.000768965701,3,-0.173168545,0.199253847,-0.0776437916,0.10374089
2.388,1.39826733,1.8311296,0.340226143,0.141845271,27.2248109,0.159906486,-0.141845271,0.0605414557,-9.54024912e-07,9.46176435e-07,1.61187443e-06,0.000206368953,0.0544043671,-0.020120081,-0.000846105094,3,-0.172528997,0.198504623,-0.0773776045,0.103365088
2.39,1.39901577,1.83144241,0.394588379,0.165134162,27.104735,0.169543938,-0.165134162,0.0705161554,-2.29637097e-06,2.27760943e-06,2.72041811e-06,0.000278561996,0.0669000675,-0.0272692916,-0.000922492749,3,-0.171780555,0.197628207,-0.0770647926,0.102924348
2.392,1.39987263,1.83180171,0.448697662,0.188352429,26.9676108,0.179117635,-0.188352429,0.0804761287,-3.63583618e-06,3.60636612e-06,3.9733209e-06,0.000361224318,0.0803696643,-0.0354766375,-0.000998024406,3,-0.1709237,0.196625215,-0.0767054897,0.102418939
2.394,1.40083735,1.83220735,0.502519965,0.211490065,26.8135304,0.188625163,-0.211490065,0.0904190764,-4.97182247e-06,4.93188426e-06,5.26572133e-06,0.000454179485,0.0947879103,-0.0447280476,-0.0010725957,3,-0.169958979,0.195496353,-0.0762998494,0.101849173
2.396,1.40190932,1.83265916,0.556021451,0.234536978,26.6425968,0.19806399,-0.234536978,0.100342601,-6.30373744e-06,6.25360602e-06,6.57162327e-06,0.000557229029,0.110127827,-0.055007594,-0.00114610193,3,-0.168887009,0.194242411,-0.0758480456,0.101215397
2.398,1.40308785,1.83315693,0.609168495,0.257482978,26.454923,0.207431465,-0.257482978,0.110244196,-7.63099385e-06,7.5709774e-06,7.88166282e-06,0.000670152713,0.126360714,-0.0662974842,-0.00121843779,3,-0.167708475,0.192864266,-0.0753502726,0.100517999
2.4,1.4043722,1.83370046,0.66192771,0.280317774,26.2506323,0.216724806,-0.280317774,0.120121236,-8.95300909e-06,8.88344756e-06,9.19148021e-06,0.000792708831,0.143456155,-0.0785780544,-0.00128949724,3,-0.166424125,0.191362881,-0.074806745,0.0997574055
2.402,1.40576155,1.8342895,0.714265958,0.30303096,26.0298583,0.225941093,-0.30303096,0.129970967,-1.02692047e-05,1.01904682e-05,1.04986211e-05,0.00092463454,0.161382031,-0.0918277626,-0.00135917325,3,-0.165034779,0.1897393,-0.0742176981,0.0989340794
2.404,1.40725501,1.83492381,0.766150381,0.325612013,25.7927445,0.235077258,-0.325612013,0.139790494,-1.15790058e-05,1.14914927e-05,1.1801482e-05,0.00106564622,0.180104531,-0.106023183,-0.0014273577,3,-0.163541318,0.187994653,-0.0735833884,0.0980485236
2.406,1.40885164,1.83560311,0.817548411,0.348050284,25.5394446,0.244130085,-0.348050284,0.14957678,-1.28818406e-05,1.2785976e-05,1.30988851e-05,0.00121543988,0.199588163,-0.121139,-0.00149394127,3,-0.161944691,0.186130152,-0.0729040934,0.0971012783
2.408,1.41055042,1.83632709,0.868427799,0.370334998,25.2701219,0.253096198,-0.370334998,0.15932663,-1.41771399e-05,1.40733733e-05,1.43898845e-05,0.0013736916,0.219795774,-0.137148011,-0.00155881334,3,-0.160245912,0.184147087,-0.0721801121,0.0960929217
2.41,1.41235027,1.83709544,0.918756626,0.392455243,24.9849496,0.261972058,-0.392455243,0.169036688,-1.54643363e-05,1.53531399e-05,1.56736693e-05,0.00154005799,0.240688564,-0.154021117,-0.00162186197,3,-0.158446056,0.182046831,-0.0714117652,0.0950240695
2.412,1.41425006,1.83790781,0.968503329,0.414399972,24.6841106,0.270753963,-0.414399972,0.178703432,-1.67428641e-05,1.66247304e-05,1.69495109e-05,0.00171417671,0.262226114,-0.171727337,-0.00168297391,3,-0.156546266,0.179830835,-0.0705993955,0.0938953746
2.414,1.41624858,1.83876383,1.01763672,0.436158001,24.367797,0.279438039,-0.436158001,0.188323164,-1.80121585e-05,1.78875982e-05,1.82167328e-05,0.00189566703,0.284366409,-0.190233802,-0.00174203463,3,-0.154547745,0.177500626,-0.069743368,0.0927075271
2.416,1.41834457,1.83966313,1.06612599,0.457718007,24.0362106,0.288020242,-0.457718007,0.19789201,-1.92716553e-05,1.91411949e-05,1.94746927e-05,0.00208413041,0.307065866,-0.209505774,-0.00179892843,3,-0.152451757,0.17505781,-0.0688440702,0.0914612537
2.418,1.4205367,1.84060529,1.11394076,0.479068528,23.6895622,0.296496357,-0.479068528,0.207405911,-2.05207902e-05,2.03849697e-05,2.07227706e-05,0.00227915118,0.330279378,-0.229506655,-0.00185353857,3,-0.150259628,0.172504065,-0.0679019124,0.0901573179
2.42,1.42282358,1.84158987,1.16105107,0.500197968,23.3280718,0.304861993,-0.500197968,0.216860626,-2.17589986e-05,2.16183692e-05,2.19603613e-05,0.00248029713,0.353960344,-0.250198007,-0.00190574748,3,-0.147972747,0.169841143,-0.0669173281,0.0887965191
2.422,1.42520377,1.84261643,1.2074274,0.521094594,22.9519682,0.313112592,-0.521094594,0.226251725,-2.29857151e-05,2.28408365e-05,2.3186869e-05,0.00268712033,0.378060723,-0.271539576,-0.00195543697,3,-0.145592557,0.167070869,-0.065890774,0.0873796927
2.424,1.42767576,1.84368447,1.25304071,0.541746547,22.5614894,0.321243421,-0.541746547,0.235574588,-2.4200373e-05,2.40518113e-05,2.44017042e-05,0.00289915784,0.402531083,-0.293489321,-0.00200248852,3,-0.143120564,0.164195137,-0.0648227307,0.0859077094
2.426,1.430238,1.8447935,1.29786242,0.562141841,22.1568815,0.329249583,-0.562141841,0.244824409,-2.54024041e-05,2.52507292e-05,2.56042803e-05,0.00311593254,0.42732066,-0.31600345,-0.00204678364,3,-0.14055833,0.161215909,-0.0637137025,0.0843814751
2.428,1.43288885,1.84594298,1.34186447,0.582268374,21.7383996,0.337126016,-0.582268374,0.25399619,-2.65912385e-05,2.64370213e-05,2.67940123e-05,0.00333695398,0.452377421,-0.33903646,-0.0020882042,3,-0.137907472,0.158135217,-0.0625642177,0.0828019302
2.43,1.43562666,1.84713237,1.3850193,0.602113932,21.3063069,0.344867498,-0.602113932,0.263084751,-2.77663041e-05,2.76101143e-05,2.79703149e-05,0.00356171931,0.477648141,-0.362541187,-0.00212663288,3,-0.135169665,0.154955154,-0.0613748291,0.0811700497
2.432,1.43844969,1.84836109,1.4272999,0.6216662,20.8608747,0.352468653,-0.6216662,0.272084722,-2.89270265e-05,2.876943e-05,2.91326017e-05,0.00378971419,0.503078475,-0.386468864,-0.00216195362,3,-0.132346637,0.151677881,-0.0601461141,0.0794868419
2.434,1.44135616,1.84962853,1.4686798,0.64091277,20.4023826,0.35992396,-0.64091277,0.280990557,-3.00728288e-05,2.99143855e-05,3.0280284e-05,0.00402041382,0.52861305,-0.410769179,-0.00219405215,3,-0.12944017,0.148305619,-0.0588786748,0.0777533488
2.436,1.44434423,1.85093406,1.50913309,0.659841155,19.9311178,0.367227754,-0.659841155,0.28979653,-3.12031313e-05,3.10443925e-05,3.14127709e-05,0.00425328395,0.554195555,-0.43539035,-0.00222281649,3,-0.126452097,0.144840647,-0.0575731381,0.0759706448
2.438,1.44741202,1.85227705,1.54863445,0.678438796,19.4473754,0.37437424,-0.678438796,0.298496746,-3.23173519e-05,3.21588577e-05,3.25294679e-05,0.00448778199,0.579768844,-0.4602792,-0.00224813758,3,-0.123384303,0.141285307,-0.0562301561,0.0741398367
2.44,1.4505576,1.8536568,1.58715914,0.696693079,18.9514577,0.3813575,-0.696693079,0.307085143,-3.34149056e-05,3.32571831e-05,3.36297775e-05,0.00472335813,0.605275042,-0.485381246,-0.00226990981,3,-0.120238724,0.137641992,-0.054850406,0.0722620631
2.442,1.45377898,1.85507261,1.62468305,0.714591347,18.4436747,0.388171503,-0.714591347,0.315555504,-3.44952047e-05,3.43387653e-05,3.47130985e-05,0.00495945649,0.63065566,-0.510640794,-0.00228803176,3,-0.117017342,0.133913153,-0.0534345904,0.0703384933
2.444,1.45707414,1.85652376,1.66118268,0.732120917,17.9243432,0.394810115,-0.732120917,0.323901459,-3.55576588e-05,3.54029964e-05,3.5778826e-05,0.00519551634,0.655851723,-0.536001037,-0.00230240674,3,-0.11372219,0.130101294,-0.0519834371,0.0683703275
2.446,1.46044098,1.8580095,1.69663517,0.749269091,17.3937872,0.40126711,-0.749269091,0.332116498,-3.66016751e-05,3.64492638e-05,3.68263517e-05,0.00543097337,0.680803892,-0.56140417,-0.00231294354,3,-0.110355344,0.126208965,-0.0504976995,0.0663587951
2.448,1.4638774,1.85952905,1.73101834,0.766023177,16.8523374,0.407536184,-0.766023177,0.340193982,-3.76266584e-05,3.74769507e-05,3.78550636e-05,0.00566526093,0.705452607,-0.586791508,-0.0023195571,3,-0.106918926,0.122238771,-0.0489781561,0.0643051551
2.45,1.46738123,1.86108159,1.76431063,0.782370506,16.300331,0.413610967,-0.782370506,0.348127148,-3.86320114e-05,3.84854362e-05,3.88643468e-05,0.0058978114,0.729738225,-0.612103609,-0.00232216919,3,-0.103415101,0.118193358,-0.0474256111,0.0622106947
2.452,1.47095025,1.86266631,1.7964912,0.798298447,15.7381119,0.419485035,-0.798298447,0.355909125,-3.96171351e-05,3.94740959e-05,3.98535833e-05,0.00612805746,0.753601172,-0.637280411,-0.0023207091,3,-0.0998460791,0.11407542,-0.0458408936,0.0600767285
2.454,1.47458222,1.86428234,1.82753987,0.813794428,15.1660298,0.425151926,-0.813794428,0.363532943,-4.05814289e-05,4.04423026e-05,4.08221525e-05,0.00635543355,0.776982097,-0.662261371,-0.00231511435,3,-0.0962141075,0.109887691,-0.0442248583,0.0579045983
2.456,1.47827485,1.86592882,1.8574372,0.828845954,14.5844407,0.430605155,-0.828845954,0.370991551,-4.15242913e-05,4.13894263e-05,4.17694318e-05,0.00657937722,0.799822032,-0.686985615,-0.00230533138,3,-0.0925214747,0.105632948,-0.0425783846,0.0556956718
2.458,1.48202582,1.86760483,1.88616443,0.843440626,13.9937063,0.435838225,-0.843440626,0.378277822,-4.24451202e-05,4.23148351e-05,4.2694797e-05,0.00679933055,0.822062556,-0.71139209,-0.00229131618,3,-0.088770507,0.101314006,-0.040902377,0.053451342
2.46,1.48583276,1.86930944,1.91370355,0.857566165,13.3941938,0.440844647,-0.857566165,0.385384573,-4.33433131e-05,4.32178958e-05,4.35976229e-05,0.00701474161,0.843645965,-0.735419728,-0.00227303497,3,-0.0849635673,0.0969337129,-0.0391977645,0.0511730262
2.462,1.48969327,1.8710417,1.94003728,0.871210427,12.7862759,0.445617953,-0.871210427,0.392304579,-4.42182684e-05,4.40979748e-05,4.44772839e-05,0.00722506589,0.864515441,-0.759007609,-0.00225046479,3,-0.0811030533,0.0924949552,-0.0374655007,0.0488621652
2.464,1.49360493,1.87280064,1.9651491,0.884361428,12.1703305,0.450151712,-0.884361428,0.399030585,-4.50693852e-05,4.49544386e-05,4.53331548e-05,0.00742976778,0.884615232,-0.782095135,-0.00222359412,3,-0.0771913968,0.0880006492,-0.0357065631,0.0465202224
2.466,1.49756527,1.87458525,1.98902323,0.89700736,11.5467405,0.454439551,-0.89700736,0.405555324,-4.58960645e-05,4.57866546e-05,4.61646115e-05,0.007628322,0.903890824,-0.804622204,-0.0021924234,3,-0.0732310614,0.0834537417,-0.033921953,0.0441486828
2.468,1.50157179,1.87639451,2.01164468,0.909136618,10.9158933,0.458475162,-0.909136618,0.411871531,-4.66977096e-05,4.65939922e-05,4.69710318e-05,0.0078202151,0.922289121,-0.82652939,-0.00215696558,3,-0.0692245412,0.0788572072,-0.0321126951,0.0417490522
2.47,1.50562197,1.87822737,2.03299922,0.920737817,10.2781812,0.462252329,-0.920737817,0.417971962,-4.74737268e-05,4.73758236e-05,4.77517962e-05,0.00800494688,0.939758627,-0.847758128,-0.00211724651,3,-0.0651743597,0.0742140462,-0.030279837,0.039322856
2.472,1.50971326,1.88008275,2.05307343,0.931799815,9.63400053,0.465764937,-0.931799815,0.423849406,-4.82235266e-05,4.81315245e-05,4.85062892e-05,0.00818203186,0.956249617,-0.868250896,-0.00207330541,3,-0.0610830674,0.0695272826,-0.0284244488,0.036871638
2.474,1.51384309,1.88195958,2.07185466,0.942311732,8.98375186,0.469006992,-0.942311732,0.429496704,-4.89465239e-05,4.88604757e-05,4.92338995e-05,0.00835100068,0.971714324,-0.8879514,-0.00202519516,3,-0.056953241,0.0647999622,-0.0265476225,0.0343969602
2.476,1.51800885,1.88385673,2.08933109,0.952262972,8.32783956,0.471972638,-0.952262972,0.434906766,-4.96421393e-05,4.95620634e-05,4.99340218e-05,0.00851140157,0.986107103,-0.906804768,-0.00197298266,3,-0.0527874814,0.0600351498,-0.0246504715,0.0319004005
2.478,1.52220791,1.88577307,2.10549168,0.961643244,7.66667166,0.47465617,-0.961643244,0.440072588,-5.03097998e-05,5.02356807e-05,5.06060572e-05,0.00866280163,0.999384615,-0.924757729,-0.00191674897,3,-0.0485884121,0.0552359279,-0.0227341302,0.0293835528
2.48,1.52643765,1.88770745,2.12032624,0.970442581,7.00065956,0.477052053,-0.970442581,0.444987265,-5.09489397e-05,5.08807285e-05,5.12494146e-05,0.00880478826,1.01150598,-0.941758804,-0.0018565895,3,-0.0443586776,0.0504053939,-0.020799753,0.0268480252
2.482,1.53069538,1.88965869,2.13382538,0.978651363,6.33021785,0.47915494,-0.978651363,0.449644013,-5.15590014e-05,5.1496617e-05,5.18635117e-05,0.00893697046,1.02243297,-0.957758489,-0.0017926141,3,-0.0401009418,0.0455466585,-0.0188485139,0.0242954388
2.484,1.53497844,1.8916256,2.14598057,0.98626033,5.65576404,0.48095968,-0.98626033,0.454036182,-5.21394369e-05,5.20827661e-05,5.24477759e-05,0.00905898004,1.03213013,-0.972709438,-0.00172494706,3,-0.0358178865,0.0406628436,-0.0168816055,0.0217274273
2.486,1.53928412,1.89360696,2.1567841,0.993260608,4.97771834,0.482461341,-0.993260608,0.458157274,-5.26897079e-05,5.26386071e-05,5.30016458e-05,0.00917047292,1.04056495,-0.986566635,-0.00165372699,3,-0.0315122091,0.0357570797,-0.0149002387,0.0191456349
2.488,1.5436097,1.89560156,2.16622908,0.999643724,4.29650337,0.483655221,-0.999643724,0.462000958,-5.32092875e-05,5.31635837e-05,5.35245719e-05,0.00927113022,1.04770801,-0.999287575,-0.00157910676,3,-0.027186622,0.0308325045,-0.0129056416,0.0165517158
2.49,1.54795248,1.89760814,2.17430952,1.00540162,3.61254397,0.484536863,-1.00540162,0.465561087,-5.36976611e-05,5.36571532e-05,5.40160181e-05,0.00936065941,1.05353311,-1.01083243,-0.0015012532,3,-0.0228438496,0.0258922604,-0.0108990584,0.0139473327
2.492,1.5523097,1.89962545,2.18102022,1.01052669,2.92626692,0.485102068,-1.01052669,0.468831713,-5.41543268e-05,5.41187874e-05,5.44754625e-05,0.00943879534,1.05801742,-1.02116419,-0.00142034684,3,-0.0184866278,0.0209394928,-0.00888174941,0.0113341559
2.494,1.55667863,1.90165221,2.1863569,1.01501176,2.23810068,0.485346908,-1.01501176,0.4718071,-5.45787973e-05,5.45479742e-05,5.49023988e-05,0.00950530122,1.06114156,-1.03024887,-0.00133658149,3,-0.0141177015,0.0159773476,-0.00685498915,0.00871386165
2.496,1.5610565,1.90368714,2.19031607,1.01885013,1.54847519,0.485267741,-1.01885013,0.474481745,-5.49706003e-05,5.49442183e-05,5.52963374e-05,0.0095599695,1.06288973,-1.03805559,-0.00125016383,3,-0.00973982331,0.0110089699,-0.00482006612,0.00608813123
2.498,1.56544058,1.90572892,2.19289516,1.0220356,0.857821528,0.484861219,-1.0220356,0.476850384,-5.53292798e-05,5.53070427e-05,5.56568064e-05,0.00960262271,1.06324982,-1.04455677,-0.00116131283,3,-0.00535575151,0.00603750131,-0.00277828155,0.00345864972
2.5,1.56982808,1.90777625,2.19409242,1.02456244,0.166571721,0.484124303,-1.02456244,0.478908011,-5.56543967e-05,5.56359894e-05,5.59833525e-05,0.00963311421,1.06221346,-1.0497282,-0.00107025919,3,-0.000968248606,0.00106607839,-0.000730948461,0.000827104706
2.502,1.57421625,1.90982781,2.193907,1.02642546,-0.524841544,0.483054268,-1.02642546,0.480649891,-5.59455306e-05,5.59306208e-05,5.62755428e-05,0.0096513288,1.05977614,-1.05354923,-0.000977244592,3,0.00341992053,-0.0039021694,0.0013206093,-0.00180481495
2.504,1.57860232,1.91188226,2.19233888,1.02761997,-1.21598518,0.48164872,-1.02761997,0.482071567,-5.62022797e-05,5.6190521e-05,5.6532965e-05,0.00965718334,1.05593722,-1.05600281,-0.000882521044,3,0.00780599039,-0.00886412162,0.00337505816,-0.00443542032
2.506,1.58298352,1.91393826,2.18938894,1.02814183,-1.90642597,0.479905597,-1.02814183,0.483168881,-5.64242629e-05,5.64152962e-05,5.67552291e-05,0.00965062719,1.0507,-1.05707562,-0.000786350003,3,0.0121871965,-0.0138166688,0.00543105583,-0.00706302368
2.508,1.5873571,1.91599445,2.1850589,1.02798743,-2.59573082,0.477823182,-1.02798743,0.483937975,-5.66111197e-05,5.66045762e-05,5.6941968e-05,0.0096316426,1.04407179,-1.05675815,-0.000689001534,3,0.0165607773,-0.0187567141,0.00748725241,-0.00968593967
2.51,1.5917203,1.91804949,2.17935135,1.02715372,-3.28346704,0.47540011,-1.02715372,0.484375308,-5.67625122e-05,5.67580153e-05,5.70928387e-05,0.00960024499,1.03606387,-1.05504477,-0.000590753382,3,0.0209239757,-0.0236811758,0.00954229148,-0.0123024866
2.512,1.59607037,1.92010201,2.17226977,1.02563823,-3.96920261,0.47263537,-1.02563823,0.484477664,-5.68781249e-05,5.68752931e-05,5.7207523e-05,0.00955648311,1.02669153,-1.05193377,-0.000491889994,3,0.0252740408,-0.0285869881,0.0115948113,-0.0149109877
2.514,1.60040456,1.92215065,2.16381847,1.02343902,-4.65250645,0.469528316,-1.02343902,0.484242159,-5.69576664e-05,5.69561155e-05,5.72857288e-05,0.00950043916,1.01597405,-1.04742743,-0.000392701501,3,0.0296082298,-0.0334711039,0.0136434457,-0.0175097722
2.516,1.60472014,1.92419403,2.15400265,1.02055477,-5.3329487,0.466078668,-1.02055477,0.483666251,-5.700087e-05,5.70002155e-05,5.73271905e-05,0.00943222875,1.00393469,-1.04153204,-0.000293482654,3,0.0339238098,-0.0383304961,0.0156868255,-0.0200971766
2.518,1.60901439,1.92623078,2.14282834,1.01698472,-6.01010098,0.462286515,-1.01698472,0.482747746,-5.70074944e-05,5.70073541e-05,5.73316701e-05,0.00935200075,0.990600645,-1.03425792,-0.000194531734,3,0.0382180589,-0.0431621594,0.0177235797,-0.0226715459
2.52,1.6132846,1.92825954,2.13030245,1.0127287,-6.68353668,0.45815232,-1.0127287,0.481484803,-5.69773246e-05,5.69773211e-05,5.72989577e-05,0.0092599371,0.976003009,-1.02561941,-9.61494248e-05,3,0.0424882688,-0.0479631123,0.0197523362,-0.0252312349
2.522,1.61752807,1.93027893,2.11643272,1.00778712,-7.35283121,0.453676923,-1.00778712,0.479875944,-5.69101726e-05,5.69099353e-05,5.72288725e-05,0.00915625244,0.960176685,-1.01563487,1.36233114e-06,3,0.0467317459,-0.0527303983,0.0217717237,-0.0277746091
2.524,1.62174214,1.93228757,2.10122777,1.00216099,-8.01756231,0.448861536,-1.00216099,0.477920052,-5.6805878e-05,5.6805046e-05,5.71212634e-05,0.00904119371,0.943160323,-1.00432665,9.77014939e-05,3,0.0509458131,-0.0574610879,0.0237803721,-0.0303000461
2.526,1.62592414,1.93428412,2.08469702,0.995851925,-8.67731028,0.443707751,-0.995851925,0.475616381,-5.6664309e-05,5.66625328e-05,5.69760091e-05,0.00891503959,0.924996226,-0.991721056,0.000192567097,3,0.0551278115,-0.0621522805,0.0257769143,-0.0328059365
2.528,1.63007143,1.93626719,2.06685076,0.988862117,-9.33165831,0.438217534,-0.988862117,0.472964555,-5.64853626e-05,5.64823065e-05,5.67930196e-05,0.00877809984,0.905730244,-0.977848286,0.000285660423,3,0.0592751025,-0.0668011054,0.0277599871,-0.0352906853
2.53,1.6341814,1.93823543,2.0477001,0.981194357,-9.98019269,0.432393225,-0.981194357,0.469964571,-5.62689655e-05,5.62643097e-05,5.65722355e-05,0.00863071462,0.885411652,-0.962742366,0.000376686171,3,0.0633850686,-0.0714047237,0.0297282323,-0.0377527129
2.532,1.63825144,1.9401875,2.02725698,0.972852027,-10.6225031,0.426237536,-0.972852027,0.4666168,-5.60150743e-05,5.60085169e-05,5.63136296e-05,0.00847325359,0.86409302,-0.946441067,0.000465353622,3,0.0674551158,-0.0759603301,0.0316802982,-0.040190456
2.534,1.642279,1.94212204,2.00553415,0.9638391,-11.2581831,0.419753548,-0.9638391,0.462921989,-5.57236763e-05,5.5714935e-05,5.60172062e-05,0.00830611502,0.841830074,-0.928985811,0.000551377785,3,0.0714826752,-0.080465154,0.0336148406,-0.0426023689
2.536,1.64626153,1.94403773,1.98254517,0.954160133,-11.8868298,0.412944707,-0.954160133,0.45888126,-5.53947898e-05,5.53836035e-05,5.56830021e-05,0.00812972475,0.818681532,-0.91042156,0.000634480516,3,0.075465204,-0.0849164612,0.0355305237,-0.0449869245
2.538,1.65019651,1.94593322,1.9583044,0.943820265,-12.5080448,0.405814819,-0.943820265,0.454496106,-5.50284641e-05,5.50145948e-05,5.53110866e-05,0.00794453508,0.794708947,-0.890796692,0.000714391626,3,0.0794001878,-0.0893115554,0.037426022,-0.0473426152
2.54,1.65408147,1.94780722,1.93282702,0.932825211,-13.1214343,0.398368047,-0.932825211,0.449768393,-5.46247805e-05,5.46080146e-05,5.49015617e-05,0.00775102359,0.769976524,-0.870162874,0.000790849933,3,0.0832851419,-0.0936477793,0.0393000206,-0.049667954
2.542,1.65791394,1.94965842,1.90612895,0.921181258,-13.7266089,0.390608901,-0.921181258,0.444700356,-5.41838522e-05,5.41640015e-05,5.44545622e-05,0.00754969184,0.744550937,-0.84857491,0.0008636043,3,0.0871176128,-0.0979225166,0.041151217,-0.0519614754
2.544,1.66169151,1.95148552,1.87822693,0.908895255,-14.3231846,0.382542238,-0.908895255,0.439294594,-5.37058242e-05,5.36827273e-05,5.39702555e-05,0.00734106402,0.718501133,-0.826090585,0.000932414611,3,0.0908951799,-0.102133193,0.0429783217,-0.0542217363
2.546,1.66541178,1.95328726,1.84913843,0.89597461,-14.9107822,0.374173246,-0.89597461,0.43355407,-5.31908741e-05,5.3164397e-05,5.34488421e-05,0.00712568554,0.69189813,-0.802770501,0.000997052707,3,0.0946154572,-0.106277277,0.04478006,-0.056447317
2.548,1.66907242,1.95506237,1.81888169,0.882427276,-15.4890286,0.365507447,-0.882427276,0.427482102,-5.26392118e-05,5.26092488e-05,5.28905551e-05,0.0069041215,0.664814804,-0.778677897,0.00105730328,3,0.0982760942,-0.110352282,0.0465551723,-0.0586368221
2.55,1.6726711,1.95680962,1.78747569,0.868261748,-16.057556,0.35655068,-0.868261748,0.421082359,-5.20510794e-05,5.20175538e-05,5.22956604e-05,0.00667695519,0.637325674,-0.753878462,0.00111296467,3,0.101874778,-0.114355768,0.0483024159,-0.0607888813
2.552,1.67620556,1.95852777,1.75494014,0.853487049,-16.6160028,0.347309098,-0.853487049,0.414358859,-5.14267517e-05,5.13896156e-05,5.16644562e-05,0.00644478642,0.609506679,-0.728440143,0.00116384968,3,0.105409235,-0.11828534,0.0500205654,-0.0629021501
2.554,1.67967356,1.96021562,1.72129547,0.838112725,-17.1640138,0.337789157,-0.838112725,0.407315955,-5.07665355e-05,5.07257707e-05,5.09972728e-05,0.00620822987,0.581434947,-0.702432939,0.00120978625,3,0.108877231,-0.122138655,0.0517084146,-0.0649753108
2.556,1.6830729,1.96187198,1.68656281,0.822148827,-17.7012401,0.327997608,-0.822148827,0.399958337,-5.00707701e-05,5.00263874e-05,5.02944726e-05,0.0059679134,0.553188568,-0.675928694,0.0012506181,3,0.112276575,-0.125913416,0.0533647764,-0.0670070731
2.558,1.68640144,1.96349569,1.65076399,0.805605907,-18.2273398,0.317941484,-0.805605907,0.392291017,-4.93398266e-05,4.9291866e-05,4.95564495e-05,0.00572447626,0.524846354,-0.649000878,0.00128620531,3,0.115605116,-0.129607378,0.0549884851,-0.068996175
2.56,1.68965708,1.9650856,1.61392152,0.788495003,-18.7419777,0.307628096,-0.788495003,0.384319326,-4.8574108e-05,4.85226381e-05,4.87836284e-05,0.00547856733,0.496487603,-0.62172437,0.00131642482,3,0.118860753,-0.133218347,0.0565783961,-0.0709413833
2.562,1.69283775,1.96664059,1.57605856,0.770827627,-19.2448261,0.297065016,-0.770827627,0.376048906,-4.77740489e-05,4.77191664e-05,4.79764652e-05,0.00523084326,0.468191862,-0.59417523,0.00134117086,3,0.122041425,-0.136744183,0.0581333879,-0.0728414945
2.564,1.69594145,1.96815956,1.53719894,0.752615751,-19.7355646,0.286260075,-0.752615751,0.367485697,-4.6940115e-05,4.68819438e-05,4.71354459e-05,0.00498196668,0.440038682,-0.566430469,0.00136035533,3,0.125145121,-0.140182798,0.0596523625,-0.0746953352
2.566,1.69896621,1.96964145,1.4973671,0.733871799,-20.2138804,0.275221343,-0.733871799,0.358635933,-4.60728028e-05,4.60114932e-05,4.6261086e-05,0.0047326043,0.412107386,-0.538567818,0.00137390806,3,0.128169879,-0.143532162,0.0611342462,-0.0765017629
2.568,1.70191011,1.97108519,1.45658814,0.71460863,-20.6794688,0.263957126,-0.71460863,0.349506132,-4.51726391e-05,4.51083667e-05,4.53539304e-05,0.00448342505,0.38447682,-0.510665494,0.00138177708,3,0.131113786,-0.146790296,0.0625779909,-0.0782596666
2.57,1.70477131,1.97248978,1.41488772,0.694839523,-21.1320328,0.252475953,-0.694839523,0.340103085,-4.42401809e-05,4.41731451e-05,4.44145525e-05,0.00423509819,0.357225125,-0.482801962,0.00138392868,3,0.133974978,-0.149955281,0.0639825748,-0.0799679669
2.572,1.70754797,1.9738542,1.37229212,0.674578168,-21.571284,0.240786561,-0.674578168,0.330433848,-4.32760143e-05,4.32064373e-05,4.34435533e-05,0.00398829145,0.330429499,-0.455055705,0.00138034759,3,0.136751647,-0.153025254,0.065347003,-0.0816256174
2.574,1.71023836,1.97517751,1.32882816,0.653838649,-21.9969424,0.228897892,-0.653838649,0.32050573,-4.22807544e-05,4.2208879e-05,4.24415612e-05,0.00374366915,0.304165964,-0.427504978,0.0013710369,3,0.139442035,-0.155998412,0.0666703085,-0.0832316043
2.576,1.71284077,1.97645876,1.28452324,0.632635429,-22.4087366,0.216819075,-0.632635429,0.310326289,-4.12550443e-05,4.11811331e-05,4.14092312e-05,0.00350189032,0.278509141,-0.400227586,0.00135601803,3,0.142044439,-0.158873009,0.0679515531,-0.0847849475
2.578,1.71535354,1.97769703,1.23940529,0.61098334,-22.8064041,0.204559421,-0.61098334,0.299903314,-4.0199555e-05,4.01238877e-05,4.03472438e-05,0.00326360687,0.253532028,-0.373300642,0.00133533061,3,0.144557213,-0.16164736,0.0691898278,-0.0862847006
2.58,1.71777509,1.97889146,1.19350275,0.588897564,-23.1896912,0.192128406,-0.588897564,0.289244824,-3.91149843e-05,3.90378561e-05,3.92563046e-05,0.00302946178,0.229305781,-0.346800341,0.00130903229,3,0.146978766,-0.164319842,0.0703842538,-0.0877299516
2.582,1.72010389,1.98004119,1.14684457,0.56639362,-23.5583538,0.179535667,-0.56639362,0.27835905,-3.80020559e-05,3.79237759e-05,3.81371434e-05,0.00280008725,0.205899505,-0.320801733,0.00127719843,3,0.149307564,-0.166888891,0.0715339831,-0.0891198233
2.584,1.72233846,1.9811454,1.09946017,0.54348735,-23.9121567,0.166790987,-0.54348735,0.267254429,-3.68615194e-05,3.6782408e-05,3.69905136e-05,0.00257610301,0.183380046,-0.2953785,0.00123992185,3,0.151542134,-0.169353006,0.0726381991,-0.0904534734
2.586,1.72447739,1.98220332,1.05137944,0.520194905,-24.2508744,0.153904283,-0.520194905,0.255939596,-3.56941487e-05,3.56145356e-05,3.58171909e-05,0.00235811454,0.161811799,-0.27060274,0.00119731242,3,0.15368106,-0.17171075,0.0736961173,-0.091730095
2.588,1.72651931,1.98321419,1.00263272,0.496532729,-24.5742911,0.140885603,-0.496532729,0.244423368,-3.45007418e-05,3.44209638e-05,3.46179731e-05,0.0021467114,0.141256515,-0.246544751,0.00114949664,3,0.155722987,-0.173960748,0.0747069859,-0.0929489171
2.59,1.72846295,1.98417729,0.95325077,0.472517545,-24.8822007,0.127745107,-0.472517545,0.232714741,-3.32821197e-05,3.32025184e-05,3.33936787e-05,0.00194246563,0.121773121,-0.22327283,0.00109661712,3,0.157666622,-0.176101689,0.0756700862,-0.0941092046
2.592,1.73030706,1.98509194,0.903264745,0.448166339,-25.1744069,0.114493063,-0.448166339,0.220822875,-3.20391254e-05,3.19600451e-05,3.21451465e-05,0.00174593009,0.103417547,-0.200853067,0.00103883213,3,0.159510733,-0.178132327,0.0765847334,-0.0952102586
2.594,1.73205048,1.98595748,0.852706197,0.423496349,-25.4507237,0.101139835,-0.423496349,0.208757088,-3.07726234e-05,3.06944086e-05,3.08732343e-05,0.001557637,0.086242564,-0.179349158,0.000976314961,3,0.161254151,-0.180051482,0.0774502771,-0.0962514169
2.596,1.7336921,1.9867733,0.801607038,0.398525048,-25.7109749,0.0876958728,-0.398525048,0.196526844,-2.94834984e-05,2.94064918e-05,2.95788187e-05,0.00137809644,0.0702976289,-0.158822214,0.000909253313,3,0.162895772,-0.181858037,0.0782661014,-0.0972320541
2.598,1.73523088,1.98753883,0.749999525,0.373270128,-25.9549949,0.0741717034,-0.373270128,0.184141743,-2.81726549e-05,2.80971947e-05,2.82627935e-05,0.00120779495,0.0556287423,-0.139330589,0.000837848666,3,0.164434553,-0.183550943,0.0790316257,-0.0981515815
2.6,1.73666585,1.98825351,0.697916238,0.34774949,-26.1826283,0.0605779208,-0.34774949,0.171611514,-2.68410157e-05,2.67674338e-05,2.69260695e-05,0.00104719419,0.0422783146,-0.120929708,0.000762315567,3,0.16586952,-0.185129217,0.0797463053,-0.099009448
2.602,1.73799609,1.98891683,0.645390061,0.321981227,-26.39373,0.0469251773,-0.321981227,0.158946006,-2.54895212e-05,2.5418141e-05,2.5569573e-05,0.000896729688,0.030285043,-0.10367191,0.000682880916,3,0.167199761,-0.186591944,0.0804096312,-0.0998051394
2.604,1.73922076,1.98952833,0.59245416,0.295983608,-26.5881658,0.0332241742,-0.295983608,0.146155176,-2.41191288e-05,2.40502628e-05,2.41942457e-05,0.000756809616,0.0196838002,-0.087606296,0.000599783202,3,0.168424433,-0.187938274,0.081021131,-0.10053818
2.606,1.74033908,1.99008757,0.539141961,0.269775068,-26.7658117,0.0194856532,-0.269775068,0.133249081,-2.27308112e-05,2.26647593e-05,2.28010432e-05,0.000627813699,0.0105055333,-0.0727785874,0.000513271734,3,0.169542757,-0.189167426,0.0815803691,-0.101208129
2.608,1.74135035,1.99059415,0.485487131,0.243374193,-26.9265548,0.00572038722,-0.243374193,0.120237872,-2.13255563e-05,2.12626035e-05,2.13909347e-05,0.000510092169,0.00277717438,-0.0592309979,0.00042360583,3,0.170554024,-0.190278687,0.0820869467,-0.101814588
2.61,1.74225392,1.9910477,0.431523554,0.216799704,-27.0702926,-0.0080608279,-0.216799704,0.107131781,-1.99043653e-05,1.98447804e-05,1.99649019e-05,0.000403964807,-0.0034784371,-0.0470021116,0.000331053999,3,0.171457589,-0.191271412,0.0825405027,-0.102357193
2.612,1.74304921,1.99144792,0.37728531,0.190070445,-27.1969336,-0.0218471819,-0.190070445,0.0939411145,-1.84682527e-05,1.8412286e-05,1.85239383e-05,0.000309720073,-0.00824262081,-0.0361267739,0.000235893097,3,0.172252878,-0.192145023,0.0829407132,-0.102835619
2.614,1.74373571,1.99179449,0.322806655,0.163205368,-27.3063972,-0.0356278586,-0.163205368,0.0806762468,-1.70182446e-05,1.69661267e-05,1.70690484e-05,0.000227614322,-0.0115009099,-0.0266359922,0.000138407476,3,0.172939386,-0.192899014,0.0832872925,-0.103249578
2.616,1.744313,1.99208719,0.268121999,0.136223523,-27.3986135,-0.049392044,-0.136223523,0.0673476085,-1.5555378e-05,1.55073181e-05,1.56012475e-05,0.000157871107,-0.0132430936,-0.0185568482,3.88881138e-05,3,0.173516673,-0.193532944,0.0835799927,-0.103598823
2.618,1.7447807,1.99232581,0.213265881,0.109144039,-27.4735236,-0.0631289342,-0.109144039,0.0539656797,-1.40806999e-05,1.40368846e-05,1.41215602e-05,0.000100680565,-0.0134632478,-0.0119124212,-6.23682607e-05,3,0.173984371,-0.194046444,0.0838186041,-0.103883144
2.62,1.74513851,1.99251016,0.158272952,0.0819861149,-27.5310798,-0.076827744,-0.0819861149,0.0405409819,-1.25952661e-05,1.25558583e-05,1.26310211e-05,5.61989075e-05,-0.0121597539,-0.00672172303,-0.000165060051,3,0.17434218,-0.194439214,0.0840029555,-0.104102367
2.622,1.7453862,1.99264012,0.103177949,0.0547690047,-27.5712449,-0.0904777145,-0.0547690047,0.0270840696,-1.11001406e-05,1.10652783e-05,1.1130674e-05,2.4547991e-05,-0.00933530501,-0.00299964388,-0.000268881683,3,0.17458987,-0.194711022,0.0841329141,-0.10425636
2.624,1.74552361,1.99271559,0.0480156751,0.027512004,-27.5939932,-0.104068121,-0.027512004,0.0136055224,-9.59639441e-06,9.56618996e-06,9.62157279e-06,5.81498573e-06,-0.00499690109,-0.000756910362,-0.000373524494,3,0.174727281,-0.194861706,0.0842083856,-0.104345026
2.626,1.74555065,1.99273652,-0.00717902288,0.00023443672,-27.5993096,-0.117588281,-0.00023443672,0.000115936816,-8.08510458e-06,8.05964403e-06,8.10478371e-06,5.21371617e-08,0.00084416896,-5.49605756e-08,-0.000478677626,3,0.174754321,-0.194891174,0.0842293144,-0.104368311
2.628,1.7454673,1.99270289,-0.0623712766,-0.0270443576,-27.5871902,-0.131027563,0.0270443576,-0.0133740813,-6.5673534e-06,6.54669597e-06,6.5813919e-06,7.27662202e-06,0.00817235636,-0.000731397278,-0.00058402892,3,0.17467097,-0.194799402,0.0841956834,-0.104326195
2.63,1.7452736,1.99261472,-0.117526218,-0.0543050374,-27.5576421,-0.144375391,0.0543050374,-0.0268539252,-5.0442274e-06,5.02840517e-06,5.0525211e-06,2.74704983e-05,0.0169678937,-0.00294903709,-0.0006892658,3,0.174477275,-0.194586438,0.0841075145,-0.104218698
2.632,1.74496968,1.99247207,-0.172609002,-0.0815282724,-27.5106831,-0.157621259,0.0815282724,-0.0403129948,-3.51681648e-06,3.50583424e-06,3.519407e-06,6.05807499e-05,0.0272068482,-0.00664685921,-0.000794076161,3,0.174173355,-0.194252399,0.083964868,-0.10404588
2.634,1.74455572,1.99227505,-0.227584825,-0.108694756,-27.4463424,-0.170754732,0.108694756,-0.0537407049,-1.98621299e-06,1.98004827e-06,1.98381541e-06,0.000106519426,0.0388611859,-0.0118145501,-0.000898149246,3,0.173759398,-0.193797469,0.083767843,-0.103807838
2.636,1.74403199,1.99202378,-0.282418954,-0.135785221,-27.3646597,-0.183765458,0.135785221,-0.0671264928,-4.53510811e-07,4.52114145e-07,4.56992634e-07,0.000165163876,0.0518988484,-0.0184376262,-0.00100117652,3,0.173235661,-0.193221905,0.083516577,-0.103504707
2.638,1.7433988,1.99171845,-0.337076741,-0.162780448,-27.2656859,-0.196643173,0.162780448,-0.0804598268,1.08019546e-06,-1.07690019e-06,1.10725018e-06,0.000236357072,0.06628384,-0.0264974743,-0.00110285253,3,0.17260247,-0.192526031,0.0832112462,-0.103136662
2.64,1.74265655,1.99135927,-0.391523647,-0.189661285,-27.1494824,-0.209377716,0.189661285,-0.0937302141,2.61381141e-06,-2.60592636e-06,2.64454227e-06,0.000319908035,0.0819763267,-0.035971403,-0.00120287576,3,0.171860223,-0.191710241,0.0828520649,-0.102703915
2.642,1.74180571,1.99094649,-0.445725266,-0.216408654,-27.0161218,-0.221959026,0.216408654,-0.106927209,4.14624368e-06,-4.1338963e-06,4.18389655e-06,0.000415592341,0.0989327459,-0.0468327057,-0.00130094948,3,0.171009382,-0.190774998,0.0824392858,-0.102206718
2.644,1.74084681,1.9904804,-0.499647344,-0.243003572,-26.8656871,-0.234377163,0.243003572,-0.120040421,5.67640078e-06,-5.6597429e-06,5.72191059e-06,0.000523152728,0.117105927,-0.0590507359,-0.00139678256,3,0.170050483,-0.189720835,0.0819731995,-0.101645361
2.646,1.73978045,1.98996134,-0.553255802,-0.269427156,-26.6982723,-0.246622306,0.269427156,-0.133059523,7.2031939e-06,-7.18240064e-06,7.25715564e-06,0.000642299785,0.136445222,-0.0725909926,-0.00149009028,3,0.168984126,-0.188548352,0.0814541346,-0.101020169
2.648,1.73860731,1.98938966,-0.606516757,-0.295660645,-26.5139817,-0.258684767,0.295660645,-0.145974261,8.72553776e-06,-8.7008063e-06,8.78845238e-06,0.000772712731,0.156896646,-0.0874152171,-0.00158059518,3,0.167810981,-0.187258218,0.0808824573,-0.10033151
2.65,1.73732811,1.98876577,-0.659396541,-0.321685407,-26.3129303,-0.270554999,0.321685407,-0.158774461,1.02423514e-05,-1.02138996e-05,1.0314687e-05,0.000914040287,0.178403031,-0.103481501,-0.00166802776,3,0.166531786,-0.185851172,0.080258571,-0.0995797877
2.652,1.73594367,1.98809012,-0.711861726,-0.347482956,-26.0952438,-0.282223605,0.347482956,-0.171450038,1.1752559e-05,-1.17206238e-05,1.18347709e-05,0.00106590162,0.200904182,-0.120744405,-0.00175212733,3,0.165147344,-0.184328018,0.0795829163,-0.0987654435
2.654,1.73445485,1.98736317,-0.763879141,-0.373034966,-25.8610579,-0.293681343,0.373034966,-0.183991007,1.32550905e-05,-1.32199264e-05,1.33476283e-05,0.00122788736,0.224337052,-0.139155086,-0.00183264269,3,0.163658526,-0.18268963,0.0788559706,-0.0978889574
2.656,1.7328626,1.98658545,-0.815415896,-0.398323283,-25.6105189,-0.304919142,0.398323283,-0.196387487,1.47488828e-05,-1.47107598e-05,1.48521922e-05,0.00139956076,0.248635915,-0.158661438,-0.00190933291,3,0.162066269,-0.180936949,0.0780782477,-0.0969508469
2.658,1.7311679,1.9857575,-0.8664394,-0.423329942,-25.3437832,-0.315928105,0.423329942,-0.208629718,1.62328797e-05,-1.61920818e-05,1.6347403e-05,0.00158045883,0.273732557,-0.17920824,-0.00198196797,3,0.160371575,-0.179070981,0.0772502974,-0.0959516671
2.66,1.72937184,1.98487991,-0.916917383,-0.448037178,-25.0610174,-0.326699521,0.448037178,-0.220708062,1.77060337e-05,-1.76628567e-05,1.78322078e-05,0.00177009361,0.29955647,-0.200737313,-0.00205032951,3,0.158575511,-0.177092801,0.0763727053,-0.0948920106
2.662,1.72747553,1.98395329,-0.966817916,-0.472427441,-24.762398,-0.337224875,0.472427441,-0.232613017,1.91673059e-05,-1.91220551e-05,1.93055608e-05,0.00196795353,0.326035051,-0.223187687,-0.00211421141,3,0.156679208,-0.175003549,0.0754460922,-0.0937725072
2.664,1.72548019,1.98297832,-1.01610943,-0.496483414,-24.4481114,-0.347495856,0.496483414,-0.244335227,2.06156671e-05,-2.05686556e-05,2.07664234e-05,0.00217350478,0.353093816,-0.246495781,-0.00217342049,3,0.15468386,-0.172804432,0.0744711138,-0.0925938236
2.666,1.72338705,1.98195566,-1.06476074,-0.520188022,-24.1183541,-0.357504366,0.520188022,-0.255865487,2.20500983e-05,-2.20016445e-05,2.22137651e-05,0.00238619278,0.380656612,-0.270595578,-0.00222777702,3,0.152590725,-0.170496719,0.07344846,-0.0913566636
2.668,1.72119745,1.98088606,-1.11274105,-0.543524449,-23.7733319,-0.367242533,0.543524449,-0.267194759,2.34695917e-05,-2.34200171e-05,2.36465636e-05,0.00260544374,0.40864584,-0.295418827,-0.00227711538,3,0.150401121,-0.168081746,0.0723788546,-0.0900617673
2.67,1.71891275,1.97977026,-1.16001999,-0.566476154,-23.4132604,-0.376702714,0.566476154,-0.278314178,2.48731512e-05,-2.48227781e-05,2.50638059e-05,0.00283066617,0.436982679,-0.320895233,-0.00232128451,3,0.148116428,-0.165560914,0.0712630546,-0.0887099113
2.672,1.71653441,1.97860905,-1.20656764,-0.589026882,-23.0383645,-0.385877513,0.589026882,-0.289215061,2.62597931e-05,-2.62089425e-05,2.64644884e-05,0.00306125258,0.465587319,-0.346952668,-0.00236014845,3,0.145738087,-0.162935686,0.07010185,-0.0873019082
2.674,1.71406392,1.97740326,-1.25235451,-0.611160683,-22.6488785,-0.394759784,0.611160683,-0.29988892,2.7628547e-05,-2.75775357e-05,2.78476183e-05,0.0032965811,0.494379197,-0.37351738,-0.00239358676,3,0.143267597,-0.160207588,0.0688960626,-0.0858386064
2.676,1.71150284,1.97615375,-1.29735162,-0.632861923,-22.2450458,-0.403342644,0.632861923,-0.310327471,2.89784559e-05,-2.89275951e-05,2.92122136e-05,0.00353601728,0.523277231,-0.400514213,-0.002421495,3,0.140706516,-0.157378208,0.0676465459,-0.0843208895
2.678,1.70885279,1.97486139,-1.34153045,-0.6541153,-21.827119,-0.41161948,0.6541153,-0.320522644,3.03085777e-05,-3.02581699e-05,3.05573044e-05,0.00377891578,0.552200064,-0.427866825,-0.00244378506,3,0.138056459,-0.154449197,0.0663541842,-0.0827496765
2.68,1.70611542,1.97352709,-1.38486301,-0.674905858,-21.3953592,-0.419583961,0.674905858,-0.330466591,3.1617985e-05,-3.15683223e-05,3.18819331e-05,0.0040246222,0.581066305,-0.455497918,-0.00246038547,3,0.135319098,-0.151422265,0.0650198919,-0.0811259207
2.682,1.70329249,1.97215182,-1.42732183,-0.695219005,-20.9500367,-0.427230045,0.695219005,-0.3401517,3.29057667e-05,-3.28571284e-05,3.31851557e-05,0.00427247489,0.60979477,-0.483329465,-0.00247124175,3,0.13249616,-0.148299184,0.0636446131,-0.0794506099
2.684,1.70038575,1.97073652,-1.46888,-0.715040521,-20.49143,-0.434551992,0.715040521,-0.349570601,3.41710277e-05,-3.41236782e-05,3.44660421e-05,0.00452180683,0.638304731,-0.511282946,-0.00247631662,3,0.129589426,-0.145081784,0.0622293202,-0.0777247658
2.686,1.69739706,1.96928222,-1.50951117,-0.734356577,-20.0198261,-0.441544367,0.734356577,-0.35871618,3.54128901e-05,-3.5367077e-05,3.57236772e-05,0.00477194745,0.666516153,-0.539279582,-0.00247559016,3,0.12660073,-0.141771956,0.0607750141,-0.0759494432
2.688,1.69432829,1.96778992,-1.54918955,-0.753153749,-19.5355204,-0.448202053,0.753153749,-0.367581583,3.66304938e-05,-3.6586446e-05,3.69571615e-05,0.00502222456,0.694349937,-0.567240569,-0.00246905998,3,0.123531959,-0.138371644,0.0592827224,-0.07412573
2.69,1.69118138,1.9662607,-1.58788998,-0.771419029,-19.0388162,-0.454520257,0.771419029,-0.376160233,3.78229971e-05,-3.77809227e-05,3.81656119e-05,0.00527196619,0.721728161,-0.595087319,-0.00245674129,3,0.120385049,-0.134882854,0.0577534992,-0.0722547465
2.692,1.68795832,1.96469563,-1.62558788,-0.789139844,-18.5300248,-0.460494522,0.789139844,-0.384445834,3.89895771e-05,-3.89496621e-05,3.93481625e-05,0.00552050249,0.748574314,-0.622741693,-0.00243866694,3,0.117161988,-0.131307644,0.0561884241,-0.0703376447
2.694,1.68466114,1.9630958,-1.66225932,-0.806304062,-18.0094652,-0.46612073,0.806304062,-0.39243238,4.01294306e-05,-4.00918372e-05,4.05039657e-05,0.00576716764,0.774813529,-0.65012624,-0.00241488734,3,0.113864811,-0.12764813,0.0545886012,-0.0683756078
2.696,1.68129193,1.96146236,-1.69788101,-0.822900012,-17.4774638,-0.471395111,0.822900012,-0.40011417,4.12417748e-05,-4.12066398e-05,4.16321924e-05,0.0060113017,0.800372808,-0.67716443,-0.00238547043,3,0.1104956,-0.12390648,0.0529551585,-0.0663698498
2.698,1.67785281,1.95979645,-1.73243032,-0.838916495,-16.9343547,-0.476314251,0.838916495,-0.407485809,4.23258474e-05,-4.22932812e-05,4.27320334e-05,0.00625225244,0.825181249,-0.703780885,-0.0023505015,3,0.107056482,-0.120084916,0.0512892464,-0.0643216146
2.7,1.67434596,1.95809924,-1.76588528,-0.854342793,-16.3804787,-0.480875098,0.854342793,-0.41454222,4.33809077e-05,-4.33509934e-05,4.38027e-05,0.00648937725,0.849170255,-0.729901609,-0.00231008298,3,0.10354963,-0.116185712,0.0495920375,-0.0622321754
2.702,1.67077359,1.95637193,-1.79822461,-0.869168687,-15.816184,-0.485074967,0.869168687,-0.421278655,4.44062372e-05,-4.43790291e-05,4.48434245e-05,0.00672204486,0.872273745,-0.755454207,-0.00226433414,3,0.099977259,-0.112211191,0.047864725,-0.060102834
2.704,1.66713795,1.95461572,-1.82942776,-0.883384463,-15.2418253,-0.488911547,0.883384463,-0.427690695,4.54011397e-05,-4.53766631e-05,4.58534618e-05,0.00694963719,0.894428354,-0.78036811,-0.00221339081,3,0.0963416267,-0.10816373,0.0461085218,-0.0579349201
2.706,1.66344136,1.95283186,-1.85947485,-0.896980928,-14.6577638,-0.492382903,0.896980928,-0.433774265,4.63649425e-05,-4.6343193e-05,4.68320893e-05,0.007171551,0.915573624,-0.804574785,-0.00215740494,3,0.0926450302,-0.104045749,0.0443246599,-0.0557297906
2.708,1.65968613,1.95102159,-1.88834676,-0.909949416,-14.0643672,-0.495487485,0.909949416,-0.439525635,4.72969965e-05,-4.72779394e-05,4.77786084e-05,0.00738719968,0.935652185,-0.82800794,-0.00209654415,3,0.0888898055,-0.09985972,0.0425143886,-0.0534888285
2.71,1.65587465,1.94918618,-1.9160251,-0.922281802,-13.4620094,-0.498224124,0.922281802,-0.444941428,4.8196677e-05,-4.81802475e-05,4.8692345e-05,0.00759601479,0.954609925,-0.850603722,-0.00203099121,3,0.0850783262,-0.0956081589,0.0406789743,-0.0512134424
2.712,1.65200933,1.9473269,-1.94249222,-0.933970509,-12.8510698,-0.500592045,0.933970509,-0.450018629,4.9063384e-05,-4.90494871e-05,4.95726502e-05,0.0077974477,0.972396152,-0.872300912,-0.00196094346,3,0.0812130015,-0.0912936271,0.0388196987,-0.0489050657
2.714,1.6480926,1.94544506,-1.96773126,-0.945008518,-12.2319339,-0.502590857,0.945008518,-0.454754581,4.98965433e-05,-4.9885054e-05,5.04189015e-05,0.00799097111,0.98896374,-0.893041099,-0.00188661216,3,0.0772962751,-0.0869187294,0.036937858,-0.0465651552
2.716,1.64412695,1.94354196,-1.99172611,-0.955389376,-11.6049925,-0.504220567,0.955389376,-0.459147,5.06956062e-05,-5.06863701e-05,5.1230503e-05,0.00817608046,1.00426927,-0.912768859,-0.0018082218,3,0.0733306234,-0.082486113,0.0350347617,-0.0441951906
2.718,1.64011488,1.94161893,-2.01446146,-0.965107201,-10.9706416,-0.505481569,0.965107201,-0.463193971,5.14600508e-05,-5.14528844e-05,5.20068865e-05,0.00835229535,1.01827314,-0.931431909,-0.00172600934,3,0.0693185541,-0.0779984658,0.0331117317,-0.0417966736
2.72,1.63605893,1.9396773,-2.03592278,-0.974156693,-10.3292821,-0.506374653,0.974156693,-0.466893952,5.21893818e-05,-5.21840739e-05,5.27475123e-05,0.00851916083,1.03093969,-0.948981263,-0.00164022337,3,0.0652626043,-0.0734585155,0.0311701006,-0.0393711266
2.722,1.63196167,1.93771841,-2.05609638,-0.982533137,-9.68131967,-0.506900997,0.982533137,-0.470245781,5.28831318e-05,-5.28794437e-05,5.34518697e-05,0.00867624864,1.0422373,-0.965371365,-0.00155112332,3,0.0611653395,-0.0688690274,0.0292112111,-0.036920092
2.724,1.62782568,1.93574362,-2.07496933,-0.990232405,-9.02716455,-0.507062169,0.990232405,-0.473248671,5.35408607e-05,-5.35385282e-05,5.41194776e-05,0.00882315831,1.05213845,-0.980560217,-0.00145897848,3,0.0570293514,-0.0642328035,0.0272364147,-0.034445131
2.726,1.62365358,1.93375427,-2.09252958,-0.997250968,-8.36723112,-0.506860125,0.997250968,-0.475902214,5.41621572e-05,-5.41608916e-05,5.47498855e-05,0.00895951828,1.06061981,-0.994509494,-0.00136406709,3,0.0528572564,-0.059552681,0.02524707,-0.0319478224
2.728,1.61944802,1.93175174,-2.10876588,-1.00358589,-7.70193775,-0.5062972,1.00358589,-0.478206381,5.47466384e-05,-5.47461281e-05,5.53426739e-05,0.00908498677,1.06766226,-1.00718464,-0.00126667532,3,0.0486516941,-0.0548315303,0.0232445424,-0.0294297619
2.73,1.61521165,1.9297374,-2.12366782,-1.00923484,-7.03170652,-0.505376109,1.00923484,-0.48016152,5.52939508e-05,-5.52938631e-05,5.58974548e-05,0.00919925271,1.07325098,-1.01855496,-0.00116709629,3,0.0444153257,-0.0500722539,0.0212302021,-0.0268925608
2.732,1.61094716,1.92771263,-2.13722585,-1.01419608,-6.35696296,-0.504099939,1.01419608,-0.481768353,5.58037701e-05,-5.58037531e-05,5.64138725e-05,0.0093020365,1.07737542,-1.02859369,-0.00106562892,3,0.0401508318,-0.0452777843,0.0192054233,-0.0243378445
2.734,1.60665724,1.92567879,-2.14943126,-1.01846848,-5.67813575,-0.502472145,1.01846848,-0.483027977,5.62758022e-05,-5.62754867e-05,5.6891604e-05,0.00939309064,1.08002933,-1.03727804,-0.000962576945,3,0.0358609114,-0.0404510828,0.017171583,-0.0217672522
2.736,1.60234461,1.92363726,-2.16027621,-1.0220515,-4.99565652,-0.500496537,1.0220515,-0.483941857,5.67097829e-05,-5.67087846e-05,5.73303594e-05,0.00947220031,1.08121076,-1.04458927,-0.000858247721,3,0.0315482795,-0.0355951375,0.0151300595,-0.0191824347
2.738,1.59801199,1.92158943,-2.16975372,-1.02494522,-4.3099595,-0.49817728,1.02494522,-0.484511821,5.71054786e-05,-5.71034004e-05,5.77298824e-05,0.00953918384,1.080922,-1.0505127,-0.000752951145,3,0.0272156661,-0.0307129619,0.0130822317,-0.0165850541
2.74,1.59366214,1.91953668,-2.17785768,-1.02715029,-3.62148126,-0.495518878,1.02715029,-0.484740059,5.74626862e-05,-5.74591208e-05,5.80899509e-05,0.00959389305,1.07916959,-1.05503772,-0.000646998497,3,0.0228658136,-0.0258075926,0.0110294774,-0.0139767822
2.742,1.5892978,1.91748037,-2.18458286,-1.02866797,-2.93066046,-0.492526168,1.02866797,-0.484629112,5.77812339e-05,-5.77757658e-05,5.84103767e-05,0.0096362135,1.07596422,-1.05815779,-0.000540701304,3,0.018501476,-0.0208820882,0.00897317246,-0.0113592989
2.744,1.58492174,1.91542189,-2.1899249,-1.02950009,-2.23793752,-0.489204309,1.02950009,-0.484181867,5.80609808e-05,-5.80531893e-05,5.86910068e-05,0.00966606464,1.0713207,-1.05987044,-0.000434370189,3,0.0141254163,-0.015939527,0.00691468942,-0.00873429196
2.746,1.58053673,1.9133626,-2.19388033,-1.02964908,-1.54375438,-0.485558768,1.02964908,-0.483401552,5.83018172e-05,-5.82912789e-05,5.89317225e-05,0.00968339984,1.06525783,-1.06017724,-0.000328313735,3,0.00974040536,-0.0109830053,0.00485539647,-0.00610345468
2.748,1.57614555,1.91130386,-2.19644656,-1.02911794,-0.848554135,-0.481595313,1.02911794,-0.482291721,5.85036652e-05,-5.84899565e-05,5.91324406e-05,0.0096882063,1.05779837,-1.05908373,-0.000222837357,3,0.00534921969,-0.00601563554,0.00279665623,-0.00346848534
2.75,1.57175097,1.90924703,-2.19762189,-1.02791022,-0.152780825,-0.477319994,1.02791022,-0.480856249,5.86664781e-05,-5.8649178e-05,5.92931127e-05,0.00968050491,1.04896887,-1.05659942,-0.000118242192,3,0.000954639989,-0.00104054439,0.000739824589,-0.000831085676
2.752,1.56735578,1.90719345,-2.19740551,-1.02603004,0.543120917,-0.472739134,1.02603004,-0.479099322,5.87902408e-05,-5.87689336e-05,5.94137258e-05,0.00966034996,1.03879958,-1.05273764,-1.48240152e-05,3,-0.0034405508,0.00393912916,-0.00131375035,0.00180704036
2.754,1.56296276,1.90514447,-2.1957975,-1.02348206,1.23870614,-0.467859311,1.02348206,-0.477025422,5.88749699e-05,-5.88492479e-05,5.94943021e-05,0.00962782876,1.02732431,-1.04751553,8.71278206e-05,3,-0.0078335692,0.00892023575,-0.0033627294,0.00444418788
2.756,1.55857469,1.90310142,-2.19279882,-1.02027149,1.9335299,-0.462687346,1.02027149,-0.474639318,5.89207133e-05,-5.88901797e-05,5.95348991e-05,0.00958306116,1.01458027,-1.04095391,0.000187331405,3,-0.012221633,0.0138996177,-0.00540578341,0.00707865228
2.758,1.55419436,1.90106561,-2.18841132,-1.01640404,2.62714752,-0.457230287,1.01640404,-0.471946056,5.89275506e-05,-5.88918217e-05,5.95356093e-05,0.00952619898,1.00060794,-1.03307718,0.000285513253,3,-0.0166019631,0.0188741108,-0.00744159425,0.00970873061
2.76,1.54982454,1.89903835,-2.18263776,-1.01188596,3.31911492,-0.451495391,1.01188596,-0.46895094,5.88955926e-05,-5.88543006e-05,5.94965599e-05,0.00945742535,0.985450887,-1.02391319,0.00038140924,3,-0.0209717851,0.0238405468,-0.00946885588,0.0123327228
2.762,1.545468,1.89702093,-2.17548176,-1.00672396,4.00898893,-0.445490108,1.00672396,-0.465659521,5.88249812e-05,-5.87777769e-05,5.9417913e-05,0.00937695397,0.969155605,-1.01349313,0.000474765489,3,-0.0253283313,0.0287957548,-0.0114862754,0.0149489328
2.764,1.54112748,1.89501463,-2.16694785,-1.00092526,4.69632758,-0.439222068,1.00092526,-0.462077585,5.87158893e-05,-5.86624444e-05,5.92998649e-05,0.00928502824,0.951771315,-1.00185138,0.000565339203,3,-0.0296688423,0.0337365639,-0.0134925738,0.0175556702
2.766,1.53680576,1.89302071,-2.15704142,-0.994497538,5.38069037,-0.432699058,0.994497538,-0.458211133,5.85685205e-05,-5.85085297e-05,5.9142646e-05,0.00918192037,0.93334979,-0.989025354,0.00065289943,3,-0.033990569,0.0386598049,-0.0154864873,0.0201512512
2.768,1.53250555,1.89104043,-2.14576876,-0.987448914,6.06163867,-0.425929006,0.987448914,-0.45406637,5.83831088e-05,-5.83162923e-05,5.894652e-05,0.00906793035,0.913945156,-0.975055358,0.000737227781,3,-0.0382907739,0.0435623128,-0.017466768,0.0227339998
2.77,1.52822959,1.88907502,-2.13313703,-0.979787946,6.7387359,-0.418919968,0.979787946,-0.449649688,5.8159918e-05,-5.80860237e-05,5.87117839e-05,0.00894338492,0.893613694,-0.959984418,0.000818119059,3,-0.0425667335,0.0484409283,-0.0194321846,0.0253022494
2.772,1.52398059,1.88712568,-2.11915424,-0.971523603,7.41154794,-0.411680102,0.971523603,-0.444967648,5.78992418e-05,-5.78180469e-05,5.84387671e-05,0.0088086364,0.872413635,-0.943858112,0.000895381839,3,-0.0468157395,0.0532925006,-0.0213815236,0.0278543436
2.774,1.51976123,1.88519361,-2.1038293,-0.962665251,8.07964337,-0.404217658,0.962665251,-0.440026965,5.76014029e-05,-5.75127157e-05,5.81278306e-05,0.00866406153,0.850404953,-0.926724386,0.000968838961,3,-0.0510351008,0.0581138892,-0.02331359,0.0303886378
2.776,1.51557418,1.88327999,-2.08717197,-0.953222631,8.74259378,-0.396540951,0.953222631,-0.434834493,5.72667526e-05,-5.71704146e-05,5.7779367e-05,0.00851006018,0.827649157,-0.908633384,0.00103832796,3,-0.0552221451,0.0629019661,-0.0252272077,0.0329035
2.778,1.51142211,1.88138598,-2.06919284,-0.943205837,9.3999741,-0.388658353,0.943205837,-0.429397205,5.68956704e-05,-5.67915572e-05,5.7393799e-05,0.00834705403,0.804209081,-0.88963725,0.00110370139,3,-0.0593742208,0.0676536179,-0.0271212209,0.0353973124
2.78,1.50730763,1.87951271,-2.04990338,-0.932625301,10.0513629,-0.380578267,0.932625301,-0.423722177,5.64885634e-05,-5.63765861e-05,5.6971579e-05,0.0081754853,0.780148676,-0.869789951,0.00116482714,3,-0.0634886985,0.0723657482,-0.0289944941,0.0378684724
2.782,1.50323335,1.87766129,-2.02931589,-0.921491768,10.6963425,-0.372309112,0.921491768,-0.417816571,5.60458652e-05,-5.59259719e-05,5.65131884e-05,0.00799581526,0.755532796,-0.849147079,0.00122158857,3,-0.0675629727,0.0770352795,-0.0308459134,0.0403153935
2.784,1.49920186,1.87583282,-2.00744349,-0.909816278,11.3344996,-0.363859307,0.909816278,-0.411687619,5.55680361e-05,-5.5440212e-05,5.60191361e-05,0.00780852286,0.730426995,-0.82776566,0.00127388467,3,-0.0715944637,0.0816591556,-0.0326743863,0.0427365067
2.786,1.49521571,1.87402836,-1.98430013,-0.897610141,11.9654254,-0.355237251,0.897610141,-0.405342604,5.50555615e-05,-5.49198302e-05,5.54899582e-05,0.00761410329,0.704897323,-0.805703966,0.00132163005,3,-0.0755806189,0.0862343439,-0.0344788432,0.0451302617
2.788,1.49127741,1.87224896,-1.95990059,-0.88488492,12.5887157,-0.346451307,0.88488492,-0.398788845,5.45089514e-05,-5.43653752e-05,5.49262165e-05,0.00741306645,0.679010121,-0.783021321,0.00136475494,3,-0.0795189148,0.090757837,-0.0362582372,0.0474951276
2.79,1.48738947,1.87049566,-1.93426043,-0.871652403,13.2039715,-0.337509789,0.871652403,-0.39203368,5.392874e-05,-5.37774198e-05,5.43284977e-05,0.0072059355,0.652831828,-0.759777911,0.00140320507,3,-0.0834068584,0.0952266558,-0.0380115447,0.0498295943
2.792,1.48355434,1.86876944,-1.90739602,-0.857924588,13.8107991,-0.328420938,0.857924588,-0.385084447,5.33154843e-05,-5.31565601e-05,5.36974123e-05,0.00699324535,0.626428789,-0.736034599,0.00143694145,3,-0.0872419887,0.0996378507,-0.0397377662,0.0521321731
2.794,1.47977445,1.86707128,-1.8793245,-0.843713657,14.4088103,-0.319192915,0.843713657,-0.377948471,5.26697633e-05,-5.25034139e-05,5.30335935e-05,0.0067755411,0.599867067,-0.711852735,0.00146594013,3,-0.0910218786,0.103988505,-0.0414359262,0.0544013983
2.796,1.47605219,1.86540213,-1.85006381,-0.829031957,14.9976229,-0.309833782,0.829031957,-0.37063305,5.19921774e-05,-5.18186196e-05,5.23376956e-05,0.00655337663,0.573212265,-0.687293985,0.00149019189,3,-0.0947441361,0.108275735,-0.043105074,0.0566358276
2.798,1.47238992,1.86376292,-1.81963261,-0.813891974,15.5768607,-0.300351487,0.813891974,-0.363145432,5.1283347e-05,-5.11028357e-05,5.16103935e-05,0.00632731297,0.546529359,-0.662420145,0.00150970183,3,-0.0984064061,0.112496695,-0.0447442836,0.0588340434
2.8,1.46878996,1.86215455,-1.78805033,-0.798306319,16.1461541,-0.290753853,0.798306319,-0.355492809,5.0543912e-05,-5.03567386e-05,5.08523809e-05,0.0060979169,0.519882524,-0.637292978,0.00152448891,3,-0.102006372,0.116648577,-0.0463526541,0.0609946535
2.802,1.46525457,1.86057789,-1.75533715,-0.7822877,16.70514,-0.281048566,0.7822877,-0.347682298,4.97745302e-05,-4.95810223e-05,5.00643694e-05,0.00586575942,0.493334988,-0.611974045,0.00153458547,3,-0.105541756,0.120728614,-0.0479293101,0.0631162921
2.804,1.461786,1.8590338,-1.72151393,-0.765848907,17.2534621,-0.271243158,0.765848907,-0.339720929,4.89758767e-05,-4.87763963e-05,4.9247087e-05,0.00563141426,0.466948876,-0.586524549,0.00154003667,3,-0.109010323,0.124734082,-0.0494734017,0.0651976205
2.806,1.45838645,1.8575231,-1.68660228,-0.749002789,17.7907714,-0.261345003,0.749002789,-0.331615632,4.81486426e-05,-4.79435852e-05,4.8401277e-05,0.00539545652,0.440785077,-0.561005179,0.00154089988,3,-0.11240988,0.128662303,-0.0509841045,0.067237328
2.808,1.45505805,1.85604658,-1.65062447,-0.731762237,18.3167261,-0.2513613,0.731762237,-0.323373222,4.72935342e-05,-4.70833267e-05,4.75276966e-05,0.00515846114,0.414903112,-0.535475971,0.00153724402,3,-0.115738277,0.132510644,-0.05246062,0.0692341328
2.81,1.45180292,1.85460503,-1.61360346,-0.714140161,18.8309921,-0.24129907,0.714140161,-0.315000394,4.64112713e-05,-4.61963708e-05,4.66271155e-05,0.00492100161,0.389361015,-0.509996169,0.00152914892,3,-0.118993411,0.136276523,-0.0539021755,0.0711867825
2.812,1.4486231,1.85319918,-1.57556289,-0.696149478,19.333243,-0.231165142,0.696149478,-0.306503706,4.55025869e-05,-4.52834783e-05,4.57003148e-05,0.00468364856,0.364215219,-0.484624095,0.00151670459,3,-0.122173224,0.139957408,-0.055308024,0.0730940552
2.814,1.44552062,1.85182976,-1.53652701,-0.67780309,19.8231607,-0.220966151,0.67780309,-0.297889571,4.45682253e-05,-4.43454197e-05,4.47480858e-05,0.00444696846,0.33952046,-0.459417028,0.00150001049,3,-0.125275709,0.143550821,-0.0566774446,0.0749547595
2.816,1.44249742,1.85049746,-1.49652074,-0.65911387,20.3004349,-0.210708527,0.65911387,-0.28916425,4.36089416e-05,-4.33829737e-05,4.37712283e-05,0.00421152234,0.31532968,-0.434431094,0.00147917476,3,-0.128298905,0.147054338,-0.0580097418,0.0767677361
2.818,1.43955542,1.84920296,-1.45556958,-0.640094648,20.7647641,-0.200398493,0.640094648,-0.280333843,4.26255001e-05,-4.2396926e-05,4.27705497e-05,0.00397786455,0.29169395,-0.409721158,0.00145431351,3,-0.131240903,0.150465594,-0.0593042461,0.0785318575
2.82,1.43669648,1.84794689,-1.41369964,-0.620758191,21.2158551,-0.19004206,0.620758191,-0.271404281,4.16186733e-05,-4.13880683e-05,4.17468638e-05,0.00374654156,0.268662391,-0.385340732,0.00142554997,3,-0.134099846,0.153782281,-0.0605603134,0.0802460292
2.822,1.4339224,1.84672988,-1.37093762,-0.601117196,21.6534237,-0.17964502,0.601117196,-0.262381319,4.05892411e-05,-4.03571969e-05,4.07009891e-05,0.00351809082,0.246282116,-0.361341883,0.00139301379,3,-0.13687393,0.157002153,-0.0617773251,0.08190919
2.824,1.43123492,1.84555251,-1.32731076,-0.581184272,22.0771947,-0.169212951,0.581184272,-0.253270533,3.95379892e-05,-3.93051114e-05,3.96337481e-05,0.00329303966,0.224598171,-0.337775159,0.00135684024,3,-0.139561405,0.160123027,-0.062954688,0.0835203127
2.826,1.42863575,1.84441537,-1.28284688,-0.560971935,22.486902,-0.158751207,0.560971935,-0.244077315,3.84657084e-05,-3.82326138e-05,3.85459661e-05,0.00307190421,0.20365349,-0.314689511,0.00131716944,3,-0.142160575,0.163142784,-0.0640918338,0.0850784045
2.828,1.42612652,1.84331898,-1.23757427,-0.540492589,22.8822887,-0.148264926,0.540492589,-0.234806869,3.73731932e-05,-3.71405071e-05,3.74384699e-05,0.00285518842,0.183488859,-0.292132239,0.00127414562,3,-0.144669802,0.166059371,-0.0651882192,0.0865825072
2.83,1.42370882,1.84226388,-1.19152179,-0.519758526,23.2631075,-0.137759025,0.519758526,-0.225464209,3.62612411e-05,-3.60295945e-05,3.63120866e-05,0.0026433831,0.16414288,-0.270148926,0.00122791641,3,-0.147087505,0.168870803,-0.0662433257,0.0880316981
2.832,1.42138417,1.84125054,-1.14471873,-0.498781913,23.6291207,-0.127238204,0.498781913,-0.216054156,3.51306512e-05,-3.49006779e-05,3.51676433e-05,0.002436965,0.145651956,-0.248783397,0.00117863213,3,-0.149412159,0.171575164,-0.0672566589,0.0894250904
2.834,1.41915402,1.84027945,-1.09719489,-0.477574786,23.9801003,-0.116706948,0.477574786,-0.206581342,3.39822234e-05,-3.37545576e-05,3.40059652e-05,0.00223639594,0.128050267,-0.228077676,0.0011264451,3,-0.151642302,0.17417061,-0.0682277489,0.090761833
2.836,1.4170198,1.83935105,-1.04898049,-0.456149045,24.3158282,-0.10616953,0.456149045,-0.197050205,3.28167576e-05,-3.25920305e-05,3.28278755e-05,0.00204212203,0.111369766,-0.208071951,0.001071509,3,-0.15377653,0.176655371,-0.0691561495,0.0920411117
2.838,1.41498283,1.83846576,-1.0001062,-0.434516448,24.6360963,-0.0956300185,0.434516448,-0.187464994,3.16350524e-05,-3.14138898e-05,3.16341944e-05,0.0018545729,0.0956401748,-0.188804544,0.00101397829,3,-0.155813498,0.179027748,-0.0700414383,0.0932621486
2.84,1.4130444,1.83762399,-0.950603093,-0.412688613,24.9407066,-0.085092278,0.412688613,-0.177829771,3.04379045e-05,-3.02209241e-05,3.04257381e-05,0.00167416094,0.0808889826,-0.170311891,0.000954007608,3,-0.157751928,0.18128612,-0.070883216,0.0944242034
2.842,1.41120573,1.8368261,-0.900502616,-0.390677009,25.2294715,-0.0745599793,0.390677009,-0.168148412,2.92261076e-05,-2.90139161e-05,2.92033189e-05,0.00150128072,0.0671414564,-0.152628525,0.00089175126,3,-0.159590599,0.183428942,-0.0716811065,0.095526573
2.844,1.40946797,1.83607245,-0.849836599,-0.368492961,25.5022135,-0.0640366048,0.368492961,-0.158424615,2.8000452e-05,-2.77936426e-05,2.79677441e-05,0.00133630829,0.0544206505,-0.135787063,0.000827362733,3,-0.161328358,0.185454747,-0.0724347566,0.0965685917
2.846,1.40783221,1.83536337,-0.798637216,-0.346147648,25.7587656,-0.0535254564,0.346147648,-0.1486619,2.67617235e-05,-2.6560873e-05,2.67198161e-05,0.00117960066,0.0427474215,-0.119818194,0.000760994257,3,-0.162964113,0.187362149,-0.0731438352,0.0975496321
2.848,1.40629949,1.83469917,-0.746936965,-0.323652105,25.9989714,-0.0430296639,0.323652105,-0.138863621,2.55107027e-05,-2.53163696e-05,2.54603323e-05,0.00103149522,0.0321404465,-0.104750685,0.000692796418,3,-0.164496837,0.189149841,-0.0738080337,0.0984691047
2.85,1.40487076,1.83408014,-0.694768649,-0.301017225,26.222685,-0.0325521945,0.301017225,-0.129032967,2.42481644e-05,-2.40608861e-05,2.41900852e-05,0.000892309299,0.0226162442,-0.0906113699,0.000622917814,3,-0.165925571,0.190816598,-0.0744270652,0.0993264582
2.852,1.40354691,1.83350654,-0.642165356,-0.278253765,26.4297711,-0.0220958627,0.278253765,-0.119172971,2.29748774e-05,-2.27951678e-05,2.29098632e-05,0.000762339702,0.0141891976,-0.0774251578,0.000551504762,3,-0.16724942,0.19236128,-0.0750006646,0.10012118
2.854,1.40232877,1.83297861,-0.589160437,-0.255372349,26.6201054,-0.0116633401,0.255372349,-0.109286521,2.16916032e-05,-2.1519951e-05,2.1620451e-05,0.000641862292,0.00687157856,-0.0652150365,0.000478701059,3,-0.168467555,0.193782827,-0.075528588,0.100852796
2.856,1.40121711,1.83249659,-0.535787481,-0.232383473,26.793574,-0.00125716693,0.232383473,-0.0993763642,2.03990962e-05,-2.02359626e-05,2.0322632e-05,0.000531131633,0.000673574304,-0.0540020784,0.000404647786,3,-0.169579214,0.195080267,-0.0760106125,0.101520872
2.858,1.40021262,1.83206067,-0.482080299,-0.209297515,26.9500741,0.00912023693,0.209297515,-0.0894451201,1.90981029e-05,-1.89439195e-05,1.90171902e-05,0.000430380664,-0.00439668655,-0.0438054496,0.000329483165,3,-0.170583705,0.196252712,-0.0764465364,0.10212501
2.86,1.39931593,1.83167102,-0.428072899,-0.186124739,27.0895137,0.0194665599,0.186124739,-0.0794952882,1.77893616e-05,-1.7644529e-05,1.77049146e-05,0.000339820399,-0.00833310672,-0.0346424185,0.000253342458,3,-0.1714804,0.19729936,-0.0768361782,0.102664854
2.862,1.39852758,1.83132782,-0.373799464,-0.162875307,27.2118117,0.0297795865,0.162875307,-0.069529259,1.64736023e-05,-1.63384882e-05,1.63866048e-05,0.000259639673,-0.0111315935,-0.0265283657,0.000176357919,3,-0.172268743,0.198219497,-0.0771793771,0.103140085
2.864,1.39784808,1.83103121,-0.319294332,-0.139559285,27.3168978,0.0400571851,0.139559285,-0.0595493254,1.51515461e-05,-1.5026484e-05,1.50630804e-05,0.000190004912,-0.0127900322,-0.0194767942,9.86587878e-05,3,-0.172948244,0.199012496,-0.0774759923,0.103550424
2.866,1.39727784,1.8307813,-0.264591972,-0.116186655,27.4047129,0.0502972948,0.116186655,-0.0495576935,1.38239054e-05,-1.37091933e-05,1.37351964e-05,0.000131059946,-0.0133082604,-0.0134993388,2.03713229e-05,3,-0.173518483,0.199677818,-0.0777259032,0.103895632
2.868,1.39681722,1.83057819,-0.209726965,-0.0927673236,27.4752086,0.0604979127,0.0927673236,-0.0395564948,1.24913833e-05,-1.23872825e-05,1.24038673e-05,8.2925845e-05,-0.0126880436,-0.00860577633,-5.83811221e-05,3,-0.173979109,0.200215012,-0.0779290088,0.104175508
2.87,1.39646649,1.83042197,-0.154733979,-0.0693111345,27.5283477,0.0706570806,0.0693111345,-0.0295477979,1.11546741e-05,-1.10614082e-05,1.10701103e-05,4.57007874e-05,-0.0109330512,-0.00480403336,-0.000137477987,3,-0.174329839,0.200623717,-0.0780852282,0.104389892
2.872,1.39622587,1.8303127,-0.099647749,-0.0458278793,27.5641038,0.080772872,0.0458278793,-0.0195336212,9.81446271e-06,-9.73221706e-06,9.73512262e-06,1.94599601e-05,-0.00804883487,-0.00210019452,-0.000216801357,3,-0.174570461,0.200903661,-0.0781944999,0.104538661
2.874,1.3960955,1.83025042,-0.0445030538,-0.0223273095,27.5824616,0.0908433786,0.0223273095,-0.00951594515,8.47142523e-06,-8.40034595e-06,8.40043328e-06,4.2554856e-06,-0.00404280777,-0.000498508749,-0.000296235791,3,-0.174700832,0.20105466,-0.0782567819,0.104621733
2.876,1.39607545,1.83023515,0.0106653046,0.00118085211,27.5834166,0.100866698,-0.00118085211,0.000503274918,7.12622862e-06,-7.06642239e-06,7.06822414e-06,1.16377203e-07,0.00107577405,-1.39441171e-06,-0.000375668114,3,-0.174720878,0.201076622,-0.0782720517,0.104639065
2.878,1.39616573,1.8302669,0.0658225239,0.0246868988,27.5669752,0.110840918,-0.0246868988,0.010522096,5.77953105e-06,-5.7310648e-06,5.74209214e-06,7.04852261e-06,0.00729582895,-0.000609442973,-0.000454987192,3,-0.174630597,0.200969541,-0.0782403064,0.104590655
2.88,1.39636627,1.83034564,0.120933823,0.0481811279,27.5331549,0.120764107,-0.0481811279,0.0205385744,4.43198206e-06,-4.39488283e-06,4.42915056e-06,2.50346944e-05,0.0146044651,-0.00232142108,-0.000534083688,3,-0.174430053,0.200733503,-0.0781615622,0.104476537
2.882,1.39667695,1.83047135,0.175964463,0.0716538284,27.4819839,0.130634301,-0.0716538284,0.0305507534,3.0842228e-06,-3.05847786e-06,3.14720668e-06,5.40345881e-05,0.0229869946,-0.00513427112,-0.000612849799,3,-0.174119381,0.200368684,-0.0780358549,0.104296788
2.884,1.39709754,1.83064396,0.23087977,0.095095269,27.4135013,0.140449487,-0.095095269,0.0405566497,1.73688629e-06,-1.72244337e-06,1.95843354e-06,9.39848868e-05,0.0324269453,-0.00904311018,-0.000691178987,3,-0.173698788,0.199875348,-0.0778632398,0.104051521
2.886,1.39762778,1.83086341,0.285645157,0.118495686,27.3277568,0.150207596,-0.118495686,0.0505542415,3.90597773e-07,-3.87365508e-07,1.18480304e-06,0.000144799354,0.0429060722,-0.0140412276,-0.000768965701,3,-0.173168545,0.199253847,-0.0776437916,0.10374089
2.888,1.39826733,1.8311296,0.340226143,0.141845271,27.2248109,0.159906486,-0.141845271,0.0605414557,-9.54024912e-07,9.46176435e-07,1.61187443e-06,0.000206368953,0.0544043671,-0.020120081,-0.000846105094,3,-0.172528997,0.198504623,-0.0773776045,0.103365088
2.89,1.39901577,1.83144241,0.394588379,0.165134162,27.104735,0.169543938,-0.165134162,0.0705161554,-2.29637097e-06,2.27760943e-06,2.72041811e-06,0.000278561996,0.0669000675,-0.0272692916,-0.000922492749,3,-0.171780555,0.197628207,-0.0770647926,0.102924348
2.892,1.39987263,1.83180171,0.448697662,0.188352429,26.9676108,0.179117635,-0.188352429,0.0804761287,-3.63583618e-06,3.60636612e-06,3.9733209e-06,0.000361224318,0.0803696643,-0.0354766375,-0.000998024406,3,-0.1709237,0.196625215,-0.0767054897,0.102418939
2.894,1.40083735,1.83220735,0.502519965,0.211490065,26.8135304,0.188625163,-0.211490065,0.0904190764,-4.97182247e-06,4.93188426e-06,5.26572133e-06,0.000454179485,0.0947879103,-0.0447280476,-0.0010725957,3,-0.169958979,0.195496353,-0.0762998494,0.101849173
2.896,1.40190932,1.83265916,0.556021451,0.234536978,26.6425968,0.19806399,-0.234536978,0.100342601,-6.30373744e-06,6.25360602e-06,6.57162327e-06,0.000557229029,0.110127827,-0.055007594,-0.00114610193,3,-0.168887009,0.194242411,-0.0758480456,0.101215397
2.898,1.40308785,1.83315693,0.609168495,0.257482978,26.454923,0.207431465,-0.257482978,0.110244196,-7.63099385e-06,7.5709774e-06,7.88166282e-06,0.000670152713,0.126360714,-0.0662974842,-0.00121843779,3,-0.167708475,0.192864266,-0.0753502726,0.100517999
2.9,1.4043722,1.83370046,0.66192771,0.280317774,26.2506323,0.216724806,-0.280317774,0.120121236,-8.95300909e-06,8.88344756e-06,9.19148021e-06,0.000792708831,0.143456155,-0.0785780544,-0.00128949724,3,-0.166424125,0.191362881,-0.074806745,0.0997574055
2.902,1.40576155,1.8342895,0.714265958,0.30303096,26.0298583,0.225941093,-0.30303096,0.129970967,-1.02692047e-05,1.01904682e-05,1.04986211e-05,0.00092463454,0.161382031,-0.0918277626,-0.00135917325,3,-0.165034779,0.1897393,-0.0742176981,0.0989340794
2.904,1.40725501,1.83492381,0.766150381,0.325612013,25.7927445,0.235077258,-0.325612013,0.139790494,-1.15790058e-05,1.14914927e-05,1.1801482e-05,0.00106564622,0.180104531,-0.106023183,-0.0014273577,3,-0.163541318,0.187994653,-0.0735833884,0.0980485236
2.906,1.40885164,1.83560311,0.817548411,0.348050284,25.5394446,0.244130085,-0.348050284,0.14957678,-1.28818406e-05,1.2785976e-05,1.30988851e-05,0.00121543988,0.199588163,-0.121139,-0.00149394127,3,-0.161944691,0.186130152,-0.0729040934,0.0971012783
2.908,1.41055042,1.83632709,0.868427799,0.370334998,25.2701219,0.253096198,-0.370334998,0.15932663,-1.41771399e-05,1.40733733e-05,1.43898845e-05,0.0013736916,0.219795774,-0.137148011,-0.00155881334,3,-0.160245912,0.184147087,-0.0721801121,0.0960929217
2.91,1.41235027,1.83709544,0.918756626,0.392455243,24.9849496,0.261972058,-0.392455243,0.169036688,-1.54643363e-05,1.53531399e-05,1.56736693e-05,0.00154005799,0.240688564,-0.154021117,-0.00162186197,3,-0.158446056,0.182046831,-0.0714117652,0.0950240695
2.912,1.41425006,1.83790781,0.968503329,0.414399972,24.6841106,0.270753963,-0.414399972,0.178703432,-1.67428641e-05,1.66247304e-05,1.69495109e-05,0.00171417671,0.262226114,-0.171727337,-0.00168297391,3,-0.156546266,0.179830835,-0.0705993955,0.0938953746
2.914,1.41624858,1.83876383,1.01763672,0.436158001,24.367797,0.279438039,-0.436158001,0.188323164,-1.80121585e-05,1.78875982e-05,1.82167328e-05,0.00189566703,0.284366409,-0.190233802,-0.00174203463,3,-0.154547745,0.177500626,-0.069743368,0.0927075271
2.916,1.41834457,1.83966313,1.06612599,0.457718007,24.0362106,0.288020242,-0.457718007,0.19789201,-1.92716553e-05,1.91411949e-05,1.94746927e-05,0.00208413041,0.307065866,-0.209505774,-0.00179892843,3,-0.152451757,0.17505781,-0.0688440702,0.0914612537
2.918,1.4205367,1.84060529,1.11394076,0.479068528,23.6895622,0.296496357,-0.479068528,0.207405911,-2.05207902e-05,2.03849697e-05,2.07227706e-05,0.00227915118,0.330279378,-0.229506655,-0.00185353857,3,-0.150259628,0.172504065,-0.0679019124,0.0901573179
2.92,1.42282358,1.84158987,1.16105107,0.500197968,23.3280718,0.304861993,-0.500197968,0.216860626,-2.17589986e-05,2.16183692e-05,2.19603613e-05,0.00248029713,0.353960344,-0.250198007,-0.00190574748,3,-0.147972747,0.169841143,-0.0669173281,0.0887965191
2.922,1.42520377,1.84261643,1.2074274,0.521094594,22.9519682,0.313112592,-0.521094594,0.226251725,-2.29857151e-05,2.28408365e-05,2.3186869e-05,0.00268712033,0.378060723,-0.271539576,-0.00195543697,3,-0.145592557,0.167070869,-0.065890774,0.0873796927
2.924,1.42767576,1.84368447,1.25304071,0.541746547,22.5614894,0.321243421,-0.541746547,0.235574588,-2.4200373e-05,2.40518113e-05,2.44017042e-05,0.00289915784,0.402531083,-0.293489321,-0.00200248852,3,-0.143120564,0.164195137,-0.0648227307,0.0859077094
2.926,1.430238,1.8447935,1.29786242,0.562141841,22.1568815,0.329249583,-0.562141841,0.244824409,-2.54024041e-05,2.52507292e-05,2.56042803e-05,0.00311593254,0.42732066,-0.31600345,-0.00204678364,3,-0.14055833,0.161215909,-0.0637137025,0.0843814751
2.928,1.43288885,1.84594298,1.34186447,0.582268374,21.7383996,0.337126016,-0.582268374,0.25399619,-2.65912385e-05,2.64370213e-05,2.67940123e-05,0.00333695398,0.452377421,-0.33903646,-0.0020882042,3,-0.137907472,0.158135217,-0.0625642177,0.0828019302
2.93,1.43562666,1.84713237,1.3850193,0.602113932,21.3063069,0.344867498,-0.602113932,0.263084751,-2.77663041e-05,2.76101143e-05,2.79703149e-05,0.00356171931,0.477648141,-0.362541187,-0.00212663288,3,-0.135169665,0.154955154,-0.0613748291,0.0811700497
2.932,1.43844969,1.84836109,1.4272999,0.6216662,20.8608747,0.352468653,-0.6216662,0.272084722,-2.89270265e-05,2.876943e-05,2.91326017e-05,0.00378971419,0.503078475,-0.386468864,-0.00216195362,3,-0.132346637,0.151677881,-0.0601461141,0.0794868419
2.934,1.44135616,1.84962853,1.4686798,0.64091277,20.4023826,0.35992396,-0.64091277,0.280990557,-3.00728288e-05,2.99143855e-05,3.0280284e-05,0.00402041382,0.52861305,-0.410769179,-0.00219405215,3,-0.12944017,0.148305619,-0.0588786748,0.0777533488
2.936,1.44434423,1.85093406,1.50913309,0.659841155,19.9311178,0.367227754,-0.659841155,0.28979653,-3.12031313e-05,3.10443925e-05,3.14127709e-05,0.00425328395,0.554195555,-0.43539035,-0.00222281649,3,-0.126452097,0.144840647,-0.0575731381,0.0759706448
2.938,1.44741202,1.85227705,1.54863445,0.678438796,19.4473754,0.37437424,-0.678438796,0.298496746,-3.23173519e-05,3.21588577e-05,3.25294679e-05,0.00448778199,0.579768844,-0.4602792,-0.00224813758,3,-0.123384303,0.141285307,-0.0562301561,0.0741398367
2.94,1.4505576,1.8536568,1.58715914,0.696693079,18.9514577,0.3813575,-0.696693079,0.307085143,-3.34149056e-05,3.32571831e-05,3.36297775e-05,0.00472335813,0.605275042,-0.485381246,-0.00226990981,3,-0.120238724,0.137641992,-0.054850406,0.0722620631
2.942,1.45377898,1.85507261,1.62468305,0.714591347,18.4436747,0.388171503,-0.714591347,0.315555504,-3.44952047e-05,3.43387653e-05,3.47130985e-05,0.00495945649,0.63065566,-0.510640794,-0.00228803176,3,-0.117017342,0.133913153,-0.0534345904,0.0703384933
2.944,1.45707414,1.85652376,1.66118268,0.732120917,17.9243432,0.394810115,-0.732120917,0.323901459,-3.55576588e-05,3.54029964e-05,3.5778826e-05,0.00519551634,0.655851723,-0.536001037,-0.00230240674,3,-0.11372219,0.130101294,-0.0519834371,0.0683703275
2.946,1.46044098,1.8580095,1.69663517,0.749269091,17.3937872,0.40126711,-0.749269091,0.332116498,-3.66016751e-05,3.64492638e-05,3.68263517e-05,0.00543097337,0.680803892,-0.56140417,-0.00231294354,3,-0.110355344,0.126208965,-0.0504976995,0.0663587951
2.948,1.4638774,1.85952905,1.73101834,0.766023177,16.8523374,0.407536184,-0.766023177,0.340193982,-3.76266584e-05,3.74769507e-05,3.78550636e-05,0.00566526093,0.705452607,-0.586791508,-0.0023195571,3,-0.106918926,0.122238771,-0.0489781561,0.0643051551
2.95,1.46738123,1.86108159,1.76431063,0.782370506,16.300331,0.413610967,-0.782370506,0.348127148,-3.86320114e-05,3.84854362e-05,3.88643468e-05,0.0058978114,0.729738225,-0.612103609,-0.00232216919,3,-0.103415101,0.118193358,-0.0474256111,0.0622106947
2.952,1.47095025,1.86266631,1.7964912,0.798298447,15.7381119,0.419485035,-0.798298447,0.355909125,-3.96171351e-05,3.94740959e-05,3.98535833e-05,0.00612805746,0.753601172,-0.637280411,-0.0023207091,3,-0.0998460791,0.11407542,-0.0458408936,0.0600767285
2.954,1.47458222,1.86428234,1.82753987,0.813794428,15.1660298,0.425151926,-0.813794428,0.363532943,-4.05814289e-05,4.04423026e-05,4.08221525e-05,0.00635543355,0.776982097,-0.662261371,-0.00231511435,3,-0.0962141075,0.109887691,-0.0442248583,0.0579045983
2.956,1.47827485,1.86592882,1.8574372,0.828845954,14.5844407,0.430605155,-0.828845954,0.370991551,-4.15242913e-05,4.13894263e-05,4.17694318e-05,0.00657937722,0.799822032,-0.686985615,-0.00230533138,3,-0.0925214747,0.105632948,-0.0425783846,0.0556956718
2.958,1.48202582,1.86760483,1.88616443,0.843440626,13.9937063,0.435838225,-0.843440626,0.378277822,-4.24451202e-05,4.23148351e-05,4.2694797e-05,0.00679933055,0.822062556,-0.71139209,-0.00229131618,3,-0.088770507,0.101314006,-0.040902377,0.053451342
2.96,1.48583276,1.86930944,1.91370355,0.857566165,13.3941938,0.440844647,-0.857566165,0.385384573,-4.33433131e-05,4.32178958e-05,4.35976229e-05,0.00701474161,0.843645965,-0.735419728,-0.00227303497,3,-0.0849635673,0.0969337129,-0.0391977645,0.0511730262
2.962,1.48969327,1.8710417,1.94003728,0.871210427,12.7862759,0.445617953,-0.871210427,0.392304579,-4.42182684e-05,4.40979748e-05,4.44772839e-05,0.00722506589,0.864515441,-0.759007609,-0.00225046479,3,-0.0811030533,0.0924949552,-0.0374655007,0.0488621652
2.964,1.49360493,1.87280064,1.9651491,0.884361428,12.1703305,0.450151712,-0.884361428,0.399030585,-4.50693852e-05,4.49544386e-05,4.53331548e-05,0.00742976778,0.884615232,-0.782095135,-0.00222359412,3,-0.0771913968,0.0880006492,-0.0357065631,0.0465202224
2.966,1.49756527,1.87458525,1.98902323,0.89700736,11.5467405,0.454439551,-0.89700736,0.405555324,-4.58960645e-05,4.57866546e-05,4.61646115e-05,0.007628322,0.903890824,-0.804622204,-0.0021924234,3,-0.0732310614,0.0834537417,-0.033921953,0.0441486828
2.968,1.50157179,1.87639451,2.01164468,0.909136618,10.9158933,0.458475162,-0.909136618,0.411871531,-4.66977096e-05,4.65939922e-05,4.69710318e-05,0.0078202151,0.922289121,-0.82652939,-0.00215696558,3,-0.0692245412,0.0788572072,-0.0321126951,0.0417490522
2.97,1.50562197,1.87822737,2.03299922,0.920737817,10.2781812,0.462252329,-0.920737817,0.417971962,-4.74737268e-05,4.73758236e-05,4.77517962e-05,0.00800494688,0.939758627,-0.847758128,-0.00211724651,3,-0.0651743597,0.0742140462,-0.030279837,0.039322856
2.972,1.50971326,1.88008275,2.05307343,0.931799815,9.63400053,0.465764937,-0.931799815,0.423849406,-4.82235266e-05,4.81315245e-05,4.85062892e-05,0.00818203186,0.956249617,-0.868250896,-0.00207330541,3,-0.0610830674,0.0695272826,-0.0284244488,0.036871638
2.974,1.51384309,1.88195958,2.07185466,0.942311732,8.98375186,0.469006992,-0.942311732,0.429496704,-4.89465239e-05,4.88604757e-05,4.92338995e-05,0.00835100068,0.971714324,-0.8879514,-0.00202519516,3,-0.056953241,0.0647999622,-0.0265476225,0.0343969602
2.976,1.51800885,1.88385673,2.08933109,0.952262972,8.32783956,0.471972638,-0.952262972,0.434906766,-4.96421393e-05,4.95620634e-05,4.99340218e-05,0.00851140157,0.986107103,-0.906804768,-0.00197298266,3,-0.0527874814,0.0600351498,-0.0246504715,0.0319004005
2.978,1.52220791,1.88577307,2.10549168,0.961643244,7.66667166,0.47465617,-0.961643244,0.440072588,-5.03097998e-05,5.02356807e-05,5.06060572e-05,0.00866280163,0.999384615,-0.924757729,-0.00191674897,3,-0.0485884121,0.0552359279,-0.0227341302,0.0293835528
2.98,1.52643765,1.88770745,2.12032624,0.970442581,7.00065956,0.477052053,-0.970442581,0.444987265,-5.09489397e-05,5.08807285e-05,5.12494146e-05,0.00880478826,1.01150598,-0.941758804,-0.0018565895,3,-0.0443586776,0.0504053939,-0.020799753,0.0268480252
2.982,1.53069538,1.88965869,2.13382538,0.978651363,6.33021785,0.47915494,-0.978651363,0.449644013,-5.15590014e-05,5.1496617e-05,5.18635117e-05,0.00893697046,1.02243297,-0.957758489,-0.0017926141,3,-0.0401009418,0.0455466585,-0.0188485139,0.0242954388
2.984,1.53497844,1.8916256,2.14598057,0.98626033,5.65576404,0.48095968,-0.98626033,0.454036182,-5.21394369e-05,5.20827661e-05,5.24477759e-05,0.00905898004,1.03213013,-0.972709438,-0.00172494706,3,-0.0358178865,0.0406628436,-0.0168816055,0.0217274273
2.986,1.53928412,1.89360696,2.1567841,0.993260608,4.97771834,0.482461341,-0.993260608,0.458157274,-5.26897079e-05,5.26386071e-05,5.30016458e-05,0.00917047292,1.04056495,-0.986566635,-0.00165372699,3,-0.0315122091,0.0357570797,-0.0149002387,0.0191456349
2.988,1.5436097,1.89560156,2.16622908,0.999643724,4.29650337,0.483655221,-0.999643724,0.462000958,-5.32092875e-05,5.31635837e-05,5.35245719e-05,0.00927113022,1.04770801,-0.999287575,-0.00157910676,3,-0.027186622,0.0308325045,-0.0129056416,0.0165517158
2.99,1.54795248,1.89760814,2.17430952,1.00540162,3.61254397,0.484536863,-1.00540162,0.465561087,-5.36976611e-05,5.36571532e-05,5.40160181e-05,0.00936065941,1.05353311,-1.01083243,-0.0015012532,3,-0.0228438496,0.0258922604,-0.0108990584,0.0139473327
2.992,1.5523097,1.89962545,2.18102022,1.01052669,2.92626692,0.485102068,-1.01052669,0.468831713,-5.41543268e-05,5.41187874e-05,5.44754625e-05,0.00943879534,1.05801742,-1.02116419,-0.00142034684,3,-0.0184866278,0.0209394928,-0.00888174941,0.0113341559
2.994,1.55667863,1.90165221,2.1863569,1.01501176,2.23810068,0.485346908,-1.01501176,0.4718071,-5.45787973e-05,5.45479742e-05,5.49023988e-05,0.00950530122,1.06114156,-1.03024887,-0.00133658149,3,-0.0141177015,0.0159773476,-0.00685498915,0.00871386165
2.996,1.5610565,1.90368714,2.19031607,1.01885013,1.54847519,0.485267741,-1.01885013,0.474481745,-5.49706003e-05,5.49442183e-05,5.52963374e-05,0.0095599695,1.06288973,-1.03805559,-0.00125016383,3,-0.00973982331,0.0110089699,-0.00482006612,0.00608813123
2.998,1.56544058,1.90572892,2.19289516,1.0220356,0.857821528,0.484861219,-1.0220356,0.476850384,-5.53292798e-05,5.53070427e-05,5.56568064e-05,0.00960262271,1.06324982,-1.04455677,-0.00116131283,3,-0.00535575151,0.00603750131,-0.00277828155,0.00345864972
3,1.56982808,1.90777625,2.19409242,1.02456244,0.166571721,0.484124303,-1.02456244,0.478908011,-5.56543967e-05,5.56359894e-05,5.59833525e-05,0.00963311421,1.06221346,-1.0497282,-0.00107025919,3,-0.000968248606,0.00106607839,-0.000730948461,0.000827104706
