time,input_angle,output_angle,input_velocity,output_velocity,input_acceleration,input_torque,output_torque,static_reference_torque,deflection_m,span_error_m,closure_m,kinetic_J,input_power_W,output_power_W,equality_power_W,rows,q0,q1
0,1.57079633,1.9085072,0,0,0,0,0,-0,0,0,0,0,0,0,0,1,0,0
0.002,1.57079633,1.9085072,0,0,0,0,0,-0,0,0,0,0,0,0,0,1,0,0
0.004,1.57079633,1.9085072,0,0,0,0,0,-0,0,0,0,0,0,0,0,1,0,0
0.006,1.57079633,1.9085072,0,0,0,0,0,-0,0,0,0,0,0,0,0,1,0,0
0.008,1.57079633,1.9085072,0,0,0,0,0,-0,0,0,0,0,0,0,0,1,0,0
0.01,1.57079633,1.9085072,0,0,0,0,0,-0,0,0,0,0,0,0,0,1,0,0
0.012,1.57079633,1.9085072,0,0,0,0,0,-0,0,0,0,0,0,0,0,1,0,0
0.014,1.57079633,1.9085072,0,0,0,0,0,-0,0,0,0,0,0,0,0,1,0,0
0.016,1.57079633,1.9085072,0,0,0,0,0,-0,0,0,0,0,0,0,0,1,0,0
0.018,1.57079633,1.9085072,0,0,0,0,0,-0,0,0,0,0,0,0,0,1,0,0
0.02,1.57079633,1.9085072,0,0,0,0,0,-0,0,0,0,0,0,0,0,1,0,0
0.022,1.57079633,1.9085072,0,0,0,0,0,-0,0,0,0,0,0,0,0,1,0,0
0.024,1.57079633,1.9085072,0,0,0,0,0,-0,0,0,0,0,0,0,0,1,0,0
0.026,1.57079633,1.9085072,0,0,0,0,0,-0,0,0,0,0,0,0,0,1,0,0
0.028,1.57079633,1.9085072,0,0,0,0,0,-0,0,0,0,0,0,0,0,1,0,0
0.03,1.57079633,1.9085072,0,0,0,0,0,-0,0,0,0,0,0,0,0,1,0,0
0.032,1.57079633,1.9085072,0,0,0,0,0,-0,0,0,0,0,0,0,0,1,0,0
0.034,1.57079633,1.9085072,0,0,0,0,0,-0,0,0,0,0,0,0,0,1,0,0
0.036,1.57079633,1.9085072,0,0,0,0,0,-0,0,0,0,0,0,0,0,1,0,0
0.038,1.57079633,1.9085072,0,0,0,0,0,-0,0,0,0,0,0,0,0,1,0,0
0.04,1.57079633,1.9085072,0,0,0,0,0,-0,0,0,0,0,0,0,0,1,0,0
0.042,1.57079633,1.9085072,0,0,0,0,0,-0,0,0,0,0,0,0,0,1,0,0
0.044,1.57079633,1.9085072,0,0,0,0,0,-0,0,0,0,0,0,0,0,1,0,0
0.046,1.57079633,1.9085072,0,0,0,0,0,-0,0,0,0,0,0,0,0,1,0,0
0.048,1.57079633,1.9085072,0,0,0,0,0,-0,0,0,0,0,0,0,0,1,0,0
0.05,1.57079633,1.9085072,0,0,0,0,0,-0,0,0,0,0,0,0,0,1,0,0
0.052,1.57079633,1.9085072,0,0,0,0,0,-0,0,0,0,0,0,0,0,1,0,0
0.054,1.57079633,1.9085072,0,0,0,0,0,-0,0,0,0,0,0,0,0,1,0,0
0.056,1.57079633,1.9085072,0,0,0,0,0,-0,0,0,0,0,0,0,0,1,0,0
0.058,1.57079633,1.9085072,0,0,0,0,0,-0,0,0,0,0,0,0,0,1,0,0
0.06,1.57079633,1.9085072,0,0,0,0,0,-0,0,0,0,0,0,0,0,1,0,0
0.062,1.57079633,1.9085072,0,0,0,0,0,-0,0,0,0,0,0,0,0,1,0,0
0.064,1.57079633,1.9085072,0,0,0,0,0,-0,0,0,0,0,0,0,0,1,0,0
0.066,1.57079633,1.9085072,0,0,0,0,0,-0,0,0,0,0,0,0,0,1,0,0
0.068,1.57079633,1.9085072,0,0,0,0,0,-0,0,0,0,0,0,0,0,1,0,0
0.07,1.57079633,1.9085072,0,0,0,0,0,-0,0,0,0,0,0,0,0,1,0,0
0.072,1.57079633,1.9085072,0,0,0,0,0,-0,0,0,0,0,0,0,0,1,0,0
0.074,1.57079633,1.9085072,0,0,0,0,0,-0,0,0,0,0,0,0,0,1,0,0
0.076,1.57079633,1.9085072,0,0,0,0,0,-0,0,0,0,0,0,0,0,1,0,0
0.078,1.57079633,1.9085072,0,0,0,0,0,-0,0,0,0,0,0,0,0,1,0,0
0.08,1.57079633,1.9085072,0,0,0,0,0,-0,0,0,0,0,0,0,0,1,0,0
0.082,1.57079633,1.9085072,0,0,0,0,0,-0,0,0,0,0,0,0,0,1,0,0
0.084,1.57079633,1.9085072,0,0,0,0,0,-0,0,0,0,0,0,0,0,1,0,0
0.086,1.57079633,1.9085072,0,0,0,0,0,-0,0,0,0,0,0,0,0,1,0,0
0.088,1.57079633,1.9085072,0,0,0,0,0,-0,0,0,0,0,0,0,0,1,0,0
0.09,1.57079633,1.9085072,0,0,0,0,0,-0,0,0,0,0,0,0,0,1,0,0
0.092,1.57079633,1.9085072,0,0,0,0,0,-0,0,0,0,0,0,0,0,1,0,0
0.094,1.57079633,1.9085072,0,0,0,0,0,-0,0,0,0,0,0,0,0,1,0,0
0.096,1.57079633,1.9085072,0,0,0,0,0,-0,0,0,0,0,0,0,0,1,0,0
0.098,1.57079633,1.9085072,0,0,0,0,0,-0,0,0,0,0,0,0,0,1,0,0
0.1,1.57079633,1.9085072,0,0,0,0,0,-0,0,0,0,0,0,0,0,1,0,0
0.102,1.57079633,1.9085072,0,0,0,0,0,-0,0,0,0,0,0,0,0,1,0,0
0.104,1.57079633,1.9085072,0,0,0,0,0,-0,0,0,0,0,0,0,0,1,0,0
0.106,1.57079633,1.9085072,0,0,0,0,0,-0,0,0,0,0,0,0,0,1,0,0
0.108,1.57079633,1.9085072,0,0,0,0,0,-0,0,0,0,0,0,0,0,1,0,0
0.11,1.57079633,1.9085072,0,0,0,0,0,-0,0,0,0,0,0,0,0,1,0,0
0.112,1.57079633,1.9085072,0,0,0,0,0,-0,0,0,0,0,0,0,0,1,0,0
0.114,1.57079633,1.9085072,0,0,0,0,0,-0,0,0,0,0,0,0,0,1,0,0
0.116,1.57079633,1.9085072,0,0,0,0,0,-0,0,0,0,0,0,0,0,1,0,0
0.118,1.57079633,1.9085072,0,0,0,0,0,-0,0,0,0,0,0,0,0,1,0,0
0.12,1.57079633,1.9085072,0,0,0,0,0,-0,0,0,0,0,0,0,0,1,0,0
0.122,1.57079633,1.9085072,0,0,0,0,0,-0,0,0,0,0,0,0,0,1,0,0
0.124,1.57079633,1.9085072,0,0,0,0,0,-0,0,0,0,0,0,0,0,1,0,0
0.126,1.57079633,1.9085072,0,0,0,0,0,-0,0,0,0,0,0,0,0,1,0,0
0.128,1.57079633,1.9085072,0,0,0,0,0,-0,0,0,0,0,0,0,0,1,0,0
0.13,1.57079633,1.9085072,0,0,0,0,0,-0,0,0,0,0,0,0,0,1,0,0
0.132,1.57079633,1.9085072,0,0,0,0,0,-0,0,0,0,0,0,0,0,1,0,0
0.134,1.57079633,1.9085072,0,0,0,0,0,-0,0,0,0,0,0,0,0,1,0,0
0.136,1.57079633,1.9085072,0,0,0,0,0,-0,0,0,0,0,0,0,0,1,0,0
0.138,1.57079633,1.9085072,0,0,0,0,0,-0,0,0,0,0,0,0,0,1,0,0
0.14,1.57079633,1.9085072,0,0,0,0,0,-0,0,0,0,0,0,0,0,1,0,0
0.142,1.57079633,1.9085072,0,0,0,0,0,-0,0,0,0,0,0,0,0,1,0,0
0.144,1.57079633,1.9085072,0,0,0,0,0,-0,0,0,0,0,0,0,0,1,0,0
0.146,1.57079633,1.9085072,0,0,0,0,0,-0,0,0,0,0,0,0,0,1,0,0
0.148,1.57079633,1.9085072,0,0,0,0,0,-0,0,0,0,0,0,0,0,1,0,0
0.15,1.57079633,1.9085072,0,0,0,0,0,-0,0,0,0,0,0,0,0,1,0,0
0.152,1.57079633,1.9085072,0,0,0,0,0,-0,0,0,0,0,0,0,0,1,0,0
0.154,1.57079633,1.9085072,0,0,0,0,0,-0,0,0,0,0,0,0,0,1,0,0
0.156,1.57079633,1.9085072,0,0,0,0,0,-0,0,0,0,0,0,0,0,1,0,0
0.158,1.57079633,1.9085072,0,0,0,0,0,-0,0,0,0,0,0,0,0,1,0,0
0.16,1.57079633,1.9085072,0,0,0,0,0,-0,0,0,0,0,0,0,0,1,0,0
0.162,1.57079633,1.9085072,0,0,0,0,0,-0,0,0,0,0,0,0,0,1,0,0
0.164,1.57079633,1.9085072,0,0,0,0,0,-0,0,0,0,0,0,0,0,1,0,0
0.166,1.57079633,1.9085072,0,0,0,0,0,-0,0,0,0,0,0,0,0,1,0,0
0.168,1.57079633,1.9085072,0,0,0,0,0,-0,0,0,0,0,0,0,0,1,0,0
0.17,1.57079633,1.9085072,0,0,0,0,0,-0,0,0,0,0,0,0,0,1,0,0
0.172,1.57079633,1.9085072,0,0,0,0,0,-0,0,0,0,0,0,0,0,1,0,0
0.174,1.57079633,1.9085072,0,0,0,0,0,-0,0,0,0,0,0,0,0,1,0,0
0.176,1.57079633,1.9085072,0,0,0,0,0,-0,0,0,0,0,0,0,0,1,0,0
0.178,1.57079633,1.9085072,0,0,0,0,0,-0,0,0,0,0,0,0,0,1,0,0
0.18,1.57079633,1.9085072,0,0,0,0,0,-0,0,0,0,0,0,0,0,1,0,0
0.182,1.57079633,1.9085072,0,0,0,0,0,-0,0,0,0,0,0,0,0,1,0,0
0.184,1.57079633,1.9085072,0,0,0,0,0,-0,0,0,0,0,0,0,0,1,0,0
0.186,1.57079633,1.9085072,0,0,0,0,0,-0,0,0,0,0,0,0,0,1,0,0
0.188,1.57079633,1.9085072,0,0,0,0,0,-0,0,0,0,0,0,0,0,1,0,0
0.19,1.57079633,1.9085072,0,0,0,0,0,-0,0,0,0,0,0,0,0,1,0,0
0.192,1.57079633,1.9085072,0,0,0,0,0,-0,0,0,0,0,0,0,0,1,0,0
0.194,1.57079633,1.9085072,0,0,0,0,0,-0,0,0,0,0,0,0,0,1,0,0
0.196,1.57079633,1.9085072,0,0,0,0,0,-0,0,0,0,0,0,0,0,1,0,0
0.198,1.57079633,1.9085072,0,0,0,0,0,-0,0,0,0,0,0,0,0,1,0,0
0.2,1.57079633,1.9085072,0,0,0,0,0,-0,0,0,0,0,0,0,0,1,0,0
0.202,1.57079633,1.9085072,0,0,0,0,0,-0,0,0,0,0,0,0,0,1,0,0
0.204,1.57079633,1.9085072,0,0,0,0,0,-0,0,0,0,0,0,0,0,1,0,0
0.206,1.57079633,1.9085072,0,0,0,0,0,-0,0,0,0,0,0,0,0,1,0,0
0.208,1.57079633,1.9085072,0,0,0,0,0,-0,0,0,0,0,0,0,0,1,0,0
0.21,1.57079633,1.9085072,0,0,0,0,0,-0,0,0,0,0,0,0,0,1,0,0
0.212,1.57079633,1.9085072,0,0,0,0,0,-0,0,0,0,0,0,0,0,1,0,0
0.214,1.57079633,1.9085072,0,0,0,0,0,-0,0,0,0,0,0,0,0,1,0,0
0.216,1.57079633,1.9085072,0,0,0,0,0,-0,0,0,0,0,0,0,0,1,0,0
0.218,1.57079633,1.9085072,0,0,0,0,0,-0,0,0,0,0,0,0,0,1,0,0
0.22,1.57079633,1.9085072,0,0,0,0,0,-0,0,0,0,0,0,0,0,1,0,0
0.222,1.57079633,1.9085072,0,0,0,0,0,-0,0,0,0,0,0,0,0,1,0,0
0.224,1.57079633,1.9085072,0,0,0,0,0,-0,0,0,0,0,0,0,0,1,0,0
0.226,1.57079633,1.9085072,0,0,0,0,0,-0,0,0,0,0,0,0,0,1,0,0
0.228,1.57079633,1.9085072,0,0,0,0,0,-0,0,0,0,0,0,0,0,1,0,0
0.23,1.57079633,1.9085072,0,0,0,0,0,-0,0,0,0,0,0,0,0,1,0,0
0.232,1.57079633,1.9085072,0,0,0,0,0,-0,0,0,0,0,0,0,0,1,0,0
0.234,1.57079633,1.9085072,0,0,0,0,0,-0,0,0,0,0,0,0,0,1,0,0
0.236,1.57079633,1.9085072,0,0,0,0,0,-0,0,0,0,0,0,0,0,1,0,0
0.238,1.57079633,1.9085072,0,0,0,0,0,-0,0,0,0,0,0,0,0,1,0,0
0.24,1.57079633,1.9085072,0,0,0,0,0,-0,0,0,0,0,0,0,0,1,0,0
0.242,1.57079633,1.9085072,0,0,0,0,0,-0,0,0,0,0,0,0,0,1,0,0
0.244,1.57079633,1.9085072,0,0,0,0,0,-0,0,0,0,0,0,0,0,1,0,0
0.246,1.57079633,1.9085072,0,0,0,0,0,-0,0,0,0,0,0,0,0,1,0,0
0.248,1.57079633,1.9085072,0,0,0,0,0,-0,0,0,0,0,0,0,0,1,0,0
0.25,1.57079633,1.9085072,0,0,-42.7677204,0,-0.2,0.0935229795,0,0,0,0,0,-0,0,1,0,0
0.252,1.57077403,1.90847303,-0.0149347435,-0.0216510369,-6.71159092,0.0858240645,-0.2,0.0935221144,-4.74964527e-06,4.7481578e-06,4.7481578e-06,1.36271457e-06,-0.00128176039,0.00433020737,-0.00290310177,1,-2.23006939e-05,-3.41763148e-05
0.254,1.57074187,1.90843269,-0.0159088569,-0.0180076117,3.70328919,0.106774518,-0.2,0.0935208666,-9.81007156e-06,9.80699151e-06,9.80699151e-06,9.92202107e-07,-0.00169866053,0.00360152234,-0.00232933255,1,-5.44604667e-05,-7.45165957e-05
0.256,1.57071322,1.90840631,-0.0132100129,-0.0103385304,5.47688138,0.107603361,-0.2,0.0935197552,-1.240597e-05,1.24020676e-05,1.24020676e-05,3.72707423e-07,-0.00142144178,0.00206770608,-0.000908771078,1,-8.31065922e-05,-0.000100891061
0.258,1.57069064,1.90839347,-0.0101820039,-0.00438052605,4.75885713,0.103753504,-0.2,0.093518879,-1.28617529e-05,1.28577024e-05,1.28577024e-05,1.0318179e-07,-0.00105641858,0.000876105209,8.05519478e-05,1,-0.000105686969,-0.000113728483
0.26,1.57067348,1.90838946,-0.00770405775,-0.000857403435,3.61260081,0.0999454449,-0.2,0.093518213,-1.20586242e-05,1.20548241e-05,1.20548241e-05,3.17180771e-08,-0.00076998548,0.000171480687,0.000565455112,1,-0.000122850312,-0.000117738293
0.262,1.57066047,1.90839007,-0.00585855044,0.00081364353,2.62799977,0.0972230197,-0.2,0.0935177081,-1.07209851e-05,1.07176053e-05,1.07176053e-05,1.89742092e-08,-0.000569585965,-0.000162728706,0.000718738814,1,-0.000135860535,-0.000117133545
0.264,1.57065049,1.90839248,-0.00452068357,0.00133917209,1.90337188,0.0955222902,-0.2,0.0935173209,-9.30482758e-06,9.30189365e-06,9.30189365e-06,1.50314592e-08,-0.000431826048,-0.000267834418,0.000691308547,1,-0.000145837745,-0.000114717977
0.266,1.57064271,1.90839512,-0.00354778565,0.00125116423,1.39828638,0.0945468177,-0.2,0.093517019,-8.0508903e-06,8.04835142e-06,8.04835142e-06,1.04876332e-08,-0.000335431843,-0.000250232847,0.00057969405,1,-0.000153615779,-0.000112085189
0.268,1.57063655,1.90839719,-0.00282764792,0.00088792433,1.05049212,0.0940275822,-0.2,0.0935167799,-7.0599962e-06,7.05776958e-06,7.05776958e-06,6.11243522e-09,-0.000265876898,-0.000177584866,0.000439452884,1,-0.000159778685,-0.000110012398
0.27,1.5706316,1.90839841,-0.00228198405,0.00044312446,0.808408991,0.0937745878,-0.2,0.0935165877,-6.35248772e-06,6.35048404e-06,6.35048404e-06,3.13473388e-09,-0.000213992114,-8.86248921e-05,0.000300243472,1,-0.000164729335,-0.000108789698
0.272,1.57062758,1.90839876,-0.00185868949,1.70939181e-05,0.635838029,0.0936675224,-0.2,0.0935164318,-5.90744316e-06,5.90557967e-06,5.90557967e-06,1.73280692e-09,-0.000174098839,-3.41878362e-06,0.000176314819,1,-0.00016874815,-0.000108443603
0.274,1.57062429,1.90839833,-0.00152352253,-0.000345194847,0.509088361,0.0936350296,-0.2,0.0935163042,-5.68615874e-06,5.68436484e-06,5.68436484e-06,1.48166708e-09,-0.000142655078,6.90389694e-05,7.31276721e-05,1,-0.000172034834,-0.000108873974
0.276,1.57062159,1.90839727,-0.00125378844,-0.000629445363,0.413115389,0.0936368692,-0.2,0.0935161994,-5.64518614e-06,5.64340495e-06,5.64340495e-06,1.84536531e-09,-0.000117400824,0.000125889073,-8.61230778e-06,1,-0.000174735854,-0.000109932058
0.278,1.57061936,1.90839574,-0.00103409702,-0.000837125332,0.338434809,0.0936514568,-0.2,0.093516113,-5.74299077e-06,5.74117849e-06,5.74117849e-06,2.40612687e-09,-9.68446919e-05,0.000167425066,-7.05659024e-05,1,-0.000176961943,-0.000111461957
0.28,1.57061753,1.90839388,-0.000853672189,-0.000976914499,0.279013312,0.0936679358,-0.2,0.0935160417,-5.94293188e-06,5.94105628e-06,5.94105628e-06,2.91204495e-09,-7.99617117e-05,0.0001953829,-0.000115392666,1,-0.00017879915,-0.000113320705
0.282,1.57061601,1.90839182,-0.0007046927,-0.00106003116,0.230927257,0.093681394,-0.2,0.0935159828,-6.21423015e-06,6.21226868e-06,6.21226868e-06,3.24743172e-09,-6.60165944e-05,0.000212006232,-0.000146002655,1,-0.000180315861,-0.00011538638
0.284,1.57061476,1.90838964,-0.000581278945,-0.00109782349,0.191541644,0.0936900808,-0.2,0.0935159343,-6.53190155e-06,6.52983955e-06,6.52983955e-06,3.3854786e-09,-5.44600713e-05,0.000219564699,-0.00016517398,1,-0.000181567372,-0.000117559918
0.286,1.57061373,1.90838744,-0.00047887229,-0.00110063744,0.159017512,0.093693834,-0.2,0.0935158942,-6.87621105e-06,6.8740401e-06,6.8740401e-06,3.34755685e-09,-4.48673809e-05,0.000220127488,-0.000175379749,1,-0.000182598945,-0.000119763808
0.288,1.57061288,1.90838526,-0.000393849048,-0.00107737865,0.132018733,0.0936932157,-0.2,0.0935158613,-7.23194748e-06,7.22966397e-06,7.22966397e-06,3.17517666e-09,-3.69009838e-05,0.000215475731,-0.000178730271,1,-0.000183447941,-0.000121939463
0.29,1.57061218,1.90838316,-0.000323274121,-0.00103543486,0.109537167,0.0936890528,-0.2,0.0935158342,-7.58767579e-06,7.58527971e-06,7.58527971e-06,2.91332491e-09,-3.02872462e-05,0.000207086972,-0.000176975343,1,-0.000184145364,-0.000124044205
0.292,1.57061161,1.90838115,-0.000264738186,-0.000980772356,0.0907872376,0.093682205,-0.2,0.093515812,-7.93504162e-06,7.93253562e-06,7.93253562e-06,2.60197432e-09,-2.4801257e-05,0.000196154471,-0.000171535136,1,-0.000184717028,-0.000126048333
0.294,1.57061114,1.90837927,-0.000216245567,-0.000918105363,0.075141041,0.0936734568,-0.2,0.0935157939,-8.26815925e-06,8.26554781e-06,8.26554781e-06,2.27274134e-09,-2.02564697e-05,0.000183621073,-0.000163542286,1,-0.000185184458,-0.000127932481
0.296,1.57061076,1.90837752,-0.000176133594,-0.000851085147,0.0620871911,0.0936634756,-0.2,0.0935157791,-8.58309028e-06,8.58037915e-06,8.58037915e-06,1.94844636e-09,-1.64972846e-05,0.000170217029,-0.000153885995,1,-0.000185565615,-0.000129685357
0.298,1.57061045,1.9083759,-0.000143012203,-0.000782482659,0.0512036873,0.0936528037,-0.2,0.093515767,-8.87740962e-06,8.87460533e-06,8.87460533e-06,1.64410026e-09,-1.33934938e-05,0.000156496532,-0.000143253564,1,-0.000185875485,-0.000131301843
0.3,1.5706102,1.90837442,-0.000115717057,-0.000714352961,0.0421392254,0.0936418661,-0.2,0.0935157573,-9.14984981e-06,9.14695927e-06,9.14695927e-06,1.36843224e-09,-1.08359612e-05,0.000142870592,-0.000132167422,1,-0.000186126562,-0.000132781442
0.302,1.57061,1.90837307,-9.32721505e-05,-0.000648177445,0.0345997236,0.0936309857,-0.2,0.0935157494,-9.40001315e-06,9.39704341e-06,9.39704341e-06,1.12547517e-09,-8.7331634e-06,0.000129635489,-0.000121017017,1,-0.00018632925,-0.000134127031
0.304,1.57060983,1.90837186,-7.4859342e-05,-0.000584983759,0.0283381884,0.0936203993,-0.2,0.0935157431,-9.62814133e-06,9.62509935e-06,9.62509935e-06,9.15974825e-10,-7.00836149e-06,0.000116996752,-0.000110085721,1,-0.000186492205,-0.000135343867
0.306,1.5706097,1.90837076,-5.97931735e-05,-0.000525445175,0.0231468128,0.0936102739,-0.2,0.093515738,-9.83493288e-06,9.83182542e-06,9.83182542e-06,7.38536422e-10,-5.59725535e-06,0.000105089035,-9.95731542e-05,1,-0.000186622616,-0.000136438802
0.308,1.5706096,1.90836978,-4.74998551e-05,-0.00046996186,0.0188506394,0.0936007205,-0.2,0.093515734,-1.00213999e-05,1.00182334e-05,1.00182334e-05,5.90499787e-10,-4.44602066e-06,9.39923721e-05,-8.96135189e-05,1,-0.000186726442,-0.000137419684
0.31,1.57060952,1.90836891,-3.74996159e-05,-0.00041872665,0.0153023707,0.0935918066,-0.2,0.0935157308,-1.01887572e-05,1.01855377e-05,1.01855377e-05,4.68572626e-10,-3.50965679e-06,8.374533e-05,-8.02904976e-05,1,-0.000186808617,-0.000138294893
0.312,1.57060945,1.90836813,-2.93918279e-05,-0.000371777784,0.0123780592,0.093583566,-0.2,0.0935157283,-1.03383365e-05,1.03350696e-05,1.03350696e-05,3.69265155e-10,-2.75059207e-06,7.43555569e-05,-7.16492755e-05,1,-0.000186873214,-0.000139072994
0.314,1.5706094,1.90836744,-2.28424418e-05,-0.000329040841,0.00997349271,0.0935760073,-0.2,0.0935157264,-1.04715228e-05,1.04682137e-05,1.04682137e-05,2.89170808e-10,-2.1375045e-06,6.58081682e-05,-6.37061639e-05,1,-0.00018692359,-0.00013976248
0.316,1.57060936,1.90836683,-1.75733647e-05,-0.000290361774,0.00800114489,0.0935691208,-0.2,0.0935157249,-1.05897061e-05,1.05863596e-05,1.05863596e-05,2.25133145e-10,-1.64432429e-06,5.80723547e-05,-5.64562485e-05,1,-0.000186962508,-0.000140371594
0.318,1.57060933,1.90836629,-1.33534814e-05,-0.000255532706,0.00638759347,0.0935628834,-0.2,0.0935157237,-1.06942472e-05,1.06908676e-05,1.06908676e-05,1.74332171e-10,-1.24939022e-06,5.11065413e-05,-4.9879421e-05,1,-0.000186992232,-0.000140908198
0.32,1.57060931,1.90836582,-9.99106458e-06,-0.000224311857,0.0050713305,0.0935572629,-0.2,0.0935157228,-1.07864531e-05,1.07830443e-05,1.07830443e-05,1.34316105e-10,-9.34736656e-07,4.48623714e-05,-4.39450961e-05,1,-0.000187014615,-0.000141379693
0.322,1.5706093,1.90836541,-7.32736701e-06,-0.000196438735,0.00400090348,0.0935522216,-0.2,0.0935157222,-1.08675611e-05,1.08641266e-05,1.08641266e-05,1.0299818e-10,-6.85491463e-07,3.92877469e-05,-3.86158646e-05,1,-0.00018703117,-0.000141792973
0.324,1.57060928,1.90836505,-5.2312144e-06,-0.000171645559,0.00313333726,0.0935477183,-0.2,0.0935157217,-1.09387282e-05,1.09352712e-05,1.09352712e-05,7.86326128e-11,-4.89368171e-07,3.43291118e-05,-3.38502919e-05,1,-0.000187043124,-0.000142154399
0.326,1.57060928,1.90836473,-3.59444935e-06,-0.000149665677,0.00243279512,0.0935437105,-0.2,0.0935157214,-1.10010266e-05,1.09975499e-05,1.09975499e-05,5.97796371e-11,-3.3623813e-07,2.99331355e-05,-2.96050311e-05,1,-0.000187051477,-0.000142469796
0.328,1.57060927,1.90836446,-2.32809652e-06,-0.000130239611,0.00186944343,0.0935401559,-0.2,0.0935157212,-1.10554411e-05,1.10519471e-05,1.10519471e-05,4.52661995e-11,-2.17770511e-07,2.60479222e-05,-2.58363935e-05,1,-0.000187057031,-0.000142744466
0.33,1.57060927,1.90836422,-1.35913932e-06,-0.000113119247,0.00141848997,0.0935370129,-0.2,0.0935157211,-1.11028703e-05,1.10993613e-05,1.10993613e-05,3.41465295e-11,-1.27129832e-07,2.26238493e-05,-2.25014878e-05,1,-0.000187060434,-0.000142983203
0.332,1.57060926,1.90836401,-6.27814365e-07,-9.80705914e-05,0.00105937023,0.0935342418,-0.2,0.093515721,-1.11441289e-05,1.11406069e-05,1.11406069e-05,2.56650855e-11,-5.87221406e-08,1.96141183e-05,-1.95590233e-05,1,-0.000187062205,-0.000143190325
0.334,1.57060926,1.90836383,-8.53438012e-08,-8.48754202e-05,0.000775059696,0.0935318051,-0.2,0.093515721,-1.11799522e-05,1.11764187e-05,1.11764187e-05,1.92232024e-11,-7.98235978e-09,1.6975084e-05,-1.69698497e-05,1,-0.000187062757,-0.000143369698
0.336,1.57060926,1.90836368,3.07962403e-07,-7.33320903e-05,0.000551493444,0.0935296678,-0.2,0.093515721,-1.12109998e-05,1.12074565e-05,1.12074565e-05,1.43499818e-11,2.88036212e-08,1.46664181e-05,-1.46972956e-05,1,-0.000187062415,-0.000143524777
0.338,1.57060927,1.90836354,5.84292121e-07,-6.32557325e-05,0.00037707693,0.0935277975,-0.2,0.093515721,-1.12378618e-05,1.12343101e-05,1.12343101e-05,1.0677474e-11,5.46475552e-08,1.26511465e-05,-1.27073535e-05,1,-0.000187061438,-0.00014365863
0.34,1.57060927,1.90836343,7.69653835e-07,-5.44779887e-05,0.000242274128,0.0935261643,-0.2,0.0935157211,-1.12610637e-05,1.12575046e-05,1.12575046e-05,7.91990911e-12,7.1982771e-08,1.08955977e-05,-1.0968749e-05,1,-0.000187060025,-0.000143773979
0.342,1.57060927,1.90836333,8.84978173e-07,-4.68464281e-05,0.000139261385,0.0935247412,-0.2,0.0935157211,-1.12810717e-05,1.12775063e-05,1.12775063e-05,5.8565771e-12,8.27673545e-08,9.36928561e-06,-9.45292551e-06,1,-0.000187058332,-0.000143873227
0.344,1.57060927,1.90836324,9.47033633e-07,-4.02237469e-05,6.16368921e-05,0.0935235035,-0.2,0.0935157212,-1.12982985e-05,1.12947276e-05,1.12947276e-05,4.31789479e-12,8.85699033e-08,8.04474937e-06,-8.13396871e-06,1,-0.000187056477,-0.000143958494
0.346,1.57060927,1.90836317,9.69186423e-07,-3.44868291e-05,4.17717845e-06,0.0935224292,-0.2,0.0935157213,-1.13131081e-05,1.13095325e-05,1.13095325e-05,3.17418876e-12,9.06406686e-08,6.89736582e-06,-6.98848833e-06,1,-0.00018705455,-0.000144031641
0.348,1.57060927,1.90836311,9.62029714e-07,-2.95257311e-05,-3.7366654e-05,0.0935214984,-0.2,0.0935157214,-1.13258207e-05,1.13222411e-05,1.13222411e-05,2.32674997e-12,8.99704603e-08,5.90514622e-06,-5.99547308e-06,1,-0.000187052617,-0.0001440943
0.35,1.57060928,1.90836305,9.33903699e-07,-2.52426343e-05,-6.6439126e-05,0.0935206932,-0.2,0.0935157214,-1.13367174e-05,1.13331343e-05,1.13331343e-05,1.7007591e-12,8.73393213e-08,5.04852685e-06,-5.136129e-06,1,-0.000187050725,-0.000144147899
0.352,1.57060928,1.90836301,8.91324478e-07,-2.15508006e-05,-8.58223753e-05,0.0935199979,-0.2,0.0935157215,-1.13460441e-05,1.13424581e-05,1.13424581e-05,1.23973298e-12,8.33566633e-08,4.31016012e-06,-4.39371004e-06,1,-0.000187048909,-0.000144193683
0.354,1.57060928,1.90836297,8.39336939e-07,-1.83735547e-05,-9.77543672e-05,0.0935193984,-0.2,0.0935157216,-1.13540159e-05,1.13504273e-05,1.13504273e-05,9.01194214e-13,7.84942856e-08,3.67471093e-06,-3.7533469e-06,1,-0.00018704719,-0.000144232738
0.356,1.57060928,1.90836294,7.81804403e-07,-1.5643309e-05,-0.000104027142,0.0935188824,-0.2,0.0935157216,-1.13608201e-05,1.13572294e-05,1.13572294e-05,6.53315229e-13,7.3113474e-08,3.1286618e-06,-3.20187886e-06,1,-0.000187045583,-0.000144266008
0.358,1.57060928,1.90836291,7.21645738e-07,-1.33006446e-05,-0.000106068349,0.0935184389,-0.2,0.0935157217,-1.13666197e-05,1.13630271e-05,1.13630271e-05,4.72331917e-13,6.74871828e-08,2.66012893e-06,-2.72769163e-06,1,-0.000187044094,-0.00014429431
0.36,1.57060928,1.90836288,6.61028933e-07,-1.12934525e-05,-0.000105008721,0.0935180582,-0.2,0.0935157217,-1.13715563e-05,1.13679622e-05,1.13679622e-05,3.40560832e-13,6.18181423e-08,2.2586905e-06,-2.32056355e-06,1,-0.000187042727,-0.000144318353
0.362,1.57060929,1.90836286,6.01528634e-07,-9.57613994e-06,-0.000101737835,0.093517732,-0.2,0.0935157218,-1.13757526e-05,1.13721571e-05,1.13721571e-05,2.44886354e-13,5.62535936e-08,1.91522799e-06,-1.97152138e-06,1,-0.000187041479,-0.000144338752
0.364,1.57060929,1.90836285,5.44253938e-07,-8.10890255e-06,-9.69501048e-05,0.0935174529,-0.2,0.0935157218,-1.13793147e-05,1.13757182e-05,1.13757182e-05,1.75611665e-13,5.0897242e-08,1.62178051e-06,-1.67270653e-06,1,-0.000187040348,-0.000144356034
0.366,1.57060929,1.90836283,4.89951681e-07,-6.85706119e-06,-9.11826044e-05,0.0935172143,-0.2,0.0935157219,-1.13823345e-05,1.1378737e-05,1.1378737e-05,1.25589754e-13,4.58189163e-08,1.37141224e-06,-1.41725191e-06,1,-0.000187039328,-0.000144370655
0.368,1.57060929,1.90836282,4.39089582e-07,-5.7904611e-06,-8.48460984e-05,0.0935170107,-0.2,0.0935157219,-1.1384891e-05,1.13812926e-05,1.13812926e-05,8.95688526e-14,4.10623452e-08,1.15809222e-06,-1.19916949e-06,1,-0.000187038412,-0.00014438301
0.37,1.57060929,1.90836281,3.91922879e-07,-4.88293071e-06,-7.82504322e-05,0.0935168373,-0.2,0.0935157219,-1.13870522e-05,1.13834532e-05,1.13834532e-05,6.37012929e-14,3.66513881e-08,9.76586143e-07,-1.01324823e-06,1,-0.000187037594,-0.000144393433
0.372,1.57060929,1.9083628,3.48547449e-07,-4.11179611e-06,-7.16252923e-05,0.0935166896,-0.2,0.093515722,-1.13888769e-05,1.13852773e-05,1.13852773e-05,4.51763183e-14,3.25950036e-08,8.22359222e-07,-8.54961879e-07,1,-0.000187036865,-0.000144402215
0.374,1.57060929,1.90836279,3.08941954e-07,-3.45744737e-06,-6.51370257e-05,0.0935165641,-0.2,0.093515722,-1.13904151e-05,1.1386815e-05,1.1386815e-05,3.19465481e-14,2.889119e-08,6.91489475e-07,-7.20386124e-07,1,-0.000187036218,-0.000144409604
0.376,1.57060929,1.90836279,2.7300101e-07,-2.9029527e-06,-5.89023683e-05,0.0935164577,-0.2,0.093515722,-1.13917101e-05,1.13881096e-05,1.13881096e-05,2.25248925e-14,2.55300874e-08,5.80590539e-07,-6.06124509e-07,1,-0.000187035645,-0.000144415811
0.378,1.57060929,1.90836278,2.40561134e-07,-2.43371606e-06,-5.29994509e-05,0.0935163674,-0.2,0.093515722,-1.13927988e-05,1.13891979e-05,1.13891979e-05,1.58342712e-14,2.24964034e-08,4.86743211e-07,-5.09242368e-07,1,-0.00018703514,-0.000144421019
0.38,1.57060929,1.90836278,2.11420837e-07,-2.0371746e-06,-4.74767273e-05,0.093516291,-0.2,0.0935157221,-1.13937126e-05,1.13901114e-05,1.13901114e-05,1.10967608e-14,1.97712925e-08,4.0743492e-07,-4.2720816e-07,1,-0.000187034696,-0.00014442538
0.382,1.57060929,1.90836277,1.85356027e-07,-1.70253182e-06,-4.23600403e-05,0.0935162264,-0.2,0.0935157221,-1.13944784e-05,1.13908771e-05,1.13908771e-05,7.75208121e-15,1.73337961e-08,3.40506363e-07,-3.57841532e-07,1,-0.000187034306,-0.000144429027
0.384,1.57060929,1.90836277,1.62131661e-07,-1.42052292e-06,-3.76583609e-05,0.0935161719,-0.2,0.0935157221,-1.13951193e-05,1.13915178e-05,1.13915178e-05,5.3978387e-15,1.51619323e-08,2.84104585e-07,-2.99267482e-07,1,-0.000187033965,-0.000144432072
0.386,1.57060929,1.90836277,1.41510404e-07,-1.1832091e-06,-3.33682446e-05,0.093516126,-0.2,0.0935157221,-1.13956548e-05,1.13920531e-05,1.13920531e-05,3.74584966e-15,1.32335048e-08,2.3664182e-07,-2.49876001e-07,1,-0.000187033667,-0.00014443461
0.388,1.57060929,1.90836277,1.23258939e-07,-9.83797388e-07,-2.94773885e-05,0.0935160873,-0.2,0.0935157221,-1.13961015e-05,1.13924996e-05,1.13924996e-05,2.59031184e-15,1.15266937e-08,1.96759478e-07,-2.08286644e-07,1,-0.000187033407,-0.000144436722
0.39,1.57060929,1.90836276,1.07152411e-07,-8.16483485e-07,-2.59673819e-05,0.0935160548,-0.2,0.0935157221,-1.13964734e-05,1.13928714e-05,1.13928714e-05,1.78467703e-15,1.00204707e-08,1.63296697e-07,-1.73317497e-07,1,-0.000187033181,-0.000144438475
0.392,1.57060929,1.90836276,9.29774362e-08,-6.76314713e-07,-2.28158565e-05,0.0935160275,-0.2,0.0935157221,-1.13967825e-05,1.13931804e-05,1.13931804e-05,1.22489497e-15,8.69488048e-09,1.35262943e-07,-1.43958051e-07,1,-0.000187032985,-0.000144439929
0.394,1.57060929,1.90836276,8.0534002e-08,-5.59070876e-07,-1.99981231e-05,0.0935160047,-0.2,0.0935157221,-1.1397039e-05,1.13934368e-05,1.13934368e-05,8.37308211e-16,7.53121811e-09,1.11814175e-07,-1.19345551e-07,1,-0.000187032815,-0.000144441132
0.396,1.57060929,1.90836276,6.96365087e-08,-4.61160827e-07,-1.74884047e-05,0.0935159855,-0.2,0.0935157221,-1.13972513e-05,1.13936491e-05,1.13936491e-05,5.69932129e-16,6.51212674e-09,9.22321655e-08,-9.87444009e-08,1,-0.000187032667,-0.000144442125
0.398,1.57060929,1.90836276,6.01141904e-08,-3.79532867e-07,-1.52607547e-05,0.0935159696,-0.2,0.0935157221,-1.13974268e-05,1.13938245e-05,1.13938245e-05,3.86191543e-16,5.6216368e-09,7.59065733e-08,-8.15282847e-08,1,-0.00018703254,-0.000144442943
0.4,1.57060929,1.90836276,5.18110505e-08,-3.11597229e-07,-1.32897295e-05,0.0935159563,-0.2,0.0935157221,-1.13975715e-05,1.13939692e-05,1.13939692e-05,2.60434804e-16,4.84515993e-09,6.23194457e-08,-6.71646566e-08,1,-0.000187032431,-0.000144443615
0.402,1.57060929,1.90836276,4.45854697e-08,-2.55159146e-07,-1.15508543e-05,0.0935159452,-0.2,0.0935157221,-1.13976905e-05,1.13940881e-05,1.13940881e-05,1.74730312e-16,4.16945234e-09,5.10318291e-08,-5.52013161e-08,1,-0.000187032336,-0.000144444166
0.404,1.57060929,1.90836276,3.83095802e-08,-2.08361135e-07,-1.00209278e-05,0.093515936,-0.2,0.0935157222,-1.13977882e-05,1.13941858e-05,1.13941858e-05,1.16585573e-16,3.58255625e-09,4.1672227e-08,-4.52548067e-08,1,-0.000187032255,-0.000144444617
0.406,1.57060929,1.90836276,3.28684875e-08,-1.69633337e-07,-8.67823475e-06,0.0935159283,-0.2,0.0935157222,-1.13978682e-05,1.13942657e-05,1.13942657e-05,7.73280071e-17,3.07372712e-09,3.39266674e-08,-3.70004103e-08,1,-0.000187032185,-0.000144444984
0.408,1.57060929,1.90836276,2.81593883e-08,-1.37650811e-07,-7.50262592e-06,0.093515922,-0.2,0.0935157222,-1.13979334e-05,1.1394331e-05,1.1394331e-05,5.0958974e-17,2.63335116e-09,2.75301622e-08,-3.01635239e-08,1,-0.000187032126,-0.000144445282
0.41,1.57060929,1.90836276,2.40906673e-08,-1.11296902e-07,-6.47559879e-06,0.0935159168,-0.2,0.0935157222,-1.13979865e-05,1.1394384e-05,1.1394384e-05,3.33452614e-17,2.25286084e-09,2.22593805e-08,-2.45122484e-08,1,-0.000187032074,-0.000144445524
0.412,1.57060929,1.90836276,2.05809555e-08,-8.96318421e-08,-5.5802639e-06,0.0935159124,-0.2,0.0935157222,-1.13980296e-05,1.13944271e-05,1.13944271e-05,2.16504663e-17,1.92464683e-09,1.79263684e-08,-1.98510199e-08,1,-0.000187032031,-0.000144445719
0.414,1.57060929,1.90836276,1.7558219e-08,-7.1865873e-08,-4.80127674e-06,0.0935159089,-0.2,0.0935157222,-1.13980644e-05,1.13944619e-05,1.13944619e-05,1.39364014e-17,1.64197281e-09,1.43731746e-08,-1.60151505e-08,1,-0.000187031993,-0.000144445875
0.416,1.57060929,1.90836276,1.49588797e-08,-5.73362933e-08,-4.12480415e-06,0.093515906,-0.2,0.0935157222,-1.13980924e-05,1.13944898e-05,1.13944898e-05,8.88463828e-18,1.39889318e-09,1.14672587e-08,-1.28661539e-08,1,-0.000187031962,-0.000144446
0.418,1.57060929,1.90836276,1.27269722e-08,-4.54878632e-08,-3.53842601e-06,0.0935159036,-0.2,0.0935157222,-1.13981148e-05,1.13945123e-05,1.13945123e-05,5.6026529e-18,1.19017431e-09,9.09757264e-09,-1.02877483e-08,1,-0.000187031935,-0.0001444461
0.42,1.57060929,1.90836276,1.08133593e-08,-3.58560986e-08,-3.03102246e-06,0.0935159017,-0.2,0.0935157222,-1.13981327e-05,1.13945301e-05,1.13945301e-05,3.48936255e-18,1.01122104e-09,7.17121971e-09,-8.1824416e-09,1,-0.000187031912,-0.000144446178
0.422,1.57060929,1.90836276,9.17500267e-09,-2.80530659e-08,-2.59269082e-06,0.0935159001,-0.2,0.0935157222,-1.13981468e-05,1.13945443e-05,1.13945443e-05,2.14221922e-18,8.58008633e-10,5.61061319e-09,-6.46862236e-09,1,-0.000187031892,-0.00014444624
0.424,1.57060929,1.90836276,7.77428986e-09,-2.17553134e-08,-2.21464645e-06,0.0935158988,-0.2,0.0935157222,-1.1398158e-05,1.13945554e-05,1.13945554e-05,1.29326974e-18,7.27019704e-10,4.35106267e-09,-5.07808271e-09,1,-0.000187031875,-0.000144446288
0.426,1.57060929,1.90836276,6.5784185e-09,-1.66936076e-08,-1.88911115e-06,0.0935158978,-0.2,0.0935157222,-1.13981667e-05,1.13945642e-05,1.13945642e-05,7.65335265e-19,6.15186712e-10,3.33872153e-09,-3.95390845e-09,1,-0.000187031861,-0.000144446325
0.428,1.57060929,1.90836276,5.55883985e-09,-1.26442552e-08,-1.60922104e-06,0.093515897,-0.2,0.0935157222,-1.13981734e-05,1.13945709e-05,1.13945709e-05,4.42119016e-19,5.19839895e-10,2.52885103e-09,-3.04869106e-09,1,-0.00018703185,-0.000144446353
0.43,1.57060929,1.90836276,4.6907525e-09,-9.42174313e-09,-1.36892243e-06,0.0935158963,-0.2,0.0935157222,-1.13981786e-05,1.13945761e-05,1.13945761e-05,2.47909051e-19,4.38659925e-10,1.88434863e-09,-2.32300863e-09,1,-0.00018703184,-0.000144446374
0.432,1.57060929,1.90836276,3.95265428e-09,-6.87253169e-09,-1.16292867e-06,0.0935158958,-0.2,0.0935157222,-1.13981825e-05,1.139458e-05,1.139458e-05,1.33869025e-19,3.69636006e-10,1.37450634e-09,-1.74414239e-09,1,-0.000187031831,-0.00014444639
0.434,1.57060929,1.90836276,3.32593352e-09,-4.86980517e-09,-9.86591357e-07,0.0935158953,-0.2,0.0935157222,-1.13981854e-05,1.13945829e-05,1.13945829e-05,6.88285439e-20,3.11027651e-10,9.73961035e-10,-1.28498871e-09,1,-0.000187031824,-0.000144446401
0.436,1.57060929,1.90836276,2.79450489e-09,-3.30904908e-09,-8.35855311e-07,0.093515895,-0.2,0.0935157222,-1.13981875e-05,1.1394585e-05,1.1394585e-05,3.31343632e-20,2.61330626e-10,6.61809817e-10,-9.23140456e-10,1,-0.000187031818,-0.000144446409
0.438,1.57060929,1.90836276,2.34449404e-09,-2.1043291e-09,-7.07179874e-07,0.0935158948,-0.2,0.0935157222,-1.1398189e-05,1.13945864e-05,1.13945864e-05,1.45722534e-20,2.19247458e-10,4.20865821e-10,-6.40113287e-10,1,-0.000187031813,-0.000144446414
0.44,1.57060929,1.90836276,1.96394959e-09,-1.18516618e-09,-5.97490611e-07,0.0935158946,-0.2,0.0935157222,-1.139819e-05,1.13945874e-05,1.13945874e-05,5.68193474e-21,1.83660502e-10,2.37033237e-10,-4.20693743e-10,1,-0.000187031809,-0.000144446417
0.442,1.57060929,1.90836276,1.64259252e-09,-4.9390934e-10,-5.04110148e-07,0.0935158944,-0.2,0.0935157222,-1.13981906e-05,1.13945881e-05,1.13945881e-05,2.00366048e-21,1.53608509e-10,9.8781868e-11,-2.52390378e-10,1,-0.000187031805,-0.000144446418
0.444,1.57060929,1.90836276,1.37159706e-09,1.64655506e-11,-4.24725543e-07,0.0935158943,-0.2,0.0935157222,-1.1398191e-05,1.13945884e-05,1.13945884e-05,9.43902435e-22,1.28266126e-10,-3.29311013e-12,-1.24973016e-10,1,-0.000187031802,-0.000144446419
0.446,1.57060929,1.90836276,1.14339472e-09,3.8419318e-10,-3.57324437e-07,0.0935158942,-0.2,0.0935157222,-1.13981911e-05,1.13945885e-05,1.13945885e-05,1.04931809e-21,1.0692558e-10,-7.68386359e-11,-3.00869438e-11,1,-0.0001870318,-0.000144446418
0.448,1.57060929,1.90836276,9.51505468e-10,6.40253964e-10,-3.00191062e-07,0.0935158942,-0.2,0.0935157222,-1.13981911e-05,1.13945885e-05,1.13945885e-05,1.54777513e-21,8.89808846e-11,-1.28050793e-10,3.90699083e-11,1,-0.000187031798,-0.000144446417
0.45,1.57060929,1.90836276,7.9038891e-10,8.09660993e-10,-2.51806376e-07,0.0935158941,-0.2,0.0935157222,-1.13981909e-05,1.13945884e-05,1.13945884e-05,2.06251647e-21,7.39139256e-11,-1.61932199e-10,8.80182731e-11,1,-0.000187031796,-0.000144446416
0.452,1.57060929,1.90836276,6.55311787e-10,9.12521188e-10,-2.10901103e-07,0.0935158941,-0.2,0.0935157222,-1.13981907e-05,1.13945881e-05,1.13945881e-05,2.43731514e-21,6.12820677e-11,-1.82504238e-10,1.2122217e-10,1,-0.000187031795,-0.000144446414
0.454,1.57060929,1.90836276,5.42242336e-10,9.6493016e-10,-1.76362299e-07,0.0935158941,-0.2,0.0935157222,-1.13981904e-05,1.13945879e-05,1.13945879e-05,2.63199351e-21,5.07082768e-11,-1.92986032e-10,1.42277755e-10,1,-0.000187031794,-0.000144446412
0.456,1.57060929,1.90836276,4.47744665e-10,9.79697658e-10,-1.47245626e-07,0.0935158941,-0.2,0.0935157222,-1.13981901e-05,1.13945876e-05,1.13945876e-05,2.66172261e-21,4.18712426e-11,-1.95939532e-10,1.54068289e-10,1,-0.000187031793,-0.00014444641
0.458,1.57060929,1.90836276,3.68898996e-10,9.6696328e-10,-1.22723038e-07,0.093515894,-0.2,0.0935157222,-1.13981898e-05,1.13945873e-05,1.13945873e-05,2.56329128e-21,3.44979194e-11,-1.93392656e-10,1.58894737e-10,1,-0.000187031792,-0.000144446408
0.46,1.57060929,1.90836276,3.03223048e-10,9.3469442e-10,-1.02108929e-07,0.0935158941,-0.2,0.0935157222,-1.13981895e-05,1.13945869e-05,1.13945869e-05,2.3774119e-21,2.83561744e-11,-1.86938884e-10,1.5858271e-10,1,-0.000187031791,-0.000144446406
0.462,1.57060929,1.90836276,2.48614971e-10,8.89109346e-10,-8.4799805e-08,0.0935158941,-0.2,0.0935157222,-1.13981892e-05,1.13945866e-05,1.13945866e-05,2.14045222e-21,2.32494513e-11,-1.77821869e-10,1.54572418e-10,1,-0.000187031791,-0.000144446404
0.464,1.57060929,1.90836276,2.03292563e-10,8.35006649e-10,-7.02954418e-08,0.0935158941,-0.2,0.0935157222,-1.13981889e-05,1.13945863e-05,1.13945863e-05,1.88127103e-21,1.90110858e-11,-1.6700133e-10,1.47990244e-10,1,-0.00018703179,-0.000144446403
0.466,1.5706093,1.90836276,1.65750766e-10,7.76052732e-10,-5.815312e-08,0.0935158941,-0.2,0.0935157222,-1.13981886e-05,1.1394586e-05,1.1394586e-05,1.62087872e-21,1.55003311e-11,-1.55210546e-10,1.39710215e-10,1,-0.00018703179,-0.000144446401
0.468,1.5706093,1.90836276,1.34716438e-10,7.15005549e-10,-4.80106745e-08,0.0935158941,-0.2,0.0935157222,-1.13981883e-05,1.13945858e-05,1.13945858e-05,1.37330681e-21,1.25981281e-11,-1.4300111e-10,1.30402982e-10,1,-0.00018703179,-0.0001444464
0.47,1.5706093,1.90836276,1.09115879e-10,6.53907246e-10,-3.95440531e-08,0.0935158941,-0.2,0.0935157222,-1.13981881e-05,1.13945855e-05,1.13945855e-05,1.14699138e-21,1.0204069e-11,-1.30781449e-10,1.2057738e-10,1,-0.000187031789,-0.000144446398
0.472,1.5706093,1.90836276,8.80464539e-11,5.94230055e-10,-3.24968907e-08,0.0935158941,-0.2,0.0935157222,-1.13981878e-05,1.13945853e-05,1.13945853e-05,9.46147107e-22,8.23374286e-12,-1.18846011e-10,1.10612268e-10,1,-0.000187031789,-0.000144446397
0.474,1.5706093,1.90836276,7.07476668e-11,5.37003496e-10,-2.6632339e-08,0.0935158941,-0.2,0.0935157222,-1.13981876e-05,1.13945851e-05,1.13945851e-05,7.72022456e-22,6.61603132e-12,-1.07400699e-10,1.00784668e-10,1,-0.000187031789,-0.000144446396
0.476,1.5706093,1.90836276,5.65827629e-11,4.82908646e-10,-2.17756432e-08,0.0935158941,-0.2,0.0935157222,-1.13981874e-05,1.13945849e-05,1.13945849e-05,6.23893583e-22,5.29138766e-12,-9.65817293e-11,9.12903415e-11,1,-0.000187031789,-0.000144446395
0.478,1.5706093,1.90836276,4.50155889e-11,4.32362002e-10,-1.77491851e-08,0.0935158941,-0.2,0.0935157222,-1.13981873e-05,1.13945847e-05,1.13945847e-05,4.99850825e-22,4.20967304e-12,-8.64724004e-11,8.22627273e-11,1,-0.000187031789,-0.000144446394
0.48,1.5706093,1.90836276,3.55970691e-11,3.8558194e-10,-1.44229754e-08,0.0935158941,-0.2,0.0935157222,-1.13981871e-05,1.13945846e-05,1.13945846e-05,3.97365386e-22,3.32889174e-12,-7.71163881e-11,7.37874963e-11,1,-0.000187031789,-0.000144446393
0.482,1.5706093,1.90836276,2.79542896e-11,3.42636385e-10,-1.16779326e-08,0.0935158941,-0.2,0.0935157222,-1.1398187e-05,1.13945844e-05,1.13945844e-05,3.13668943e-22,2.61417038e-12,-6.85272771e-11,6.59131067e-11,1,-0.000187031789,-0.000144446392
0.484,1.5706093,1.90836276,2.17737849e-11,3.03482814e-10,-9.41819549e-09,0.0935158941,-0.2,0.0935157222,-1.13981869e-05,1.13945843e-05,1.13945843e-05,2.46008321e-22,2.03619496e-12,-6.06965628e-11,5.86603678e-11,1,-0.000187031789,-0.000144446392
0.486,1.5706093,1.90836276,1.67969258e-11,2.67998245e-10,-7.56444425e-09,0.0935158942,-0.2,0.0935157222,-1.13981867e-05,1.13945842e-05,1.13945842e-05,1.91798889e-22,1.57077953e-12,-5.3599649e-11,5.20288695e-11,1,-0.000187031788,-0.000144446391
0.488,1.5706093,1.90836276,1.28062822e-11,2.36006419e-10,-6.04624504e-09,0.0935158942,-0.2,0.0935157222,-1.13981867e-05,1.13945841e-05,1.13945841e-05,1.48713226e-22,1.19759093e-12,-4.72012838e-11,4.60036929e-11,1,-0.000187031788,-0.000144446391
0.49,1.5706093,1.90836276,9.62184361e-12,2.07296774e-10,-4.81004183e-09,0.0935158942,-0.2,0.0935157222,-1.13981866e-05,1.1394584e-05,1.1394584e-05,1.14715638e-22,8.99795308e-13,-4.14593548e-11,4.05595594e-11,1,-0.000187031788,-0.00014444639
0.492,1.5706093,1.90836276,7.09485364e-12,1.8164398e-10,-3.80008502e-09,0.0935158942,-0.2,0.0935157222,-1.13981865e-05,1.13945839e-05,1.13945839e-05,8.80700547e-23,6.63481582e-13,-3.6328796e-11,3.56653144e-11,1,-0.000187031788,-0.00014444639
0.494,1.5706093,1.90836276,5.10324628e-12,1.58807425e-10,-2.97916069e-09,0.0935158942,-0.2,0.0935157222,-1.13981864e-05,1.13945839e-05,1.13945839e-05,6.73112472e-23,4.77234639e-13,-3.17614849e-11,3.12842503e-11,1,-0.000187031788,-0.00014444639
0.496,1.5706093,1.90836276,3.54578978e-12,1.38544093e-10,-2.32150272e-09,0.0935158942,-0.2,0.0935157222,-1.13981864e-05,1.13945838e-05,1.13945838e-05,5.12260952e-23,3.31587702e-13,-2.77088186e-11,2.73772309e-11,1,-0.000187031788,-0.000144446389
0.498,1.5706093,1.90836276,2.33699155e-12,1.20622952e-10,-1.7834823e-09,0.0935158942,-0.2,0.0935157222,-1.13981863e-05,1.13945838e-05,1.13945838e-05,3.88286518e-23,2.18545855e-13,-2.41245903e-11,2.39060445e-11,1,-0.000187031788,-0.000144446389
0.5,1.5706093,1.90836276,1.40963583e-12,1.04816222e-10,-1.35991705e-09,0.0935158942,-0.2,0.0935157222,-1.13981863e-05,1.13945837e-05,1.13945837e-05,2.9317946e-23,1.31823355e-13,-2.09632443e-11,2.0831421e-11,1,-0.000187031788,-0.000144446389
0.502,1.5706093,1.90836276,7.07372697e-13,9.09123638e-11,-1.02173112e-09,0.0935158942,-0.2,0.0935157222,-1.13981862e-05,1.13945837e-05,1.13945837e-05,2.20552823e-23,6.61505902e-14,-1.81824728e-11,1.81163222e-11,1,-0.000187031788,-0.000144446389
0.504,1.5706093,1.90836276,1.8350572e-13,7.87139168e-11,-7.51102765e-10,0.0935158942,-0.2,0.0935157222,-1.13981862e-05,1.13945837e-05,1.13945837e-05,1.6533518e-23,1.71607015e-14,-1.57427834e-11,1.57256227e-11,1,-0.000187031788,-0.000144446388
0.506,1.5706093,1.90836276,-1.98518752e-13,6.8036733e-11,-5.40117709e-10,0.0935158942,-0.2,0.0935157222,-1.13981862e-05,1.13945836e-05,1.13945836e-05,1.23523441e-23,-1.85646586e-14,-1.36073466e-11,1.36259113e-11,1,-0.000187031788,-0.000144446388
0.508,1.5706093,1.90836276,-4.69471792e-13,5.87125139e-11,-3.68728932e-10,0.0935158942,-0.2,0.0935157222,-1.13981861e-05,1.13945836e-05,1.13945836e-05,9.19874016e-24,-4.39030744e-14,-1.17425028e-11,1.17864059e-11,1,-0.000187031788,-0.000144446388
0.51,1.5706093,1.90836276,-6.53925885e-13,5.05839032e-11,-2.42211563e-10,0.0935158942,-0.2,0.0935157222,-1.13981861e-05,1.13945836e-05,1.13945836e-05,6.82810346e-24,-6.11524638e-14,-1.01167806e-11,1.01779331e-11,1,-0.000187031788,-0.000144446388
0.512,1.5706093,1.90836276,-7.70524342e-13,4.35140532e-11,-1.43248401e-10,0.0935158942,-0.2,0.0935157222,-1.13981861e-05,1.13945836e-05,1.13945836e-05,5.05296677e-24,-7.20562729e-14,-8.70281064e-12,8.77486691e-12,1,-0.000187031788,-0.000144446388
0.514,1.5706093,1.90836276,-8.37337965e-13,3.73762057e-11,-7.087004e-11,0.0935158942,-0.2,0.0935157222,-1.13981861e-05,1.13945835e-05,1.13945835e-05,3.72814808e-24,-7.83044085e-14,-7.47524113e-12,7.55354554e-12,1,-0.000187031788,-0.000144446388
0.516,1.5706093,1.90836276,-8.64368886e-13,3.20559721e-11,-1.29676013e-11,0.0935158942,-0.2,0.0935157222,-1.13981861e-05,1.13945835e-05,1.13945835e-05,2.74245182e-24,-8.08322293e-14,-6.41119442e-12,6.49202665e-12,1,-0.000187031788,-0.000144446388
0.518,1.5706093,1.90836276,-8.63839955e-13,2.74524467e-11,2.44769222e-11,0.0935158942,-0.2,0.0935157222,-1.13981861e-05,1.13945835e-05,1.13945835e-05,2.01142888e-24,-8.07827659e-14,-5.49048934e-12,5.57127211e-12,1,-0.000187031788,-0.000144446388
0.52,1.5706093,1.90836276,-8.42738206e-13,2.34770284e-11,5.12158511e-11,0.0935158942,-0.2,0.0935157222,-1.13981861e-05,1.13945835e-05,1.13945835e-05,1.47113714e-24,-7.88094169e-14,-4.69540568e-12,4.7742151e-12,1,-0.000187031788,-0.000144446388
0.522,1.5706093,1.90836276,-8.07723803e-13,2.00490654e-11,7.03822528e-11,0.0935158942,-0.2,0.0935157222,-1.1398186e-05,1.13945835e-05,1.13945835e-05,1.07295735e-24,-7.55350137e-14,-4.00981308e-12,4.08534809e-12,1,-0.000187031788,-0.000144446388
0.524,1.5706093,1.90836276,-7.63172803e-13,1.7100221e-11,8.18163641e-11,0.0935158942,-0.2,0.0935157222,-1.1398186e-05,1.13945835e-05,1.13945835e-05,7.80598507e-25,-7.13687871e-14,-3.42004419e-12,3.49141298e-12,1,-0.000187031788,-0.000144446388
0.526,1.5706093,1.90836276,-7.12565848e-13,1.45652919e-11,9.230092e-11,0.0935158942,-0.2,0.0935157222,-1.1398186e-05,1.13945835e-05,1.13945835e-05,5.663637e-25,-6.66362324e-14,-2.91305838e-12,2.97969461e-12,1,-0.000187031788,-0.000144446388
0.528,1.5706093,1.90836276,-6.58985392e-13,1.23894216e-11,9.42724703e-11,0.0935158942,-0.2,0.0935157222,-1.1398186e-05,1.13945835e-05,1.13945835e-05,4.0982139e-25,-6.16256082e-14,-2.47788431e-12,2.53950992e-12,1,-0.000187031788,-0.000144446388
0.53,1.5706093,1.90836276,-6.04360942e-13,1.05226213e-11,9.35120241e-11,0.0935158942,-0.2,0.0935157222,-1.1398186e-05,1.13945835e-05,1.13945835e-05,2.9565058e-25,-5.65173539e-14,-2.10452425e-12,2.1610416e-12,1,-0.000187031788,-0.000144446388
0.532,1.5706093,1.90836276,-5.5131734e-13,8.92643989e-12,9.47673537e-11,0.0935158942,-0.2,0.0935157222,-1.1398186e-05,1.13945835e-05,1.13945835e-05,2.12779356e-25,-5.15569341e-14,-1.78528798e-12,1.83684491e-12,1,-0.000187031788,-0.000144446388
0.534,1.5706093,1.90836276,-4.99345467e-13,7.56062956e-12,9.08374002e-11,0.0935158942,-0.2,0.0935157222,-1.1398186e-05,1.13945835e-05,1.13945835e-05,1.52662888e-25,-4.66967378e-14,-1.51212591e-12,1.55882265e-12,1,-0.000187031788,-0.000144446388
0.536,1.5706093,1.90836276,-4.50119277e-13,6.39483662e-12,8.32692298e-11,0.0935158942,-0.2,0.0935157222,-1.1398186e-05,1.13945835e-05,1.13945835e-05,1.09225681e-25,-4.20933067e-14,-1.27896732e-12,1.32106063e-12,1,-0.000187031788,-0.000144446388
0.538,1.5706093,1.90836276,-4.038131e-13,5.40228286e-12,7.45077039e-11,0.0935158942,-0.2,0.0935157222,-1.1398186e-05,1.13945835e-05,1.13945835e-05,7.79600454e-26,-3.77629432e-14,-1.08045657e-12,1.11821952e-12,1,-0.000187031788,-0.000144446388
0.54,1.5706093,1.90836276,-3.60436842e-13,4.55700659e-12,7.02210894e-11,0.0935158942,-0.2,0.0935157222,-1.1398186e-05,1.13945835e-05,1.13945835e-05,5.54793364e-26,-3.37065736e-14,-9.11401319e-13,9.45107892e-13,1,-0.000187031788,-0.000144446387
0.542,1.5706093,1.90836276,-3.21478242e-13,3.83927911e-12,6.73624657e-11,0.0935158942,-0.2,0.0935157222,-1.1398186e-05,1.13945835e-05,1.13945835e-05,3.93851834e-26,-3.00633253e-14,-7.67855822e-13,7.97919148e-13,1,-0.000187031788,-0.000144446387
0.544,1.5706093,1.90836276,-2.84851294e-13,3.22890105e-12,6.09181084e-11,0.0935158942,-0.2,0.0935157222,-1.1398186e-05,1.13945835e-05,1.13945835e-05,2.78615848e-26,-2.66381235e-14,-6.4578021e-13,6.72418334e-13,1,-0.000187031788,-0.000144446387
0.546,1.5706093,1.90836276,-2.51617822e-13,2.71162001e-12,5.17446745e-11,0.0935158942,-0.2,0.0935157222,-1.1398186e-05,1.13945835e-05,1.13945835e-05,1.96526646e-26,-2.35302656e-14,-5.42324002e-13,5.65854267e-13,1,-0.000187031788,-0.000144446387
0.548,1.5706093,1.90836276,-2.22269116e-13,2.27384145e-12,4.97897774e-11,0.0935158942,-0.2,0.0935157222,-1.1398186e-05,1.13945835e-05,1.13945835e-05,1.38216883e-26,-2.07856951e-14,-4.5476829e-13,4.75553985e-13,1,-0.000187031788,-0.000144446387
0.55,1.5706093,1.90836276,-1.95055941e-13,1.90315921e-12,4.21456551e-11,0.0935158942,-0.2,0.0935157222,-1.1398186e-05,1.13945835e-05,1.13945835e-05,9.68430102e-27,-1.82408308e-14,-3.80631842e-13,3.98872673e-13,1,-0.000187031788,-0.000144446387
0.552,1.5706093,1.90836276,-1.71357084e-13,1.59038112e-12,3.83825714e-11,0.0935158942,-0.2,0.0935157222,-1.1398186e-05,1.13945835e-05,1.13945835e-05,6.7641063e-27,-1.60246109e-14,-3.18076224e-13,3.34100835e-13,1,-0.000187031788,-0.000144446387
0.554,1.5706093,1.90836276,-1.50312784e-13,1.32834847e-12,3.60934054e-11,0.0935158942,-0.2,0.0935157222,-1.1398186e-05,1.13945835e-05,1.13945835e-05,4.71986264e-27,-1.40566344e-14,-2.65669693e-13,2.79726327e-13,1,-0.000187031788,-0.000144446387
0.556,1.5706093,1.90836276,-1.30762167e-13,1.10662093e-12,3.07469478e-11,0.0935158942,-0.2,0.0935157222,-1.1398186e-05,1.13945835e-05,1.13945835e-05,3.27640309e-27,-1.2228341e-14,-2.21324185e-13,2.33552527e-13,1,-0.000187031788,-0.000144446387
0.558,1.5706093,1.90836276,-1.1385026e-13,9.19397168e-13,2.47860975e-11,0.0935158942,-0.2,0.0935157222,-1.1398186e-05,1.13945835e-05,1.13945835e-05,2.2621297e-27,-1.06468089e-14,-1.83879434e-13,1.94526243e-13,1,-0.000187031788,-0.000144446387
0.56,1.5706093,1.90836276,-9.9369056e-14,7.63299359e-13,2.16137391e-11,0.0935158942,-0.2,0.0935157222,-1.1398186e-05,1.13945835e-05,1.13945835e-05,1.55966826e-27,-9.29258612e-15,-1.52659872e-13,1.61952458e-13,1,-0.000187031788,-0.000144446387
0.562,1.5706093,1.90836276,-8.67460417e-14,6.34205976e-13,2.33581816e-11,0.0935158942,-0.2,0.0935157222,-1.1398186e-05,1.13945835e-05,1.13945835e-05,1.07707584e-27,-8.11213366e-15,-1.26841195e-13,1.34953329e-13,1,-0.000187031788,-0.000144446387
0.564,1.5706093,1.90836276,-7.38258756e-14,5.23148483e-13,1.92158212e-11,0.0935158942,-0.2,0.0935157222,-1.1398186e-05,1.13945835e-05,1.13945835e-05,7.33050013e-28,-6.90389277e-15,-1.04629697e-13,1.11533589e-13,1,-0.000187031788,-0.000144446387
0.566,1.5706093,1.90836276,-6.48281149e-14,4.30951183e-13,1.71966103e-11,0.0935158942,-0.2,0.0935157222,-1.1398186e-05,1.13945835e-05,1.13945835e-05,4.97691768e-28,-6.06245914e-15,-8.61902365e-14,9.22526956e-14,1,-0.000187031788,-0.000144446387
0.568,1.5706093,1.90836276,-5.59591202e-14,3.54678303e-13,1.51999618e-11,0.0935158942,-0.2,0.0935157222,-1.1398186e-05,1.13945835e-05,1.13945835e-05,3.37254236e-28,-5.23306716e-15,-7.09356606e-14,7.61687278e-14,1,-0.000187031788,-0.000144446387
0.57,1.5706093,1.90836276,-4.79023407e-14,2.90291532e-13,1.06293225e-11,0.0935158942,-0.2,0.0935157222,-1.1398186e-05,1.13945835e-05,1.13945835e-05,2.26019896e-28,-4.47963022e-15,-5.80583065e-14,6.25379367e-14,1,-0.000187031788,-0.000144446387
0.572,1.5706093,1.90836276,-4.14541437e-14,2.37538638e-13,9.63411241e-12,0.0935158942,-0.2,0.0935157222,-1.1398186e-05,1.13945835e-05,1.13945835e-05,1.51428719e-28,-3.87662131e-15,-4.75077276e-14,5.13843489e-14,1,-0.000187031788,-0.000144446387
0.574,1.5706093,1.90836276,-3.52951745e-14,1.93782885e-13,8.68520323e-12,0.0935158942,-0.2,0.0935157222,-1.1398186e-05,1.13945835e-05,1.13945835e-05,1.008303e-28,-3.30065981e-15,-3.8756577e-14,4.20572368e-14,1,-0.000187031788,-0.000144446387
0.576,1.5706093,1.90836276,-3.12915475e-14,1.58730437e-13,1.27066954e-11,0.0935158942,-0.2,0.0935157222,-1.1398186e-05,1.13945835e-05,1.13945835e-05,6.77238581e-29,-2.92625704e-15,-3.17460873e-14,3.46723444e-14,1,-0.000187031788,-0.000144446387
0.578,1.5706093,1.90836276,-2.60874266e-14,1.28038742e-13,5.4093169e-12,0.0935158942,-0.2,0.0935157222,-1.1398186e-05,1.13945835e-05,1.13945835e-05,4.40878232e-29,-2.43958902e-15,-2.56077484e-14,2.80473374e-14,1,-0.000187031788,-0.000144446387
0.58,1.5706093,1.90836276,-2.27890401e-14,1.05135035e-13,6.60831379e-12,0.0935158942,-0.2,0.0935157222,-1.1398186e-05,1.13945835e-05,1.13945835e-05,2.97559358e-29,-2.13113746e-15,-2.10270071e-14,2.31581445e-14,1,-0.000187031788,-0.000144446387
0.582,1.5706093,1.90836276,-1.88844636e-14,8.51983053e-14,5.29027169e-12,0.0935158942,-0.2,0.0935157222,-1.1398186e-05,1.13945835e-05,1.13945835e-05,1.95485286e-29,-1.7659975e-15,-1.70396611e-14,1.88056586e-14,1,-0.000187031788,-0.000144446387
0.584,1.5706093,1.90836276,-1.64398937e-14,6.8522389e-14,3.30934942e-12,0.0935158942,-0.2,0.0935157222,-1.1398186e-05,1.13945835e-05,1.13945835e-05,1.26647989e-29,-1.53739136e-15,-1.37044778e-14,1.52418692e-14,1,-0.000187031788,-0.000144446387
0.586,1.5706093,1.90836276,-1.45935897e-14,5.7387776e-14,6.7584323e-12,0.0935158942,-0.2,0.0935157222,-1.1398186e-05,1.13945835e-05,1.13945835e-05,8.89498688e-30,-1.36473259e-15,-1.14775552e-14,1.28422878e-14,1,-0.000187031788,-0.000144446387
0.588,1.5706093,1.90836276,-1.17389501e-14,4.66874181e-14,3.07630251e-12,0.0935158942,-0.2,0.0935157222,-1.1398186e-05,1.13945835e-05,1.13945835e-05,5.88558435e-30,-1.09777841e-15,-9.33748362e-15,1.0435262e-14,1,-0.000187031788,-0.000144446387
0.59,1.5706093,1.90836276,-9.24881686e-15,3.57036242e-14,2.61880145e-12,0.0935158942,-0.2,0.0935157222,-1.1398186e-05,1.13945835e-05,1.13945835e-05,3.44451042e-30,-8.64911379e-16,-7.14072484e-15,8.00563622e-15,1,-0.000187031788,-0.000144446387
0.592,1.5706093,1.90836276,-8.10577241e-15,2.59887914e-14,1.41420763e-12,0.0935158942,-0.2,0.0935157222,-1.1398186e-05,1.13945835e-05,1.13945835e-05,1.83526896e-30,-7.58018556e-16,-5.19775827e-15,5.95577683e-15,1,-0.000187031788,-0.000144446387
0.594,1.5706093,1.90836276,-7.30742421e-15,1.94645634e-14,1.4258317e-12,0.0935158942,-0.2,0.0935157222,-1.1398186e-05,1.13945835e-05,1.13945835e-05,1.03777122e-30,-6.8336031e-16,-3.89291268e-15,4.57627299e-15,1,-0.000187031788,-0.000144446387
0.596,1.5706093,1.90836276,-6.46351272e-15,1.54808579e-14,1.55698458e-12,0.0935158942,-0.2,0.0935157222,-1.1398186e-05,1.13945835e-05,1.13945835e-05,6.60461507e-31,-6.04441171e-16,-3.09617157e-15,3.70061274e-15,1,-0.000187031788,-0.000144446387
0.598,1.5706093,1.90836276,-5.56809488e-15,1.31379605e-14,1.54117608e-12,0.0935158942,-0.2,0.0935157222,-1.1398186e-05,1.13945835e-05,1.13945835e-05,4.76137072e-31,-5.20705372e-16,-2.62759211e-15,3.14829748e-15,1,-0.000187031788,-0.000144446387
0.6,1.5706093,1.90836276,-4.70635427e-15,1.1738983e-14,5.01312982e-12,0.0935158942,-0.2,0.0935157222,-1.1398186e-05,1.13945835e-05,1.13945835e-05,3.78829426e-31,-4.40118928e-16,-2.3477966e-15,2.78791553e-15,1,-0.000187031788,-0.000144446387
0.602,1.5706093,1.90836276,-2.91749961e-15,6.99858143e-15,1.06765076e-12,0.0935158942,-0.2,0.0935157222,-1.1398186e-05,1.13945835e-05,1.13945835e-05,1.34969269e-31,-2.72832585e-16,-1.39971629e-15,1.67254887e-15,1,-0.000187031788,-0.000144446387
0.604,1.5706093,1.90836276,-2.55101223e-15,2.27638217e-15,2.59142959e-13,0.0935158942,-0.2,0.0935157222,-1.1398186e-05,1.13945835e-05,1.13945835e-05,1.70903865e-32,-2.3856019e-16,-4.55276433e-16,6.93836623e-16,1,-0.000187031788,-0.000144446387
0.606,1.5706093,1.90836276,-2.41432234e-15,-1.02603692e-15,2.76935505e-13,0.0935158942,-0.2,0.0935157222,-1.1398186e-05,1.13945835e-05,1.13945835e-05,5.73157826e-33,-2.25777512e-16,2.05207385e-16,2.05701275e-17,1,-0.000187031788,-0.000144446387
0.608,1.5706093,1.90836276,-2.22810712e-15,-3.05169399e-15,4.04721365e-13,0.0935158942,-0.2,0.0935157222,-1.1398186e-05,1.13945835e-05,1.13945835e-05,2.73399256e-32,-2.0836343e-16,6.10338797e-16,-4.01975367e-16,1,-0.000187031788,-0.000144446387
0.61,1.5706093,1.90836276,-1.9784995e-15,-4.22444281e-15,4.69997642e-13,0.0935158942,-0.2,0.0935157222,-1.1398186e-05,1.13945835e-05,1.13945835e-05,4.95837495e-32,-1.8502115e-16,8.44888563e-16,-6.59867413e-16,1,-0.000187031788,-0.000144446387
0.612,1.5706093,1.90836276,-1.7031387e-15,-4.9083296e-15,4.76626228e-13,0.0935158942,-0.2,0.0935157222,-1.1398186e-05,1.13945835e-05,1.13945835e-05,6.57421536e-32,-1.59270539e-16,9.8166592e-16,-8.22395381e-16,1,-0.000187031788,-0.000144446387
0.614,1.5706093,1.90836276,-2.24395523e-15,-3.6601712e-15,-6.01072057e-13,0.0935158942,-0.2,0.0935157222,-1.1398186e-05,1.13945835e-05,1.13945835e-05,3.82735216e-32,-2.0984548e-16,7.32034241e-16,-5.22188761e-16,1,-0.000187031788,-0.000144446387
0.616,1.5706093,1.90836276,-2.09141723e-15,4.84754801e-16,1.08916881e-12,0.0935158942,-0.2,0.0935157222,-1.1398186e-05,1.13945835e-05,1.13945835e-05,2.81997351e-33,-1.95580753e-16,-9.69509603e-17,2.92531713e-16,1,-0.000187031788,-0.000144446387
0.618,1.5706093,1.90836276,-1.43372095e-15,3.87298478e-15,1.09623388e-12,0.0935158942,-0.2,0.0935157222,-1.1398186e-05,1.13945835e-05,1.13945835e-05,4.10575825e-32,-1.34075697e-16,-7.74596956e-16,9.08672653e-16,1,-0.000187031788,-0.000144446387
0.62,1.5706093,1.90836276,7.7791898e-17,3.27230855e-15,1.05431015e-12,0.0935158942,-0.2,0.0935157222,-1.1398186e-05,1.13945835e-05,1.13945835e-05,2.85769837e-32,7.27477891e-18,-6.5446171e-16,6.47186931e-16,1,-0.000187031788,-0.000144446387
0.622,1.5706093,1.90836276,2.8381724e-16,1.33710253e-16,-3.31266158e-13,0.0935158942,-0.2,0.0935157222,-1.1398186e-05,1.13945835e-05,1.13945835e-05,8.80928573e-35,2.6541423e-17,-2.67420505e-17,2.00627496e-19,1,-0.000187031788,-0.000144446387
0.624,1.5706093,1.90836276,4.60956916e-17,-2.48482205e-15,-4.56570744e-13,0.0935158942,-0.2,0.0935157222,-1.1398186e-05,1.13945835e-05,1.13945835e-05,1.64770874e-32,4.31067982e-18,4.9696441e-16,-5.0127509e-16,1,-0.000187031788,-0.000144446387
0.626,1.5706093,1.90836276,-1.75777754e-16,-4.16723555e-15,-3.83635013e-12,0.0935158942,-0.2,0.0935157222,-1.1398186e-05,1.13945835e-05,1.13945835e-05,4.63556882e-32,-1.64380138e-17,8.33447111e-16,-8.17009097e-16,1,-0.000187031788,-0.000144446387
0.628,1.5706093,1.90836276,-1.29901207e-15,-1.25226563e-15,1.09379146e-13,0.0935158942,-0.2,0.0935157222,-1.1398186e-05,1.13945835e-05,1.13945835e-05,5.03060149e-33,-1.21478275e-16,2.50453127e-16,-1.28974851e-16,1,-0.000187031788,-0.000144446387
0.63,1.5706093,1.90836276,-1.01374621e-15,2.36739371e-15,8.34446612e-13,0.0935158942,-0.2,0.0935157222,-1.1398186e-05,1.13945835e-05,1.13945835e-05,1.54707909e-32,-9.48013836e-17,-4.73478743e-16,5.68280127e-16,1,-0.000187031788,-0.000144446387
0.632,1.5706093,1.90836276,-4.7011915e-17,4.25003263e-15,2.76143839e-12,0.0935158942,-0.2,0.0935157222,-1.1398186e-05,1.13945835e-05,1.13945835e-05,4.82010273e-32,-4.39636127e-18,-8.50006526e-16,8.54402887e-16,1,-0.000187031788,-0.000144446387
0.634,1.5706093,1.90836276,7.43412234e-16,1.54828977e-15,-9.96695398e-14,0.0935158942,-0.2,0.0935157222,-1.1398186e-05,1.13945835e-05,1.13945835e-05,6.67392848e-33,6.95208599e-17,-3.09657954e-16,2.40137094e-16,1,-0.000187031788,-0.000144446387
0.636,1.5706093,1.90836276,5.27481828e-16,-1.47069335e-15,-6.05489959e-13,0.0935158942,-0.2,0.0935157222,-1.1398186e-05,1.13945835e-05,1.13945835e-05,5.91122461e-33,4.93279348e-17,2.9413867e-16,-3.43466605e-16,1,-0.000187031788,-0.000144446387
0.638,1.5706093,1.90836276,2.04576724e-16,-3.58996229e-15,-4.83417872e-13,0.0935158942,-0.2,0.0935157222,-1.1398186e-05,1.13945835e-05,1.13945835e-05,3.44117252e-32,1.91311753e-17,7.17992459e-16,-7.37123634e-16,1,-0.000187031788,-0.000144446387
0.64,1.5706093,1.90836276,-8.29512013e-16,-3.18431082e-15,-1.28660788e-12,0.0935158942,-0.2,0.0935157222,-1.1398186e-05,1.13945835e-05,1.13945835e-05,2.74027867e-32,-7.75725576e-17,6.36862163e-16,-5.59289606e-16,1,-0.000187031788,-0.000144446387
0.642,1.5706093,1.90836276,-1.03157533e-15,5.26360081e-16,5.92500294e-13,0.0935158942,-0.2,0.0935157222,-1.1398186e-05,1.13945835e-05,1.13945835e-05,1.27282229e-33,-9.64686893e-17,-1.05272016e-16,2.01740706e-16,1,-0.000187031788,-0.000144446387
0.644,1.5706093,1.90836276,-6.2348667e-16,3.72476597e-15,7.52430397e-13,0.0935158942,-0.2,0.0935157222,-1.1398186e-05,1.13945835e-05,1.13945835e-05,3.7216883e-32,-5.83059135e-17,-7.44953194e-16,8.03259108e-16,1,-0.000187031788,-0.000144446387
0.646,1.5706093,1.90836276,6.9982995e-16,3.07468347e-15,8.19638476e-13,0.0935158942,-0.2,0.0935157222,-1.1398186e-05,1.13945835e-05,1.13945835e-05,2.5472368e-32,6.54452236e-17,-6.14936695e-16,5.49491471e-16,1,-0.000187031788,-0.000144446387
0.648,1.5706093,1.90836276,7.85013505e-16,-8.99181267e-17,-5.33009021e-13,0.0935158942,-0.2,0.0935157222,-1.1398186e-05,1.13945835e-05,1.13945835e-05,3.30530306e-34,7.34112399e-17,1.79836253e-17,-9.13948653e-17,1,-0.000187031788,-0.000144446387
0.65,1.5706093,1.90836276,4.46260298e-16,-2.69024812e-15,-6.13465832e-13,0.0935158942,-0.2,0.0935157222,-1.1398186e-05,1.13945835e-05,1.13945835e-05,1.94126969e-32,4.17324309e-17,5.38049624e-16,-5.79782054e-16,1,-0.000187031788,-0.000144446387
0.652,1.5706093,1.90836276,-3.65954993e-16,-3.6341679e-15,-2.46600643e-12,0.0935158942,-0.2,0.0935157222,-1.1398186e-05,1.13945835e-05,1.13945835e-05,3.53100522e-32,-3.42226084e-17,7.26833581e-16,-6.92610973e-16,1,-0.000187031788,-0.000144446387
0.654,1.5706093,1.90836276,-1.00186014e-15,-2.95344196e-16,3.05961996e-13,0.0935158942,-0.2,0.0935157222,-1.1398186e-05,1.13945835e-05,1.13945835e-05,7.35982421e-34,-9.36898464e-17,5.90688392e-17,3.46210072e-17,1,-0.000187031788,-0.000144446387
0.656,1.5706093,1.90836276,-6.78955032e-16,3.06428215e-15,7.24258561e-13,0.0935158942,-0.2,0.0935157222,-1.1398186e-05,1.13945835e-05,1.13945835e-05,2.52875476e-32,-6.34930869e-17,-6.12856431e-16,6.76349517e-16,1,-0.000187031788,-0.000144446387
0.658,1.5706093,1.90836276,5.17576763e-16,3.71436465e-15,1.56519359e-12,0.0935158942,-0.2,0.0935157222,-1.1398186e-05,1.13945835e-05,1.13945835e-05,3.69498176e-32,4.84016538e-17,-7.4287293e-16,6.94471276e-16,1,-0.000187031788,-0.000144446387
0.66,1.5706093,1.90836276,8.58310983e-16,6.79779551e-16,-3.90604199e-13,0.0935158942,-0.2,0.0935157222,-1.1398186e-05,1.13945835e-05,1.13945835e-05,1.60244249e-33,8.02657191e-17,-1.3595591e-16,5.56901911e-17,1,-0.000187031788,-0.000144446387
0.662,1.5706093,1.90836276,5.45310944e-16,-2.12857684e-15,-6.24822338e-13,0.0935158942,-0.2,0.0935157222,-1.1398186e-05,1.13945835e-05,1.13945835e-05,1.22394773e-32,5.09952405e-17,4.25715368e-16,-4.76710608e-16,1,-0.000187031788,-0.000144446387
0.664,1.5706093,1.90836276,2.2240584e-16,-4.00081443e-15,-4.47119401e-13,0.0935158942,-0.2,0.0935157222,-1.1398186e-05,1.13945835e-05,1.13945835e-05,4.27376537e-32,2.0798481e-17,8.00162887e-16,-8.20961368e-16,1,-0.000187031788,-0.000144446387
0.666,1.5706093,1.90836276,-9.40448735e-16,-2.35220522e-15,-5.42284098e-13,0.0935158942,-0.2,0.0935157222,-1.1398186e-05,1.13945835e-05,1.13945835e-05,1.52076935e-32,-8.79469044e-17,4.70441044e-16,-3.82494139e-16,1,-0.000187031788,-0.000144446387
0.668,1.5706093,1.90836276,-8.86961387e-16,1.40267129e-15,6.99893382e-13,0.0935158942,-0.2,0.0935157222,-1.1398186e-05,1.13945835e-05,1.13945835e-05,5.64458509e-33,-8.29449872e-17,-2.80534258e-16,3.63479245e-16,1,-0.000187031788,-0.000144446387
0.67,1.5706093,1.90836276,-4.7292969e-16,4.31244055e-15,4.22670684e-12,0.0935158942,-0.2,0.0935157222,-1.1398186e-05,1.13945835e-05,1.13945835e-05,4.97379907e-32,-4.42264428e-17,-8.6248811e-16,9.06714553e-16,1,-0.000187031788,-0.000144446387
0.672,1.5706093,1.90836276,8.58310983e-16,2.26858118e-15,2.25047035e-13,0.0935158942,-0.2,0.0935157222,-1.1398186e-05,1.13945835e-05,1.13945835e-05,1.41025018e-32,8.02657191e-17,-4.53716235e-16,3.73450516e-16,1,-0.000187031788,-0.000144446387
0.674,1.5706093,1.90836276,7.35488183e-16,-8.49214484e-16,-6.08869966e-13,0.0935158942,-0.2,0.0935157222,-1.1398186e-05,1.13945835e-05,1.13945835e-05,2.19560711e-33,6.87798351e-17,1.69842897e-16,-2.38622732e-16,1,-0.000187031788,-0.000144446387
0.676,1.5706093,1.90836276,3.80886873e-16,-3.1999128e-15,-5.55887528e-13,0.0935158942,-0.2,0.0935157222,-1.1398186e-05,1.13945835e-05,1.13945835e-05,2.73963427e-32,3.56189765e-17,6.39982559e-16,-6.75601536e-16,1,-0.000187031788,-0.000144446387
0.678,1.5706093,1.90836276,-6.98765161e-16,-2.97368409e-15,-1.35828716e-12,0.0935158942,-0.2,0.0935157222,-1.1398186e-05,1.13945835e-05,1.13945835e-05,2.38415047e-32,-6.53456489e-17,5.94736817e-16,-5.29391169e-16,1,-0.000187031788,-0.000144446387
0.68,1.5706093,1.90836276,-9.40448735e-16,6.19971961e-16,5.22896624e-13,0.0935158942,-0.2,0.0935157222,-1.1398186e-05,1.13945835e-05,1.13945835e-05,1.46908172e-33,-8.79469044e-17,-1.23994392e-16,2.11941297e-16,1,-0.000187031788,-0.000144446387
0.682,1.5706093,1.90836276,-5.66037296e-16,3.7533696e-15,7.05903791e-13,0.0935158942,-0.2,0.0935157222,-1.1398186e-05,1.13945835e-05,1.13945835e-05,3.77534119e-32,-5.29334839e-17,-7.5067392e-16,8.03607404e-16,1,-0.000187031788,-0.000144446387
0.684,1.5706093,1.90836276,7.4737426e-16,3.05388083e-15,7.72564432e-13,0.0935158942,-0.2,0.0935157222,-1.1398186e-05,1.13945835e-05,1.13945835e-05,2.51666604e-32,6.98913722e-17,-6.10776167e-16,5.40884794e-16,1,-0.000187031788,-0.000144446387
0.686,1.5706093,1.90836276,8.04823634e-16,-1.05520107e-16,-5.21428365e-13,0.0935158942,-0.2,0.0935157222,-1.1398186e-05,1.13945835e-05,1.13945835e-05,3.54457015e-34,7.52638018e-17,2.11040213e-17,-9.63678232e-17,1,-0.000187031788,-0.000144446387
0.688,1.5706093,1.90836276,4.64089415e-16,-2.69024812e-15,-6.07951998e-13,0.0935158942,-0.2,0.0935157222,-1.1398186e-05,1.13945835e-05,1.13945835e-05,1.94208341e-32,4.33997366e-17,5.38049624e-16,-5.8144936e-16,1,-0.000187031788,-0.000144446387
0.69,1.5706093,1.90836276,1.57032414e-16,-4.34665832e-15,-3.93958576e-12,0.0935158942,-0.2,0.0935157222,-1.1398186e-05,1.13945835e-05,1.13945835e-05,5.04288739e-32,1.46850266e-17,8.69331664e-16,-8.84016691e-16,1,-0.000187031788,-0.000144446387
0.692,1.5706093,1.90836276,-1.01572723e-15,-1.40048444e-15,4.72556156e-15,0.0935158942,-0.2,0.0935157222,-1.1398186e-05,1.13945835e-05,1.13945835e-05,5.7510586e-33,-9.49866398e-17,2.80096888e-16,-1.85110249e-16,1,-0.000187031788,-0.000144446387
0.694,1.5706093,1.90836276,-7.83948716e-16,2.24517821e-15,7.41657511e-13,0.0935158942,-0.2,0.0935157222,-1.1398186e-05,1.13945835e-05,1.13945835e-05,1.37593914e-32,-7.33116652e-17,-4.49035641e-16,5.22347306e-16,1,-0.000187031788,-0.000144446387
0.696,1.5706093,1.90836276,1.33260259e-16,4.14081877e-15,2.69788495e-12,0.0935158942,-0.2,0.0935157222,-1.1398186e-05,1.13945835e-05,1.13945835e-05,4.57634468e-32,1.24619523e-17,-8.28163754e-16,8.15701801e-16,1,-0.000187031788,-0.000144446387
0.698,1.5706093,1.90836276,8.91988202e-16,1.43907591e-15,-1.56304994e-13,0.0935158942,-0.2,0.0935157222,-1.1398186e-05,1.13945835e-05,1.13945835e-05,5.92512854e-33,8.34150743e-17,-2.87815182e-16,2.04400107e-16,1,-0.000187031788,-0.000144446387
0.7,1.5706093,1.90836276,6.44361589e-16,-1.53050094e-15,-6.22808363e-13,0.0935158942,-0.2,0.0935157222,-1.1398186e-05,1.13945835e-05,1.13945835e-05,6.45886619e-33,6.02580502e-17,3.06100188e-16,-3.66358239e-16,1,-0.000187031788,-0.000144446387
0.702,1.5706093,1.90836276,3.05608382e-16,-3.6341679e-15,-5.10940142e-13,0.0935158942,-0.2,0.0935157222,-1.1398186e-05,1.13945835e-05,1.13945835e-05,3.52897342e-32,2.85792411e-17,7.26833581e-16,-7.55412822e-16,1,-0.000187031788,-0.000144446387
0.704,1.5706093,1.90836276,-8.86961387e-16,-2.16238113e-15,-5.96319305e-13,0.0935158942,-0.2,0.0935157222,-1.1398186e-05,1.13945835e-05,1.13945835e-05,1.28718746e-32,-8.29449872e-17,4.32476226e-16,-3.49531239e-16,1,-0.000187031788,-0.000144446387
0.706,1.5706093,1.90836276,-8.61208219e-16,1.48068119e-15,6.53187738e-13,0.0935158942,-0.2,0.0935157222,-1.1398186e-05,1.13945835e-05,1.13945835e-05,6.22223216e-33,-8.05366567e-17,-2.96136238e-16,3.76672894e-16,1,-0.000187031788,-0.000144446387
0.708,1.5706093,1.90836276,-4.59062599e-16,4.33584352e-15,4.19123562e-12,0.0935158942,-0.2,0.0935157222,-1.1398186e-05,1.13945835e-05,1.13945835e-05,5.02715969e-32,-4.29296495e-17,-8.67168704e-16,9.10098353e-16,1,-0.000187031788,-0.000144446387
0.71,1.5706093,1.90836276,8.58310983e-16,2.26078019e-15,2.03748687e-13,0.0935158942,-0.2,0.0935157222,-1.1398186e-05,1.13945835e-05,1.13945835e-05,1.40082156e-32,8.02657191e-17,-4.52156037e-16,3.71890318e-16,1,-0.000187031788,-0.000144446387
0.712,1.5706093,1.90836276,7.29545144e-16,-8.59615804e-16,-6.16379891e-13,0.0935158942,-0.2,0.0935157222,-1.1398186e-05,1.13945835e-05,1.13945835e-05,2.23867155e-33,6.82240665e-17,1.71923161e-16,-2.40147227e-16,1,-0.000187031788,-0.000144446387
0.714,1.5706093,1.90836276,3.72962821e-16,-3.18951148e-15,-5.39023891e-13,0.0935158942,-0.2,0.0935157222,-1.1398186e-05,1.13945835e-05,1.13945835e-05,2.72160057e-32,3.48779517e-17,6.37902295e-16,-6.72780247e-16,1,-0.000187031788,-0.000144446387
0.716,1.5706093,1.90836276,-7.06689213e-16,-2.94768079e-15,-1.33534132e-12,0.0935158942,-0.2,0.0935157222,-1.1398186e-05,1.13945835e-05,1.13945835e-05,2.3436211e-32,-6.60866736e-17,5.89536157e-16,-5.23449484e-16,1,-0.000187031788,-0.000144446387
0.718,1.5706093,1.90836276,-9.38467722e-16,6.61577241e-16,5.36306868e-13,0.0935158942,-0.2,0.0935157222,-1.1398186e-05,1.13945835e-05,1.13945835e-05,1.60949616e-33,-8.77616482e-17,-1.32315448e-16,2.20077096e-16,1,-0.000187031788,-0.000144446387
0.72,1.5706093,1.90836276,-5.58113245e-16,3.7793729e-15,4.25908787e-12,0.0935158942,-0.2,0.0935157222,-1.1398186e-05,1.13945835e-05,1.13945835e-05,3.8271635e-32,-5.21924591e-17,-7.5587458e-16,8.08067039e-16,1,-0.000187031788,-0.000144446387
0.722,1.5706093,1.90836276,7.88975531e-16,1.93573894e-15,2.90129492e-13,0.0935158942,-0.2,0.0935157222,-1.1398186e-05,1.13945835e-05,1.13945835e-05,1.03110536e-32,7.37817523e-17,-3.87147787e-16,3.13366035e-16,1,-0.000187031788,-0.000144446387
0.724,1.5706093,1.90836276,6.95867925e-16,-1.03903857e-15,-5.69676384e-13,0.0935158942,-0.2,0.0935157222,-1.1398186e-05,1.13945835e-05,1.13945835e-05,3.1236495e-33,6.50747112e-17,2.07807715e-16,-2.72882426e-16,1,-0.000187031788,-0.000144446387
0.726,1.5706093,1.90836276,3.70981808e-16,-3.30652633e-15,-5.58478e-13,0.0935158942,-0.2,0.0935157222,-1.1398186e-05,1.13945835e-05,1.13945835e-05,2.92436561e-32,3.46926955e-17,6.61305265e-16,-6.95997961e-16,1,-0.000187031788,-0.000144446387
0.728,1.5706093,1.90836276,-8.57246193e-16,-1.9517544e-15,-6.00423444e-13,0.0935158942,-0.2,0.0935157222,-1.1398186e-05,1.13945835e-05,1.13945835e-05,1.05335384e-32,-8.01661443e-17,3.9035088e-16,-3.10184736e-16,1,-0.000187031788,-0.000144446387
0.73,1.5706093,1.90836276,-8.4139809e-16,1.61589835e-15,6.43899745e-13,0.0935158942,-0.2,0.0935157222,-1.1398186e-05,1.13945835e-05,1.13945835e-05,7.32263772e-33,-7.86840948e-17,-3.2317967e-16,4.01863764e-16,1,-0.000187031788,-0.000144446387
0.732,1.5706093,1.90836276,6.39248077e-17,3.71956531e-15,2.7318534e-12,0.0935158942,-0.2,0.0935157222,-1.1398186e-05,1.13945835e-05,1.13945835e-05,3.69207283e-32,5.97798555e-18,-7.43913062e-16,7.37935077e-16,1,-0.000187031788,-0.000144446387
0.734,1.5706093,1.90836276,8.4246288e-16,1.18424357e-15,-1.24728328e-13,0.0935158942,-0.2,0.0935157222,-1.1398186e-05,1.13945835e-05,1.13945835e-05,4.09817527e-33,7.87836695e-17,-2.36848714e-16,1.58065044e-16,1,-0.000187031788,-0.000144446387
0.736,1.5706093,1.90836276,6.14646395e-16,-1.68392041e-15,-5.98690935e-13,0.0935158942,-0.2,0.0935157222,-1.1398186e-05,1.13945835e-05,1.13945835e-05,7.75607704e-33,5.74792073e-17,3.36784082e-16,-3.9426329e-16,1,-0.000187031788,-0.000144446387
0.738,1.5706093,1.90836276,2.93722305e-16,-3.71997879e-15,-4.05102666e-12,0.0935158942,-0.2,0.0935157222,-1.1398186e-05,1.13945835e-05,1.13945835e-05,3.6970141e-32,2.7467704e-17,7.43995759e-16,-7.71463463e-16,1,-0.000187031788,-0.000144446387
0.74,1.5706093,1.90836276,-9.38467722e-16,-1.07284286e-15,-8.59406709e-14,0.0935158942,-0.2,0.0935157222,-1.1398186e-05,1.13945835e-05,1.13945835e-05,3.51293308e-33,-8.77616482e-17,2.14568573e-16,-1.26806924e-16,1,-0.000187031788,-0.000144446387
0.742,1.5706093,1.90836276,-7.50271496e-16,2.40899899e-15,6.98598047e-13,0.0935158942,-0.2,0.0935157222,-1.1398186e-05,1.13945835e-05,1.13945835e-05,1.57680626e-32,-7.01623099e-17,-4.81799799e-16,5.51962109e-16,1,-0.000187031788,-0.000144446387
0.744,1.5706093,1.90836276,4.46260298e-16,3.30871317e-15,1.6314315e-12,0.0935158942,-0.2,0.0935157222,-1.1398186e-05,1.13945835e-05,1.13945835e-05,2.93131029e-32,4.17324309e-17,-6.61742634e-16,6.20010204e-16,1,-0.000187031788,-0.000144446387
0.746,1.5706093,1.90836276,8.18690725e-16,4.69152821e-16,-3.2706225e-13,0.0935158942,-0.2,0.0935157222,-1.1398186e-05,1.13945835e-05,1.13945835e-05,9.23373269e-34,7.65605952e-17,-9.38305643e-17,1.72699691e-17,1,-0.000187031788,-0.000144446387
0.748,1.5706093,1.90836276,5.35405879e-16,-2.22218872e-15,-5.9415787e-13,0.0935158942,-0.2,0.0935157222,-1.1398186e-05,1.13945835e-05,1.13945835e-05,1.33209326e-32,5.00689596e-17,4.44437744e-16,-4.94506703e-16,1,-0.000187031788,-0.000144446387
0.75,1.5706093,1.90836276,-2.82752451e-16,-3.34293095e-15,-2.51569772e-12,0.0935158942,-0.2,0.0935157222,-1.1398186e-05,1.13945835e-05,1.13945835e-05,2.98606972e-32,-2.64418483e-17,6.68586189e-16,-6.42144341e-16,1,-0.000187031788,-0.000144446387
0.752,1.5706093,1.90836276,-9.48372787e-16,-1.47125387e-16,2.63134696e-13,0.0935158942,-0.2,0.0935157222,-1.1398186e-05,1.13945835e-05,1.13945835e-05,5.08680984e-34,-8.86879292e-17,2.94250773e-17,5.92628519e-17,1,-0.000187031788,-0.000144446387
0.754,1.5706093,1.90836276,-6.53201864e-16,3.16049436e-15,7.15569962e-13,0.0935158942,-0.2,0.0935157222,-1.1398186e-05,1.13945835e-05,1.13945835e-05,2.6868491e-32,-6.10847564e-17,-6.32098872e-16,6.93183629e-16,1,-0.000187031788,-0.000144446387
0.756,1.5706093,1.90836276,6.76057795e-16,2.68983463e-15,8.46749912e-13,0.0935158942,-0.2,0.0935157222,-1.1398186e-05,1.13945835e-05,1.13945835e-05,1.95360618e-32,6.32221493e-17,-5.37966927e-16,4.74744778e-16,1,-0.000187031788,-0.000144446387
0.758,1.5706093,1.90836276,7.69165402e-16,-2.95344196e-16,-4.7503418e-13,0.0935158942,-0.2,0.0935157222,-1.1398186e-05,1.13945835e-05,1.13945835e-05,5.29371917e-34,7.19291904e-17,5.90688392e-17,-1.3099803e-16,1,-0.000187031788,-0.000144446387
0.76,1.5706093,1.90836276,4.48241311e-16,-2.77345868e-15,-5.51307453e-13,0.0935158942,-0.2,0.0935157222,-1.1398186e-05,1.13945835e-05,1.13945835e-05,2.06267719e-32,4.19176871e-17,5.54691736e-16,-5.96609423e-16,1,-0.000187031788,-0.000144446387
0.762,1.5706093,1.90836276,-3.44163851e-16,-3.66797219e-15,-2.45896426e-12,0.0935158942,-0.2,0.0935157222,-1.1398186e-05,1.13945835e-05,1.13945835e-05,3.59609882e-32,-3.21847903e-17,7.33594439e-16,-7.01409649e-16,1,-0.000187031788,-0.000144446387
0.764,1.5706093,1.90836276,-9.82050006e-16,-3.18747166e-16,3.09265024e-13,0.0935158942,-0.2,0.0935157222,-1.1398186e-05,1.13945835e-05,1.13945835e-05,7.54628639e-34,-9.18372845e-17,6.37494332e-17,2.80878513e-17,1,-0.000187031788,-0.000144446387
0.766,1.5706093,1.90836276,-6.65087941e-16,3.07468347e-15,7.33014836e-13,0.0935158942,-0.2,0.0935157222,-1.1398186e-05,1.13945835e-05,1.13945835e-05,2.5448594e-32,-6.21962936e-17,-6.14936695e-16,6.77132988e-16,1,-0.000187031788,-0.000144446387
0.768,1.5706093,1.90836276,5.2946284e-16,3.71956531e-15,1.56279142e-12,0.0935158942,-0.2,0.0935157222,-1.1398186e-05,1.13945835e-05,1.13945835e-05,3.70592235e-32,4.9513191e-17,-7.43913062e-16,6.94399871e-16,1,-0.000187031788,-0.000144446387
0.77,1.5706093,1.90836276,8.72178073e-16,6.74578891e-16,-4.00706579e-13,0.0935158942,-0.2,0.0935157222,-1.1398186e-05,1.13945835e-05,1.13945835e-05,1.59567781e-33,8.15625124e-17,-1.34915778e-16,5.33532657e-17,1,-0.000187031788,-0.000144446387
0.772,1.5706093,1.90836276,5.59178034e-16,-2.14677915e-15,-6.42646747e-13,0.0935158942,-0.2,0.0935157222,-1.1398186e-05,1.13945835e-05,1.13945835e-05,1.24548197e-32,5.22920339e-17,4.2935583e-16,-4.81647864e-16,1,-0.000187031788,-0.000144446387
0.774,1.5706093,1.90836276,2.30329892e-16,-4.02941806e-15,-4.01535041e-12,0.0935158942,-0.2,0.0935157222,-1.1398186e-05,1.13945835e-05,1.13945835e-05,4.33523825e-32,2.15395058e-17,8.05883613e-16,-8.27423118e-16,1,-0.000187031788,-0.000144446387
0.776,1.5706093,1.90836276,-9.78087981e-16,-1.26006662e-15,-5.93014528e-14,0.0935158942,-0.2,0.0935157222,-1.1398186e-05,1.13945835e-05,1.13945835e-05,4.71652523e-33,-9.14667721e-17,2.52013325e-16,-1.60546552e-16,1,-0.000187031788,-0.000144446387
0.778,1.5706093,1.90836276,-7.78005677e-16,2.29978514e-15,7.17933619e-13,0.0935158942,-0.2,0.0935157222,-1.1398186e-05,1.13945835e-05,1.13945835e-05,1.44170149e-32,-7.27558966e-17,-4.59957027e-16,5.32712924e-16,1,-0.000187031788,-0.000144446387
0.78,1.5706093,1.90836276,4.36355234e-16,3.23070327e-15,1.62880398e-12,0.0935158942,-0.2,0.0935157222,-1.1398186e-05,1.13945835e-05,1.13945835e-05,2.79474304e-32,4.08061499e-17,-6.46140654e-16,6.05334505e-16,1,-0.000187031788,-0.000144446387
0.782,1.5706093,1.90836276,8.18690725e-16,4.04144572e-16,-3.44036335e-13,0.0935158942,-0.2,0.0935157222,-1.1398186e-05,1.13945835e-05,1.13945835e-05,7.7188032e-34,7.65605952e-17,-8.08289143e-17,4.26831913e-18,1,-0.000187031788,-0.000144446387
0.784,1.5706093,1.90836276,5.35405879e-16,-2.27679565e-15,-5.97722716e-13,0.0935158942,-0.2,0.0935157222,-1.1398186e-05,1.13945835e-05,1.13945835e-05,1.397651e-32,5.00689596e-17,4.5535913e-16,-5.05428089e-16,1,-0.000187031788,-0.000144446387
0.786,1.5706093,1.90836276,-2.88695489e-16,-3.36373359e-15,-2.50522502e-12,0.0935158942,-0.2,0.0935157222,-1.1398186e-05,1.13945835e-05,1.13945835e-05,3.02346946e-32,-2.69976168e-17,6.72746717e-16,-6.457491e-16,1,-0.000187031788,-0.000144446387
0.788,1.5706093,1.90836276,-9.48372787e-16,-1.36724067e-16,2.75024028e-13,0.0935158942,-0.2,0.0935157222,-1.1398186e-05,1.13945835e-05,1.13945835e-05,5.00802579e-34,-8.86879292e-17,2.73448133e-17,6.13431159e-17,1,-0.000187031788,-0.000144446387
0.79,1.5706093,1.90836276,-6.51220851e-16,3.16569502e-15,7.25685539e-13,0.0935158942,-0.2,0.0935157222,-1.1398186e-05,1.13945835e-05,1.13945835e-05,2.6954989e-32,-6.08995002e-17,-6.33139004e-16,6.94038505e-16,1,-0.000187031788,-0.000144446387
0.792,1.5706093,1.90836276,6.83981847e-16,2.68983463e-15,8.26457883e-13,0.0935158942,-0.2,0.0935157222,-1.1398186e-05,1.13945835e-05,1.13945835e-05,1.95414648e-32,6.39631741e-17,-5.37966927e-16,4.74003753e-16,1,-0.000187031788,-0.000144446387
0.794,1.5706093,1.90836276,7.69165402e-16,-3.00544856e-16,-4.8011124e-13,0.0935158942,-0.2,0.0935157222,-1.1398186e-05,1.13945835e-05,1.13945835e-05,5.37641539e-34,7.19291904e-17,6.01089712e-17,-1.32038162e-16,1,-0.000187031788,-0.000144446387
0.796,1.5706093,1.90836276,4.48241311e-16,-2.78906066e-15,-5.61883309e-13,0.0935158942,-0.2,0.0935157222,-1.1398186e-05,1.13945835e-05,1.13945835e-05,2.08583583e-32,4.19176871e-17,5.57812132e-16,-5.99729819e-16,1,-0.000187031788,-0.000144446387
0.798,1.5706093,1.90836276,-6.55182877e-16,-2.71105076e-15,-1.38612687e-12,0.0935158942,-0.2,0.0935157222,-1.1398186e-05,1.13945835e-05,1.13945835e-05,1.9827898e-32,-6.12700126e-17,5.42210152e-16,-4.80940139e-16,1,-0.000187031788,-0.000144446387
0.8,1.5706093,1.90836276,-9.10733542e-16,7.8899341e-16,5.1169982e-13,0.0935158942,-0.2,0.0935157222,-1.1398186e-05,1.13945835e-05,1.13945835e-05,2.07698632e-33,-8.51680615e-17,-1.57798682e-16,2.42966744e-16,1,-0.000187031788,-0.000144446387
0.802,1.5706093,1.90836276,-5.44246154e-16,3.84698148e-15,4.24566908e-12,0.0935158942,-0.2,0.0935157222,-1.1398186e-05,1.13945835e-05,1.13945835e-05,3.96398512e-32,-5.08956658e-17,-7.69396296e-16,8.20291962e-16,1,-0.000187031788,-0.000144446387
0.804,1.5706093,1.90836276,8.02842621e-16,1.97474389e-15,2.74326468e-13,0.0935158942,-0.2,0.0935157222,-1.1398186e-05,1.13945835e-05,1.13945835e-05,1.07291367e-32,7.50785456e-17,-3.94948777e-16,3.19870232e-16,1,-0.000187031788,-0.000144446387
0.806,1.5706093,1.90836276,6.97848937e-16,-1.01823593e-15,-5.62375852e-13,0.0935158942,-0.2,0.0935157222,-1.1398186e-05,1.13945835e-05,1.13945835e-05,3.01083204e-33,6.52599674e-17,2.03647187e-16,-2.68907154e-16,1,-0.000187031788,-0.000144446387
0.808,1.5706093,1.90836276,3.65038769e-16,-3.28052303e-15,-5.34932786e-13,0.0935158942,-0.2,0.0935157222,-1.1398186e-05,1.13945835e-05,1.13945835e-05,2.87843947e-32,3.41369269e-17,6.56104605e-16,-6.90241532e-16,1,-0.000187031788,-0.000144446387
0.81,1.5706093,1.90836276,-7.047082e-16,-3.01528937e-15,-1.34980866e-12,0.0935158942,-0.2,0.0935157222,-1.1398186e-05,1.13945835e-05,1.13945835e-05,2.4510596e-32,-6.59014174e-17,6.03057873e-16,-5.37156456e-16,1,-0.000187031788,-0.000144446387
0.812,1.5706093,1.90836276,-9.38467722e-16,6.12170971e-16,5.46332188e-13,0.0935158942,-0.2,0.0935157222,-1.1398186e-05,1.13945835e-05,1.13945835e-05,1.44156649e-33,-8.77616482e-17,-1.22434194e-16,2.10195842e-16,1,-0.000187031788,-0.000144446387
0.814,1.5706093,1.90836276,-5.6207527e-16,3.76117059e-15,7.15878057e-13,0.0935158942,-0.2,0.0935157222,-1.1398186e-05,1.13945835e-05,1.13945835e-05,3.79075989e-32,-5.25629715e-17,-7.52234118e-16,8.0479709e-16,1,-0.000187031788,-0.000144446387
0.816,1.5706093,1.90836276,7.59260338e-16,3.0512805e-15,7.51607659e-13,0.0935158942,-0.2,0.0935157222,-1.1398186e-05,1.13945835e-05,1.13945835e-05,2.51332755e-32,7.10029094e-17,-6.10256101e-16,5.39253191e-16,1,-0.000187031788,-0.000144446387
0.818,1.5706093,1.90836276,8.12747686e-16,-1.15921427e-16,-5.417531e-13,0.0935158942,-0.2,0.0935157222,-1.1398186e-05,1.13945835e-05,1.13945835e-05,3.67029415e-34,7.60048266e-17,2.31842853e-17,-9.91891119e-17,1,-0.000187031788,-0.000144446387
0.82,1.5706093,1.90836276,4.62108402e-16,-2.70064944e-15,-5.9084049e-13,0.0935158942,-0.2,0.0935157222,-1.1398186e-05,1.13945835e-05,1.13945835e-05,1.95695417e-32,4.32144804e-17,5.40129888e-16,-5.83344368e-16,1,-0.000187031788,-0.000144446387
0.822,1.5706093,1.90836276,-3.5010689e-16,-3.62896724e-15,-2.45938727e-12,0.0935158942,-0.2,0.0935157222,-1.1398186e-05,1.13945835e-05,1.13945835e-05,3.52035665e-32,-3.27405588e-17,7.25793449e-16,-6.9305289e-16,1,-0.000187031788,-0.000144446387
0.824,1.5706093,1.90836276,-9.84031019e-16,-3.18747166e-16,2.95908913e-13,0.0935158942,-0.2,0.0935157222,-1.1398186e-05,1.13945835e-05,1.13945835e-05,7.56581313e-34,-9.20225407e-17,6.37494332e-17,2.82731075e-17,1,-0.000187031788,-0.000144446387
0.826,1.5706093,1.90836276,-6.7103098e-16,3.05388083e-15,7.23603793e-13,0.0935158942,-0.2,0.0935157222,-1.1398186e-05,1.13945835e-05,1.13945835e-05,2.51123713e-32,-6.27520622e-17,-6.10776167e-16,6.73528229e-16,1,-0.000187031788,-0.000144446387
0.828,1.5706093,1.90836276,5.23519802e-16,3.69616234e-15,1.55658553e-12,0.0935158942,-0.2,0.0935157222,-1.1398186e-05,1.13945835e-05,1.13945835e-05,3.65929735e-32,4.89574224e-17,-7.39232468e-16,6.90275046e-16,1,-0.000187031788,-0.000144446387
0.83,1.5706093,1.90836276,8.62273009e-16,6.56376581e-16,-3.98546461e-13,0.0935158942,-0.2,0.0935157222,-1.1398186e-05,1.13945835e-05,1.13945835e-05,1.52241719e-33,8.06362314e-17,-1.31275316e-16,5.06390847e-17,1,-0.000187031788,-0.000144446387
0.832,1.5706093,1.90836276,5.51253982e-16,-2.15458014e-15,-6.2989305e-13,0.0935158942,-0.2,0.0935157222,-1.1398186e-05,1.13945835e-05,1.13945835e-05,1.25399482e-32,5.15510091e-17,4.30916028e-16,-4.82467037e-16,1,-0.000187031788,-0.000144446387
0.834,1.5706093,1.90836276,2.24386853e-16,-4.01381608e-15,-4.39694922e-13,0.0935158942,-0.2,0.0935157222,-1.1398186e-05,1.13945835e-05,1.13945835e-05,4.30161608e-32,2.09837372e-17,8.02763217e-16,-8.23746954e-16,1,-0.000187031788,-0.000144446387
0.836,1.5706093,1.90836276,-9.32524684e-16,-2.37820852e-15,-5.52671738e-13,0.0935158942,-0.2,0.0935157222,-1.1398186e-05,1.13945835e-05,1.13945835e-05,1.5528491e-32,-8.72058797e-17,4.75641704e-16,-3.88435824e-16,1,-0.000187031788,-0.000144446387
0.838,1.5706093,1.90836276,-8.81018348e-16,1.38186865e-15,6.84020433e-13,0.0935158942,-0.2,0.0935157222,-1.1398186e-05,1.13945835e-05,1.13945835e-05,5.4847443e-33,-8.23892186e-17,-2.7637373e-16,3.58762948e-16,1,-0.000187031788,-0.000144446387
0.84,1.5706093,1.90836276,-4.65005638e-16,4.2994389e-15,6.71840564e-13,0.0935158942,-0.2,0.0935157222,-1.1398186e-05,1.13945835e-05,1.13945835e-05,4.94354799e-32,-4.34854181e-17,-8.5988778e-16,9.03373198e-16,1,-0.000187031788,-0.000144446387
0.842,1.5706093,1.90836276,8.18690725e-16,3.3893234e-15,7.36291061e-13,0.0935158942,-0.2,0.0935157222,-1.1398186e-05,1.13945835e-05,1.13945835e-05,3.09900779e-32,7.65605952e-17,-6.7786468e-16,6.01304085e-16,1,-0.000187031788,-0.000144446387
0.844,1.5706093,1.90836276,8.58310983e-16,5.83006828e-17,-6.03633055e-13,0.0935158942,-0.2,0.0935157222,-1.1398186e-05,1.13945835e-05,1.13945835e-05,3.78413451e-34,8.02657191e-17,-1.16601366e-17,-6.86055825e-17,1,-0.000187031788,-0.000144446387
0.846,1.5706093,1.90836276,4.83899544e-16,-2.6278402e-15,-6.29379433e-13,0.0935158942,-0.2,0.0935157222,-1.1398186e-05,1.13945835e-05,1.13945835e-05,1.85446098e-32,4.52522985e-17,5.2556804e-16,-5.70820338e-16,1,-0.000187031788,-0.000144446387
0.848,1.5706093,1.90836276,1.72880518e-16,-4.336257e-15,-4.31456452e-13,0.0935158942,-0.2,0.0935157222,-1.1398186e-05,1.13945835e-05,1.13945835e-05,5.01904959e-32,1.61670762e-17,8.672514e-16,-8.83418477e-16,1,-0.000187031788,-0.000144446387
0.85,1.5706093,1.90836276,-9.72144942e-16,-2.54722997e-15,-5.03892284e-13,0.0935158942,-0.2,0.0935157222,-1.1398186e-05,1.13945835e-05,1.13945835e-05,1.77878358e-32,-9.09110035e-17,5.09445994e-16,-4.1853499e-16,1,-0.000187031788,-0.000144446387
0.852,1.5706093,1.90836276,-8.96866451e-16,1.28305611e-15,6.96990557e-13,0.0935158942,-0.2,0.0935157222,-1.1398186e-05,1.13945835e-05,1.13945835e-05,4.79618844e-33,-8.38712682e-17,-2.56611222e-16,3.4048249e-16,1,-0.000187031788,-0.000144446387
0.854,1.5706093,1.90836276,-4.7292969e-16,4.2474323e-15,6.85138356e-13,0.0935158942,-0.2,0.0935157222,-1.1398186e-05,1.13945835e-05,1.13945835e-05,4.82530894e-32,-4.42264428e-17,-8.4948646e-16,8.93712903e-16,1,-0.000187031788,-0.000144446387
0.856,1.5706093,1.90836276,8.14728699e-16,3.36852076e-15,7.43823096e-13,0.0935158942,-0.2,0.0935157222,-1.1398186e-05,1.13945835e-05,1.13945835e-05,3.06116977e-32,7.61900828e-17,-6.73704152e-16,5.9751407e-16,1,-0.000187031788,-0.000144446387
0.858,1.5706093,1.90836276,8.58310983e-16,7.13023327e-17,-5.83637728e-13,0.0935158942,-0.2,0.0935157222,-1.1398186e-05,1.13945835e-05,1.13945835e-05,3.82909959e-34,8.02657191e-17,-1.42604665e-17,-6.60052525e-17,1,-0.000187031788,-0.000144446387
0.86,1.5706093,1.90836276,4.87861569e-16,-2.6018369e-15,-6.2801839e-13,0.0935158942,-0.2,0.0935157222,-1.1398186e-05,1.13945835e-05,1.13945835e-05,1.81836583e-32,4.56228109e-17,5.2036738e-16,-5.65990191e-16,1,-0.000187031788,-0.000144446387
0.862,1.5706093,1.90836276,1.78823556e-16,-4.30505304e-15,-3.96881749e-12,0.0935158942,-0.2,0.0935157222,-1.1398186e-05,1.13945835e-05,1.13945835e-05,4.94720102e-32,1.67228448e-17,8.61010608e-16,-8.77733453e-16,1,-0.000187031788,-0.000144446387
0.864,1.5706093,1.90836276,-1.00780317e-15,-1.40048444e-15,-1.19536448e-14,0.0935158942,-0.2,0.0935157222,-1.1398186e-05,1.13945835e-05,1.13945835e-05,5.74301967e-33,-9.4245615e-17,2.80096888e-16,-1.85851273e-16,1,-0.000187031788,-0.000144446387
0.866,1.5706093,1.90836276,-7.81967703e-16,2.24517821e-15,7.46982634e-13,0.0935158942,-0.2,0.0935157222,-1.1398186e-05,1.13945835e-05,1.13945835e-05,1.37578362e-32,-7.3126409e-17,-4.49035641e-16,5.2216205e-16,1,-0.000187031788,-0.000144446387
0.868,1.5706093,1.90836276,1.39203298e-16,4.15902108e-15,2.70222413e-12,0.0935158942,-0.2,0.0935157222,-1.1398186e-05,1.13945835e-05,1.13945835e-05,4.61674006e-32,1.30177209e-17,-8.31804216e-16,8.18786495e-16,1,-0.000187031788,-0.000144446387
0.87,1.5706093,1.90836276,9.01893267e-16,1.45207756e-15,-1.74528285e-13,0.0935158942,-0.2,0.0935157222,-1.1398186e-05,1.13945835e-05,1.13945835e-05,6.03434382e-33,8.43413553e-17,-2.90415512e-16,2.06074156e-16,1,-0.000187031788,-0.000144446387
0.872,1.5706093,1.90836276,6.50304628e-16,-1.54870325e-15,-6.57358974e-13,0.0935158942,-0.2,0.0935157222,-1.1398186e-05,1.13945835e-05,1.13945835e-05,6.6122876e-33,6.08138188e-17,3.0974065e-16,-3.70554469e-16,1,-0.000187031788,-0.000144446387
0.874,1.5706093,1.90836276,3.07589395e-16,-3.66797219e-15,-5.28695842e-13,0.0935158942,-0.2,0.0935157222,-1.1398186e-05,1.13945835e-05,1.13945835e-05,3.59490373e-32,2.87644973e-17,7.33594439e-16,-7.62358936e-16,1,-0.000187031788,-0.000144446387
0.876,1.5706093,1.90836276,-8.94885439e-16,-2.19358509e-15,-6.01017337e-13,0.0935158942,-0.2,0.0935157222,-1.1398186e-05,1.13945835e-05,1.13945835e-05,1.32416605e-32,-8.3686012e-17,4.38717018e-16,-3.55031006e-16,1,-0.000187031788,-0.000144446387
0.878,1.5706093,1.90836276,-8.69132271e-16,1.47808086e-15,6.75911459e-13,0.0935158942,-0.2,0.0935157222,-1.1398186e-05,1.13945835e-05,1.13945835e-05,6.20857579e-33,-8.12776815e-17,-2.95616172e-16,3.76893853e-16,1,-0.000187031788,-0.000144446387
0.88,1.5706093,1.90836276,-4.63024625e-16,4.3514455e-15,4.20735464e-12,0.0935158942,-0.2,0.0935157222,-1.1398186e-05,1.13945835e-05,1.13945835e-05,5.06351096e-32,-4.33001619e-17,-8.702891e-16,9.13589262e-16,1,-0.000187031788,-0.000144446387
0.882,1.5706093,1.90836276,8.62273009e-16,2.26858118e-15,2.05886646e-13,0.0935158942,-0.2,0.0935157222,-1.1398186e-05,1.13945835e-05,1.13945835e-05,1.41059195e-32,8.06362314e-17,-4.53716235e-16,3.73080004e-16,1,-0.000187031788,-0.000144446387
0.884,1.5706093,1.90836276,7.3350717e-16,-8.70017124e-16,-6.17258752e-13,0.0935158942,-0.2,0.0935157222,-1.1398186e-05,1.13945835e-05,1.13945835e-05,2.28958466e-33,6.85945789e-17,1.74003425e-16,-2.42598004e-16,1,-0.000187031788,-0.000144446387
0.886,1.5706093,1.90836276,3.72962821e-16,-3.21551478e-15,-5.54338844e-13,0.0935158942,-0.2,0.0935157222,-1.1398186e-05,1.13945835e-05,1.13945835e-05,2.76604437e-32,3.48779517e-17,6.43102955e-16,-6.77980907e-16,1,-0.000187031788,-0.000144446387
0.888,1.5706093,1.90836276,-3.99632212e-16,-3.95140816e-15,-2.43053691e-12,0.0935158942,-0.2,0.0935157222,-1.1398186e-05,1.13945835e-05,1.13945835e-05,4.17445104e-32,-3.73719637e-17,7.90281633e-16,-7.52909669e-16,1,-0.000187031788,-0.000144446387
0.89,1.5706093,1.90836276,-1.01770824e-15,-4.79967625e-16,3.49523307e-13,0.0935158942,-0.2,0.0935157222,-1.1398186e-05,1.13945835e-05,1.13945835e-05,1.13399505e-33,-9.5171896e-17,9.59935251e-17,-8.21629103e-19,1,-0.000187031788,-0.000144446387
0.892,1.5706093,1.90836276,-6.78955032e-16,2.98107159e-15,7.61565723e-13,0.0935158942,-0.2,0.0935157222,-1.1398186e-05,1.13945835e-05,1.13945835e-05,2.39452094e-32,-6.34930869e-17,-5.96214319e-16,6.59707406e-16,1,-0.000187031788,-0.000144446387
0.894,1.5706093,1.90836276,2.32310905e-16,4.62708048e-15,2.62455113e-12,0.0935158942,-0.2,0.0935157222,-1.1398186e-05,1.13945835e-05,1.13945835e-05,5.71585915e-32,2.1724762e-17,-9.25416095e-16,9.03691333e-16,1,-0.000187031788,-0.000144446387
0.896,1.5706093,1.90836276,9.47456564e-16,1.74331452e-15,-1.94423031e-13,0.0935158942,-0.2,0.0935157222,-1.1398186e-05,1.13945835e-05,1.13945835e-05,8.55990731e-33,8.86022478e-17,-3.48662903e-16,2.60060656e-16,1,-0.000187031788,-0.000144446387
0.898,1.5706093,1.90836276,6.83981847e-16,-1.37708147e-15,-6.85048592e-13,0.0935158942,-0.2,0.0935157222,-1.1398186e-05,1.13945835e-05,1.13945835e-05,5.29490294e-33,6.39631741e-17,2.75416294e-16,-3.39379469e-16,1,-0.000187031788,-0.000144446387
0.9,1.5706093,1.90836276,3.19475473e-16,-3.55875834e-15,-5.26168378e-13,0.0935158942,-0.2,0.0935157222,-1.1398186e-05,1.13945835e-05,1.13945835e-05,3.38466623e-32,2.98760345e-17,7.11751667e-16,-7.41627701e-16,1,-0.000187031788,-0.000144446387
0.902,1.5706093,1.90836276,-4.43214496e-16,-4.13343126e-15,-2.36727715e-12,0.0935158942,-0.2,0.0935157222,-1.1398186e-05,1.13945835e-05,1.13945835e-05,4.56899155e-32,-4.14475999e-17,8.26686253e-16,-7.85238653e-16,1,-0.000187031788,-0.000144446387
0.904,1.5706093,1.90836276,-1.02959432e-15,-5.81380495e-16,3.6405714e-13,0.0935158942,-0.2,0.0935157222,-1.1398186e-05,1.13945835e-05,1.13945835e-05,1.4334138e-33,-9.62834331e-17,1.16276099e-16,-1.99926659e-17,1,-0.000187031788,-0.000144446387
0.906,1.5706093,1.90836276,-6.86879083e-16,2.91866367e-15,7.72250025e-13,0.0935158942,-0.2,0.0935157222,-1.1398186e-05,1.13945835e-05,1.13945835e-05,2.29681322e-32,-6.42341117e-17,-5.83732735e-16,6.47966846e-16,1,-0.000187031788,-0.000144446387
0.908,1.5706093,1.90836276,2.32310905e-16,4.59067586e-15,2.63420375e-12,0.0935158942,-0.2,0.0935157222,-1.1398186e-05,1.13945835e-05,1.13945835e-05,5.6263137e-32,2.1724762e-17,-9.18135171e-16,8.9641041e-16,1,-0.000187031788,-0.000144446387
0.91,1.5706093,1.90836276,9.55380615e-16,1.70170924e-15,-2.06663868e-13,0.0935158942,-0.2,0.0935157222,-1.1398186e-05,1.13945835e-05,1.13945835e-05,8.18499228e-33,8.93432725e-17,-3.40341847e-16,2.50998575e-16,1,-0.000187031788,-0.000144446387
0.912,1.5706093,1.90836276,6.78038808e-16,-1.4056851e-15,-6.72673158e-13,0.0935158942,-0.2,0.0935157222,-1.1398186e-05,1.13945835e-05,1.13945835e-05,5.50324729e-33,6.34074055e-17,2.8113702e-16,-3.44544426e-16,1,-0.000187031788,-0.000144446387
0.914,1.5706093,1.90836276,3.15513447e-16,-3.56915965e-15,-5.25272541e-13,0.0935158942,-0.2,0.0935157222,-1.1398186e-05,1.13945835e-05,1.13945835e-05,3.40432405e-32,2.95055221e-17,7.13831931e-16,-7.43337453e-16,1,-0.000187031788,-0.000144446387
0.916,1.5706093,1.90836276,-7.30461367e-16,-3.21551478e-15,-1.35849832e-12,0.0935158942,-0.2,0.0935157222,-1.1398186e-05,1.13945835e-05,1.13945835e-05,2.78582125e-32,-6.8309748e-17,6.43102955e-16,-5.74793207e-16,1,-0.000187031788,-0.000144446387
0.918,1.5706093,1.90836276,-9.62239877e-16,4.92555791e-16,5.59269216e-13,0.0935158942,-0.2,0.0935157222,-1.1398186e-05,1.13945835e-05,1.13945835e-05,1.11160268e-33,-8.99847226e-17,-9.85111583e-17,1.88495881e-16,1,-0.000187031788,-0.000144446387
0.92,1.5706093,1.90836276,-5.75942361e-16,3.69616234e-15,7.43837883e-13,0.0935158942,-0.2,0.0935157222,-1.1398186e-05,1.13945835e-05,1.13945835e-05,3.66218696e-32,-5.38597649e-17,-7.39232468e-16,7.93092233e-16,1,-0.000187031788,-0.000144446387
0.922,1.5706093,1.90836276,7.55298312e-16,3.02787753e-15,7.73212002e-13,0.0935158942,-0.2,0.0935157222,-1.1398186e-05,1.13945835e-05,1.13945835e-05,2.47506233e-32,7.0632397e-17,-6.05575507e-16,5.3494311e-16,1,-0.000187031788,-0.000144446387
0.924,1.5706093,1.90836276,8.12747686e-16,-1.28923077e-16,-5.35548521e-13,0.0935158942,-0.2,0.0935157222,-1.1398186e-05,1.13945835e-05,1.13945835e-05,3.75524165e-34,7.60048266e-17,2.57846153e-17,-1.01789442e-16,1,-0.000187031788,-0.000144446387
0.926,1.5706093,1.90836276,4.6805144e-16,-2.70064944e-15,-5.91482563e-13,0.0935158942,-0.2,0.0935157222,-1.1398186e-05,1.13945835e-05,1.13945835e-05,1.95723132e-32,4.3770249e-17,5.40129888e-16,-5.83900137e-16,1,-0.000187031788,-0.000144446387
0.928,1.5706093,1.90836276,-3.44163851e-16,-3.62376658e-15,-2.46362145e-12,0.0935158942,-0.2,0.0935157222,-1.1398186e-05,1.13945835e-05,1.13945835e-05,3.5100846e-32,-3.21847903e-17,7.24753317e-16,-6.92568527e-16,1,-0.000187031788,-0.000144446387
0.93,1.5706093,1.90836276,-9.84031019e-16,-2.77141886e-16,3.26039155e-13,0.0935158942,-0.2,0.0935157222,-1.1398186e-05,1.13945835e-05,1.13945835e-05,6.90424339e-34,-9.20225407e-17,5.54283772e-17,3.65941635e-17,1,-0.000187031788,-0.000144446387
0.932,1.5706093,1.90836276,-6.61125916e-16,3.08768512e-15,7.19342858e-13,0.0935158942,-0.2,0.0935157222,-1.1398186e-05,1.13945835e-05,1.13945835e-05,2.56597598e-32,-6.18257812e-17,-6.17537025e-16,6.79362806e-16,1,-0.000187031788,-0.000144446387
0.934,1.5706093,1.90836276,6.7209577e-16,2.64822935e-15,8.51473237e-13,0.0935158942,-0.2,0.0935157222,-1.1398186e-05,1.13945835e-05,1.13945835e-05,1.89407397e-32,6.28516369e-17,-5.29645871e-16,4.66794234e-16,1,-0.000187031788,-0.000144446387
0.936,1.5706093,1.90836276,7.63222363e-16,-3.13546506e-16,-4.61102493e-13,0.0935158942,-0.2,0.0935157222,-1.1398186e-05,1.13945835e-05,1.13945835e-05,5.54381299e-34,7.13734218e-17,6.27093012e-17,-1.34082723e-16,1,-0.000187031788,-0.000144446387
0.938,1.5706093,1.90836276,4.50222324e-16,-2.78646033e-15,-5.6697386e-13,0.0935158942,-0.2,0.0935157222,-1.1398186e-05,1.13945835e-05,1.13945835e-05,2.08205627e-32,4.21029432e-17,5.57292066e-16,-5.99395009e-16,1,-0.000187031788,-0.000144446387
0.94,1.5706093,1.90836276,-6.432968e-16,-2.72145208e-15,-1.40915722e-12,0.0935158942,-0.2,0.0935157222,-1.1398186e-05,1.13945835e-05,1.13945835e-05,1.99709425e-32,-6.01584754e-17,5.44290416e-16,-4.8413194e-16,1,-0.000187031788,-0.000144446387
0.942,1.5706093,1.90836276,-9.08752529e-16,7.8899341e-16,5.19324203e-13,0.0935158942,-0.2,0.0935157222,-1.1398186e-05,1.13945835e-05,1.13945835e-05,2.07517924e-33,-8.49828053e-17,-1.57798682e-16,2.42781487e-16,1,-0.000187031788,-0.000144446387
0.944,1.5706093,1.90836276,-5.3434109e-16,3.84698148e-15,4.23562818e-12,0.0935158942,-0.2,0.0935157222,-1.1398186e-05,1.13945835e-05,1.13945835e-05,3.9634495e-32,-4.99693848e-17,-7.69396296e-16,8.19365681e-16,1,-0.000187031788,-0.000144446387
0.946,1.5706093,1.90836276,8.00861609e-16,2.00594785e-15,2.84608921e-13,0.0935158942,-0.2,0.0935157222,-1.1398186e-05,1.13945835e-05,1.13945835e-05,1.10590031e-32,7.48932895e-17,-4.01189569e-16,3.2629628e-16,1,-0.000187031788,-0.000144446387
0.948,1.5706093,1.90836276,7.09735015e-16,-9.94832964e-16,-5.81217322e-13,0.0935158942,-0.2,0.0935157222,-1.1398186e-05,1.13945835e-05,1.13945835e-05,2.8935037e-33,6.63715046e-17,1.98966593e-16,-2.65338097e-16,1,-0.000187031788,-0.000144446387
0.95,1.5706093,1.90836276,3.70981808e-16,-3.27532237e-15,-5.41740424e-13,0.0935158942,-0.2,0.0935157222,-1.1398186e-05,1.13945835e-05,1.13945835e-05,2.86956071e-32,3.46926955e-17,6.55064473e-16,-6.89757169e-16,1,-0.000187031788,-0.000144446387
0.952,1.5706093,1.90836276,-7.02727187e-16,-3.01008871e-15,-1.35783183e-12,0.0935158942,-0.2,0.0935157222,-1.1398186e-05,1.13945835e-05,1.13945835e-05,2.44255793e-32,-6.57161612e-17,6.02017741e-16,-5.3630158e-16,1,-0.000187031788,-0.000144446387
0.954,1.5706093,1.90836276,-9.3648671e-16,6.22572291e-16,5.4441764e-13,0.0935158942,-0.2,0.0935157222,-1.1398186e-05,1.13945835e-05,1.13945835e-05,1.47397533e-33,-8.75763921e-17,-1.24514458e-16,2.1209085e-16,1,-0.000187031788,-0.000144446387
0.956,1.5706093,1.90836276,-5.58113245e-16,3.77157191e-15,7.12367261e-13,0.0935158942,-0.2,0.0935157222,-1.1398186e-05,1.13945835e-05,1.13945835e-05,3.81144494e-32,-5.21924591e-17,-7.54314382e-16,8.06506841e-16,1,-0.000187031788,-0.000144446387
0.958,1.5706093,1.90836276,7.55298312e-16,3.0772838e-15,7.78732689e-13,0.0935158942,-0.2,0.0935157222,-1.1398186e-05,1.13945835e-05,1.13945835e-05,2.55555216e-32,7.0632397e-17,-6.15456761e-16,5.44824364e-16,1,-0.000187031788,-0.000144446387
0.96,1.5706093,1.90836276,8.16709712e-16,-9.77191167e-17,-5.43127329e-13,0.0935158942,-0.2,0.0935157222,-1.1398186e-05,1.13945835e-05,1.13945835e-05,3.59889104e-34,7.6375339e-17,1.95438233e-17,-9.59191623e-17,1,-0.000187031788,-0.000144446387
0.962,1.5706093,1.90836276,4.62108402e-16,-2.68764779e-15,-5.90411783e-13,0.0935158942,-0.2,0.0935157222,-1.1398186e-05,1.13945835e-05,1.13945835e-05,1.93825976e-32,4.32144804e-17,5.37529558e-16,-5.80744038e-16,1,-0.000187031788,-0.000144446387
0.964,1.5706093,1.90836276,-3.48125877e-16,-3.61076493e-15,-2.46204703e-12,0.0935158942,-0.2,0.0935157222,-1.1398186e-05,1.13945835e-05,1.13945835e-05,3.48512229e-32,-3.25553026e-17,7.22152987e-16,-6.89597684e-16,1,-0.000187031788,-0.000144446387
0.966,1.5706093,1.90836276,-9.82050006e-16,-2.87543206e-16,2.94738099e-13,0.0935158942,-0.2,0.0935157222,-1.1398186e-05,1.13945835e-05,1.13945835e-05,7.04144824e-34,-9.18372845e-17,5.75086412e-17,3.43286433e-17,1,-0.000187031788,-0.000144446387
0.968,1.5706093,1.90836276,-6.73011993e-16,3.09028545e-15,7.4119079e-13,0.0935158942,-0.2,0.0935157222,-1.1398186e-05,1.13945835e-05,1.13945835e-05,2.57105783e-32,-6.29373183e-17,-6.18057091e-16,6.80994409e-16,1,-0.000187031788,-0.000144446387
0.97,1.5706093,1.90836276,5.21538789e-16,3.72996663e-15,1.57820407e-12,0.0935158942,-0.2,0.0935157222,-1.1398186e-05,1.13945835e-05,1.13945835e-05,3.72618142e-32,4.87721662e-17,-7.45993326e-16,6.9722116e-16,1,-0.000187031788,-0.000144446387
0.972,1.5706093,1.90836276,8.66235034e-16,6.69378231e-16,-4.03816817e-13,0.0935158942,-0.2,0.0935157222,-1.1398186e-05,1.13945835e-05,1.13945835e-05,1.57184699e-33,8.10067438e-17,-1.33875646e-16,5.28689023e-17,1,-0.000187031788,-0.000144446387
0.974,1.5706093,1.90836276,5.4927297e-16,-2.13637783e-15,-6.193382e-13,0.0935158942,-0.2,0.0935157222,-1.1398186e-05,1.13945835e-05,1.13945835e-05,1.23304337e-32,5.13657529e-17,4.27275566e-16,-4.78641319e-16,1,-0.000187031788,-0.000144446387
0.976,1.5706093,1.90836276,2.26367866e-16,-4.00341476e-15,-4.46493016e-13,0.0935158942,-0.2,0.0935157222,-1.1398186e-05,1.13945835e-05,1.13945835e-05,4.27940856e-32,2.11689934e-17,8.00682953e-16,-8.21851946e-16,1,-0.000187031788,-0.000144446387
0.978,1.5706093,1.90836276,-9.34505697e-16,-2.35220522e-15,-5.44801161e-13,0.0935158942,-0.2,0.0935157222,-1.1398186e-05,1.13945835e-05,1.13945835e-05,1.5202107e-32,-8.73911359e-17,4.70441044e-16,-3.83049908e-16,1,-0.000187031788,-0.000144446387
0.98,1.5706093,1.90836276,-8.81018348e-16,1.40527162e-15,6.86083376e-13,0.0935158942,-0.2,0.0935157222,-1.1398186e-05,1.13945835e-05,1.13945835e-05,5.65880133e-33,-8.23892186e-17,-2.81054324e-16,3.63443542e-16,1,-0.000187031788,-0.000144446387
0.982,1.5706093,1.90836276,-4.65005638e-16,4.30203923e-15,4.21561832e-12,0.0935158942,-0.2,0.0935157222,-1.1398186e-05,1.13945835e-05,1.13945835e-05,4.94951647e-32,-4.34854181e-17,-8.60407846e-16,9.03893264e-16,1,-0.000187031788,-0.000144446387
0.984,1.5706093,1.90836276,8.58310983e-16,2.25557953e-15,2.17272179e-13,0.0935158942,-0.2,0.0935157222,-1.1398186e-05,1.13945835e-05,1.13945835e-05,1.39455385e-32,8.02657191e-17,-4.51115905e-16,3.70850186e-16,1,-0.000187031788,-0.000144446387
0.986,1.5706093,1.90836276,7.35488183e-16,-8.51814814e-16,-6.11073472e-13,0.0935158942,-0.2,0.0935157222,-1.1398186e-05,1.13945835e-05,1.13945835e-05,2.20741037e-33,6.87798351e-17,1.70362963e-16,-2.39142798e-16,1,-0.000187031788,-0.000144446387
0.988,1.5706093,1.90836276,3.76924847e-16,-3.19211181e-15,-5.49958567e-13,0.0935158942,-0.2,0.0935157222,-1.1398186e-05,1.13945835e-05,1.13945835e-05,2.72617766e-32,3.52484641e-17,6.38422361e-16,-6.73670825e-16,1,-0.000187031788,-0.000144446387
0.99,1.5706093,1.90836276,-7.047082e-16,-2.96328277e-15,-1.3479645e-12,0.0935158942,-0.2,0.0935157222,-1.1398186e-05,1.13945835e-05,1.13945835e-05,2.36809025e-32,-6.59014174e-17,5.92656553e-16,-5.26755136e-16,1,-0.000187031788,-0.000144446387
0.992,1.5706093,1.90836276,-9.40448735e-16,6.61577241e-16,5.49964557e-13,0.0935158942,-0.2,0.0935157222,-1.1398186e-05,1.13945835e-05,1.13945835e-05,1.61136226e-33,-8.79469044e-17,-1.32315448e-16,2.20262353e-16,1,-0.000187031788,-0.000144446387
0.994,1.5706093,1.90836276,-5.60094258e-16,3.79237455e-15,7.06872564e-13,0.0935158942,-0.2,0.0935157222,-1.1398186e-05,1.13945835e-05,1.13945835e-05,3.85354434e-32,-5.23777153e-17,-7.5847491e-16,8.10852625e-16,1,-0.000187031788,-0.000144446387
0.996,1.5706093,1.90836276,7.57279325e-16,3.06168182e-15,7.48113147e-13,0.0935158942,-0.2,0.0935157222,-1.1398186e-05,1.13945835e-05,1.13945835e-05,2.53014381e-32,7.08176532e-17,-6.12336365e-16,5.41518711e-16,1,-0.000187031788,-0.000144446387
0.998,1.5706093,1.90836276,8.10766673e-16,-1.26322747e-16,-5.50379693e-13,0.0935158942,-0.2,0.0935157222,-1.1398186e-05,1.13945835e-05,1.13945835e-05,3.72140598e-34,7.58195704e-17,2.52645493e-17,-1.0108412e-16,1,-0.000187031788,-0.000144446387
1,1.5706093,1.90836276,4.62108402e-16,-2.71885175e-15,-6.03420313e-13,0.0935158942,-0.2,0.0935157222,-1.1398186e-05,1.13945835e-05,1.13945835e-05,1.98327791e-32,4.32144804e-17,5.4377035e-16,-5.8698483e-16,1,-0.000187031788,-0.000144446387
1.002,1.5706093,1.90836276,1.62975453e-16,-4.35965997e-15,-3.95273827e-12,0.0935158942,-0.2,0.0935157222,-1.1398186e-05,1.13945835e-05,1.13945835e-05,5.07318885e-32,1.52407952e-17,8.71931994e-16,-8.8717279e-16,1,-0.000187031788,-0.000144446387
1.004,1.5706093,1.90836276,-1.01572723e-15,-1.42128708e-15,3.3763e-15,0.0935158942,-0.2,0.0935157222,-1.1398186e-05,1.13945835e-05,1.13945835e-05,5.90769839e-33,-9.49866398e-17,2.84257416e-16,-1.89270777e-16,1,-0.000187031788,-0.000144446387
1.006,1.5706093,1.90836276,-7.83948716e-16,2.23477689e-15,7.3448207e-13,0.0935158942,-0.2,0.0935157222,-1.1398186e-05,1.13945835e-05,1.13945835e-05,1.36350477e-32,-7.33116652e-17,-4.46955377e-16,5.20267042e-16,1,-0.000187031788,-0.000144446387
1.008,1.5706093,1.90836276,1.35241272e-16,4.1434191e-15,2.70216842e-12,0.0935158942,-0.2,0.0935157222,-1.1398186e-05,1.13945835e-05,1.13945835e-05,4.58211969e-32,1.26472085e-17,-8.2868382e-16,8.16036611e-16,1,-0.000187031788,-0.000144446387
1.01,1.5706093,1.90836276,8.90007189e-16,1.46767954e-15,-1.4548855e-13,0.0935158942,-0.2,0.0935157222,-1.1398186e-05,1.13945835e-05,1.13945835e-05,6.14522504e-33,8.32298182e-17,-2.93535908e-16,2.10306089e-16,1,-0.000187031788,-0.000144446387
1.012,1.5706093,1.90836276,6.52285641e-16,-1.53310127e-15,-6.54917273e-13,0.0935158942,-0.2,0.0935157222,-1.1398186e-05,1.13945835e-05,1.13945835e-05,6.48527542e-33,6.0999075e-17,3.06620254e-16,-3.67619329e-16,1,-0.000187031788,-0.000144446387
1.014,1.5706093,1.90836276,3.09570408e-16,-3.64716955e-15,-5.22144084e-13,0.0935158942,-0.2,0.0935157222,-1.1398186e-05,1.13945835e-05,1.13945835e-05,3.55435783e-32,2.89497535e-17,7.29433911e-16,-7.58383664e-16,1,-0.000187031788,-0.000144446387
1.016,1.5706093,1.90836276,-9.0280949e-16,-2.14937948e-15,-5.5927054e-13,0.0935158942,-0.2,0.0935157222,-1.1398186e-05,1.13945835e-05,1.13945835e-05,1.27365009e-32,-8.44270368e-17,4.29875896e-16,-3.45448859e-16,1,-0.000187031788,-0.000144446387
1.018,1.5706093,1.90836276,-8.65170245e-16,1.52748713e-15,6.78094155e-13,0.0935158942,-0.2,0.0935157222,-1.1398186e-05,1.13945835e-05,1.13945835e-05,6.60138187e-33,-8.09071691e-17,-3.05497426e-16,3.86404595e-16,1,-0.000187031788,-0.000144446387
1.02,1.5706093,1.90836276,-4.53119561e-16,4.37484847e-15,4.19298751e-12,0.0935158942,-0.2,0.0935157222,-1.1398186e-05,1.13945835e-05,1.13945835e-05,5.11755176e-32,-4.23738809e-17,-8.74969694e-16,9.17343575e-16,1,-0.000187031788,-0.000144446387
1.022,1.5706093,1.90836276,8.62273009e-16,2.28158283e-15,1.97728842e-13,0.0935158942,-0.2,0.0935157222,-1.1398186e-05,1.13945835e-05,1.13945835e-05,1.42637851e-32,8.06362314e-17,-4.56316565e-16,3.75680334e-16,1,-0.000187031788,-0.000144446387
1.024,1.5706093,1.90836276,7.3350717e-16,-8.49214484e-16,-6.2263241e-13,0.0935158942,-0.2,0.0935157222,-1.1398186e-05,1.13945835e-05,1.13945835e-05,2.19414813e-33,6.85945789e-17,1.69842897e-16,-2.38437476e-16,1,-0.000187031788,-0.000144446387
1.026,1.5706093,1.90836276,3.72962821e-16,-3.19471214e-15,-5.36640288e-13,0.0935158942,-0.2,0.0935157222,-1.1398186e-05,1.13945835e-05,1.13945835e-05,2.73046046e-32,3.48779517e-17,6.38942427e-16,-6.73820379e-16,1,-0.000187031788,-0.000144446387
1.028,1.5706093,1.90836276,-7.02727187e-16,-2.96328277e-15,-1.35116857e-12,0.0935158942,-0.2,0.0935157222,-1.1398186e-05,1.13945835e-05,1.13945835e-05,2.36795046e-32,-6.57161612e-17,5.92656553e-16,-5.26940392e-16,1,-0.000187031788,-0.000144446387
1.03,1.5706093,1.90836276,-9.40448735e-16,6.30373281e-16,5.39221778e-13,0.0935158942,-0.2,0.0935157222,-1.1398186e-05,1.13945835e-05,1.13945835e-05,1.50378577e-33,-8.79469044e-17,-1.26074656e-16,2.14021561e-16,1,-0.000187031788,-0.000144446387
1.032,1.5706093,1.90836276,-5.68018309e-16,3.76637125e-15,4.27584388e-12,0.0935158942,-0.2,0.0935157222,-1.1398186e-05,1.13945835e-05,1.13945835e-05,3.80154317e-32,-5.31187401e-17,-7.5327425e-16,8.0639299e-16,1,-0.000187031788,-0.000144446387
1.034,1.5706093,1.90836276,7.83032492e-16,1.95394125e-15,3.12677416e-13,0.0935158942,-0.2,0.0935157222,-1.1398186e-05,1.13945835e-05,1.13945835e-05,1.04953003e-32,7.32259837e-17,-3.90788249e-16,3.17562266e-16,1,-0.000187031788,-0.000144446387
1.036,1.5706093,1.90836276,6.97848937e-16,-1.00263395e-15,-5.54601421e-13,0.0935158942,-0.2,0.0935157222,-1.1398186e-05,1.13945835e-05,1.13945835e-05,2.92669643e-33,6.52599674e-17,2.00526791e-16,-2.65786758e-16,1,-0.000187031788,-0.000144446387
1.038,1.5706093,1.90836276,3.69000795e-16,-3.25972039e-15,-5.36846377e-13,0.0935158942,-0.2,0.0935157222,-1.1398186e-05,1.13945835e-05,1.13945835e-05,2.84227963e-32,3.45074393e-17,6.51944077e-16,-6.86451517e-16,1,-0.000187031788,-0.000144446387
1.04,1.5706093,1.90836276,-8.4139809e-16,-1.94135308e-15,-6.4104396e-13,0.0935158942,-0.2,0.0935157222,-1.1398186e-05,1.13945835e-05,1.13945835e-05,1.04119865e-32,-7.86840948e-17,3.88270616e-16,-3.09586521e-16,1,-0.000187031788,-0.000144446387
1.042,1.5706093,1.90836276,-8.37436064e-16,1.61329802e-15,6.30872576e-13,0.0935158942,-0.2,0.0935157222,-1.1398186e-05,1.13945835e-05,1.13945835e-05,7.2968959e-33,-7.83135824e-17,-3.22659604e-16,4.00973186e-16,1,-0.000187031788,-0.000144446387
1.044,1.5706093,1.90836276,5.99627819e-17,3.70656366e-15,2.72234677e-12,0.0935158942,-0.2,0.0935157222,-1.1398186e-05,1.13945835e-05,1.13945835e-05,3.66628366e-32,5.60747317e-18,-7.41312732e-16,7.35705259e-16,1,-0.000187031788,-0.000144446387
1.046,1.5706093,1.90836276,8.34538828e-16,1.21024687e-15,-8.82864788e-14,0.0935158942,-0.2,0.0935157222,-1.1398186e-05,1.13945835e-05,1.13945835e-05,4.25766415e-33,7.80426447e-17,-2.42049374e-16,1.64006729e-16,1,-0.000187031788,-0.000144446387
1.048,1.5706093,1.90836276,6.18608421e-16,-1.65791711e-15,-5.95912783e-13,0.0935158942,-0.2,0.0935157222,-1.1398186e-05,1.13945835e-05,1.13945835e-05,7.52664017e-33,5.78497197e-17,3.31583422e-16,-3.89433142e-16,1,-0.000187031788,-0.000144446387
1.05,1.5706093,1.90836276,2.97684331e-16,-3.69917615e-15,-4.04161213e-12,0.0935158942,-0.2,0.0935157222,-1.1398186e-05,1.13945835e-05,1.13945835e-05,3.65594699e-32,2.78382164e-17,7.39835231e-16,-7.67673447e-16,1,-0.000187031788,-0.000144446387
1.052,1.5706093,1.90836276,-9.38467722e-16,-1.03903857e-15,-6.94108443e-14,0.0935158942,-0.2,0.0935157222,-1.1398186e-05,1.13945835e-05,1.13945835e-05,3.32242951e-33,-8.77616482e-17,2.07807715e-16,-1.20046066e-16,1,-0.000187031788,-0.000144446387
1.054,1.5706093,1.90836276,-7.46309471e-16,2.43240196e-15,6.93662006e-13,0.0935158942,-0.2,0.0935157222,-1.1398186e-05,1.13945835e-05,1.13945835e-05,1.60674355e-32,-6.97917975e-17,-4.86480393e-16,5.5627219e-16,1,-0.000187031788,-0.000144446387
1.056,1.5706093,1.90836276,4.44279286e-16,3.31651416e-15,1.63742544e-12,0.0935158942,-0.2,0.0935157222,-1.1398186e-05,1.13945835e-05,1.13945835e-05,2.94501337e-32,4.15471747e-17,-6.63302832e-16,6.21755658e-16,1,-0.000187031788,-0.000144446387
1.058,1.5706093,1.90836276,8.24633763e-16,4.69152821e-16,-3.42213118e-13,0.0935158942,-0.2,0.0935157222,-1.1398186e-05,1.13945835e-05,1.13945835e-05,9.28269624e-34,7.71163638e-17,-9.38305643e-17,1.67142005e-17,1,-0.000187031788,-0.000144446387
1.06,1.5706093,1.90836276,5.39367905e-16,-2.24299136e-15,-6.00043656e-13,0.0935158942,-0.2,0.0935157222,-1.1398186e-05,1.13945835e-05,1.13945835e-05,1.35709347e-32,5.04394719e-17,4.48598272e-16,-4.99037744e-16,1,-0.000187031788,-0.000144446387
1.062,1.5706093,1.90836276,2.18443814e-16,-4.0502207e-15,-3.97061252e-12,0.0935158942,-0.2,0.0935157222,-1.1398186e-05,1.13945835e-05,1.13945835e-05,4.37982183e-32,2.04279686e-17,8.10044141e-16,-8.30472109e-16,1,-0.000187031788,-0.000144446387
1.064,1.5706093,1.90836276,-9.78087981e-16,-1.22886266e-15,-2.6908083e-14,0.0935158942,-0.2,0.0935157222,-1.1398186e-05,1.13945835e-05,1.13945835e-05,4.50928024e-33,-9.14667721e-17,2.45772533e-16,-1.5430576e-16,1,-0.000187031788,-0.000144446387
1.066,1.5706093,1.90836276,-7.64138587e-16,2.3309891e-15,7.30508499e-13,0.0935158942,-0.2,0.0935157222,-1.1398186e-05,1.13945835e-05,1.13945835e-05,1.47918829e-32,-7.14591032e-17,-4.66197819e-16,5.37656922e-16,1,-0.000187031788,-0.000144446387
1.068,1.5706093,1.90836276,1.45146337e-16,4.20582702e-15,2.69105735e-12,0.0935158942,-0.2,0.0935157222,-1.1398186e-05,1.13945835e-05,1.13945835e-05,4.72130181e-32,1.35734895e-17,-8.41165404e-16,8.27591914e-16,1,-0.000187031788,-0.000144446387
1.07,1.5706093,1.90836276,8.95950228e-16,1.48068119e-15,-1.69057937e-13,0.0935158942,-0.2,0.0935157222,-1.1398186e-05,1.13945835e-05,1.13945835e-05,6.25283818e-33,8.37855867e-17,-2.96136238e-16,2.12350651e-16,1,-0.000187031788,-0.000144446387
1.072,1.5706093,1.90836276,6.50304628e-16,-1.52790061e-15,-6.52376662e-13,0.0935158942,-0.2,0.0935157222,-1.1398186e-05,1.13945835e-05,1.13945835e-05,6.44150177e-33,6.08138188e-17,3.05580122e-16,-3.66393941e-16,1,-0.000187031788,-0.000144446387
1.074,1.5706093,1.90836276,2.99665343e-16,-3.63676823e-15,-5.02369626e-13,0.0935158942,-0.2,0.0935157222,-1.1398186e-05,1.13945835e-05,1.13945835e-05,3.5338383e-32,2.80234726e-17,7.27353647e-16,-7.5537712e-16,1,-0.000187031788,-0.000144446387
1.076,1.5706093,1.90836276,-8.90923413e-16,-2.1597808e-15,-6.02499228e-13,0.0935158942,-0.2,0.0935157222,-1.1398186e-05,1.13945835e-05,1.13945835e-05,1.28454151e-32,-8.33154996e-17,4.3195616e-16,-3.4864066e-16,1,-0.000187031788,-0.000144446387
1.078,1.5706093,1.90836276,-8.71113284e-16,1.49108251e-15,6.73609408e-13,0.0935158942,-0.2,0.0935157222,-1.1398186e-05,1.13945835e-05,1.13945835e-05,6.31331772e-33,-8.14629377e-17,-2.98216502e-16,3.79679439e-16,1,-0.000187031788,-0.000144446387
1.08,1.5706093,1.90836276,3.6190627e-17,3.66235805e-15,2.76313885e-12,0.0935158942,-0.2,0.0935157222,-1.1398186e-05,1.13945835e-05,1.13945835e-05,3.57924438e-32,3.38439885e-18,-7.3247161e-16,7.29087211e-16,1,-0.000187031788,-0.000144446387
1.082,1.5706093,1.90836276,8.30576802e-16,1.17904291e-15,-9.73672502e-14,0.0935158942,-0.2,0.0935157222,-1.1398186e-05,1.13945835e-05,1.13945835e-05,4.05540829e-33,7.76721324e-17,-2.35808582e-16,1.58136449e-16,1,-0.000187031788,-0.000144446387
1.084,1.5706093,1.90836276,6.16627408e-16,-1.68392041e-15,-6.05291142e-13,0.0935158942,-0.2,0.0935157222,-1.1398186e-05,1.13945835e-05,1.13945835e-05,7.75729992e-33,5.76644635e-17,3.36784082e-16,-3.94448546e-16,1,-0.000187031788,-0.000144446387
1.086,1.5706093,1.90836276,2.91741292e-16,-3.70957747e-15,-4.04323086e-12,0.0935158942,-0.2,0.0935157222,-1.1398186e-05,1.13945835e-05,1.13945835e-05,3.67633479e-32,2.72824478e-17,7.41915495e-16,-7.69197943e-16,1,-0.000187031788,-0.000144446387
1.088,1.5706093,1.90836276,-9.38467722e-16,-1.06244154e-15,-7.89231744e-14,0.0935158942,-0.2,0.0935157222,-1.1398186e-05,1.13945835e-05,1.13945835e-05,3.45366704e-33,-8.77616482e-17,2.12488309e-16,-1.2472666e-16,1,-0.000187031788,-0.000144446387
1.09,1.5706093,1.90836276,-7.46309471e-16,2.40899899e-15,6.91387549e-13,0.0935158942,-0.2,0.0935157222,-1.1398186e-05,1.13945835e-05,1.13945835e-05,1.57650898e-32,-6.97917975e-17,-4.81799799e-16,5.51591596e-16,1,-0.000187031788,-0.000144446387
1.092,1.5706093,1.90836276,4.60127389e-16,3.27490888e-15,1.58829389e-12,0.0935158942,-0.2,0.0935157222,-1.1398186e-05,1.13945835e-05,1.13945835e-05,2.87255246e-32,4.30292242e-17,-6.54981776e-16,6.11952552e-16,1,-0.000187031788,-0.000144446387
1.094,1.5706093,1.90836276,8.20671738e-16,4.17146222e-16,-3.46165487e-13,0.0935158942,-0.2,0.0935157222,-1.1398186e-05,1.13945835e-05,1.13945835e-05,8.02002752e-34,7.67458514e-17,-8.34292443e-17,6.68339292e-18,1,-0.000187031788,-0.000144446387
1.096,1.5706093,1.90836276,5.33424866e-16,-2.25859334e-15,-5.90997356e-13,0.0935158942,-0.2,0.0935157222,-1.1398186e-05,1.13945835e-05,1.13945835e-05,1.37551544e-32,4.98837034e-17,4.51718668e-16,-5.01602371e-16,1,-0.000187031788,-0.000144446387
1.098,1.5706093,1.90836276,-2.84733464e-16,-3.3559326e-15,-2.51111863e-12,0.0935158942,-0.2,0.0935157222,-1.1398186e-05,1.13945835e-05,1.13945835e-05,3.00936744e-32,-2.66271045e-17,6.71186519e-16,-6.44559415e-16,1,-0.000187031788,-0.000144446387
1.1,1.5706093,1.90836276,-9.46391774e-16,-1.23722417e-16,2.70413596e-13,0.0935158942,-0.2,0.0935157222,-1.1398186e-05,1.13945835e-05,1.13945835e-05,4.89884683e-34,-8.8502673e-17,2.47444833e-17,6.37581897e-17,1,-0.000187031788,-0.000144446387
1.102,1.5706093,1.90836276,-6.51220851e-16,3.17869667e-15,7.28566456e-13,0.0935158942,-0.2,0.0935157222,-1.1398186e-05,1.13945835e-05,1.13945835e-05,2.71751043e-32,-6.08995002e-17,-6.35739334e-16,6.96638835e-16,1,-0.000187031788,-0.000144446387
1.104,1.5706093,1.90836276,6.83981847e-16,2.70283628e-15,8.35175397e-13,0.0935158942,-0.2,0.0935157222,-1.1398186e-05,1.13945835e-05,1.13945835e-05,1.97285607e-32,6.39631741e-17,-5.40567257e-16,4.76604083e-16,1,-0.000187031788,-0.000144446387
1.106,1.5706093,1.90836276,7.79070467e-16,-3.26548156e-16,-5.16721471e-13,0.0935158942,-0.2,0.0935157222,-1.1398186e-05,1.13945835e-05,1.13945835e-05,5.88843249e-34,7.28554713e-17,6.53096312e-17,-1.38165103e-16,1,-0.000187031788,-0.000144446387
1.108,1.5706093,1.90836276,4.46260298e-16,-2.82546528e-15,-5.7783781e-13,0.0935158942,-0.2,0.0935157222,-1.1398186e-05,1.13945835e-05,1.13945835e-05,2.14028903e-32,4.17324309e-17,5.65093055e-16,-6.06825486e-16,1,-0.000187031788,-0.000144446387
1.11,1.5706093,1.90836276,-6.432968e-16,-2.76305736e-15,-1.42330099e-12,0.0935158942,-0.2,0.0935157222,-1.1398186e-05,1.13945835e-05,1.13945835e-05,2.05798454e-32,-6.01584754e-17,5.52611472e-16,-4.92452996e-16,1,-0.000187031788,-0.000144446387
1.112,1.5706093,1.90836276,-9.12714555e-16,7.3958714e-16,5.13723774e-13,0.0935158942,-0.2,0.0935157222,-1.1398186e-05,1.13945835e-05,1.13945835e-05,1.87727083e-33,-8.53533177e-17,-1.47917428e-16,2.33270746e-16,1,-0.000187031788,-0.000144446387
1.114,1.5706093,1.90836276,-5.4820818e-16,3.8313795e-15,4.25590283e-12,0.0935158942,-0.2,0.0935157222,-1.1398186e-05,1.13945835e-05,1.13945835e-05,3.93223452e-32,-5.12661782e-17,-7.662759e-16,8.17542078e-16,1,-0.000187031788,-0.000144446387
1.116,1.5706093,1.90836276,7.98880596e-16,1.98514521e-15,2.78690145e-13,0.0935158942,-0.2,0.0935157222,-1.1398186e-05,1.13945835e-05,1.13945835e-05,1.08358641e-32,7.47080333e-17,-3.97029041e-16,3.22321008e-16,1,-0.000187031788,-0.000144446387
1.118,1.5706093,1.90836276,7.01810963e-16,-9.84431644e-16,-5.59936305e-13,0.0935158942,-0.2,0.0935157222,-1.1398186e-05,1.13945835e-05,1.13945835e-05,2.83296039e-33,6.56304798e-17,1.96886329e-16,-2.62516809e-16,1,-0.000187031788,-0.000144446387
1.12,1.5706093,1.90836276,3.69000795e-16,-3.24931907e-15,-5.24299895e-13,0.0935158942,-0.2,0.0935157222,-1.1398186e-05,1.13945835e-05,1.13945835e-05,2.82421342e-32,3.45074393e-17,6.49863813e-16,-6.84371253e-16,1,-0.000187031788,-0.000144446387
1.122,1.5706093,1.90836276,-7.00746174e-16,-2.97628442e-15,-1.3443877e-12,0.0935158942,-0.2,0.0935157222,-1.1398186e-05,1.13945835e-05,1.13945835e-05,2.38841809e-32,-6.55309051e-17,5.95256883e-16,-5.29725978e-16,1,-0.000187031788,-0.000144446387
1.124,1.5706093,1.90836276,-9.34505697e-16,6.58976911e-16,5.59370718e-13,0.0935158942,-0.2,0.0935157222,-1.1398186e-05,1.13945835e-05,1.13945835e-05,1.59661257e-33,-8.73911359e-17,-1.31795382e-16,2.19186518e-16,1,-0.000187031788,-0.000144446387
1.126,1.5706093,1.90836276,-5.4820818e-16,3.78457356e-15,7.11818087e-13,0.0935158942,-0.2,0.0935157222,-1.1398186e-05,1.13945835e-05,1.13945835e-05,3.8371112e-32,-5.12661782e-17,-7.56914712e-16,8.0818089e-16,1,-0.000187031788,-0.000144446387
1.128,1.5706093,1.90836276,7.63222363e-16,3.06168182e-15,7.60565691e-13,0.0935158942,-0.2,0.0935157222,-1.1398186e-05,1.13945835e-05,1.13945835e-05,2.53059685e-32,7.13734218e-17,-6.12336365e-16,5.40962943e-16,1,-0.000187031788,-0.000144446387
1.13,1.5706093,1.90836276,8.16709712e-16,-1.05520107e-16,-5.34282043e-13,0.0935158942,-0.2,0.0935157222,-1.1398186e-05,1.13945835e-05,1.13945835e-05,3.6411987e-34,7.6375339e-17,2.11040213e-17,-9.74793603e-17,1,-0.000187031788,-0.000144446387
1.132,1.5706093,1.90836276,4.66070428e-16,-2.69284845e-15,-5.98762365e-13,0.0935158942,-0.2,0.0935157222,-1.1398186e-05,1.13945835e-05,1.13945835e-05,1.94591107e-32,4.35849928e-17,5.3856969e-16,-5.82154682e-16,1,-0.000187031788,-0.000144446387
1.134,1.5706093,1.90836276,1.6099444e-16,-4.336257e-15,-3.92926381e-12,0.0935158942,-0.2,0.0935157222,-1.1398186e-05,1.13945835e-05,1.13945835e-05,5.01885063e-32,1.5055539e-17,8.672514e-16,-8.8230694e-16,1,-0.000187031788,-0.000144446387
1.136,1.5706093,1.90836276,-1.01572723e-15,-1.39268345e-15,1.45905845e-14,0.0935158942,-0.2,0.0935157222,-1.1398186e-05,1.13945835e-05,1.13945835e-05,5.69291411e-33,-9.49866398e-17,2.7853669e-16,-1.83550051e-16,1,-0.000187031788,-0.000144446387
1.138,1.5706093,1.90836276,-7.81967703e-16,2.25557953e-15,7.46558421e-13,0.0935158942,-0.2,0.0935157222,-1.1398186e-05,1.13945835e-05,1.13945835e-05,1.38827573e-32,-7.3126409e-17,-4.51115905e-16,5.24242314e-16,1,-0.000187031788,-0.000144446387
1.14,1.5706093,1.90836276,-3.67936006e-16,4.88451315e-15,4.17436271e-12,0.0935158942,-0.2,0.0935157222,-1.1398186e-05,1.13945835e-05,1.13945835e-05,6.37333996e-32,-3.44078646e-17,-9.76902629e-16,1.01131049e-15,1,-0.000187031788,-0.000144446387
1.142,1.5706093,1.90836276,9.21703396e-16,2.62482638e-15,1.83075729e-13,0.0935158942,-0.2,0.0935157222,-1.1398186e-05,1.13945835e-05,1.13945835e-05,1.88108864e-32,8.61939172e-17,-5.24965277e-16,4.3877136e-16,1,-0.000187031788,-0.000144446387
1.144,1.5706093,1.90836276,7.73127428e-16,-6.43788415e-16,-6.48921584e-13,0.0935158942,-0.2,0.0935157222,-1.1398186e-05,1.13945835e-05,1.13945835e-05,1.40565204e-33,7.22997028e-17,1.28757683e-16,-2.01057386e-16,1,-0.000187031788,-0.000144446387
1.146,1.5706093,1.90836276,4.02678015e-16,-3.08549828e-15,-5.83076787e-13,0.0935158942,-0.2,0.0935157222,-1.1398186e-05,1.13945835e-05,1.13945835e-05,2.54858959e-32,3.76567946e-17,6.17099655e-16,-6.5475645e-16,1,-0.000187031788,-0.000144446387
1.148,1.5706093,1.90836276,1.1345013e-16,-4.59108934e-15,-3.90325954e-12,0.0935158942,-0.2,0.0935157222,-1.1398186e-05,1.13945835e-05,1.13945835e-05,5.62526637e-32,1.06093904e-17,9.18217868e-16,-9.28827259e-16,1,-0.000187031788,-0.000144446387
1.15,1.5706093,1.90836276,-1.04544242e-15,-1.54870325e-15,3.51668795e-14,0.0935158942,-0.2,0.0935157222,-1.1398186e-05,1.13945835e-05,1.13945835e-05,6.94821904e-33,-9.77654827e-17,3.0974065e-16,-2.11975168e-16,1,-0.000187031788,-0.000144446387
1.152,1.5706093,1.90836276,-7.99796819e-16,2.16716831e-15,7.66878441e-13,0.0935158942,-0.2,0.0935157222,-1.1398186e-05,1.13945835e-05,1.13945835e-05,1.28534709e-32,-7.47937147e-17,-4.33433661e-16,5.08227376e-16,1,-0.000187031788,-0.000144446387
1.154,1.5706093,1.90836276,-3.71898031e-16,4.83250655e-15,4.16856467e-12,0.0935158942,-0.2,0.0935157222,-1.1398186e-05,1.13945835e-05,1.13945835e-05,6.23863618e-32,-3.4778377e-17,-9.66501309e-16,1.00127969e-15,1,-0.000187031788,-0.000144446387
1.156,1.5706093,1.90836276,9.25665422e-16,2.56761912e-15,1.64375521e-13,0.0935158942,-0.2,0.0935157222,-1.1398186e-05,1.13945835e-05,1.13945835e-05,1.80218997e-32,8.65644296e-17,-5.13523825e-16,4.26959395e-16,1,-0.000187031788,-0.000144446387
1.158,1.5706093,1.90836276,7.69165402e-16,-6.95795015e-16,-6.50577181e-13,0.0935158942,-0.2,0.0935157222,-1.1398186e-05,1.13945835e-05,1.13945835e-05,1.58849303e-33,7.19291904e-17,1.39159003e-16,-2.11088193e-16,1,-0.000187031788,-0.000144446387
1.16,1.5706093,1.90836276,3.9277295e-16,-3.10370059e-15,-5.63147763e-13,0.0935158942,-0.2,0.0935157222,-1.1398186e-05,1.13945835e-05,1.13945835e-05,2.57825691e-32,3.67305136e-17,6.20740117e-16,-6.57470631e-16,1,-0.000187031788,-0.000144446387
1.162,1.5706093,1.90836276,-3.93689173e-16,-3.87599859e-15,-2.42644668e-12,0.0935158942,-0.2,0.0935157222,-1.1398186e-05,1.13945835e-05,1.13945835e-05,4.01670538e-32,-3.68161951e-17,7.75199719e-16,-7.38383524e-16,1,-0.000187031788,-0.000144446387
1.164,1.5706093,1.90836276,-1.0117652e-15,-3.96757066e-16,3.59433874e-13,0.0935158942,-0.2,0.0935157222,-1.1398186e-05,1.13945835e-05,1.13945835e-05,9.33276163e-34,-9.46161274e-17,7.93514131e-17,1.52647143e-17,1,-0.000187031788,-0.000144446387
1.166,1.5706093,1.90836276,-6.67068954e-16,3.02787753e-15,7.29593647e-13,0.0935158942,-0.2,0.0935157222,-1.1398186e-05,1.13945835e-05,1.13945835e-05,2.46877066e-32,-6.23815498e-17,-6.05575507e-16,6.67957056e-16,1,-0.000187031788,-0.000144446387
1.168,1.5706093,1.90836276,5.2946284e-16,3.67275937e-15,1.55287048e-12,0.0935158942,-0.2,0.0935157222,-1.1398186e-05,1.13945835e-05,1.13945835e-05,3.61359214e-32,4.9513191e-17,-7.34551874e-16,6.85038683e-16,1,-0.000187031788,-0.000144446387
1.17,1.5706093,1.90836276,8.64254022e-16,6.38174271e-16,-3.86115468e-13,0.0935158942,-0.2,0.0935157222,-1.1398186e-05,1.13945835e-05,1.13945835e-05,1.46125268e-33,8.08214876e-17,-1.27634854e-16,4.68133665e-17,1,-0.000187031788,-0.000144446387
1.172,1.5706093,1.90836276,5.4927297e-16,-2.14937948e-15,-6.12072242e-13,0.0935158942,-0.2,0.0935157222,-1.1398186e-05,1.13945835e-05,1.13945835e-05,1.24791258e-32,5.13657529e-17,4.29875896e-16,-4.81241649e-16,1,-0.000187031788,-0.000144446387
1.174,1.5706093,1.90836276,2.26367866e-16,-4.01121575e-15,-4.4674302e-13,0.0935158942,-0.2,0.0935157222,-1.1398186e-05,1.13945835e-05,1.13945835e-05,4.29609236e-32,2.11689934e-17,8.02243151e-16,-8.23412144e-16,1,-0.000187031788,-0.000144446387
1.176,1.5706093,1.90836276,-9.44410761e-16,-2.32880225e-15,-5.13548142e-13,0.0935158942,-0.2,0.0935157222,-1.1398186e-05,1.13945835e-05,1.13945835e-05,1.49191083e-32,-8.83174168e-17,4.6576045e-16,-3.77443033e-16,1,-0.000187031788,-0.000144446387
1.178,1.5706093,1.90836276,-8.81018348e-16,1.43127492e-15,6.9599264e-13,0.0935158942,-0.2,0.0935157222,-1.1398186e-05,1.13945835e-05,1.13945835e-05,5.85562629e-33,-8.23892186e-17,-2.86254984e-16,3.68644202e-16,1,-0.000187031788,-0.000144446387
1.18,1.5706093,1.90836276,-4.65005638e-16,4.34624484e-15,4.24003225e-12,0.0935158942,-0.2,0.0935157222,-1.1398186e-05,1.13945835e-05,1.13945835e-05,5.05153266e-32,-4.34854181e-17,-8.69248968e-16,9.12734386e-16,1,-0.000187031788,-0.000144446387
1.182,1.5706093,1.90836276,8.68216047e-16,2.2789825e-15,2.07136391e-13,0.0935158942,-0.2,0.0935157222,-1.1398186e-05,1.13945835e-05,1.13945835e-05,1.42372959e-32,8.1192e-17,-4.55796499e-16,3.74604499e-16,1,-0.000187031788,-0.000144446387
1.184,1.5706093,1.90836276,7.31526157e-16,-8.33612504e-16,-5.92974083e-13,0.0935158942,-0.2,0.0935157222,-1.1398186e-05,1.13945835e-05,1.13945835e-05,2.12263134e-33,6.84093227e-17,1.66722501e-16,-2.35131824e-16,1,-0.000187031788,-0.000144446387
1.186,1.5706093,1.90836276,3.80886873e-16,-3.17911016e-15,-5.49262455e-13,0.0935158942,-0.2,0.0935157222,-1.1398186e-05,1.13945835e-05,1.13945835e-05,2.70422358e-32,3.56189765e-17,6.35822031e-16,-6.71441008e-16,1,-0.000187031788,-0.000144446387
1.188,1.5706093,1.90836276,-6.96784148e-16,-2.96328277e-15,-1.36269623e-12,0.0935158942,-0.2,0.0935157222,-1.1398186e-05,1.13945835e-05,1.13945835e-05,2.36753347e-32,-6.51603927e-17,5.92656553e-16,-5.27496161e-16,1,-0.000187031788,-0.000144446387
1.19,1.5706093,1.90836276,-9.38467722e-16,6.30373281e-16,5.29327551e-13,0.0935158942,-0.2,0.0935157222,-1.1398186e-05,1.13945835e-05,1.13945835e-05,1.50191967e-33,-8.77616482e-17,-1.26074656e-16,2.13836304e-16,1,-0.000187031788,-0.000144446387
1.192,1.5706093,1.90836276,-5.6207527e-16,3.74816894e-15,7.11411731e-13,0.0935158942,-0.2,0.0935157222,-1.1398186e-05,1.13945835e-05,1.13945835e-05,3.76470663e-32,-5.25629715e-17,-7.49633788e-16,8.0219676e-16,1,-0.000187031788,-0.000144446387
1.194,1.5706093,1.90836276,7.55298312e-16,3.03827885e-15,7.5701213e-13,0.0935158942,-0.2,0.0935157222,-1.1398186e-05,1.13945835e-05,1.13945835e-05,2.4918993e-32,7.0632397e-17,-6.07655771e-16,5.37023374e-16,1,-0.000187031788,-0.000144446387
1.196,1.5706093,1.90836276,8.06804647e-16,-1.26322747e-16,-5.26412657e-13,0.0935158942,-0.2,0.0935157222,-1.1398186e-05,1.13945835e-05,1.13945835e-05,3.68927517e-34,7.5449058e-17,2.52645493e-17,-1.00713607e-16,1,-0.000187031788,-0.000144446387
1.198,1.5706093,1.90836276,4.62108402e-16,-2.70845043e-15,-5.87320457e-13,0.0935158942,-0.2,0.0935157222,-1.1398186e-05,1.13945835e-05,1.13945835e-05,1.96821412e-32,4.32144804e-17,5.41690086e-16,-5.84904566e-16,1,-0.000187031788,-0.000144446387
1.2,1.5706093,1.90836276,-3.48125877e-16,-3.64196889e-15,-2.47405139e-12,0.0935158942,-0.2,0.0935157222,-1.1398186e-05,1.13945835e-05,1.13945835e-05,3.54551343e-32,-3.25553026e-17,7.28393779e-16,-6.95838476e-16,1,-0.000187031788,-0.000144446387
1.202,1.5706093,1.90836276,-9.89974058e-16,-3.00544856e-16,3.17766034e-13,0.0935158942,-0.2,0.0935157222,-1.1398186e-05,1.13945835e-05,1.13945835e-05,7.32382534e-34,-9.25783093e-17,6.01089712e-17,3.24693381e-17,1,-0.000187031788,-0.000144446387
1.204,1.5706093,1.90836276,-6.69049967e-16,3.07988413e-15,7.36292833e-13,0.0935158942,-0.2,0.0935157222,-1.1398186e-05,1.13945835e-05,1.13945835e-05,2.55366558e-32,-6.2566806e-17,-6.15976827e-16,6.78543632e-16,1,-0.000187031788,-0.000144446387
1.206,1.5706093,1.90836276,6.64171718e-16,2.661231e-15,8.57767416e-13,0.0935158942,-0.2,0.0935157222,-1.1398186e-05,1.13945835e-05,1.13945835e-05,1.911964e-32,6.21106121e-17,-5.32246201e-16,4.70135589e-16,1,-0.000187031788,-0.000144446387
1.208,1.5706093,1.90836276,7.67184389e-16,-3.03145186e-16,-4.71289126e-13,0.0935158942,-0.2,0.0935157222,-1.1398186e-05,1.13945835e-05,1.13945835e-05,5.40304607e-34,7.17439342e-17,6.06290372e-17,-1.32372971e-16,1,-0.000187031788,-0.000144446387
1.21,1.5706093,1.90836276,4.48241311e-16,-2.79166099e-15,-5.6101559e-13,0.0935158942,-0.2,0.0935157222,-1.1398186e-05,1.13945835e-05,1.13945835e-05,2.08970823e-32,4.19176871e-17,5.58332198e-16,-6.00249885e-16,1,-0.000187031788,-0.000144446387
1.212,1.5706093,1.90836276,-6.35372748e-16,-2.75005571e-15,-1.43354438e-12,0.0935158942,-0.2,0.0935157222,-1.1398186e-05,1.13945835e-05,1.13945835e-05,2.0383491e-32,-5.94174507e-17,5.50011142e-16,-4.90593691e-16,1,-0.000187031788,-0.000144446387
1.214,1.5706093,1.90836276,-9.06771516e-16,7.08383181e-16,4.82418388e-13,0.0935158942,-0.2,0.0935157222,-1.1398186e-05,1.13945835e-05,1.13945835e-05,1.75128184e-33,-8.47975492e-17,-1.41676636e-16,2.26474185e-16,1,-0.000187031788,-0.000144446387
1.216,1.5706093,1.90836276,-5.52170206e-16,3.79757521e-15,4.2544811e-12,0.0935158942,-0.2,0.0935157222,-1.1398186e-05,1.13945835e-05,1.13945835e-05,3.86363563e-32,-5.16366906e-17,-7.59515042e-16,8.11151733e-16,1,-0.000187031788,-0.000144446387
1.218,1.5706093,1.90836276,7.92937557e-16,1.95394125e-15,2.85551837e-13,0.0935158942,-0.2,0.0935157222,-1.1398186e-05,1.13945835e-05,1.13945835e-05,1.05031264e-32,7.41522647e-17,-3.90788249e-16,3.16635985e-16,1,-0.000187031788,-0.000144446387
1.22,1.5706093,1.90836276,6.97848937e-16,-1.01823593e-15,-5.57325986e-13,0.0935158942,-0.2,0.0935157222,-1.1398186e-05,1.13945835e-05,1.13945835e-05,3.01083204e-33,6.52599674e-17,2.03647187e-16,-2.68907154e-16,1,-0.000187031788,-0.000144446387
1.222,1.5706093,1.90836276,3.69000795e-16,-3.27532237e-15,-5.33205044e-13,0.0935158942,-0.2,0.0935157222,-1.1398186e-05,1.13945835e-05,1.13945835e-05,2.86948721e-32,3.45074393e-17,6.55064473e-16,-6.89571913e-16,1,-0.000187031788,-0.000144446387
1.224,1.5706093,1.90836276,-8.37436064e-16,-1.94655374e-15,-6.59305316e-13,0.0935158942,-0.2,0.0935157222,-1.1398186e-05,1.13945835e-05,1.13945835e-05,1.04626072e-32,-7.83135824e-17,3.89310748e-16,-3.10997166e-16,1,-0.000187031788,-0.000144446387
1.226,1.5706093,1.90836276,-8.37436064e-16,1.6028967e-15,6.3488325e-13,0.0935158942,-0.2,0.0935157222,-1.1398186e-05,1.13945835e-05,1.13945835e-05,7.20762856e-33,-7.83135824e-17,-3.2057934e-16,3.98892922e-16,1,-0.000187031788,-0.000144446387
1.228,1.5706093,1.90836276,5.60007561e-17,3.70396333e-15,2.7325694e-12,0.0935158942,-0.2,0.0935157222,-1.1398186e-05,1.13945835e-05,1.13945835e-05,3.66111854e-32,5.23696078e-18,-7.40792666e-16,7.35555705e-16,1,-0.000187031788,-0.000144446387
1.23,1.5706093,1.90836276,8.40481867e-16,1.17644258e-15,-1.26723746e-13,0.0935158942,-0.2,0.0935157222,-1.1398186e-05,1.13945835e-05,1.13945835e-05,4.04736215e-33,7.85984133e-17,-2.35288516e-16,1.56690102e-16,1,-0.000187031788,-0.000144446387
1.232,1.5706093,1.90836276,6.14646395e-16,-1.69952239e-15,-6.05727163e-13,0.0935158942,-0.2,0.0935157222,-1.1398186e-05,1.13945835e-05,1.13945835e-05,7.89694115e-33,5.74792073e-17,3.39904478e-16,-3.97383686e-16,1,-0.000187031788,-0.000144446387
1.234,1.5706093,1.90836276,2.8381724e-16,-3.71737846e-15,-4.0317117e-12,0.0935158942,-0.2,0.0935157222,-1.1398186e-05,1.13945835e-05,1.13945835e-05,3.69156659e-32,2.6541423e-17,7.43475693e-16,-7.70017116e-16,1,-0.000187031788,-0.000144446387
1.236,1.5706093,1.90836276,-9.48372787e-16,-1.04423923e-15,-5.74892813e-14,0.0935158942,-0.2,0.0935157222,-1.1398186e-05,1.13945835e-05,1.13945835e-05,3.36071067e-33,-8.86879292e-17,2.08847847e-16,-1.20159917e-16,1,-0.000187031788,-0.000144446387
1.238,1.5706093,1.90836276,-7.52252509e-16,2.44540361e-15,7.11016111e-13,0.0935158942,-0.2,0.0935157222,-1.1398186e-05,1.13945835e-05,1.13945835e-05,1.62411334e-32,-7.03475661e-17,-4.89080723e-16,5.59428289e-16,1,-0.000187031788,-0.000144446387
1.24,1.5706093,1.90836276,4.56165363e-16,3.31651416e-15,1.62047927e-12,0.0935158942,-0.2,0.0935157222,-1.1398186e-05,1.13945835e-05,1.13945835e-05,2.94554995e-32,4.26587118e-17,-6.63302832e-16,6.20644121e-16,1,-0.000187031788,-0.000144446387
1.242,1.5706093,1.90836276,8.24633763e-16,4.35348532e-16,-3.58782797e-13,0.0935158942,-0.2,0.0935157222,-1.1398186e-05,1.13945835e-05,1.13945835e-05,8.46678518e-34,7.71163638e-17,-8.70697063e-17,9.95334253e-18,1,-0.000187031788,-0.000144446387
1.244,1.5706093,1.90836276,5.33424866e-16,-2.263794e-15,-5.98393806e-13,0.0935158942,-0.2,0.0935157222,-1.1398186e-05,1.13945835e-05,1.13945835e-05,1.38179151e-32,4.98837034e-17,4.527588e-16,-5.02642503e-16,1,-0.000187031788,-0.000144446387
1.246,1.5706093,1.90836276,2.2240584e-16,-4.07362367e-15,-3.98893624e-12,0.0935158942,-0.2,0.0935157222,-1.1398186e-05,1.13945835e-05,1.13945835e-05,4.43064284e-32,2.0798481e-17,8.14724735e-16,-8.35523216e-16,1,-0.000187031788,-0.000144446387
1.248,1.5706093,1.90836276,-9.78087981e-16,-1.27306827e-15,-3.57923417e-14,0.0935158942,-0.2,0.0935157222,-1.1398186e-05,1.13945835e-05,1.13945835e-05,4.80441101e-33,-9.14667721e-17,2.54613655e-16,-1.63146882e-16,1,-0.000187031788,-0.000144446387
1.25,1.5706093,1.90836276,-7.70081625e-16,2.31538712e-15,42.7679657,0.0935158942,0,-0,-1.1398186e-05,1.13945835e-05,1.13945835e-05,1.46030099e-32,-7.20148718e-17,0,2.89715848e-16,1,-0.000187031788,-0.000144446387
1.252,1.5706316,1.90839693,0.014934107,0.0216485316,6.71009829,0.00769529163,0,-0,-6.64901553e-06,6.6469182e-06,6.6469182e-06,1.36241557e-06,0.000114922309,0,3.03320017e-05,1,-0.000164731653,-0.000110273421
1.254,1.57066375,1.90843726,0.0159077347,0.0180050322,-3.70314506,-0.0132517162,0,-0,-1.58935575e-06,1.58885568e-06,1.58885568e-06,9.91936326e-07,-0.000210804786,0,-0.000215555986,1,-0.000132573915,-6.99386115e-05
1.256,1.5706924,1.90846363,0.0132091623,0.0103371948,-5.47608587,-0.0140809296,0,-0,1.00605012e-06,-1.00573417e-06,1.00573417e-06,3.72622472e-07,-0.000185997285,0,-7.64344087e-05,1,-0.000103929764,-4.35678077e-05
1.258,1.57071498,1.90847647,0.0101816062,0.00438030733,-4.75815641,-0.0102327725,0,-0,1.46169665e-06,-1.46123814e-06,1.46123814e-06,1.03172617e-07,-0.00010418606,0,4.44560018e-06,1,-8.13505173e-05,-3.07315887e-05
1.26,1.57073214,1.90848048,0.00770400331,0.000857798899,-3.61217164,-0.00642625851,0,-0,6.58653459e-07,-6.5844699e-07,6.5844699e-07,3.17194666e-08,-4.95079169e-05,0,1.64601539e-05,1,-6.41875161e-05,-2.67213719e-05
1.262,1.57074515,1.90847988,0.00585869098,-0.000813024062,-2.62778795,-0.00370488592,0,-0,-6.78813069e-07,6.78600357e-07,6.78600357e-07,1.89723459e-08,-2.17057817e-05,-0,8.12922885e-06,1,-5.1177138e-05,-2.73250035e-05
1.264,1.57075513,1.90847746,0.00452091408,-0.00133853547,-1.90328946,-0.00200480927,0,-0,-2.09478904e-06,2.09413275e-06,2.09413275e-06,1.50279552e-08,-9.06357045e-06,-0,7.11622396e-07,1,-4.11995223e-05,-2.9739291e-05
1.266,1.57076291,1.90847483,0.00354804698,-0.00125059171,-1.39827024,-0.00102974384,0,-0,-3.34856769e-06,3.34751874e-06,3.34751874e-06,1.04847409e-08,-3.65357953e-06,-0,-2.31664296e-06,1,-3.34209822e-05,-3.23708793e-05
1.268,1.57076907,1.90847276,0.00282791078,-0.000887433651,-1.05050684,-0.000510779703,0,-0,-4.33933279e-06,4.33797361e-06,4.33797361e-06,6.11085593e-09,-1.44443943e-06,-0,-2.5640023e-06,1,-2.72575484e-05,-3.44426276e-05
1.27,1.57077402,1.90847154,0.00228223508,-0.000442708301,-0.808437127,-0.000257982354,0,-0,-5.04673834e-06,5.04515774e-06,5.04515774e-06,3.13432457e-09,-5.88776378e-07,-0,-1.78445562e-06,1,-2.23063861e-05,-3.56644419e-05
1.272,1.57077804,1.90847119,0.00185892302,-1.67384409e-05,-0.635871538,-0.00015106984,0,-0,-5.49169984e-06,5.48998006e-06,5.48998006e-06,1.73321009e-09,-2.80827203e-07,-0,-9.21815754e-07,1,-1.82870905e-05,-3.60097827e-05
1.274,1.57078133,1.90847162,0.0015237364,0.000345502773,-0.509123581,-0.000118700056,0,-0,-5.71291533e-06,5.71112648e-06,5.71112648e-06,1.48256135e-09,-1.80867596e-07,0,-3.07510899e-07,1,-1.49999639e-05,-3.55787614e-05
1.276,1.57078403,1.90847268,0.00125398211,0.000629716195,-0.413150532,-0.000120639837,0,-0,-5.75382871e-06,5.75202726e-06,5.75202726e-06,1.8465188e-09,-1.51280197e-07,0,2.72130016e-08,1,-1.22985414e-05,-3.452011e-05
1.278,1.57078625,1.90847421,0.00103427076,0.000837366862,-0.338468879,-0.000135309018,0,-0,-5.65597139e-06,5.6542008e-06,5.6542008e-06,2.40738627e-09,-1.3994616e-07,0,1.54372399e-07,1,-1.00720895e-05,-3.29897062e-05
1.28,1.57078809,1.90847607,0.000853826765,0.000977132413,-0.279045682,-0.000151853859,0,-0,-5.45598199e-06,5.45427423e-06,5.45427423e-06,2.91331354e-09,-1.29656889e-07,0,1.58113173e-07,1,-8.23455993e-06,-3.11305063e-05
1.282,1.57078961,1.90847814,0.000704829182,0.0010602296,-0.230957517,-0.000165364743,0,-0,-5.18463844e-06,5.18301582e-06,5.18301582e-06,3.2486509e-09,-1.16553897e-07,0,1.03462321e-07,1,-6.71756233e-06,-2.906442e-05
1.284,1.57079086,1.90848031,0.000581398601,0.00109800549,-0.191569542,-0.000174093274,0,-0,-4.86692389e-06,4.86540089e-06,4.86540089e-06,3.38661477e-09,-1.01217586e-07,0,3.17891739e-08,1,-5.46579946e-06,-2.68905058e-05
1.286,1.57079189,1.90848252,0.000478976505,0.00110080525,-0.159042923,-0.000177879224,0,-0,-4.52257285e-06,4.52115777e-06,4.52115777e-06,3.34859267e-09,-8.5199969e-08,0,-3.45149556e-08,1,-4.4340066e-06,-2.46862699e-05
1.288,1.57079274,1.90848469,0.000393939254,0.00107753394,-0.132041636,-0.000177286207,0,-0,-4.1667962e-06,4.16549258e-06,4.16549258e-06,3.17610522e-09,-6.98399962e-08,0,-8.57533269e-08,1,-3.58482012e-06,-2.2510295e-05
1.29,1.57079344,1.9084868,0.000323351744,0.00103557888,-0.10955762,-0.000173142597,0,-0,-3.8110289e-06,3.80983671e-06,3.80983671e-06,2.91414598e-09,-5.59859606e-08,0,-1.19695471e-07,1,-2.88723224e-06,-2.04052565e-05
1.292,1.57079401,1.9084888,0.000264804607,0.000980906064,-0.0908053527,-0.000166309306,0,-0,-3.46362528e-06,3.46254187e-06,3.46254187e-06,2.60269187e-09,-4.40394705e-08,0,-1.37939971e-07,1,-2.31542746e-06,-1.84008542e-05
1.294,1.57079448,1.90849069,0.000216302093,0.000918229499,-0.0751569691,-0.000157571801,0,-0,-3.13047115e-06,3.12949204e-06,3.12949204e-06,2.27336189e-09,-3.40831104e-08,0,-1.4365241e-07,1,-1.84787733e-06,-1.65164504e-05
1.296,1.57079486,1.90849244,0.000176181442,0.000851200303,-0.0621011044,-0.000147598258,0,-0,-2.81550499e-06,2.81462446e-06,2.81462446e-06,1.94897791e-09,-2.60040739e-08,0,-1.40291972e-07,1,-1.46661791e-06,-1.47633371e-05
1.298,1.57079517,1.90849406,0.000143052487,0.000782589326,-0.0512157675,-0.000136931545,0,-0,-2.52115198e-06,2.52036357e-06,2.52036357e-06,1.64455151e-09,-1.95883981e-08,0,-1.30978426e-07,1,-1.15666178e-06,-1.31466321e-05
1.3,1.57079542,1.90849554,0.000115750787,0.000714451568,-0.0421496554,-0.000125997321,0,-0,-2.24867971e-06,2.24797655e-06,2.24797655e-06,1.36881212e-09,-1.45842891e-08,0,-1.18241623e-07,1,-9.05513229e-07,-1.166683e-05
1.302,1.57079562,1.90849688,9.3300233e-05,0.000648268384,-0.0346086811,-0.000115118787,0,-0,-1.99848596e-06,1.99786107e-06,1.99786107e-06,1.1257924e-09,-1.07406097e-08,0,-1.03981105e-07,1,-7.02764756e-07,-1.0321053e-05
1.304,1.57079579,1.9084981,7.48825833e-05,0.000585067402,-0.0283458421,-0.000104533198,0,-0,-1.77032909e-06,1.76977557e-06,1.76977557e-06,9.16237723e-10,-7.8277159e-09,0,-8.95284684e-08,1,-5.39759437e-07,-9.10404497e-06
1.306,1.57079592,1.90849919,5.98122857e-05,0.000525521887,-0.0231533199,-9.44077352e-05,0,-0,-1.56351062e-06,1.56302179e-06,1.56302179e-06,7.38752706e-10,-5.64674244e-09,0,-7.57497782e-08,1,-4.09307387e-07,-8.00895133e-06
1.308,1.57079602,1.90850017,4.75154631e-05,0.000470032007,-0.0188561443,-8.48537e-05,0,-0,-1.37701843e-06,1.37658792e-06,1.37658792e-06,5.90676481e-10,-4.03186285e-09,0,-6.31540318e-08,1,-3.05447231e-07,-7.0279238e-06
1.31,1.5707961,1.90850105,3.75122647e-05,0.000418790596,-0.0153070046,-7.59386785e-05,0,-0,-1.20963787e-06,1.2092597e-06,1.2092597e-06,4.68716014e-10,-2.84863181e-09,0,-5.19911389e-08,1,-2.2324529e-07,-6.15258215e-06
1.312,1.57079617,1.90850183,2.94019905e-05,0.000371835899,-0.0123819399,-6.76966943e-05,0,-0,-1.06003698e-06,1.0597056e-06,1.0597056e-06,3.69380772e-10,-1.99041756e-09,0,-4.23329669e-08,1,-1.58626516e-07,-5.37436104e-06
1.314,1.57079622,1.90850252,2.2850526e-05,0.000329093492,-0.00997672554,-6.01365172e-05,0,-0,-9.26830854e-07,9.2654112e-07,9.2654112e-07,2.8926346e-10,-1.37415105e-09,0,-3.41364499e-08,1,-1.08232225e-07,-4.68476527e-06
1.316,1.57079626,1.90850313,1.75797211e-05,0.000290409329,-0.00800382292,-5.32483622e-05,0,-0,-8.08629329e-07,8.08376552e-07,8.08376552e-07,2.25206958e-10,-9.36091355e-10,0,-2.729041e-08,1,-6.93004861e-08,-4.07555258e-06
1.318,1.57079629,1.90850366,1.33584094e-05,0.00025557553,-0.00638979867,-4.70092227e-05,0,-0,-7.0407163e-07,7.03851542e-07,7.03851542e-07,1.74390642e-10,-6.27968442e-10,0,-2.16487871e-08,1,-3.95656486e-08,-3.53885964e-06
1.32,1.57079631,1.90850413,9.99481918e-06,0.000224350304,-0.00507313461,-4.13870637e-05,0,-0,-6.1185062e-07,6.11659364e-07,6.11659364e-07,1.34362173e-10,-4.13656218e-10,0,-1.70531562e-08,1,-1.71740644e-08,-3.06728395e-06
1.322,1.57079633,1.90850455,7.33016402e-06,0.000196473152,-0.0040023689,-3.63440807e-05,0,-0,-5.3072904e-07,5.30563144e-07,5.30563144e-07,1.03034286e-10,-2.66408073e-10,0,-1.33471665e-08,1,-6.1347881e-10,-2.65393207e-06
1.324,1.57079634,1.90850491,5.23323576e-06,0.00017167628,-0.00313451807,-3.18391976e-05,0,-0,-4.59549552e-07,4.59405908e-07,4.59405908e-07,7.86607682e-11,-1.66622028e-10,0,-1.03851175e-08,1,1.13460377e-08,-2.29244219e-06
1.326,1.57079635,1.90850523,3.59584768e-06,0.000149693022,-0.00243373792,-2.7829952e-05,0,-0,-3.97240091e-07,3.97115925e-07,3.97115925e-07,5.98014858e-11,-1.00072268e-10,0,-8.03644228e-09,1,1.97014271e-08,-1.97698778e-06
1.328,1.57079635,1.9085055,2.32899923e-06,0.000130263883,-0.00187018822,-2.42738908e-05,0,-0,-3.42815679e-07,3.42708525e-07,3.42708525e-07,4.52830744e-11,-5.65338729e-11,0,-6.18744513e-09,1,2.52577892e-08,-1.70226748e-06
1.33,1.57079636,1.90850574,1.35965221e-06,0.000113140734,-0.00141907092,-2.11295793e-05,0,-0,-2.95377663e-07,2.95285338e-07,2.95285338e-07,3.41595033e-11,-2.87288791e-11,0,-4.74129114e-09,1,2.86626366e-08,-1.46348524e-06
1.332,1.57079636,1.90850595,6.2802478e-07,9.80895621e-05,-0.00105981637,-1.8357305e-05,0,-0,-2.54111105e-07,2.54031679e-07,2.54031679e-07,2.56750157e-11,-1.15288424e-11,0,-3.61695776e-09,1,3.04343622e-08,-1.25632396e-06
1.334,1.57079636,1.90850613,8.53234561e-08,8.48921255e-05,-0.000775395632,-1.59195446e-05,0,-0,-2.18280898e-07,2.18212672e-07,2.18212672e-07,1.92307703e-11,-1.35831056e-12,0,-2.74763927e-09,1,3.09858545e-08,-1.07691504e-06
1.336,1.57079636,1.90850628,-3.08155029e-07,7.3346763e-05,-0.000551739933,-1.37812491e-05,0,-0,-1.87227064e-07,1.87168544e-07,1.87168544e-07,1.43557249e-11,4.24676122e-12,0,-2.0789297e-09,1,3.06440485e-08,-9.21805705e-07
1.338,1.57079636,1.90850641,-5.8460969e-07,6.32685872e-05,-0.00037725136,-1.1909991e-05,0,-0,-1.60359565e-07,1.60309443e-07,1.60309443e-07,1.06818142e-11,6.96269612e-12,0,-1.56699054e-09,1,2.96660788e-08,-7.87925523e-07
1.34,1.57079636,1.90850653,-7.70058332e-07,5.44892222e-05,-0.000242391043,-1.02760068e-05,0,-0,-1.37152894e-07,1.37110026e-07,1.37110026e-07,7.92317586e-12,7.91312464e-12,0,-1.17682524e-09,1,2.82525969e-08,-6.72553136e-07
1.342,1.57079635,1.90850663,-8.85439364e-07,4.68562205e-05,-0.000139332865,-8.85216545e-06,0,-0,-1.17140633e-07,1.1710402e-07,1.1710402e-07,5.85902604e-12,7.83805575e-12,0,-8.80724959e-10,1,2.65587245e-08,-5.73283912e-07
1.344,1.57079635,1.90850671,-9.47527734e-07,4.02322619e-05,-6.1672927e-05,-7.61388198e-06,0,-0,-9.99101157e-08,9.98788883e-08,9.98788883e-08,4.3197234e-12,7.21436434e-12,0,-6.56912112e-10,1,2.47030413e-08,-4.87999068e-07
1.346,1.57079635,1.90850679,-9.69694973e-07,3.44942151e-05,-4.18596008e-06,-6.53899456e-06,0,-0,-8.50972945e-08,8.50706969e-08,8.50706969e-08,3.17554883e-12,6.34083016e-12,0,-4.88384488e-10,1,2.27749389e-08,-4.14836571e-07
1.348,1.57079635,1.90850685,-9.62538616e-07,2.9532122e-05,3.73784109e-05,-5.60761825e-06,0,-0,-7.23818818e-08,7.23592585e-08,7.23592585e-08,2.32775763e-12,5.39754911e-12,0,-3.61948585e-10,1,2.08406227e-08,-3.52164023e-07
1.35,1.57079635,1.9085069,-9.34402413e-07,2.52481503e-05,6.64659824e-05,-4.80198491e-06,0,-0,-6.14827966e-08,6.14635799e-08,6.14635799e-08,1.70150276e-12,4.48698628e-12,0,-2.67423495e-10,1,1.89479939e-08,-2.98553618e-07
1.352,1.57079634,1.90850695,-8.91805342e-07,2.15555497e-05,8.58599468e-05,-4.10627736e-06,0,-0,-5.21539462e-08,5.21376454e-08,5.21376454e-08,1.24027968e-12,3.66200009e-12,0,-1.96993569e-10,1,1.71306081e-08,-2.52759204e-07
1.354,1.57079634,1.90850699,-8.397946e-07,1.8377633e-05,9.77991681e-05,-3.50646316e-06,0,-0,-4.41803488e-08,4.416654e-08,4.416654e-08,9.01594563e-13,2.94470883e-12,0,-1.4468778e-10,1,1.54108723e-08,-2.1369539e-07
1.356,1.57079634,1.90850702,-7.82235344e-07,1.56468024e-05,0.000104076412,-2.99013207e-06,0,-0,-3.73745927e-08,3.73629113e-08,3.73629113e-08,6.53607256e-13,2.33898699e-12,0,-1.05964936e-10,1,1.38026176e-08,-1.80418654e-07
1.358,1.57079634,1.90850705,-7.22047888e-07,1.33036292e-05,0.000106119937,-2.54634015e-06,0,-0,-3.15736267e-08,3.15637583e-08,3.15637583e-08,4.72544087e-13,1.83857953e-12,0,-7.73859672e-11,1,1.23131592e-08,-1.52110317e-07
1.36,1.57079634,1.90850707,-6.61401342e-07,1.12959954e-05,0.000105060974,-2.16546231e-06,0,-0,-2.66358611e-08,2.6627536e-08,2.6627536e-08,3.40714363e-13,1.43223968e-12,0,-5.63569352e-11,1,1.0944938e-08,-1.28061289e-07
1.362,1.57079634,1.90850709,-6.01871206e-07,9.5783006e-06,0.000101789496,-1.83905446e-06,0,-0,-2.24385661e-08,2.24315529e-08,2.24315529e-08,2.44996999e-13,1.10687392e-12,0,-4.09288397e-11,1,9.69682097e-09,-1.07658453e-07
1.364,1.57079634,1.90850711,-5.4456722e-07,8.11073318e-06,9.70002607e-05,-1.55972584e-06,0,-0,-1.88755449e-08,1.88696453e-08,1.88696453e-08,1.75691069e-13,8.49375568e-13,0,-2.96426308e-11,1,8.56512389e-09,-9.03725446e-08
1.366,1.57079633,1.90850713,-4.90236686e-07,6.85860759e-06,9.12306039e-05,-1.32102196e-06,0,-0,-1.58550598e-08,1.58501042e-08,1.58501042e-08,1.25646491e-13,6.47613428e-13,0,-2.14098815e-11,1,7.54441078e-09,-7.57474195e-08
1.368,1.57079633,1.90850714,-4.39347652e-07,5.79176334e-06,8.48914879e-05,-1.11731758e-06,0,-0,-1.32979923e-08,1.3293836e-08,1.3293836e-08,8.96092142e-14,4.90890856e-13,0,-1.54213937e-11,1,6.62811168e-09,-6.33905573e-08
1.37,1.57079633,1.90850715,-3.92155567e-07,4.88402376e-06,7.82929496e-05,-9.43719946e-07,0,-0,-1.11362144e-08,1.11327338e-08,1.11327338e-08,6.37298721e-14,3.7008503e-13,0,-1.10775361e-11,1,5.80899556e-09,-5.29646992e-08
1.372,1.57079633,1.90850716,-3.48756441e-07,4.11271038e-06,7.16647776e-05,-7.95981381e-07,0,-0,-9.31115158e-09,9.30824134e-09,9.30824134e-09,4.51964568e-14,2.77603634e-13,0,-7.93538373e-12,1,5.07952717e-09,-4.41804952e-08
1.374,1.57079633,1.90850717,-3.09128997e-07,3.45820929e-06,6.51734468e-05,-6.70420865e-07,0,-0,-7.7725177e-09,7.77008835e-09,7.77008835e-09,3.19606667e-14,2.0724653e-13,0,-5.6687793e-12,1,4.4321317e-09,-3.67900577e-08
1.376,1.57079633,1.90850717,-2.73167858e-07,2.90358513e-06,5.89357484e-05,-5.63853993e-07,0,-0,-6.47720575e-09,6.47518122e-09,6.47518122e-09,2.25347376e-14,1.54026788e-13,0,-4.03827791e-12,1,3.85938657e-09,-3.05813218e-08
1.378,1.57079633,1.90850718,-2.4070951e-07,2.43423877e-06,5.30298776e-05,-4.73530551e-07,0,-0,-5.38831526e-09,5.38663114e-09,5.38663114e-09,1.5841097e-14,1.13983307e-13,0,-2.86861639e-12,1,3.3541562e-09,-2.53731229e-08
1.38,1.57079633,1.90850718,-2.11552408e-07,2.03760459e-06,4.75043204e-05,-3.97079127e-07,0,-0,-4.47430382e-09,4.47290538e-09,4.47290538e-09,1.11014642e-14,8.40030453e-14,0,-2.03188512e-12,1,2.90968233e-09,-2.10109084e-08
1.382,1.57079633,1.90850718,-1.8547238e-07,1.70288371e-06,4.23849579e-05,-3.32458173e-07,0,-0,-3.70824611e-09,3.70708708e-09,3.70708708e-09,7.75530059e-15,6.16618086e-14,0,-1.43500363e-12,1,2.51964015e-09,-1.73630093e-08
1.384,1.57079633,1.90850719,-1.62234294e-07,1.42080925e-06,3.76807737e-05,-2.7791276e-07,0,-0,-3.06718984e-09,3.06623116e-09,3.06623116e-09,5.40002628e-15,4.50869805e-14,0,-1.01043061e-12,1,2.17816846e-09,-1.43174051e-08
1.386,1.57079633,1.90850719,-1.41600715e-07,1.18344055e-06,3.33883264e-05,-2.31936615e-07,0,-0,-2.53159635e-09,2.53080501e-09,2.53080501e-09,3.74732418e-15,3.28423904e-14,0,-7.09295912e-13,1,1.87988038e-09,-1.17789213e-08
1.388,1.57079633,1.90850719,-1.23338223e-07,9.83983101e-07,2.94953173e-05,-1.93238723e-07,0,-0,-2.08485527e-09,2.08420364e-09,2.08420364e-09,2.59129681e-15,2.38337207e-14,0,-4.96339246e-13,1,1.61985968e-09,-9.66680569e-09
1.39,1.57079633,1.90850719,-1.07221859e-07,8.16631216e-07,2.59833411e-05,-1.60714192e-07,0,-0,-1.71286523e-09,1.71232989e-09,1.71232989e-09,1.78532829e-15,1.72320744e-14,0,-3.46192099e-13,1,1.39364697e-09,-7.9126361e-09
1.392,1.57079633,1.9085072,-9.30381392e-08,6.76431036e-07,2.2830026e-05,-1.33418725e-07,0,-0,-1.40367087e-09,1.40323209e-09,1.40323209e-09,1.22532053e-15,1.241303e-14,0,-2.40654531e-13,1,1.19721884e-09,-6.45851703e-09
1.394,1.57079633,1.9085072,-8.05869515e-08,5.59161343e-07,2.00106601e-05,-1.10546406e-07,0,-0,-1.14715006e-09,1.14679155e-09,1.14679155e-09,8.37582439e-16,8.90859783e-15,0,-1.66706791e-13,1,1.02696233e-09,-5.25552758e-09
1.396,1.57079633,1.9085072,-6.9682604e-08,4.61230123e-07,1.74994758e-05,-9.14103672e-08,0,-0,-9.34744726e-10,9.34452515e-10,9.34452515e-10,5.70105912e-16,6.36971242e-15,0,-1.15061815e-13,1,8.79646775e-10,-4.26238773e-09
1.398,1.57079633,1.9085072,-6.015424e-08,3.79584924e-07,1.52704991e-05,-7.54260023e-08,0,-0,-7.59228946e-10,7.58991703e-10,7.58991703e-10,3.8629941e-16,4.53719384e-15,0,-7.9114328e-14,1,7.52394404e-10,-3.44431401e-09
1.4,1.57079633,1.9085072,-5.18457806e-08,3.11635339e-07,1.32982921e-05,-6.20964131e-08,0,-0,-6.14510443e-10,6.14318374e-10,6.14318374e-10,2.6049999e-16,3.21943701e-15,0,-5.41804232e-14,1,6.42650632e-10,-2.77203907e-09
1.402,1.57079633,1.9085072,-4.46155314e-08,2.55186052e-07,1.15583605e-05,-5.09998283e-08,0,-0,-4.95459673e-10,4.95304797e-10,4.95304797e-10,1.74768298e-16,2.27538444e-15,0,-3.69486442e-14,1,5.48154971e-10,-2.22097281e-09
1.404,1.57079633,1.9085072,-3.8335554e-08,2.08379116e-07,1.00274917e-05,-4.17787384e-08,0,-0,-3.97764266e-10,3.97639921e-10,3.97639921e-10,1.16606567e-16,1.60161108e-15,0,-2.50850782e-14,1,4.66913017e-10,-1.77048568e-09
1.406,1.57079633,1.9085072,-3.28908866e-08,1.69644276e-07,8.68395552e-06,-3.41305117e-08,0,-0,-3.17804005e-10,3.1770464e-10,3.1770464e-10,7.73386489e-17,1.12258279e-15,0,-1.6949985e-14,1,3.97169889e-10,-1.40329723e-09
1.408,1.57079633,1.9085072,-2.81786728e-08,1.37656259e-07,7.50761049e-06,-2.77993148e-08,0,-0,-2.52544341e-10,2.52465382e-10,2.52465382e-10,5.09635213e-17,7.83347797e-16,0,-1.13950772e-14,1,3.37385358e-10,-1.10495511e-09
1.41,1.57079633,1.9085072,-2.41072412e-08,1.11298135e-07,6.47993593e-06,-2.25691841e-08,0,-0,-1.9944566e-10,1.99383343e-10,1.99383343e-10,3.33463944e-17,5.44080766e-16,0,-7.61893038e-15,1,2.86210781e-10,-8.63391798e-10
1.412,1.57079633,1.9085072,-2.05951736e-08,8.96298958e-08,5.58402311e-06,-1.82580805e-08,0,-0,-1.56385926e-10,1.56337054e-10,1.56337054e-10,2.16498288e-17,3.76028337e-16,0,-5.06415816e-15,1,2.42467897e-10,-6.68547935e-10
1.414,1.57079633,1.9085072,-1.75703952e-08,7.18615874e-08,4.80453186e-06,-1.47127543e-08,0,-0,-1.21594912e-10,1.21556876e-10,1.21556876e-10,1.39349722e-17,2.58508906e-16,0,-3.34450306e-15,1,2.0512946e-10,-5.12052747e-10
1.416,1.57079633,1.9085072,-1.49692882e-08,5.73303429e-08,4.12762046e-06,-1.18043936e-08,0,-0,-9.35983291e-11,9.35690414e-11,9.35690414e-11,8.88297372e-18,1.76703371e-16,0,-2.19331478e-15,1,1.73301669e-10,-3.8695319e-10
1.418,1.57079633,1.9085072,-1.27358543e-08,4.5480783e-08,3.54085137e-06,-9.42488231e-09,0,-0,-7.1170847e-11,7.11485315e-11,7.11485315e-11,5.60104759e-18,1.20033928e-16,0,-1.42724403e-15,1,1.46208307e-10,-2.87484774e-10
1.42,1.57079633,1.9085072,-1.08209258e-08,3.58483145e-08,3.03311071e-06,-7.48361843e-09,0,-0,-5.32954569e-11,5.32787148e-11,5.32787148e-11,3.48795521e-18,8.09796801e-17,0,-9.20751145e-16,1,1.23176495e-10,-2.08877879e-10
1.422,1.57079633,1.9085072,-9.18143736e-09,2.80449134e-08,2.59448823e-06,-5.90479026e-09,0,-0,-3.91301214e-11,3.91178201e-11,3.91178201e-11,2.14105804e-18,5.42144619e-17,0,-5.88258992e-16,1,1.03623954e-10,-1.47194317e-10
1.424,1.57079633,1.9085072,-7.7797523e-09,2.17470494e-08,2.21618701e-06,-4.62506232e-09,0,-0,-2.79788637e-11,2.79701817e-11,2.79701817e-11,1.29235302e-18,3.59818393e-17,0,-3.71709408e-16,1,8.70476477e-11,-9.91895936e-11
1.426,1.57079633,1.9085072,-6.58304549e-09,1.66854263e-08,1.89043668e-06,-3.59162619e-09,0,-0,-1.92678762e-11,1.92617589e-11,1.92617589e-11,7.64637079e-19,2.36438386e-17,0,-2.31915266e-16,1,7.30137073e-11,-6.21970059e-11
1.428,1.57079633,1.9085072,-5.56275197e-09,1.26362963e-08,1.61034616e-06,-2.76049423e-09,0,-0,-1.252487e-11,1.25209287e-11,1.25209287e-11,4.4160392e-19,1.53559447e-17,0,-1.4256823e-16,1,6.11485082e-11,-3.40302683e-11
1.43,1.57079633,1.9085072,-4.69405479e-09,9.41411238e-09,1.36988935e-06,-2.09512237e-09,0,-0,-7.36228856e-12,7.35994599e-12,7.35994599e-12,2.47541046e-19,9.83461919e-18,0,-8.6115057e-17,1,5.11307926e-11,-1.29017774e-11
1.432,1.57079633,1.9085072,-3.95543618e-09,6.86529917e-09,1.16375414e-06,-1.56519325e-09,0,-0,-3.46283002e-12,3.4617309e-12,3.4617309e-12,1.33614918e-19,6.191022e-18,0,-5.09178427e-17,1,4.26847483e-11,2.64582784e-12
1.434,1.57079633,1.9085072,-3.32827076e-09,4.8630131e-09,9.87289789e-07,-1.14560726e-09,0,-0,-5.67590419e-13,5.67434988e-13,5.67434988e-13,6.86599393e-20,3.81289115e-18,0,-2.9316753e-17,1,3.55739221e-11,1.37969256e-11
1.436,1.57079633,1.9085072,-2.79646536e-09,3.30272221e-09,8.3644661e-07,-8.15619613e-10,0,-0,1.53419499e-12,-1.53374535e-12,1.53374535e-12,3.30282315e-20,2.280852e-18,0,-1.63106084e-17,1,2.95958929e-11,2.15107286e-11
1.438,1.57079633,1.9085072,-2.34613477e-09,2.09847835e-09,7.07682735e-07,-5.58135836e-10,0,-0,3.01363379e-12,-3.0127012e-12,3.0127012e-12,1.45104952e-20,1.30946189e-18,0,-8.66335228e-18,1,2.45776194e-11,2.65611481e-11
1.44,1.57079633,1.9085072,-1.96531871e-09,1.17978672e-09,5.97916063e-07,-3.59098086e-10,0,-0,4.0087933e-12,-4.00757205e-12,4.00757205e-12,5.65068311e-21,7.05742188e-19,0,-4.30261871e-18,1,2.03713833e-11,2.95699631e-11
1.442,1.57079633,1.9085072,-1.64373294e-09,4.8898788e-10,5.04469812e-07,-2.06962334e-10,0,-0,4.63082905e-12,-4.62946348e-12,4.62946348e-12,1.99263129e-21,3.40190806e-19,0,-1.91701679e-18,1,1.68512541e-11,3.10343814e-11
1.444,1.57079633,1.9085072,-1.37254471e-09,-2.09461177e-11,4.25026364e-07,-9.22880576e-11,0,-0,4.96900299e-12,-4.96749863e-12,4.96749863e-12,9.4565349e-22,1.26669485e-19,-0,-6.88388528e-19,1,1.39100232e-11,3.13498959e-11
1.446,1.57079633,1.9085072,-1.14417965e-09,-3.88252991e-10,3.57581761e-07,-7.37447716e-12,0,-0,5.09436937e-12,-5.0927873e-12,5.0927873e-12,1.05858658e-21,8.4377267e-21,-0,-1.14861371e-19,1,1.14565455e-11,3.08291949e-11
1.448,1.57079633,1.9085072,-9.52153478e-10,-6.43919299e-10,3.00401052e-07,5.40482263e-11,0,-0,5.0631499e-12,-5.06161779e-12,5.06161779e-12,1.56095387e-21,-5.14622067e-20,-0,1.05013907e-19,1,9.41343833e-12,2.97177722e-11
1.45,1.57079633,1.9085072,-7.90921723e-10,-8.12958343e-10,2.51987641e-07,9.70630233e-11,0,-0,4.9197979e-12,-4.91831575e-12,4.91831575e-12,2.07721609e-21,-7.67692537e-20,-0,1.47451179e-19,1,7.71509119e-12,2.82067976e-11
1.452,1.57079633,1.9085072,-6.55749269e-10,-9.1547991e-10,2.11049774e-07,1.25770722e-10,0,-0,4.69899675e-12,-4.69752015e-12,4.69752015e-12,2.45203522e-21,-8.24740592e-20,-0,1.11776569e-19,1,6.30595125e-12,2.64436971e-11
1.454,1.57079633,1.9085072,-5.42599757e-10,-9.67575999e-10,1.76489125e-07,1.43475753e-10,0,-0,4.42752501e-12,-4.4262094e-12,4.4262094e-12,2.64583204e-21,-7.78499087e-20,-0,5.1124766e-20,1,5.13904607e-12,2.45408243e-11
1.456,1.57079633,1.9085072,-4.48035805e-10,-9.82057452e-10,1.4734161e-07,1.52822301e-10,0,-0,4.12603285e-12,-4.12475609e-12,4.12475609e-12,2.67420659e-21,-6.84698626e-20,-0,-8.39743616e-21,1,4.17471344e-12,2.25825542e-11
1.458,1.57079633,1.9085072,-3.69134393e-10,-9.69060848e-10,1.22808965e-07,1.55917031e-10,0,-0,3.81010778e-12,-3.80898091e-12,3.80898091e-12,2.57421487e-21,-5.75543385e-20,-0,-5.58253522e-20,1,3.37950987e-12,2.06310707e-11
1.46,1.57079633,1.9085072,-3.03412293e-10,-9.36558853e-10,1.02175173e-07,1.54422156e-10,0,-0,3.49134055e-12,-3.49023588e-12,3.49023588e-12,2.38677927e-21,-4.68535805e-20,-0,-8.83212601e-20,1,2.72527862e-12,1.87310597e-11
1.462,1.57079633,1.9085072,-2.48767259e-10,-8.90760544e-10,8.48600405e-08,1.49664873e-10,0,-0,3.17808002e-12,-3.17706972e-12,3.17706972e-12,2.14833259e-21,-3.72317203e-20,-0,-1.06946077e-19,1,2.18834284e-12,1.69135236e-11
1.464,1.57079633,1.9085072,-2.03413927e-10,-8.36466551e-10,7.03381592e-08,1.4265623e-10,0,-0,2.87618818e-12,-2.87528334e-12,2.87528334e-12,1.88780733e-21,-2.9018264e-20,-0,-1.14350517e-19,1,1.74882681e-12,1.51988582e-11
1.466,1.57079633,1.9085072,-1.65846633e-10,-7.77339095e-10,5.81903375e-08,1.34199022e-10,0,-0,2.58983945e-12,-2.58904009e-12,2.58904009e-12,1.62622686e-21,-2.22564561e-20,-0,-1.13512045e-19,1,1.39006829e-12,1.35993185e-11
1.468,1.57079633,1.9085072,-1.34791643e-10,-7.16135941e-10,4.80406114e-08,1.24897397e-10,0,-0,2.32147634e-12,-2.32078246e-12,2.32078246e-12,1.37763388e-21,-1.68351254e-20,-0,-1.07162678e-19,1,1.09812164e-12,1.2120998e-11
1.47,1.57079633,1.9085072,-1.09174053e-10,-6.54899193e-10,3.95688778e-08,1.15202792e-10,0,-0,2.07251993e-12,-2.07187045e-12,2.07187045e-12,1.15046212e-21,-1.25771558e-20,-0,-9.75308075e-20,1,8.6133495e-13,1.07653963e-11
1.472,1.57079633,1.9085072,-8.80916239e-11,-5.95097071e-10,3.25171089e-08,1.05465642e-10,0,-0,1.84345872e-12,-1.84288695e-12,1.84288695e-12,9.48902726e-22,-9.29063969e-21,-0,-8.63057665e-20,1,6.69984954e-13,9.53066618e-12
1.474,1.57079633,1.9085072,-7.07817922e-11,-5.3775861e-10,2.6655232e-08,9.59212013e-11,0,-0,1.63424829e-12,-1.63377645e-12,1.63377645e-12,7.74190521e-22,-6.78947454e-21,-0,-7.46756437e-20,1,5.15975519e-13,8.41259217e-12
1.476,1.57079633,1.9085072,-5.66067551e-11,-4.83567006e-10,2.17865254e-08,8.67458187e-11,0,-0,1.44435575e-12,-1.44390055e-12,1.44390055e-12,6.2559286e-22,-4.91039931e-21,-0,-6.34406646e-20,1,3.92575914e-13,7.40534535e-12
1.478,1.57079633,1.9085072,-4.50321306e-11,-4.32936669e-10,1.77603533e-08,7.80610482e-11,0,-0,1.2728929e-12,-1.27253763e-12,1.27253763e-12,5.0117849e-22,-3.51525532e-21,-0,-5.30711012e-20,1,2.9419921e-13,6.50207765e-12
1.48,1.57079633,1.9085072,-3.56081179e-11,-3.86085486e-10,1.44262575e-08,6.99305894e-11,0,-0,1.11883836e-12,-1.11849419e-12,1.11849419e-12,3.98402665e-22,-2.49009667e-21,-0,-4.38198846e-20,1,2.1622e-13,5.69536734e-12
1.482,1.57079633,1.9085072,-2.79611765e-11,-3.43076054e-10,1.16783464e-08,6.23991703e-11,0,-0,9.81037473e-13,-9.80687753e-13,9.80687753e-13,3.14473642e-22,-1.74475421e-21,-0,-3.57719928e-20,1,1.54813424e-13,4.9775582e-12
1.484,1.57079633,1.9085072,-2.17782178e-11,-3.03864281e-10,9.4207604e-09,5.54779899e-11,0,-0,8.58157989e-13,-8.57924842e-13,8.57924842e-13,2.46626656e-22,-1.20821175e-21,-0,-2.89097683e-20,1,1.06826198e-13,4.34100706e-12
1.486,1.57079633,1.9085072,-1.67987553e-11,-2.6832815e-10,7.56778028e-09,4.91618607e-11,0,-0,7.49089679e-13,-7.48900941e-13,7.48900941e-13,1.92271069e-22,-8.25858068e-22,-0,-2.31575266e-20,1,6.96638318e-14,3.77826055e-12
1.488,1.57079633,1.9085072,-1.28058538e-11,-2.36292284e-10,6.05006559e-09,4.34309384e-11,0,-0,6.52544685e-13,-6.52394805e-13,6.52394805e-13,1.490735e-22,-5.56170246e-22,-0,-1.84023335e-20,1,4.1196661e-14,3.28218022e-12
1.49,1.57079633,1.9085072,-9.61961606e-12,-2.07547445e-10,4.8087424e-09,3.82573899e-11,0,-0,5.67323966e-13,-5.67212943e-13,5.67212943e-13,1.14993109e-22,-3.68021402e-22,-0,-1.45185361e-20,1,1.96813809e-14,2.84602342e-12
1.492,1.57079633,1.9085072,-7.09247078e-12,-1.81861733e-10,3.79687979e-09,3.36155544e-11,0,-0,4.92361707e-13,-4.92189622e-13,4.92189622e-13,8.8281259e-23,-2.38417337e-22,-0,-1.13814819e-20,1,3.69359898e-15,2.46349489e-12
1.494,1.57079633,1.9085072,-5.10124586e-12,-1.58991754e-10,2.98451598e-09,2.94699965e-11,0,-0,4.26503277e-13,-4.26408908e-13,4.26408908e-13,6.74675554e-23,-1.50333698e-22,-0,-8.86740802e-21,1,-7.9275344e-15,2.12878031e-12
1.496,1.57079633,1.9085072,-3.54229998e-12,-1.38701857e-10,2.31794114e-09,2.57716293e-11,0,-0,3.68816089e-13,-3.68677311e-13,3.68677311e-13,5.13428003e-23,-9.12908422e-23,-0,-6.87181481e-21,1,-1.61202588e-14,1.83654348e-12
1.498,1.57079633,1.9085072,-2.33384788e-12,-1.20754348e-10,1.78975098e-09,2.24920819e-11,0,-0,3.18367555e-13,-3.18328697e-13,3.18328697e-13,3.89132782e-23,-5.24930978e-23,-0,-5.29650557e-21,1,-2.16456851e-14,1.58192263e-12
1.5,1.57079633,1.9085072,-1.4056798e-12,-1.04928282e-10,1.3620542e-09,1.95852883e-11,0,-0,2.74447132e-13,-2.74391621e-13,2.74391621e-13,2.93806601e-23,-2.7530644e-23,-0,-4.06268224e-21,1,-2.51137786e-14,1.36051084e-12
1.502,1.57079633,1.9085072,-7.02952452e-13,-9.10099033e-11,1.01913854e-09,1.70223664e-11,0,-0,2.36211051e-13,-2.36116682e-13,2.36116682e-13,2.21026301e-23,-1.19659142e-23,-0,-3.10285722e-21,1,-2.70152083e-14,1.1683341e-12
1.504,1.57079633,1.9085072,-1.79595542e-13,-7.87970255e-11,7.49952539e-10,1.476928e-11,0,-0,2.02948769e-13,-2.02893258e-13,2.02893258e-13,1.65684489e-23,-2.65249685e-24,-0,-2.35951541e-21,1,-2.77426047e-14,1.00183248e-12
1.506,1.57079633,1.9085072,2.02177092e-13,-6.81070041e-11,5.3951241e-10,1.27917061e-11,0,-0,1.7408297e-13,-1.74110726e-13,1.74110726e-13,1.23778739e-23,2.58618993e-24,-0,-1.78676769e-21,1,-2.76051831e-14,8.57825322e-13
1.508,1.57079633,1.9085072,4.72965524e-13,-5.8771872e-11,3.7334792e-10,1.10585115e-11,0,-0,1.49169566e-13,-1.49186219e-13,1.49186219e-13,9.21735077e-24,5.23029471e-24,-0,-1.34788433e-21,1,-2.68466783e-14,7.33479144e-13
1.51,1.57079633,1.9085072,6.56974859e-13,-5.06357439e-11,2.44662043e-10,9.54454778e-12,0,-0,1.27675648e-13,-1.27647892e-13,1.27647892e-13,6.84210771e-24,6.27052793e-24,-0,-1.01307724e-21,1,-2.56588442e-14,6.26281523e-13
1.512,1.57079633,1.9085072,7.73681578e-13,-4.35586438e-11,1.44146464e-10,8.22640737e-12,0,-0,1.09023901e-13,-1.09023901e-13,1.09023901e-13,5.06332987e-24,6.36461983e-24,-0,-7.59084608e-22,1,-2.41896305e-14,5.34011214e-13
1.514,1.57079633,1.9085072,8.40134075e-13,-3.74148192e-11,6.9350446e-11,7.07555641e-12,0,-0,9.30810984e-14,-9.30366895e-14,9.30366895e-14,3.73585682e-24,5.94441604e-24,-0,-5.66451804e-22,1,-2.25524536e-14,4.54710829e-13
1.516,1.57079633,1.9085072,8.67221236e-13,-3.20903289e-11,1.47155503e-11,6.08050186e-12,0,-0,7.9225515e-14,-7.9269924e-14,7.9269924e-14,2.74833523e-24,5.27314034e-24,-0,-4.21525531e-22,1,-2.08332161e-14,3.86656362e-13
1.518,1.57079633,1.9085072,8.65972135e-13,-2.74830671e-11,-2.28840938e-11,5.21830451e-12,0,-0,6.7457151e-14,-6.74738043e-14,6.74738043e-14,2.01591948e-24,4.5189063e-24,-0,-3.12582077e-22,1,-1.90963304e-14,3.28339264e-13
1.52,1.57079633,1.9085072,8.44557696e-13,-2.35028967e-11,-5.37785288e-11,4.4713312e-12,0,-0,5.7331917e-14,-5.72875081e-14,5.72875081e-14,1.47438164e-24,3.77629718e-24,-0,-2.31266687e-22,1,-1.73882394e-14,2.78439358e-13
1.522,1.57079633,1.9085072,8.09440007e-13,-2.00704151e-11,-7.40129237e-11,3.82352202e-12,0,-0,4.86277685e-14,-4.86000129e-14,4.86000129e-14,1.07524439e-24,3.09491169e-24,-0,-1.70448958e-22,1,-1.57414441e-14,2.35804283e-13
1.524,1.57079633,1.9085072,7.64612904e-13,-1.71157916e-11,-8.55482765e-11,3.26573895e-12,0,-0,4.11670698e-14,-4.11892742e-14,4.11892742e-14,7.82021279e-25,2.49702614e-24,-0,-1.25235967e-22,1,-1.41776069e-14,1.99426431e-13
1.526,1.57079633,1.9085072,7.14585791e-13,-1.45774434e-11,-9.18658871e-11,2.7823734e-12,0,-0,3.4861003e-14,-3.48887585e-14,3.48887585e-14,5.67310122e-25,1.98824449e-24,-0,-9.16634373e-23,1,-1.27106047e-14,1.68428819e-13
1.528,1.57079633,1.9085072,6.60625481e-13,-1.2400301e-11,-9.50843176e-11,2.37097889e-12,0,-0,2.94875235e-14,-2.94764213e-14,2.94764213e-14,4.10542158e-25,1.56632907e-24,-0,-6.70316561e-23,1,-1.13482126e-14,1.42047141e-13
1.53,1.57079633,1.9085072,6.06182844e-13,-1.05333707e-11,-9.37016787e-11,2.0166698e-12,0,-0,2.48245868e-14,-2.48967513e-14,2.48967513e-14,2.96255668e-25,1.22247063e-24,-0,-4.88227984e-23,1,-1.0095168e-14,1.19625421e-13
1.532,1.57079633,1.9085072,5.51913724e-13,-8.93432707e-12,-9.3377725e-11,1.71587991e-12,0,-0,2.09166018e-14,-2.0927704e-14,2.0927704e-14,2.13155596e-25,9.47017674e-25,-0,-3.55714841e-23,1,-8.95089707e-15,1.00595985e-13
1.534,1.57079633,1.9085072,5.00520287e-13,-7.56707521e-12,-8.55735655e-11,1.45355803e-12,0,-0,1.76303416e-14,-1.76803017e-14,1.76803017e-14,1.52923674e-25,7.27535284e-25,-0,-2.56808796e-23,1,-7.91231894e-15,8.44708802e-14
1.536,1.57079633,1.9085072,4.50787352e-13,-6.40150984e-12,-8.44379848e-11,1.23286655e-12,0,-0,1.47881707e-14,-1.47937218e-14,1.47937218e-14,1.0945385e-25,5.55760646e-25,-0,-1.8630558e-23,1,-6.97360661e-15,7.08220886e-14
1.538,1.57079633,1.9085072,4.0433791e-13,-5.4069793e-12,-7.68177314e-11,1.04362345e-12,0,-0,1.24344979e-14,-1.24344979e-14,1.24344979e-14,7.80957227e-26,4.21976527e-25,-0,-1.34110563e-23,1,-6.13062601e-15,5.92871684e-14
1.54,1.57079633,1.9085072,3.61441171e-13,-4.56103227e-12,-7.38181767e-11,8.80819687e-13,0,-0,1.03916875e-14,-1.03805853e-14,1.03805853e-14,5.55776493e-26,3.18364499e-25,-0,-9.65842887e-24,1,-5.37605108e-15,4.95521805e-14
1.542,1.57079633,1.9085072,3.21691587e-13,-3.84117003e-12,-6.33133465e-11,7.43446896e-13,0,-0,8.65973959e-15,-8.74300632e-15,8.74300632e-15,3.94240066e-26,2.39160612e-25,-0,-6.88802855e-24,1,-4.70380966e-15,4.13485725e-14
1.544,1.57079633,1.9085072,2.85657917e-13,-3.23271517e-12,-6.10448951e-11,6.24466238e-13,0,-0,7.23865412e-15,-7.27196081e-15,7.27196081e-15,2.79275808e-26,1.78383725e-25,-0,-4.93608356e-24,1,-4.10551164e-15,3.4442357e-14
1.546,1.57079633,1.9085072,2.52210754e-13,-2.71583419e-12,-5.3461465e-11,5.27147095e-13,0,-0,6.03961325e-15,-6.07847106e-15,6.07847106e-15,1.97138483e-26,1.32952166e-25,-0,-3.51939418e-24,1,-3.57640173e-15,2.86362334e-14
1.548,1.57079633,1.9085072,2.22754488e-13,-2.27888927e-12,-4.99427475e-11,4.40850933e-13,0,-0,4.97379915e-15,-5.05151476e-15,5.05151476e-15,1.38831216e-26,9.82015241e-26,-0,-2.50186318e-24,1,-3.10924675e-15,2.37624841e-14
1.55,1.57079633,1.9085072,1.95184786e-13,-1.90839189e-12,-4.33873771e-11,3.73302313e-13,0,-0,4.17443857e-15,-4.19109192e-15,4.19109192e-15,9.73754783e-27,7.28629321e-26,-0,-1.78239252e-24,1,-2.69845249e-15,1.96770541e-14
1.552,1.57079633,1.9085072,1.71365565e-13,-1.59482389e-12,-3.91501078e-11,3.12293661e-13,0,-0,3.41948692e-15,-3.46944695e-15,3.46944695e-15,6.80186964e-27,5.35163796e-26,-0,-1.25922046e-24,1,-2.33824297e-15,1.62606345e-14
1.554,1.57079633,1.9085072,1.49891497e-13,-1.33014376e-12,-3.32254675e-11,2.61902779e-13,0,-0,2.84217094e-15,-2.88657986e-15,2.88657986e-15,4.73253522e-27,3.92569996e-26,-0,-8.84006457e-25,1,-2.02272053e-15,1.34088494e-14
1.556,1.57079633,1.9085072,1.30571301e-13,-1.10704997e-12,-2.98461242e-11,2.20616153e-13,0,-0,2.35367281e-15,-2.35922393e-15,2.35922393e-15,3.27891247e-27,2.88061381e-26,-0,-6.25858769e-25,1,-1.74694532e-15,1.10327564e-14
1.558,1.57079633,1.9085072,1.14811308e-13,-9.21133828e-13,-2.72512278e-11,1.78824187e-13,0,-0,1.95399252e-15,-1.97064587e-15,1.97064587e-15,2.2707693e-27,2.05310389e-26,-0,-4.29751986e-25,1,-1.50576146e-15,9.05685484e-15
1.56,1.57079633,1.9085072,9.94235751e-14,-7.65790107e-13,-2.05065155e-11,1.50542767e-13,0,-0,1.55431223e-15,-1.66533454e-15,1.66533454e-15,1.56983675e-27,1.49675001e-26,-0,-2.97221575e-25,1,-1.29532128e-15,7.41256938e-15
1.562,1.57079633,1.9085072,8.66487865e-14,-6.36240421e-13,-2.17436971e-11,1.22995759e-13,0,-0,1.28785871e-15,-1.33226763e-15,1.33226763e-15,1.08396445e-27,1.06574333e-26,-0,-2.0956008e-25,1,-1.11247938e-15,6.04638274e-15
1.564,1.57079633,1.9085072,7.45042078e-14,-5.26192698e-13,-1.80999132e-11,1.04823264e-13,0,-0,1.02140518e-15,-1.08246745e-15,1.08246745e-15,7.41624662e-28,7.80977421e-27,-0,-1.47538606e-25,1,-9.54688605e-16,4.91406997e-15
1.566,1.57079633,1.9085072,6.5001006e-14,-4.35024728e-13,-1.88177116e-11,8.39451013e-14,0,-0,8.43769499e-16,-8.60422844e-16,8.60422844e-16,5.07116284e-28,5.45651604e-27,-0,-1.02331069e-25,1,-8.17900263e-16,3.97864397e-15
1.568,1.57079633,1.9085072,5.61135486e-14,-3.58964357e-13,-1.50737051e-11,6.92458924e-14,0,-0,7.10542736e-16,-7.21644966e-16,7.21644966e-16,3.45424982e-28,3.88563275e-27,-0,-6.94928977e-26,1,-6.99627271e-16,3.20633563e-15
1.57,1.57079633,1.9085072,4.80576066e-14,-2.95883818e-13,-1.27543494e-11,5.84525092e-14,0,-0,6.21724894e-16,-5.82867088e-16,5.82867088e-16,2.34774759e-28,2.80908769e-27,-0,-4.85016906e-26,1,-5.97481084e-16,2.5688023e-15
1.572,1.57079633,1.9085072,4.0638121e-14,-2.41346901e-13,-1.05374904e-11,5.20476568e-14,0,-0,4.4408921e-16,-4.4408921e-16,4.4408921e-16,1.56261676e-28,2.11511897e-27,-0,-3.48608302e-26,1,-5.10476524e-16,2.04603085e-15
1.574,1.57079633,1.9085072,3.51488691e-14,-1.94550351e-13,-8.359825e-12,4.24372405e-14,0,-0,3.55271368e-16,-3.60822483e-16,3.60822483e-16,1.01620424e-28,1.49162101e-27,-0,-2.29296729e-26,1,-4.36363173e-16,1.62332967e-15
1.576,1.57079633,1.9085072,3.10386157e-14,-1.58333829e-13,-9.99654578e-12,3.04767899e-14,0,-0,3.10862447e-16,-2.77555756e-16,2.77555756e-16,6.7380394e-29,9.45957369e-28,-0,-1.49704347e-26,1,-3.71339737e-16,1.28128017e-15
1.578,1.57079633,1.9085072,2.66830853e-14,-1.28932771e-13,-7.07340559e-12,2.41869981e-14,0,-0,2.66453526e-16,-2.49800181e-16,2.49800181e-16,4.4716636e-29,6.45383733e-28,-0,-9.45915112e-27,1,-3.15204849e-16,1.00269977e-15
1.58,1.57079633,1.9085072,2.25410642e-14,-1.05719263e-13,-7.94725488e-12,2.06375348e-14,0,-0,1.77635684e-16,-1.66533454e-16,1.66533454e-16,3.00790206e-29,4.65191996e-28,-0,-7.11216991e-27,1,-2.66685711e-16,7.74281484e-16
1.582,1.57079633,1.9085072,1.91388044e-14,-8.4711145e-14,-3.95328321e-12,1.74443658e-14,0,-0,1.77635684e-16,-1.66533454e-16,1.66533454e-16,1.93324997e-29,3.33864305e-28,-0,-4.28797129e-27,1,-2.26276776e-16,5.89959907e-16
1.584,1.57079633,1.9085072,1.63012891e-14,-6.82518991e-14,-4.70513543e-12,1.41827637e-14,0,-0,1.33226763e-16,-1.11022302e-16,1.11022302e-16,1.2563801e-29,2.3119733e-28,-0,-3.06678886e-27,1,-1.91378418e-16,4.41405005e-16
1.586,1.57079633,1.9085072,1.41100524e-14,-5.47386494e-14,-2.98702271e-12,1.02984034e-14,0,-0,8.8817842e-17,-1.11022302e-16,1.11022302e-16,8.0953949e-30,1.45311012e-28,-0,-1.74369796e-27,1,-1.61697331e-16,3.22489723e-16
1.588,1.57079633,1.9085072,1.13975697e-14,-4.36524109e-14,-4.89999026e-12,1.11850605e-14,0,-0,8.8817842e-17,-2.77555756e-17,2.77555756e-17,5.14997889e-30,1.27482506e-28,-0,-1.68627506e-27,1,-1.36345818e-16,2.26357337e-16
1.59,1.57079633,1.9085072,9.45333198e-15,-3.15198156e-14,-1.87893283e-12,1.08821774e-14,0,-0,8.8817842e-17,-2.77555756e-17,2.77555756e-17,2.69592176e-30,1.02872836e-28,-0,-9.81193933e-28,1,-1.16297675e-16,1.54589922e-16
1.592,1.57079633,1.9085072,8.50326283e-15,-2.26667758e-14,-1.52619999e-12,6.7939466e-15,0,-0,0,-2.77555756e-17,2.77555756e-17,1.40726242e-30,5.77707136e-29,-0,-4.74287046e-28,1,-9.86205215e-17,1.0318632e-16
1.594,1.57079633,1.9085072,7.12569408e-15,-1.57009206e-14,-1.81522529e-12,6.01883525e-15,0,-0,0,0,0,6.83283793e-31,4.28883787e-29,-0,-3.1906376e-28,1,-8.32946113e-17,6.655995e-17
1.596,1.57079633,1.9085072,6.22996142e-15,-1.01896142e-14,-1.33622538e-12,3.95738085e-15,0,-0,0,0,0,2.96520797e-31,2.465433e-29,-0,-1.48430968e-28,1,-7.02143759e-17,4.23695385e-17
1.598,1.57079633,1.9085072,5.47668602e-15,-6.59895671e-15,-1.30625719e-12,1.96639343e-15,0,-0,0,0,0,1.31239199e-31,1.07693194e-29,-0,-6.41758396e-29,1,-5.86996471e-17,2.67436322e-17
1.6,1.57079633,1.9085072,4.73068083e-15,-4.40498617e-15,-1.28498359e-12,6.86572818e-16,0,-0,0,0,0,6.29985514e-32,3.24795686e-30,-0,-2.7948188e-29,1,-4.86799539e-17,1.64609034e-17
1.602,1.57079633,1.9085072,4.01097952e-15,-3.07902889e-15,-1.1976069e-12,7.78928772e-18,0,-0,0,0,0,3.3363879e-32,3.12426735e-32,-0,-1.28060596e-29,1,-4.01253738e-17,9.41064314e-18
1.604,1.57079633,1.9085072,3.35264179e-15,-2.25686812e-15,-1.06409874e-12,-2.94218157e-16,0,-0,0,0,0,1.92269892e-32,-9.86408089e-31,-0,-6.32033745e-30,1,-3.29379816e-17,4.33850508e-18
1.606,1.57079633,1.9085072,2.77535056e-15,-1.72078587e-15,-9.14582945e-13,-3.92918258e-16,0,-0,0,0,0,1.17632912e-32,-1.09048591e-30,-0,-3.38342768e-30,1,-2.69676691e-17,5.27994869e-19
1.608,1.57079633,1.9085072,2.28337798e-15,-1.34946549e-15,-7.69454638e-13,-3.94364384e-16,0,-0,0,0,0,7.47337638e-33,-9.00482953e-31,-0,-1.94966547e-30,1,-2.20450511e-17,-2.42995576e-18
1.61,1.57079633,1.9085072,1.8716444e-15,-1.07742094e-15,-6.38885345e-13,-3.55802872e-16,0,-0,0,0,0,4.85390738e-33,-6.65936453e-31,-0,-1.18927675e-30,1,-1.80048383e-17,-4.77668729e-18
1.612,1.57079633,1.9085072,1.53085133e-15,-8.69314252e-16,-5.52748255e-13,-3.05349171e-16,0,-0,0,0,0,3.19149629e-33,-4.67444185e-31,-0,8.09662951e-30,1,-1.4697815e-17,-6.66325428e-18
1.614,1.57079633,1.9085072,1.2435099e-15,-1.41016002e-15,-6.58027813e-13,-3.7662427e-16,0,-0,0,0,0,6.08162878e-33,-4.68336009e-31,-0,-1.20610811e-30,1,-1.16818505e-17,-9.50430317e-18
1.616,1.57079633,1.9085072,9.4725041e-16,-1.11966899e-15,-3.50152944e-13,6.17046484e-17,0,-0,0,0,0,3.7951993e-33,5.84497535e-32,-0,-1.37945382e-30,1,-9.5959134e-18,-1.19830616e-17
1.618,1.57079633,1.9085072,7.74754383e-16,-8.08286782e-16,-2.41892571e-13,9.0109953e-17,0,-0,0,0,0,2.04431522e-33,6.98130811e-32,-0,-8.3273194e-31,1,-7.92776373e-18,-1.38240427e-17
1.62,1.57079633,1.9085072,6.72007796e-16,-1.23376968e-15,-4.86807295e-13,-2.39738158e-16,0,-0,0,0,0,4.28831384e-33,-1.61105911e-31,-0,-8.22258455e-31,1,-6.24060164e-18,-1.60611666e-17
1.622,1.57079633,1.9085072,6.07424336e-16,-1.79717714e-15,-1.38670069e-12,-6.33096755e-16,0,-0,0,0,0,8.80371577e-33,-3.84558377e-31,-0,2.27980763e-30,1,-4.80804985e-18,-1.9250435e-17
1.624,1.57079633,1.9085072,3.22987872e-16,-1.67828125e-15,-2.81635804e-13,3.48056118e-16,0,-0,0,0,0,7.56837919e-33,1.12417905e-31,-0,-2.46633724e-30,1,-3.92599096e-18,-2.28675686e-17
1.626,1.57079633,1.9085072,2.28820566e-16,-1.15597621e-15,-4.24125737e-14,5.67192499e-16,0,-0,0,0,0,3.59207144e-33,1.29785308e-31,-0,-1.64678517e-30,1,-3.42259065e-18,-2.55735288e-17
1.628,1.57079633,1.9085072,2.16105884e-16,-7.22872811e-16,-8.20351397e-15,4.11872247e-16,0,-0,0,0,0,1.41780811e-33,8.90080157e-32,-0,-7.40203257e-31,1,-2.98480333e-18,-2.7320469e-17
1.63,1.57079633,1.9085072,2.12595428e-16,-1.07946655e-15,-2.53445e-13,6.9600246e-17,0,-0,0,0,0,3.13208498e-33,1.47966941e-32,-0,-8.16137549e-31,1,-2.26515477e-18,-2.93164423e-17
1.632,1.57079633,1.9085072,2.25730206e-16,-1.55510282e-15,-1.1849504e-12,-3.15856035e-16,0,-0,0,0,0,6.4788183e-33,-7.12982477e-32,-0,6.56884312e-30,1,-1.62558999e-18,-3.21086832e-17
1.634,1.57079633,1.9085072,1.64622019e-16,-2.18203729e-15,-1.03438763e-12,-3.08143689e-16,0,-0,0,0,0,1.27189218e-32,-5.0727236e-32,-0,1.11718472e-29,1,-1.02993281e-18,-3.62487988e-17
1.636,1.57079633,1.9085072,1.43887704e-16,-3.05179198e-15,-9.88528654e-13,-4.99525414e-16,0,-0,0,0,0,2.48629687e-32,-7.1875565e-32,-0,-3.27954303e-30,1,-4.39826216e-19,-4.19717892e-17
1.638,1.57079633,1.9085072,-1.60367997e-16,-2.35632476e-15,-3.358232e-14,1.11704641e-15,0,-0,0,0,0,1.48289314e-32,-1.79138496e-31,-0,-5.6139692e-30,1,-6.30412847e-19,-4.7310971e-17
1.64,1.57079633,1.9085072,-1.2223448e-16,-1.48320405e-15,1.53363952e-13,1.07315033e-15,0,-0,0,0,0,5.8778353e-33,-1.31175972e-31,-0,-2.80373149e-30,1,-9.23955856e-19,-5.09073027e-17
1.642,1.57079633,1.9085072,-3.61111786e-17,-8.50775158e-16,1.28124459e-13,7.10191882e-16,0,-0,0,0,0,1.93213896e-33,-2.56458659e-32,-0,-1.03737321e-30,1,-1.05927198e-18,-5.30399327e-17
1.644,1.57079633,1.9085072,3.81119971e-16,-9.66946676e-16,-9.61122437e-13,-1.46959295e-15,0,-0,0,0,0,2.56780095e-33,-5.60091222e-31,-0,1.23886219e-30,1,-8.72013818e-19,-5.44784347e-17
1.646,1.57079633,1.9085072,3.52960696e-16,-1.287058e-15,-1.04440443e-12,-1.48865339e-15,0,-0,0,0,0,4.48282265e-33,-5.25436136e-31,-0,1.37079151e-30,1,-5.52300181e-19,-5.65601969e-17
1.648,1.57079633,1.9085072,2.19400279e-16,-1.99348353e-15,-1.44916836e-12,-1.05103008e-15,0,-0,0,0,0,1.06285573e-32,-2.30596294e-31,-0,-8.63752023e-32,1,-9.19426265e-20,-5.98574511e-17
1.65,1.57079633,1.9085072,2.142331e-16,-2.78677635e-15,-1.26720549e-12,-1.21972844e-15,0,-0,0,0,0,2.07466487e-32,-2.61306206e-31,-0,-3.14236528e-31,1,2.97125889e-19,-6.47354976e-17
1.652,1.57079633,1.9085072,-1.96161546e-16,-2.32258982e-15,-1.06579435e-13,9.33779962e-16,0,-0,0,0,0,1.44141309e-32,-1.83171721e-31,-0,-4.96464071e-30,1,9.40555348e-20,-6.98802478e-17
1.654,1.57079633,1.9085072,-1.81300086e-16,-1.49949007e-15,1.50042631e-13,1.06010061e-15,0,-0,0,0,0,6.0164477e-33,-1.92196332e-31,-0,-2.75204303e-30,1,-3.0720036e-19,-7.34859936e-17
1.656,1.57079633,1.9085072,-9.17597235e-17,-8.65766234e-16,1.43719346e-13,7.37972897e-16,0,-0,0,0,0,2.00437361e-33,-6.7716189e-32,-0,-1.04502016e-30,1,-5.58348558e-19,-7.56528646e-17
1.658,1.57079633,1.9085072,3.41396581e-16,-9.80555193e-16,-9.6163644e-13,-1.47328728e-15,0,-0,0,0,0,2.62413313e-33,-5.02975241e-31,-0,1.24124037e-30,1,-4.67391254e-19,-7.71131108e-17
1.66,1.57079633,1.9085072,3.21151729e-16,-1.30172527e-15,-1.04681204e-12,-1.49393808e-15,0,-0,0,0,0,4.57339501e-33,-4.79780796e-31,-0,1.3795089e-30,1,-2.23641139e-19,-7.92194048e-17
1.662,1.57079633,1.9085072,1.95049003e-16,-2.02256472e-15,-1.46959614e-12,-1.06588394e-15,0,-0,0,0,0,1.09351516e-32,-2.07899599e-31,-0,-2.51711736e-31,1,1.81277847e-19,-8.25584684e-17
1.664,1.57079633,1.9085072,1.63206276e-16,-2.84158679e-15,-1.21149777e-12,-1.08381419e-15,0,-0,0,0,0,2.15601964e-32,-1.76885277e-31,-0,-8.17153376e-31,1,5.35565609e-19,-8.75651081e-17
1.666,1.57079633,1.9085072,-2.23246325e-16,-2.33254223e-15,-8.23315746e-14,9.84502472e-16,0,-0,0,0,0,1.45434555e-32,-2.19786559e-31,-0,-5.08444118e-30,1,2.63458306e-19,-9.27559648e-17
1.668,1.57079633,1.9085072,-1.97833046e-16,-1.49549157e-15,1.61168474e-13,1.07790833e-15,0,-0,0,0,0,5.98763421e-33,-2.13245889e-31,-0,-2.74918293e-30,1,-1.77486195e-19,-9.63614136e-17
1.67,1.57079633,1.9085072,-1.03290255e-16,-8.58862102e-16,1.49461723e-13,7.43910045e-16,0,-0,0,0,0,1.97372756e-33,-7.68386579e-32,-0,-1.02971515e-30,1,-4.54917545e-19,-9.85157373e-17
1.672,1.57079633,1.9085072,3.30377206e-16,-9.71061595e-16,-9.5173549e-13,-1.45963382e-15,0,-0,0,0,0,2.57098089e-33,-4.82229745e-31,-0,1.21632805e-30,1,-3.84504412e-19,-9.99610238e-17
1.674,1.57079633,1.9085072,3.11738748e-16,-1.28824217e-15,-1.03577898e-12,-1.47953852e-15,0,-0,0,0,0,4.47722332e-33,-4.61229485e-31,-0,1.35228336e-30,1,-1.58310444e-19,-1.02045051e-16
1.676,1.57079633,1.9085072,1.91601989e-16,-2.01386383e-15,-1.472779e-12,-1.07589289e-15,0,-0,0,0,0,1.08407654e-32,-2.06143217e-31,-0,-4.55283549e-31,1,2.35765887e-19,-1.05359712e-16
1.678,1.57079633,1.9085072,-1.42448601e-16,-1.66994678e-15,-7.79669047e-14,6.68173672e-16,0,-0,0,0,0,7.45178551e-33,-9.51804049e-32,-0,-2.55905306e-30,1,8.81386681e-20,-1.09056366e-16
1.68,1.57079633,1.9085072,-1.32124254e-16,-1.07885879e-15,1.08045614e-13,7.62513854e-16,0,-0,-4.4408921e-17,0,0,3.11467714e-33,-1.00746574e-31,-0,-1.42285227e-30,1,-2.0378517e-19,-1.11650099e-16
1.682,1.57079633,1.9085072,-6.75467326e-17,-6.22954652e-16,1.0385271e-13,5.3157864e-16,0,-0,-4.4408921e-17,0,0,1.03784597e-33,-3.59064003e-32,-0,-5.40568633e-31,1,-3.87689954e-19,-1.1320926e-16
1.684,1.57079633,1.9085072,-2.35283958e-17,-9.17547319e-16,-1.21477154e-13,2.11384676e-16,0,-0,-4.4408921e-17,0,0,2.24684117e-33,-4.97354231e-33,-0,-6.45940912e-31,1,-1.87485394e-19,-1.14926906e-16
1.686,1.57079633,1.9085072,2.55281548e-17,-1.31244029e-15,-9.91955086e-13,-1.38771322e-16,0,-0,-4.4408921e-17,0,0,4.59675928e-33,-3.54257578e-33,-0,6.62042255e-30,1,2.22610948e-20,-1.17301384e-16
1.688,1.57079633,1.9085072,-2.34735493e-18,-1.99384528e-15,-8.58214798e-13,-1.51964122e-16,0,-0,-4.4408921e-17,0,0,1.06082758e-32,3.56713731e-34,-0,9.71617871e-30,1,3.27401793e-19,-1.21134015e-16
1.69,1.57079633,1.9085072,7.62149877e-18,-2.79141638e-15,-8.40886242e-13,-3.51021322e-16,0,-0,-4.4408921e-17,0,0,2.07927358e-32,-2.67530858e-33,-0,-2.94154124e-30,1,6.25827657e-19,-1.26408489e-16
1.692,1.57079633,1.9085072,-2.39663794e-16,-2.13175977e-15,1.08262279e-14,1.07613696e-15,0,-0,-4.4408921e-17,0,0,1.21553761e-32,-2.57911065e-31,-0,-4.601089e-30,1,2.44364025e-19,-1.31258657e-16
1.694,1.57079633,1.9085072,-1.83965835e-16,-1.32731343e-15,1.69379177e-13,1.01127217e-15,0,-0,-4.4408921e-17,0,0,4.71816778e-33,-1.86039528e-31,-0,-2.23359911e-30,1,-1.82885981e-19,-1.34492131e-16
1.696,1.57079633,1.9085072,-9.03033785e-17,-7.50065756e-16,1.38758048e-13,6.67345976e-16,0,-0,-4.4408921e-17,0,0,1.50536407e-33,-6.02635962e-32,-0,-7.99567603e-31,1,-4.31658166e-19,-1.36385027e-16
1.698,1.57079633,1.9085072,1.90336941e-16,-1.08637524e-15,-9.6201753e-13,-8.34669953e-16,0,-0,-4.4408921e-17,0,0,3.1675171e-33,-1.58868525e-31,-0,-1.68840105e-30,1,-2.34029502e-19,-1.3801826e-16
1.7,1.57079633,1.9085072,1.60474742e-16,-1.3943187e-15,-1.0474098e-12,-7.86676217e-16,0,-0,-4.4408921e-17,0,0,5.20074259e-33,-1.26241663e-31,-0,-4.80847135e-31,1,-3.13949853e-20,-1.40283622e-16
1.702,1.57079633,1.9085072,2.0533118e-17,-2.01847164e-15,-6.06341751e-13,-2.46500547e-16,0,-0,-4.4408921e-17,0,0,1.08721524e-32,-5.06142483e-33,-0,-1.5677527e-30,1,2.87669915e-19,-1.43951422e-16
1.704,1.57079633,1.9085072,-1.58783052e-16,-1.53981149e-15,4.19591283e-15,7.73015639e-16,0,-0,-4.4408921e-17,0,0,6.33962636e-33,-1.22741783e-31,-0,-2.40953936e-30,1,4.17992425e-20,-1.47455452e-16
1.706,1.57079633,1.9085072,-1.2085408e-16,-9.59685322e-16,1.18096121e-13,7.24746494e-16,0,-0,-4.4408921e-17,0,0,2.46496948e-33,-8.75885706e-32,-0,-1.17109558e-30,1,-2.4095219e-19,-1.49792095e-16
1.708,1.57079633,1.9085072,-5.55366637e-17,-5.43740911e-16,1.06048679e-13,4.77460734e-16,0,-0,-4.4408921e-17,0,0,7.90489645e-34,-2.65165762e-32,-0,2.2677172e-30,1,-3.99554832e-19,-1.51162587e-16
1.71,1.57079633,1.9085072,-4.32077926e-17,-8.60907687e-16,-1.22122899e-13,3.13399649e-16,0,-0,-4.4408921e-17,0,0,1.97870219e-33,-1.3541307e-32,-0,3.63772849e-30,1,-1.94721372e-19,-1.53059594e-16
1.712,1.57079633,1.9085072,3.42829929e-16,-1.80310897e-15,-1.32146566e-12,-1.81783198e-15,0,-0,-4.4408921e-17,0,0,8.7346489e-33,-6.23207209e-31,-0,2.0691617e-30,1,2.07364679e-19,-1.55933627e-16
1.714,1.57079633,1.9085072,2.92600021e-16,-2.49053389e-15,-1.43383233e-12,-1.71332949e-15,0,-0,-4.4408921e-17,0,0,1.65947787e-32,-5.01320244e-31,-0,1.54864118e-30,1,5.0065877e-19,-1.60182255e-16
1.716,1.57079633,1.9085072,-4.2254522e-17,-2.98227592e-15,-7.81123555e-13,-1.35185683e-16,0,-0,-4.4408921e-17,0,0,2.37341567e-32,5.71220641e-33,-0,-4.10562203e-30,1,6.92916586e-19,-1.6588556e-16
1.718,1.57079633,1.9085072,-2.62074616e-16,-2.22387866e-15,4.21311537e-14,1.18600579e-15,0,-0,-4.4408921e-17,0,0,1.32316998e-32,-3.1082201e-31,-0,-5.13973684e-30,1,2.48734584e-19,-1.70983627e-16
1.72,1.57079633,1.9085072,-1.92387741e-16,-1.37049685e-15,1.84426241e-13,1.06408414e-15,0,-0,-4.4408921e-17,0,0,5.03063499e-33,-2.04716743e-31,-0,-2.40752325e-30,1,-2.04290869e-19,-1.74334664e-16
1.722,1.57079633,1.9085072,-9.21904001e-17,-7.70013191e-16,1.45328195e-13,6.91411376e-16,0,-0,-4.4408921e-17,0,0,1.5864491e-33,-6.37414914e-32,-0,-8.48271939e-31,1,-4.60918751e-19,-1.76282133e-16
1.724,1.57079633,1.9085072,1.9754556e-16,-1.1159951e-15,-9.9022687e-13,-8.60410525e-16,0,-0,-4.4408921e-17,0,0,3.34299343e-33,-1.69970279e-31,-0,-1.79831358e-30,1,-2.5463455e-19,-1.77958407e-16
1.726,1.57079633,1.9085072,1.66489115e-16,-1.43203186e-15,-1.07743984e-12,-8.10516742e-16,0,-0,-4.4408921e-17,0,0,5.48616199e-33,-1.34942215e-31,-0,-5.24049993e-31,1,-4.38576689e-20,-1.80283748e-16
1.728,1.57079633,1.9085072,1.42741223e-16,-1.885071e-15,-1.24742047e-12,-8.07293734e-16,0,-0,-4.4408921e-17,0,0,9.49259177e-33,-1.15234095e-31,-0,1.80879118e-30,1,1.87175237e-19,-1.83499091e-16
1.73,1.57079633,1.9085072,-1.79977918e-16,-1.32285585e-15,1.31640997e-13,9.28777551e-16,0,-0,-4.4408921e-17,0,0,4.68591659e-33,-1.6715945e-31,-0,-2.1106453e-30,1,-5.77759192e-20,-1.86729759e-16
1.732,1.57079633,1.9085072,-9.97767431e-17,-7.6525662e-16,1.31865003e-13,6.58134517e-16,0,-0,-4.4408921e-17,0,0,1.56769244e-33,-6.56665186e-32,-0,-8.08188917e-31,1,-3.18501603e-19,-1.88644364e-16
1.734,1.57079633,1.9085072,1.81116308e-16,-1.10509396e-15,-9.69519785e-13,-8.35452182e-16,0,-0,-4.4408921e-17,0,0,3.27526448e-33,-1.51314015e-31,-0,-1.68176179e-30,1,-1.40258713e-19,-1.90311701e-16
1.736,1.57079633,1.9085072,1.53100532e-16,-1.41920041e-15,-1.05845671e-12,-7.89251059e-16,0,-0,-4.4408921e-17,0,0,5.38638974e-33,-1.20834757e-31,-0,-4.35295892e-31,1,4.74968028e-20,-1.92622589e-16
1.738,1.57079633,1.9085072,3.00191518e-17,-2.04071583e-15,-9.89109063e-13,-3.24146404e-16,0,-0,-4.4408921e-17,0,0,1.11133375e-32,-9.7306001e-33,-0,8.30484408e-30,1,3.4810129e-19,-1.96316291e-16
1.74,1.57079633,1.9085072,3.43189268e-17,-2.82696619e-15,-1.39854444e-12,-4.92552215e-16,0,-0,-4.4408921e-17,0,0,2.13262765e-32,-1.69038634e-32,-0,1.50925032e-29,1,6.41915161e-19,-2.01573024e-16
1.742,1.57079633,1.9085072,4.17326057e-17,-3.90590298e-15,-1.28486861e-12,-7.16358941e-16,0,-0,-4.4408921e-17,0,0,4.07112089e-32,-2.98955252e-32,-0,-4.80150616e-30,1,1.01539183e-18,-2.08810687e-16
1.744,1.57079633,1.9085072,-3.44121516e-16,-3.03326203e-15,-9.06914658e-15,1.47784629e-15,0,-0,-4.4408921e-17,0,0,2.46110736e-32,-5.08558705e-31,-0,-9.13359579e-30,1,4.85522589e-19,-2.15676478e-16
1.746,1.57079633,1.9085072,-2.73137432e-16,-1.90058212e-15,2.38154183e-13,1.43625566e-15,0,-0,-4.4408921e-17,0,0,9.67647107e-33,-3.92295181e-31,-0,-4.53990023e-30,1,-1.41136991e-19,-2.20296484e-16
1.748,1.57079633,1.9085072,-1.39833863e-16,-1.07667476e-15,2.00547406e-13,9.58389347e-16,0,-0,-4.4408921e-17,0,0,3.10316585e-33,-1.34015285e-31,-0,-1.63777423e-30,1,-5.18440061e-19,-2.23011456e-16
1.75,1.57079633,1.9085072,-4.26233276e-17,-5.7749146e-16,1.19563812e-13,5.4773562e-16,0,-0,-4.4408921e-17,0,0,8.90834817e-34,-2.33463148e-32,-0,-5.10145311e-31,1,-6.69237963e-19,-2.24497396e-16
1.752,1.57079633,1.9085072,-5.29840461e-18,-8.57270842e-16,-9.66567107e-14,2.3777441e-16,0,-0,-4.4408921e-17,0,0,1.96110571e-33,-1.25982503e-33,-0,-6.11812277e-31,1,-4.22564773e-19,-2.26110614e-16
1.754,1.57079633,1.9085072,3.76124505e-17,-1.2313409e-15,-9.63824062e-13,-9.9114375e-17,0,-0,-4.4408921e-17,0,0,4.04663949e-33,-3.72793453e-33,-0,7.37050849e-30,1,-1.77895755e-19,-2.28344887e-16
1.756,1.57079633,1.9085072,-6.57249183e-17,-1.76842516e-15,-2.92788104e-13,2.7631358e-16,0,-0,-4.4408921e-17,0,0,8.34733501e-33,-1.81606875e-32,-0,-2.1177612e-30,1,1.04622022e-19,-2.32001895e-16
1.758,1.57079633,1.9085072,-1.33964126e-16,-1.23893702e-15,6.09728305e-14,7.44299855e-16,0,-0,-4.4408921e-17,0,0,4.10500017e-33,-9.97094792e-32,-0,-1.71850687e-30,1,-1.48958454e-19,-2.34899322e-16
1.76,1.57079633,1.9085072,-8.30026938e-17,-7.44778195e-16,1.05234469e-13,5.94288291e-16,0,-0,-4.4408921e-17,0,0,1.48363797e-33,-4.9327529e-32,-0,-7.3790259e-31,1,-3.58549644e-19,-2.36736019e-16
1.762,1.57079633,1.9085072,1.77070018e-16,-1.07223366e-15,-9.32190619e-13,-7.97580212e-16,0,-0,-4.4408921e-17,0,0,3.08361541e-33,-1.41227542e-31,-0,-1.48649007e-30,1,-1.75539752e-19,-2.38362816e-16
1.764,1.57079633,1.9085072,1.49610427e-16,-1.37993372e-15,-1.02143928e-12,-7.55572612e-16,0,-0,-4.4408921e-17,0,0,5.09256164e-33,-1.13041541e-31,-0,-3.02284887e-31,1,1.50409524e-20,-2.40617862e-16
1.766,1.57079633,1.9085072,-3.15515965e-16,-1.43490244e-15,3.95915839e-13,1.52237989e-15,0,-0,-4.4408921e-17,0,0,5.54413572e-33,-4.8033516e-31,-0,-3.09825757e-30,1,1.10399874e-19,-2.43879366e-16
1.768,1.57079633,1.9085072,-1.31894523e-16,-7.14931633e-16,2.11990345e-13,7.96353049e-16,0,-0,-4.4408921e-17,0,0,1.37264757e-33,-1.05034605e-31,-0,-8.15552316e-31,1,-2.73760871e-19,-2.45776792e-16
1.77,1.57079633,1.9085072,1.81482249e-16,-1.04723552e-15,-9.57762994e-13,-8.51142722e-16,0,-0,-4.4408921e-17,0,0,2.94302571e-33,-1.54467295e-31,-0,-1.90018414e-30,1,-1.12537041e-19,-2.47319593e-16
1.772,1.57079633,1.9085072,1.53153596e-16,-1.334047e-15,-1.02972127e-12,-7.94870376e-16,0,-0,-4.4408921e-17,0,0,4.76078019e-33,-1.21737257e-31,-0,-8.08638479e-31,1,5.82047909e-20,-2.49458745e-16
1.774,1.57079633,1.9085072,1.31466973e-16,-1.74746454e-15,-8.02870798e-13,-7.83302177e-16,0,-0,-4.4408921e-17,0,0,8.15718119e-33,-1.02978366e-31,-0,-8.40858664e-32,1,2.51934625e-19,-2.5241582e-16
1.776,1.57079633,1.9085072,1.88740177e-16,-2.42060545e-15,-1.16598048e-12,-1.19917705e-15,0,-0,-4.4408921e-17,0,0,1.56532884e-32,-2.26332889e-31,-0,1.61216803e-31,1,5.10952323e-19,-2.56619606e-16
1.778,1.57079633,1.9085072,2.66488127e-16,-3.34433859e-15,-1.65518021e-12,-1.75054117e-15,0,-0,-4.4408921e-17,0,0,2.98813377e-32,-4.66498438e-31,-0,6.74272657e-31,1,8.36201078e-19,-2.62409821e-16
1.78,1.57079633,1.9085072,-2.73363008e-16,-2.85149279e-15,-1.50425799e-13,1.09640003e-15,0,-0,-4.4408921e-17,0,0,2.17347967e-32,-2.99715209e-31,-0,-7.26461253e-30,1,5.40830025e-19,-2.68685757e-16
1.782,1.57079633,1.9085072,-7.6724703e-16,-1.13962405e-15,-1.88742934e-12,3.97563622e-15,0,-0,-4.4408921e-17,5.55111512e-17,5.55111512e-17,3.76078104e-33,-3.05029509e-30,-0,-9.79896439e-30,1,-2.78802146e-19,-2.72775252e-16
1.784,1.57079633,1.9085072,-6.03731452e-16,3.2078251e-15,2.77586889e-12,4.14915316e-15,0,-0,-4.4408921e-17,0,0,2.76416384e-32,-2.50497426e-30,0,1.01938472e-29,1,-2.26099179e-18,-2.69176304e-16
1.786,1.57079633,1.9085072,4.21441097e-16,2.77783701e-15,6.63695418e-14,-1.20264113e-15,0,-0,-4.4408921e-17,0,0,2.06799447e-32,-5.06842396e-31,0,-7.00465414e-30,1,-1.80912872e-18,-2.62936672e-16
1.788,1.57079633,1.9085072,3.68837499e-16,1.7744633e-15,-2.36926637e-13,-1.34454236e-15,0,-0,-4.4408921e-17,0,0,8.47045855e-33,-4.95917641e-31,0,-3.79235958e-30,1,-9.99290268e-19,-2.58648354e-16
1.79,1.57079633,1.9085072,2.31021479e-16,1.00459674e-15,-2.18870379e-13,-9.37984047e-16,0,-0,-4.4408921e-17,0,0,2.71981304e-33,-2.16694462e-31,0,-1.37763837e-30,1,-4.34246695e-19,-2.56110925e-16
1.792,1.57079633,1.9085072,1.21968032e-16,5.29184723e-16,-1.61386956e-13,-5.52145047e-16,0,-0,-4.4408921e-17,0,0,7.54726171e-34,-6.73440449e-32,0,2.17463404e-30,1,-1.15390228e-19,-2.54736608e-16
1.794,1.57079633,1.9085072,9.7163692e-17,8.45352258e-16,7.49198346e-14,-3.75337586e-16,0,-0,-4.4408921e-17,0,0,1.91167396e-33,-3.64691856e-32,0,3.605712e-30,1,-2.20961748e-19,-2.52842392e-16
1.796,1.57079633,1.9085072,7.53268227e-17,1.26009343e-15,3.48354309e-13,-1.99061853e-16,0,-0,-4.4408921e-17,0,0,4.23993069e-33,-1.49946969e-32,0,5.74699371e-30,1,-3.5514452e-19,-2.50242252e-16
1.798,1.57079633,1.9085072,1.86268965e-16,1.63043601e-15,4.92205844e-14,-6.98703974e-16,0,-0,-4.4408921e-17,0,0,7.1110374e-33,-1.30146866e-31,0,-2.46891706e-30,1,-4.65281704e-19,-2.46761128e-16
1.8,1.57079633,1.9085072,1.63410948e-16,1.04302656e-15,-1.21720479e-13,-7.6561107e-16,0,-0,-4.4408921e-17,0,0,2.91642428e-33,-1.2510923e-31,0,-1.33031573e-30,1,-1.02887338e-19,-2.44243658e-16
1.802,1.57079633,1.9085072,9.2385238e-17,5.95953006e-16,-1.20690109e-13,-5.29427066e-16,0,-0,-4.4408921e-17,0,0,9.52011621e-34,-4.89112455e-32,0,2.62358536e-30,1,1.35001751e-19,-2.42745186e-16
1.804,1.57079633,1.9085072,7.2873499e-17,9.39853104e-16,1.28438295e-13,-3.49036264e-16,0,-0,-4.4408921e-17,0,0,2.35978271e-33,-2.54354938e-32,0,4.24955298e-30,1,-3.06624629e-20,-2.40676036e-16
1.806,1.57079633,1.9085072,-3.40328626e-16,1.94739587e-15,1.39884465e-12,1.9096023e-15,0,-0,-4.4408921e-17,0,0,1.01778296e-32,-6.49892327e-31,0,2.28387626e-30,1,-4.15918338e-19,-2.37554045e-16
1.808,1.57079633,1.9085072,1.93759125e-16,1.45451261e-15,-7.39532401e-14,-8.70012759e-16,0,-0,-4.4408921e-17,0,0,5.66424859e-33,-1.68572911e-31,0,-2.32131094e-30,1,-1.97565735e-19,-2.34103612e-16
1.81,1.57079633,1.9085072,1.30447224e-16,8.75275398e-16,-1.33340319e-13,-7.11182749e-16,0,-0,-4.4408921e-17,0,0,2.05286227e-33,-9.27718155e-32,0,-1.00559298e-30,1,1.17893256e-19,-2.31944727e-16
1.812,1.57079633,1.9085072,-3.02272096e-16,9.93876118e-16,9.53258274e-13,1.45786598e-15,0,-0,-4.4408921e-17,0,0,2.68169155e-33,-4.40672206e-31,0,1.21878167e-30,1,1.06989001e-19,-2.3045738e-16
1.814,1.57079633,1.9085072,-2.89880741e-16,1.31762814e-15,1.04261255e-12,1.48424118e-15,0,-0,-4.4408921e-17,0,0,4.67497106e-33,-4.30252934e-31,0,1.36367646e-30,1,-6.96749629e-20,-2.28321394e-16
1.816,1.57079633,1.9085072,-1.5417274e-16,1.99336602e-15,9.68359162e-13,9.70973731e-16,0,-0,-4.4408921e-17,0,0,1.06150906e-32,-1.4969768e-31,0,9.08456536e-30,1,-4.00220065e-19,-2.2498836e-16
1.818,1.57079633,1.9085072,1.45589342e-17,2.70255719e-15,7.76893423e-13,2.65155633e-16,0,-0,-4.4408921e-17,0,0,1.94900941e-32,3.86038342e-33,0,-2.96220542e-30,1,-6.75900608e-19,-2.19837373e-16
1.82,1.57079633,1.9085072,2.39452593e-16,2.04720473e-15,-2.17213913e-14,-1.05553642e-15,0,-0,-4.4408921e-17,0,0,1.12124159e-32,-2.52750934e-31,0,-4.27822042e-30,1,-2.83453083e-19,-2.15167461e-16
1.822,1.57079633,1.9085072,1.8135554e-16,1.26973449e-15,-1.66758415e-13,-9.76257665e-16,0,-0,-4.4408921e-17,0,0,4.31865981e-33,-1.77049736e-31,0,-2.05011943e-30,1,1.38959931e-19,-2.12069791e-16
1.824,1.57079633,1.9085072,8.97239692e-17,7.15552934e-16,-1.34834703e-13,-6.41059965e-16,0,-0,-4.4408921e-17,0,0,1.3703337e-33,-5.75184446e-32,0,-7.28690268e-31,1,3.84880238e-19,-2.10261981e-16
1.826,1.57079633,1.9085072,-1.79444593e-16,1.03644742e-15,9.17865158e-13,7.9644971e-16,0,-0,-4.4408921e-17,0,0,2.88267259e-33,-1.42918594e-31,0,-1.54336666e-30,1,2.01546506e-19,-2.08704437e-16
1.828,1.57079633,1.9085072,-1.51363988e-16,1.32986891e-15,9.99146092e-13,7.50581865e-16,0,-0,-4.4408921e-17,0,0,4.73080668e-33,-1.13611064e-31,0,-4.46405376e-31,1,1.24761452e-20,-2.06544389e-16
1.83,1.57079633,1.9085072,-1.5427809e-17,1.92646353e-15,5.72025031e-13,2.21922308e-16,0,-0,-4.4408921e-17,0,0,9.90349757e-33,-3.42377497e-33,0,-1.45412897e-30,1,-2.89566526e-19,-2.03041031e-16
1.832,1.57079633,1.9085072,1.53092806e-16,1.46664042e-15,-6.08149068e-15,-7.40313127e-16,0,-0,-4.4408921e-17,0,0,5.75171317e-33,-1.13336614e-31,0,-2.19041003e-30,1,-5.0301809e-20,-1.99701335e-16
1.834,1.57079633,1.9085072,1.16107281e-16,9.13181628e-16,-1.13275852e-13,-6.91297015e-16,0,-0,-4.4408921e-17,0,0,2.23199483e-33,-8.02646168e-32,0,-1.06111425e-30,1,2.21521218e-19,-1.97477102e-16
1.836,1.57079633,1.9085072,-3.21222575e-16,1.04304165e-15,9.92852339e-13,1.51275007e-15,0,-0,-4.4408921e-17,0,0,2.95485192e-33,-4.85929474e-31,0,1.31982383e-30,1,1.86725603e-19,-1.95910566e-16
1.838,1.57079633,1.9085072,-3.07542699e-16,1.38466168e-15,1.0888588e-12,1.54442809e-15,0,-0,-4.4408921e-17,0,0,5.16363799e-33,-4.74977583e-31,0,1.47949065e-30,1,-1.34291835e-20,-1.93662851e-16
1.84,1.57079633,1.9085072,-1.47523057e-16,2.03484126e-15,9.33634762e-13,9.10742535e-16,0,-0,-4.4408921e-17,0,0,1.10599079e-32,-1.34355523e-31,0,-1.14334673e-31,1,-3.46254496e-19,-1.9021095e-16
1.842,1.57079633,1.9085072,-2.15238299e-16,2.81819783e-15,1.35645994e-12,1.39501454e-15,0,-0,-4.4408921e-17,0,0,2.12168264e-32,-3.00260557e-31,0,2.17796429e-31,1,-6.37646094e-19,-1.85316642e-16
1.844,1.57079633,1.9085072,2.25700714e-16,2.38495684e-15,1.18620087e-13,-9.33201782e-16,0,-0,-4.4408921e-17,0,0,1.52038287e-32,-2.10624309e-31,0,-5.12872765e-30,1,-3.90603577e-19,-1.80056283e-16
1.846,1.57079633,1.9085072,2.11856334e-16,1.5455369e-15,-1.58980236e-13,-1.09587337e-15,0,-0,-4.4408921e-17,0,0,6.39662661e-33,-2.32167714e-31,0,-2.89675686e-30,1,7.31834075e-20,-1.76343744e-16
1.848,1.57079633,1.9085072,1.16241468e-16,8.91669514e-16,-1.55245786e-13,-7.70292036e-16,0,-0,-4.4408921e-17,0,0,2.12840414e-33,-8.95398773e-32,0,-1.10055394e-30,1,3.78169387e-19,-1.74110623e-16
1.85,1.57079633,1.9085072,-3.34288719e-16,1.00808328e-15,9.84633301e-13,1.51011648e-15,0,-0,-4.4408921e-17,0,0,2.76780628e-33,-5.04814903e-31,0,1.30187877e-30,1,3.22654241e-19,-1.72609366e-16
1.852,1.57079633,1.9085072,-3.16546571e-16,1.33684887e-15,1.07225192e-12,1.53145054e-15,0,-0,-4.4408921e-17,0,0,4.81922611e-33,-4.84775417e-31,0,1.44895252e-30,1,1.02564633e-19,-1.70446233e-16
1.854,1.57079633,1.9085072,-1.91933357e-16,2.08507556e-15,1.51956331e-12,1.10598349e-15,0,-0,-4.4408921e-17,0,0,1.16197348e-32,-2.12275125e-31,0,-4.21179742e-31,1,-2.92633407e-19,-1.67010777e-16
1.856,1.57079633,1.9085072,1.51710221e-16,1.73284797e-15,8.08514877e-14,-6.92503924e-16,0,-0,-4.4408921e-17,0,0,8.0243096e-33,-1.05059923e-31,0,-2.74928538e-30,1,-1.32094359e-19,-1.63176366e-16
1.858,1.57079633,1.9085072,1.40694818e-16,1.11968921e-15,-1.13131237e-13,-7.92644322e-16,0,-0,-4.4408921e-17,0,0,3.35539139e-33,-1.11520949e-31,0,-1.53078038e-30,1,1.7834046e-19,-1.60484505e-16
1.86,1.57079633,1.9085072,7.30671081e-17,6.46251406e-16,-1.08855846e-13,-5.53135023e-16,0,-0,-4.4408921e-17,0,0,1.11713738e-33,-4.04159765e-32,0,-5.81154151e-31,1,3.75598964e-19,-1.58866667e-16
1.862,1.57079633,1.9085072,2.68488842e-17,9.51677416e-16,1.25015851e-13,-2.20758428e-16,0,-0,-4.4408921e-17,0,0,2.41716472e-33,-5.92711747e-33,0,-6.95104869e-31,1,1.73028015e-19,-1.57084937e-16
1.864,1.57079633,1.9085072,-2.44850883e-17,1.36112101e-15,1.02845867e-12,1.42623509e-16,0,-0,-4.4408921e-17,0,0,4.94403639e-33,-3.49214922e-33,0,7.13237512e-30,1,-4.03961351e-20,-1.54622216e-16
1.866,1.57079633,1.9085072,-4.26202564e-18,2.09562377e-15,9.31067864e-13,2.03991061e-16,0,-0,-4.4408921e-17,0,0,1.17189514e-32,-8.69415134e-34,0,1.0216235e-29,1,-3.65361866e-19,-1.50621608e-16
1.868,1.57079633,1.9085072,-1.0443728e-16,3.05332171e-15,1.38285837e-12,8.81155842e-16,0,-0,-4.4408921e-17,0,0,2.48829785e-32,-9.2025519e-32,0,-1.20374233e-29,1,-7.17938887e-19,-1.45052199e-16
1.87,1.57079633,1.9085072,2.75381515e-16,1.95803853e-15,-1.62716946e-13,-1.30345861e-15,0,-0,-4.4408921e-17,0,0,1.02686939e-32,-3.58948406e-31,0,-4.46075674e-30,1,-1.46897929e-19,-1.40405698e-16
1.872,1.57079633,1.9085072,1.67168693e-16,1.14868016e-15,-1.92704005e-13,-9.72397719e-16,0,-0,-4.4408921e-17,0,0,3.53496173e-33,-1.62554455e-31,0,-1.7837597e-30,1,2.73108512e-19,-1.37546072e-16
1.874,1.57079633,1.9085072,6.95233113e-17,6.27357396e-16,-1.29036444e-13,-5.87540933e-16,0,-0,-4.4408921e-17,0,0,1.05267118e-33,-4.08477912e-32,0,-5.82814826e-31,1,4.79848753e-19,-1.35942295e-16
1.876,1.57079633,1.9085072,2.47485886e-17,9.28180125e-16,1.04236525e-13,-2.53700144e-16,0,-0,-4.4408921e-17,0,0,2.29924006e-33,-6.27872048e-33,0,-7.02170396e-31,1,2.59914401e-19,-1.34197121e-16
1.878,1.57079633,1.9085072,-2.51803558e-17,1.33083803e-15,3.76306389e-13,1.09217217e-16,0,-0,-4.4408921e-17,0,0,4.72651887e-33,-2.7501284e-33,0,-7.69781838e-31,1,3.33691235e-20,-1.31783332e-16
1.88,1.57079633,1.9085072,-8.41144273e-17,1.87565727e-15,1.19089315e-12,5.28951636e-16,0,-0,-4.4408921e-17,0,0,9.39145361e-33,-4.44924639e-32,0,-5.44901232e-30,1,-2.16758999e-19,-1.28451508e-16
1.882,1.57079633,1.9085072,1.51930081e-16,1.13442397e-15,-1.23983411e-13,-8.20920612e-16,0,-0,-4.4408921e-17,0,0,3.44566966e-33,-1.24722535e-31,0,-1.58410812e-30,1,1.22540414e-19,-1.25714878e-16
1.884,1.57079633,1.9085072,7.94783113e-17,6.5077346e-16,-1.14115806e-13,-5.65239261e-16,0,-0,-4.4408921e-17,0,0,1.13327883e-33,-4.4924262e-32,0,-5.91563699e-31,1,3.35695409e-19,-1.24081787e-16
1.886,1.57079633,1.9085072,3.18295084e-17,9.58381815e-16,1.22223179e-13,-2.29043988e-16,0,-0,-4.4408921e-17,0,0,2.45148309e-33,-7.29035754e-33,0,-7.09411055e-31,1,1.39792891e-19,-1.22286404e-16
1.888,1.57079633,1.9085072,-2.07654086e-17,1.37075014e-15,1.03749089e-12,1.38119906e-16,0,-0,-4.4408921e-17,0,0,5.01414748e-33,-2.86811628e-33,0,7.38981592e-30,1,-6.85857251e-20,-1.19805357e-16
1.89,1.57079633,1.9085072,-1.01373095e-16,2.44440019e-15,1.43720698e-12,7.72881387e-16,0,-0,-4.4408921e-17,0,0,1.59494868e-32,-7.83493781e-32,0,6.60963175e-30,1,-5.32031828e-19,-1.15469506e-16
1.892,1.57079633,1.9085072,1.8381883e-16,2.42508917e-15,2.47490617e-13,-6.87240204e-16,0,-0,0,0,0,1.57103462e-32,-1.2632769e-31,0,-4.67911214e-30,1,-4.63707892e-19,-1.10279816e-16
1.894,1.57079633,1.9085072,2.17108588e-16,1.63007747e-15,-1.30874045e-13,-1.07823111e-15,0,-0,0,0,0,7.11415469e-33,-2.34093234e-31,0,-3.09559543e-30,1,-1.4623668e-20,-1.06413141e-16
1.896,1.57079633,1.9085072,1.29499234e-16,9.57810358e-16,-1.56597998e-13,-8.04446755e-16,0,-0,0,0,0,2.4564608e-33,-1.04175239e-31,0,-1.24227414e-30,1,3.13901167e-19,-1.04030442e-16
1.898,1.57079633,1.9085072,5.02182874e-17,5.24525196e-16,-1.18687233e-13,-4.85722277e-16,0,-0,0,0,0,7.35430721e-34,-2.43921409e-32,0,2.19969902e-30,1,4.6926168e-19,-1.02691224e-16
1.9,1.57079633,1.9085072,3.90064567e-17,8.36265091e-16,1.0717996e-13,-3.22001672e-16,0,-0,0,0,0,1.86692643e-33,-1.25601443e-32,0,3.53426964e-30,1,2.53938778e-19,-1.00836038e-16
1.902,1.57079633,1.9085072,-3.83890333e-16,1.82371316e-15,1.41895425e-12,2.00669769e-15,0,-0,0,0,0,8.94901732e-33,-7.70351846e-31,0,2.50143491e-30,1,-1.74492058e-19,-9.79922929e-17
1.904,1.57079633,1.9085072,1.13831015e-16,1.74098421e-15,1.87560297e-13,-4.76538326e-16,0,-0,0,0,0,8.09468814e-33,-5.42448414e-32,0,-2.39874855e-30,1,-1.852335e-19,-9.42658547e-17
1.906,1.57079633,1.9085072,1.42483168e-16,1.173984e-15,-8.77856702e-14,-7.66015171e-16,0,-0,0,0,0,3.68796145e-33,-1.09144268e-31,0,-1.60555096e-30,1,1.07198663e-19,-9.14845709e-17
1.908,1.57079633,1.9085072,8.26443599e-17,6.92153184e-16,-1.08223979e-13,-5.73370274e-16,0,-0,0,0,0,1.28182268e-33,-4.73858193e-32,0,-6.4964913e-31,1,3.20296949e-19,-8.97652724e-17
1.91,1.57079633,1.9085072,3.24023784e-17,1.0172284e-15,1.39792592e-13,-2.2180392e-16,0,-0,0,0,0,2.7617319e-33,-7.18697454e-33,0,-7.75693023e-31,1,1.19584056e-19,-8.78636885e-17
1.912,1.57079633,1.9085072,-2.30993278e-17,1.45330703e-15,1.08753347e-12,1.63300204e-16,0,-0,0,0,0,5.63633952e-33,-3.77212494e-33,0,7.53415116e-30,1,-9.56071288e-20,-8.52364117e-17
1.914,1.57079633,1.9085072,-2.75870358e-16,2.44225402e-15,1.37790327e-12,1.62231954e-15,0,-0,0,0,0,1.59545038e-32,-4.47549873e-31,0,1.32350498e-30,1,-4.85935512e-19,-8.10190803e-17
1.916,1.57079633,1.9085072,1.05446354e-16,2.72795613e-15,5.41570225e-13,-2.31911259e-16,0,-0,0,0,0,1.9863622e-32,-2.44541967e-32,0,-4.43912575e-30,1,-5.90641026e-19,-7.55932395e-17
1.918,1.57079633,1.9085072,2.41624938e-16,1.95470063e-15,-8.16681671e-14,-1.1356797e-15,0,-0,0,0,0,1.02250931e-32,-2.74408538e-31,0,-4.15038288e-30,1,-1.44889972e-19,-7.10543196e-17
1.92,1.57079633,1.9085072,1.64058325e-16,1.18374975e-15,-1.71690935e-13,-9.4625621e-16,0,-0,0,0,0,3.75271875e-33,-1.55241209e-31,0,-1.8326119e-30,1,2.51929175e-19,-6.81417218e-17
1.922,1.57079633,1.9085072,7.33660935e-17,6.5900191e-16,-1.26830839e-13,-5.98358e-16,0,-0,0,0,0,1.16156965e-33,-4.3899189e-32,0,-6.29463816e-31,1,4.63055065e-19,-6.64693709e-17
1.924,1.57079633,1.9085072,2.63329466e-17,9.73408896e-16,1.15892946e-13,-2.51828439e-16,0,-0,0,0,0,2.5287862e-33,-6.63138484e-33,0,-7.56425861e-31,1,2.40327411e-19,-6.46419083e-17
1.926,1.57079633,1.9085072,-2.60516715e-17,1.39447206e-15,1.07027088e-12,1.25627394e-16,0,-0,0,0,0,5.1893133e-33,-3.27280361e-33,0,8.44221766e-30,1,9.26192613e-21,-6.21148675e-17
1.928,1.57079633,1.9085072,6.77925035e-17,1.9895611e-15,3.79273517e-13,-2.0512996e-16,0,-0,0,0,0,1.05650381e-32,-1.39062735e-32,0,-2.45113084e-30,1,-2.67665115e-19,-5.8069659e-17
1.93,1.57079633,1.9085072,1.62323649e-16,1.4175335e-15,-5.95520346e-14,-8.27433707e-16,0,-0,0,0,0,5.37523026e-33,-1.34312058e-31,0,-2.20265919e-30,1,3.16309288e-20,-5.47724558e-17
1.932,1.57079633,1.9085072,1.06900096e-16,8.57564665e-16,-1.21219642e-13,-6.81628832e-16,0,-0,0,0,0,1.9681654e-33,-7.28661878e-32,0,-9.67268214e-31,1,2.94256703e-19,-5.26620755e-17
1.934,1.57079633,1.9085072,-3.11520777e-16,9.76080381e-16,9.38622771e-13,1.43341971e-15,0,-0,0,0,0,2.59098962e-33,-4.4654002e-31,0,1.18087915e-30,1,2.48368351e-19,-5.12006621e-17
1.936,1.57079633,1.9085072,-2.96661546e-16,1.29547534e-15,1.02661622e-12,1.45974184e-15,0,-0,0,0,0,4.52249397e-33,-4.33049272e-31,0,1.31991689e-30,1,4.71317722e-20,-4.91002075e-17
1.938,1.57079633,1.9085072,-1.56886998e-16,1.9455711e-15,9.28723684e-13,9.31231238e-16,0,-0,0,0,0,1.01131451e-32,-1.46098074e-31,0,3.40567316e-30,1,-2.93592492e-19,-4.58349365e-17
1.94,1.57079633,1.9085072,-9.00034277e-17,2.60394325e-15,1.46939699e-12,7.2949486e-16,0,-0,0,0,0,1.8097654e-32,-6.56570379e-32,0,8.8741173e-30,1,-5.58955444e-19,-4.11625667e-17
1.942,1.57079633,1.9085072,1.81554508e-16,2.76930379e-15,3.60442729e-13,-6.24365602e-16,0,-0,0,0,0,2.04811124e-32,-1.1335639e-31,0,-5.65901141e-30,1,-5.6681388e-19,-3.53534491e-17
1.944,1.57079633,1.9085072,2.48648379e-16,1.89733391e-15,-1.3048227e-13,-1.20902048e-15,0,-0,0,0,0,9.63714551e-33,-3.00620982e-31,0,-4.10661894e-30,1,-6.84428239e-20,-3.08817564e-17
1.946,1.57079633,1.9085072,1.54554418e-16,1.12514028e-15,-1.77957906e-13,-9.31494952e-16,0,-0,0,0,0,3.39009621e-33,-1.43966661e-31,0,-1.69556062e-30,1,3.17445721e-19,-2.80921602e-17
1.948,1.57079633,1.9085072,6.33275347e-17,6.19184706e-16,-1.22400922e-13,-5.70523441e-16,0,-0,0,0,0,1.02507324e-33,-3.61298431e-32,0,-5.6457902e-31,1,5.07771535e-19,-2.65140907e-17
1.95,1.57079633,1.9085072,2.01353115e-17,9.15884562e-16,1.06845557e-13,-2.42805232e-16,0,-0,0,0,0,2.23863193e-33,-4.88895896e-33,0,-6.78355416e-31,1,2.84257349e-19,-2.47933113e-17
1.952,1.57079633,1.9085072,-2.83229442e-17,1.31304743e-15,1.01369549e-12,1.13879044e-16,0,-0,0,0,0,4.60108835e-33,-3.22538981e-33,0,7.7601405e-30,1,5.54713548e-20,-2.24128268e-17
1.954,1.57079633,1.9085072,6.66382643e-17,1.87717842e-15,3.42838962e-13,-2.25166538e-16,0,-0,0,0,0,9.40536605e-33,-1.50047073e-32,0,-2.24598665e-30,1,-2.16049567e-19,-1.857566e-17
1.956,1.57079633,1.9085072,1.50424586e-16,1.33038408e-15,-5.91237565e-14,-7.83982668e-16,0,-0,0,0,0,4.73432168e-33,-1.17930268e-31,0,-1.95278738e-30,1,6.37194751e-20,-1.54758787e-17
1.958,1.57079633,1.9085072,9.74262838e-17,8.03177375e-16,-1.13753609e-13,-6.39533134e-16,0,-0,0,0,0,1.72617031e-33,-6.23073366e-32,0,-8.51358832e-31,1,3.0480343e-19,-1.34979528e-17
1.96,1.57079633,1.9085072,-2.94497277e-16,9.14141446e-16,8.8021805e-13,1.34427876e-15,0,-0,0,0,0,2.27339781e-33,-3.95886434e-31,0,1.03851207e-30,1,2.56415249e-19,-1.2129608e-17
1.962,1.57079633,1.9085072,-2.80072494e-16,1.21341361e-15,9.62487606e-13,1.36867768e-15,0,-0,0,0,0,3.96830334e-33,-3.83328972e-31,0,1.16031381e-30,1,6.33695698e-20,-1.01623877e-17
1.964,1.57079633,1.9085072,-1.49301799e-16,1.82443878e-15,8.74309398e-13,8.76670033e-16,0,-0,0,0,0,8.893372e-33,-1.30888413e-31,0,3.81406576e-30,1,-2.60322076e-19,-7.10209588e-18
1.966,1.57079633,1.9085072,-3.0830368e-16,2.63416225e-15,1.52117485e-12,1.82242849e-15,0,-0,0,0,0,1.85636391e-32,-5.61861408e-31,0,1.76549302e-30,1,-5.61820177e-19,-2.61081431e-18
1.968,1.57079633,1.9085072,-2.47424926e-16,3.45097159e-15,1.65825671e-12,1.662734e-15,0,-0,0,0,0,3.18100085e-32,-4.11401838e-31,0,1.98106056e-29,1,-8.51218747e-19,3.49102706e-18
1.97,1.57079633,1.9085072,2.52577897e-16,3.72676694e-15,4.9445786e-13,-8.1802199e-16,0,-0,0,0,0,3.70937618e-32,-2.06614274e-31,0,-1.01389162e-29,1,-8.89734988e-19,1.13186463e-17
1.972,1.57079633,1.9085072,3.45528137e-16,2.55830822e-15,-1.76326629e-13,-1.62854121e-15,0,-0,0,0,0,1.75248128e-32,-5.62706809e-31,0,-7.44080482e-30,1,-1.98198947e-19,1.73445853e-17
1.974,1.57079633,1.9085072,2.17771974e-16,1.5174941e-15,-2.42665448e-13,-1.25974903e-15,0,-0,0,0,0,6.16869031e-33,-2.74338033e-31,0,-3.07714257e-30,1,3.41778328e-19,2.11069379e-17
1.976,1.57079633,1.9085072,9.31331017e-17,8.34350547e-16,-1.67892297e-13,-7.73236832e-16,0,-0,0,0,0,1.86197721e-33,-7.20139445e-32,0,-1.02295298e-30,1,6.15142647e-19,2.32344027e-17
1.978,1.57079633,1.9085072,-3.39859192e-16,9.38118838e-16,9.3564038e-13,1.4398884e-15,0,-0,0,0,0,2.4063374e-33,-4.89359307e-31,0,1.1770581e-30,1,5.18815125e-19,2.46232338e-17
1.98,1.57079633,1.9085072,-3.17967461e-16,1.24430672e-15,1.01380928e-12,1.45368532e-15,0,-0,0,0,0,4.18227302e-33,-4.6222463e-31,0,1.30220667e-30,1,2.72303974e-19,2.6632132e-17
1.982,1.57079633,1.9085072,-3.14740786e-16,1.67380003e-15,1.16937113e-12,1.5650605e-15,0,-0,0,0,0,7.5256583e-33,-4.92588371e-31,0,1.5285913e-30,1,1.7286863e-20,2.9404932e-17
1.984,1.57079633,1.9085072,-9.37521405e-17,2.15958148e-15,1.21273143e-12,5.95538786e-16,0,-0,0,0,0,1.24495805e-32,-5.5833036e-32,0,6.380328e-30,1,-2.53556168e-19,3.32910613e-17
1.986,1.57079633,1.9085072,-2.02104675e-16,3.31727529e-15,1.46474167e-12,1.37087098e-15,0,-0,0,0,0,2.9385127e-32,-2.77059435e-31,0,-7.13748157e-31,1,-7.20695215e-19,3.91473557e-17
1.988,1.57079633,1.9085072,2.67390923e-16,2.74665346e-15,1.06647518e-13,-1.13733352e-15,0,-0,0,0,0,2.01670388e-32,-3.0411266e-31,0,-6.97581993e-30,1,-3.99242194e-19,4.52444105e-17
1.99,1.57079633,1.9085072,2.40503447e-16,1.76591949e-15,-1.89499241e-13,-1.26939569e-15,0,-0,0,0,0,8.35053672e-33,-3.05294039e-31,0,-3.81663592e-30,1,1.3375691e-19,4.94979343e-17
1.992,1.57079633,1.9085072,1.28643994e-16,1.01494764e-15,-1.78151666e-13,-8.80784521e-16,0,-0,0,0,0,2.75713443e-33,-1.13307639e-31,0,-1.4336772e-30,1,4.751291e-19,5.20432797e-17
1.994,1.57079633,1.9085072,4.10206043e-17,5.49453102e-16,-1.27231406e-13,-5.13503826e-16,0,-0,0,0,0,8.06450264e-34,-2.10642372e-32,0,2.47195792e-30,1,6.16801609e-19,5.34519934e-17
1.996,1.57079633,1.9085072,3.14924696e-17,8.78827355e-16,1.11244554e-13,-3.40727412e-16,0,-0,0,0,0,2.06145415e-33,-1.07303476e-32,0,3.95974791e-30,1,3.66530128e-19,5.54055341e-17
1.998,1.57079633,1.9085072,2.19643429e-17,1.31068906e-15,3.89715744e-13,-1.66441298e-16,0,-0,0,0,0,4.58441627e-33,-3.65577374e-33,0,6.23327241e-30,1,1.13239168e-19,5.80970299e-17
2,1.57079633,1.9085072,1.84438567e-16,1.64528672e-15,-3.34233438e-14,-8.8458921e-16,0,-0,0,0,0,7.24050961e-33,-1.63152366e-31,0,-2.83750875e-30,1,-7.52072483e-20,6.16825196e-17
