time,input_angle,output_angle,input_velocity,output_velocity,input_acceleration,input_torque,output_torque,static_reference_torque,deflection_m,span_error_m,closure_m,kinetic_J,input_power_W,output_power_W,equality_power_W,rows,q0,q1,q2
0,1.57079633,1.9085072,0,0,-1.56393939e-12,0,-0,0,0,0,6.28190294e-17,0,0,-0,0,2,0,0,0
0.002,1.57079633,1.9085072,8.30771332e-09,3.82530609e-09,4.27793146e-05,1.7245358e-07,-3.82530609e-09,1.78877012e-09,-7.06101844e-15,7.04991621e-15,7.29904634e-15,1.37044861e-19,1.4326949e-15,-1.46329667e-17,-6.66195668e-18,2,4.92336061e-12,-5.58361306e-12,2.26696689e-12
0.004,1.57079633,1.9085072,3.76428717e-07,1.73347705e-07,0.000636033868,2.61859473e-06,-1.73347705e-07,8.10599692e-08,-4.86322094e-13,4.8605564e-13,4.99451959e-13,2.81382981e-16,9.85714253e-13,-3.00494267e-14,-4.76357155e-15,2,3.41534568e-10,-3.87321495e-10,1.57275308e-10
0.006,1.57079633,1.9085072,2.98436177e-06,1.37451237e-06,0.00289665528,1.21999936e-05,-1.37451237e-06,6.42742461e-07,-5.28808108e-12,5.28638244e-12,5.42517852e-12,1.76878222e-14,3.64091946e-11,-1.88928425e-12,-1.8262501e-13,2,3.74258499e-09,-4.24415384e-09,1.72364819e-09
0.008,1.57079635,1.90850721,1.20844025e-05,5.56664723e-06,0.00799217784,3.44929612e-05,-5.56664723e-06,2.6030472e-06,-2.74892109e-11,2.74805734e-11,2.8165771e-11,2.90045619e-13,4.16826825e-10,-3.09875614e-11,-2.16700368e-12,2,1.96254015e-08,-2.22546423e-08,9.03968402e-09
0.01,1.5707964,1.90850723,3.39475552e-05,1.56407723e-05,0.0165734646,7.34497381e-05,-1.56407723e-05,7.31385832e-06,-9.51251078e-11,9.50953205e-11,9.73498775e-11,2.28919669e-12,2.49343904e-09,-2.44633757e-10,-1.34209129e-11,2,6.8580191e-08,-7.77648809e-08,3.1593494e-08
0.012,1.57079651,1.90850729,7.55668133e-05,3.48234983e-05,0.0285025552,0.000130033394,-3.48234983e-05,1.62839878e-05,-2.53669352e-10,2.53589982e-10,2.5930789e-10,1.13444769e-11,9.82620921e-09,-1.21267604e-09,-5.47020445e-11,2,1.84886805e-07,-2.09639728e-07,8.51874813e-08
0.014,1.57079674,1.90850739,0.000143109658,6.59648715e-05,0.0429710188,0.000202355968,-6.59648715e-05,3.0846162e-05,-5.6391869e-10,5.63742386e-10,5.75834605e-10,4.06932682e-11,2.89590933e-08,-4.35136427e-09,-1.66512451e-10,2,4.16001611e-07,-4.7167799e-07,1.91708974e-07
0.016,1.57079715,1.90850758,0.000240856423,0.000111049183,0.0589135902,0.000287098964,-0.000111049183,5.19282701e-05,-1.09620202e-09,1.09585946e-09,1.11822687e-09,1.1528421e-10,6.91496295e-08,-1.23319211e-08,-4.09783323e-10,2,8.19456969e-07,-9.29094289e-07,3.77709342e-07
0.018,1.57079779,1.90850787,0.000371060063,0.000171129458,0.0754951465,0.000381425029,-0.000171129458,8.00227325e-05,-1.92345233e-09,1.92285116e-09,1.9602164e-09,2.73663097e-10,1.41531595e-07,-2.92852915e-08,-8.61470893e-10,2,1.45875646e-06,-1.65386349e-06,6.72519197e-07
0.02,1.57079873,1.90850831,0.000534691527,0.000246669537,0.0924381982,0.000484444594,-0.000246669537,0.000115346465,-3.11596113e-09,3.11498738e-09,3.17266893e-09,5.68346935e-10,2.5902842e-07,-6.08458603e-08,-1.6116171e-09,2,2.40013908e-06,-2.72105189e-06,1.10676154e-06
0.022,1.57080004,1.90850891,0.000732629121,0.000338090845,0.110056039,0.000597604454,-0.000338090845,0.000158096559,-4.73959565e-09,4.73811451e-09,4.82184306e-09,1.06722831e-09,4.37822426e-07,-1.14305419e-07,-2.7679514e-09,2,3.71147935e-06,-4.20757136e-06,1.71184639e-06
0.024,1.57080179,1.90850972,0.000966690869,0.0004462474,0.129006882,0.000723929805,-0.0004462474,0.000208672405,-6.85749653e-09,6.85535373e-09,6.97119553e-09,1.85843403e-09,6.99816332e-07,-1.99136742e-07,-4.46768066e-09,2,5.46346107e-06,-6.19351176e-06,2.5205112e-06
0.026,1.57080406,1.90851077,0.00124004415,0.00057261461,0.14991181,0.000866588918,-0.00057261461,0.000267763981,-9.53369783e-09,9.53071916e-09,9.68511553e-09,3.05863732e-09,1.07460852e-06,-3.27887492e-07,-6.88991612e-09,2,7.73208748e-06,-8.76498807e-06,3.56797661e-06
0.028,1.57080693,1.9085121,0.00155686358,0.000719132193,0.17302755,0.00102751433,-0.000719132193,0.000336278406,-1.28364113e-08,1.28324014e-08,1.30322757e-08,4.82207417e-09,1.59969964e-06,-5.17151111e-07,-1.02608331e-08,2,1.06010607e-05,-1.20168385e-05,4.89304275e-06
0.03,1.57081049,1.90851374,0.00192146945,0.000887807901,0.198119884,0.00120671216,-0.000887807901,0.00041515464,-1.68391378e-08,1.68338783e-08,1.70867395e-08,7.34641483e-09,2.31866055e-06,-7.88202869e-07,-1.48471566e-08,2,1.41627684e-05,-1.60537425e-05,6.53854527e-06
0.032,1.57081484,1.90851575,0.0023373956,0.00108028839,0.22457554,0.00140250725,-0.00108028839,0.000505162825,-2.16189935e-08,2.16122425e-08,2.19262196e-08,1.08729008e-08,3.27821428e-06,-1.16702301e-06,-2.09396943e-08,2,1.85173835e-05,-2.09891982e-05,8.55094269e-06
0.034,1.5708201,1.90851818,0.00280682178,0.00129759749,0.251676156,0.00161251324,-0.00129759749,0.000606781902,-2.72530167e-08,2.72445085e-08,2.76282925e-08,1.56812485e-08,4.52603728e-06,-1.68375926e-06,-2.88347439e-08,2,2.37704989e-05,-2.69428405e-05,1.09792291e-05
0.036,1.57082636,1.90852108,0.00333059191,0.00154014402,0.278890845,0.00183480319,-0.00154014402,0.000720203259,-3.38141026e-08,3.38035492e-08,3.42662606e-08,2.20832055e-08,6.11098067e-06,-2.3720436e-06,-3.8823821e-08,2,3.00303482e-05,-3.40372885e-05,1.38736552e-05
0.038,1.57083373,1.90852449,0.00390874603,0.00180796598,0.3060502,0.00206871819,-0.00180796598,0.000845444945,-4.13682351e-08,4.13553287e-08,4.19063594e-08,3.04201573e-08,8.08609401e-06,-3.26874099e-06,-5.119838e-08,2,3.74057374e-05,-4.23958016e-05,1.72847746e-05
0.04,1.57084233,1.90852847,0.00454126358,0.00210107239,0.333333662,0.00231497724,-0.00210107239,0.0009825115,-4.9973936e-08,4.99583511e-08,5.06072398e-08,4.10682804e-08,1.05129218e-05,-4.4145052e-06,-6.62670354e-08,2,4.60053632e-05,-5.21415075e-05,2.12631288e-05
0.042,1.57085227,1.90853306,0.00522864972,0.0024197131,0.361095619,0.00257511017,-0.0024197131,0.00113152015,-5.96837473e-08,5.9665143e-08,6.04215152e-08,5.445001e-08,1.34643491e-05,-5.8550115e-06,-8.43739529e-08,2,5.59384743e-05,-6.33981531e-05,2.58595487e-05
0.044,1.57086364,1.90853833,0.00597210738,0.00276445821,0.389627543,0.00285054612,-0.00276445821,0.00129273794,-7.05466618e-08,7.05246834e-08,7.13982584e-08,7.10458663e-08,1.70237675e-05,-7.64222919e-06,-1.05904781e-07,2,6.73162129e-05,-7.62916264e-05,3.11257702e-05
0.046,1.57087658,1.90854432,0.00677325639,0.00313606909,0.418973021,0.00314181532,-0.00313606909,0.00146652144,-8.26101062e-08,8.25843855e-08,8.35850207e-08,9.13991281e-08,2.12803207e-05,-9.83492934e-06,-1.31272495e-07,2,8.02527212e-05,-9.0951211e-05,3.71149421e-05
0.048,1.57089119,1.90855108,0.00763357506,0.00353524151,0.448875855,0.00344822161,-0.00353524151,0.00165319664,-9.59204505e-08,9.58906065e-08,9.70283323e-08,1.1610875e-07,2.63222585e-05,-1.24979325e-05,-1.60886246e-07,2,9.48652994e-05,-0.000107509765,4.38816978e-05
0.05,1.5709076,1.90855868,0.00855384965,0.00396235216,0.47887159,0.00376808866,-0.00396235216,0.00185294041,-1.10521817e-07,1.10487457e-07,1.11772471e-07,1.4581183e-07,3.22316638e-05,-1.57002347e-05,-1.95115764e-07,2,0.000111273411,-0.000126102592,5.14816962e-05
0.052,1.57092592,1.90856717,0.00953388453,0.00441732502,0.508465324,0.00409940658,-0.00441732502,0.00206571801,-1.26453794e-07,1.26414516e-07,1.27857119e-07,1.81162638e-07,3.90832689e-05,-1.95127603e-05,-2.34267006e-07,2,0.00012959688,-0.000146865398,5.99707915e-05
0.054,1.57094628,1.90857661,0.010572579,0.00489966626,0.537304735,0.00444053843,-0.00489966626,0.00229129943,-1.43749101e-07,1.43704494e-07,1.4531499e-07,2.22817406e-07,4.69479434e-05,-2.40067295e-05,-2.78579596e-07,2,0.000149953971,-0.000169932112,6.94041457e-05
0.056,1.57096879,1.90858704,0.0116682964,0.00540863388,0.565268875,0.00479065402,-0.00540863388,0.00252933867,-1.62432202e-07,1.62381851e-07,1.64170433e-07,2.71431226e-07,5.58987711e-05,-2.92533204e-05,-3.28245326e-07,2,0.000172460003,-0.000195433318,7.983559e-05
0.058,1.57099355,1.90859852,0.0128193239,0.00594344914,0.592440561,0.00514971886,-0.00594344914,0.00277947268,-1.825193e-07,1.82462791e-07,1.84439451e-07,3.27666668e-07,6.60159142e-05,-3.53245877e-05,-3.83435299e-07,2,0.000197226862,-0.000223495698,9.13173945e-05
0.06,1.57102069,1.9086111,0.0140242008,0.00650344774,0.618987339,0.00551809035,-0.00650344774,0.003041392,-2.04019512e-07,2.03956429e-07,2.0613091e-07,3.92206591e-07,7.7386807e-05,-4.22948325e-05,-4.44317933e-07,2,0.00022436329,-0.000254242365,0.0001039004
0.062,1.5710503,1.90862484,0.0152817767,0.00708810683,0.645015741,0.00589594902,-0.00708810683,0.00331485342,-2.26936469e-07,2.26866399e-07,2.29248185e-07,4.65760292e-07,9.01005762e-05,-5.02412584e-05,-5.11054361e-07,2,0.000253975507,-0.000287793573,0.000117634303
0.064,1.57108249,1.90863977,0.0165910019,0.00769694861,0.670469156,0.00628284597,-0.00769694861,0.00359963493,-2.51269505e-07,2.51192042e-07,2.53790361e-07,5.49054638e-07,0.000104238709,-5.92430178e-05,-5.83769534e-07,2,0.000286167611,-0.000324267157,0.000132567831
0.066,1.57111737,1.90865595,0.0179505744,0.00832937803,0.695112173,0.00667756422,-0.00832937803,0.00389545974,-2.77013879e-07,2.76928623e-07,2.79752452e-07,6.42809189e-07,0.000119866113,-6.93785383e-05,-6.62510275e-07,2,0.00032104134,-0.000363778275,0.000148748637
0.068,1.57115502,1.90867342,0.0193586235,0.00898453697,0.718599773,0.0070783263,-0.00898453697,0.00420192817,-3.04159981e-07,3.0406654e-07,3.07124575e-07,7.47702565e-07,0.000137026654,-8.07219045e-05,-7.4720867e-07,2,0.000358695156,-0.000406438366,0.000166222874
0.07,1.57119555,1.90869224,0.0208125726,0.00966124111,0.740590678,0.00748321676,-0.00966124111,0.00451848805,-3.32691958e-07,3.32589952e-07,3.35890552e-07,8.64342027e-07,0.000155744992,-9.33395798e-05,-8.37666949e-07,2,0.000399222903,-0.000452353623,0.000185034569
0.072,1.57123904,1.90871243,0.022309229,0.0103580207,0.760847949,0.00789060261,-0.0103580207,0.0048444538,-3.62586443e-07,3.62475505e-07,3.66026612e-07,9.93246746e-07,0.000176033261,-0.000107288594,-9.33569478e-07,2,0.000442712467,-0.000501623484,0.000205225014
0.074,1.57128557,1.90873403,0.0238450354,0.0110732365,0.77928176,0.00829935823,-0.0110732365,0.00517906055,-3.93811937e-07,3.93691716e-07,3.97500772e-07,1.13484821e-06,0.000197898491,-0.000122616566,-1.03451403e-06,2,0.000489244851,-0.000554339576,0.000226832327
0.076,1.57133522,1.90875709,0.0254163531,0.0118052096,0.79592068,0.00870881195,-0.0118052096,0.00552152507,-4.26329057e-07,4.26199223e-07,4.30273105e-07,1.2895022e-06,0.00022134624,-0.000139362974,-1.14004502e-06,2,0.000538893801,-0.000610585291,0.000249891277
0.078,1.57138805,1.90878164,0.0270196441,0.012552306,0.810832315,0.00911846879,-0.012552306,0.00587108495,-4.6009145e-07,4.59951692e-07,4.64296677e-07,1.45750037e-06,0.000246377781,-0.000157560386,-1.24967077e-06,2,0.000591725895,-0.000670435897,0.000274433328
0.08,1.57144413,1.90880769,0.0286514813,0.0133129406,0.824035406,0.00952766196,-0.0133129406,0.00622700084,-4.95046876e-07,4.94896909e-07,4.99518651e-07,1.63906979e-06,0.000272981629,-0.000177234387,-1.3628558e-06,2,0.000647800786,-0.000733958804,0.000300486742
0.082,1.5715035,1.90883528,0.0303084018,0.0140855103,0.83544504,0.00993530267,-0.0140855103,0.00658852491,-5.31137974e-07,5.30977538e-07,5.35881066e-07,1.83435459e-06,0.000301123145,-0.000198401601,-1.4789921e-06,2,0.00070717126,-0.000801213635,0.0003280766
0.084,1.57156621,1.90886443,0.0319866908,0.0148682946,0.844873002,0.0103398348,-0.0148682946,0.00695485433,-5.68302394e-07,5.68131256e-07,5.73320957e-07,2.04338347e-06,0.000330737098,-0.000221066186,-1.59736443e-06,2,0.000769882895,-0.000872251842,0.000357224648
0.086,1.5716323,1.90889515,0.0336822067,0.0156593746,0.852077472,0.0107393951,-0.0156593746,0.00732509349,-6.0647234e-07,6.06290297e-07,6.11769889e-07,2.26603442e-06,0.000361726524,-0.000245216013,-1.71712794e-06,2,0.000835973328,-0.000947115867,0.000387948952
0.088,1.5717018,1.90892747,0.0353903259,0.0164566078,0.856834066,0.011132085,-0.0164566078,0.00769824214,-6.4557383e-07,6.45380708e-07,6.51153197e-07,2.50200949e-06,0.000393968115,-0.000270819941,-1.83731011e-06,2,0.000905471304,-0.00102583808,0.000420263459
0.09,1.57177472,1.90896138,0.0371060262,0.0172576662,0.858993233,0.0115162171,-0.0172576662,0.00807321303,-6.85526089e-07,6.85321746e-07,6.91389364e-07,2.75082788e-06,0.000427321052,-0.000297827041,-1.95683749e-06,2,0.000978395803,-0.00110843976,0.000454177589
0.092,1.57185108,1.9089969,0.0388240569,0.0180601142,0.858499005,0.0118904269,-0.0180601142,0.00844886865,-7.26241384e-07,7.26025715e-07,7.32389869e-07,3.01183668e-06,0.00046163461,-0.000326167726,-2.0745758e-06,2,0.00105475544,-0.00119493048,0.000489695956
0.094,1.57193088,1.90903402,0.0405391139,0.01886149,0.855364531,0.012253613,-0.01886149,0.00882405878,-7.67625407e-07,7.67398341e-07,7.74059571e-07,3.28423019e-06,0.000496750613,-0.000355755805,-2.18936666e-06,2,0.00113454826,-0.00128530776,0.000526818264
0.096,1.57201409,1.90907274,0.0422459413,0.0196593515,0.849620313,0.0126047524,-0.0196593515,0.00919764243,-8.09578008e-07,8.09339513e-07,8.16297466e-07,3.56706514e-06,0.000532499632,-0.000386490099,-2.30004673e-06,2,0.00121776171,-0.0013795572,0.000565539309
0.098,1.5721007,1.90911305,0.043939325,0.0204512738,0.841262026,0.0129426911,-0.0204512738,0.00956848644,-8.51993997e-07,8.51744078e-07,8.58997494e-07,3.85926231e-06,0.00056869311,-0.000418254601,-2.40544529e-06,2,0.00130437283,-0.00147765253,0.000605849033
0.1,1.57219067,1.90915493,0.0456139966,0.0212348054,0.830222168,0.0132660098,-0.0212348054,0.00993544478,-8.94763691e-07,8.94502393e-07,9.02049104e-07,4.15959262e-06,0.000605115724,-0.000450916961,-2.50436714e-06,2,0.00139434817,-0.00157955562,0.000647732501
0.102,1.57228397,1.90919837,0.0472645064,0.022007409,0.816376269,0.0135730214,-0.022007409,0.0102973312,-9.37773081e-07,9.37500487e-07,9.45337404e-07,4.46665467e-06,0.000641522159,-0.000484326052,-2.59557523e-06,2,0.00148764351,-0.00168521619,0.000691169778
0.104,1.57238053,1.90924334,0.0488851322,0.02276642,0.799577266,0.0138618887,-0.02276642,0.0106528995,-9.80903646e-07,9.80619882e-07,9.88742974e-07,4.77885547e-06,0.000677640259,-0.000518309879,-2.67778721e-06,2,0.00158420344,-0.00179457119,0.000736135699
0.106,1.57248029,1.9092898,0.0504698668,0.0235090404,0.779699283,0.0141307955,-0.0235090404,0.0110008407,-1.02403205e-06,1.02373728e-06,1.03214155e-06,5.09440505e-06,0.000713179368,-0.000552674981,-2.74969287e-06,2,0.00168396071,-0.00190754424,0.000782599599
0.108,1.57258316,1.90933773,0.0520124882,0.0242323712,0.756669687,0.0143780907,-0.0242323712,0.0113397982,-1.06702995e-06,1.06672438e-06,1.07540384e-06,5.41132956e-06,0.000747840275,-0.000587207813,-2.80998953e-06,2,0.00178683579,-0.00202404503,0.000830525087
0.11,1.57268906,1.90938707,0.0535066751,0.0249334653,0.730475862,0.0146023396,-0.0249334653,0.0116683926,-1.10976414e-06,1.10944801e-06,1.11839563e-06,5.72749871e-06,0.00078132264,-0.000621677694,-2.85742417e-06,2,0.00189273656,-0.00214396896,0.000879869903
0.112,1.57279789,1.90943779,0.0549461165,0.0256093784,0.701146291,0.0148022721,-0.0256093784,0.0119852452,-1.15209693e-06,1.15177053e-06,1.16097824e-06,6.04065809e-06,0.000813327368,-0.000655840261,-2.8908292e-06,2,0.00200155826,-0.00226719715,0.000930585888
0.114,1.57290951,1.90948982,0.0563245696,0.0262571952,0.668717413,0.0149766635,-0.0262571952,0.0122889906,-1.19388684e-06,1.1935505e-06,1.20300919e-06,6.34845538e-06,0.000843554127,-0.000689440299,-2.90914278e-06,2,0.00211318357,-0.00239359653,0.000982619032
0.116,1.57302381,1.90954311,0.0576358515,0.0268740261,0.633203121,0.0151242105,-0.0268740261,0.0125782747,-1.23498923e-06,1.23464332e-06,1.2443428e-06,6.64845475e-06,0.000871696751,-0.000722213279,-2.91141314e-06,2,0.00222748279,-0.00252301995,0.00103590953
0.118,1.57314064,1.90959759,0.0588737801,0.0274569799,0.594580773,0.0152434627,-0.0274569799,0.0128517426,-1.27525672e-06,1.27490165e-06,1.28483071e-06,6.93814041e-06,0.000897440273,-0.000753885748,-2.89679401e-06,2,0.00234431385,-0.00265530633,0.00109039179
0.12,1.57325985,1.9096532,0.0600321034,0.0280031315,0.552798512,0.0153328367,-0.0280031315,0.0131080225,-1.31453949e-06,1.31417568e-06,1.32432206e-06,7.21491701e-06,0.000920462437,-0.000784175372,-2.86454221e-06,2,0.00246352225,-0.00279028049,0.00114599442
0.122,1.57338127,1.90970984,0.061104457,0.0285095016,0.507798314,0.0153906985,-0.0285095016,0.0133457173,-1.35268521e-06,1.35231316e-06,1.36266354e-06,7.47611655e-06,0.000940440273,-0.000812791683,-2.81402626e-06,2,0.00258494083,-0.00292775294,0.0012026401
0.124,1.57350472,1.90976745,0.0620843717,0.0289730614,0.459542529,0.0154154717,-0.0289730614,0.0135634058,-1.38953911e-06,1.38915933e-06,1.39969934e-06,7.71901883e-06,0.000957059874,-0.000839438287,-2.74474909e-06,2,0.00270838959,-0.00306751966,0.00126024548
0.126,1.57363,1.90982592,0.0629653299,0.0293907576,0.408031294,0.0154057189,-0.0293907576,0.0137596548,-1.424944e-06,1.42455704e-06,1.43527125e-06,7.9408863e-06,0.000970026173,-0.00086381663,-2.65638055e-06,2,0.0028336755,-0.0032093619,0.00131872113
0.128,1.57375692,1.90988517,0.0637408448,0.0297595492,0.353303755,0.0153601639,-0.0297595492,0.0139330368,-1.45874057e-06,1.45834702e-06,1.46921895e-06,8.13900824e-06,0.000979069824,-0.000885630771,-2.54879131e-06,2,0.00296059254,-0.00335304622,0.00137797151
0.13,1.57388525,1.9099451,0.0644045296,0.0300764401,0.295424253,0.0152776517,-0.0300764401,0.0140821441,-1.49076785e-06,1.49036832e-06,1.50138041e-06,8.31074565e-06,0.000983949969,-0.000904592247,-2.42207933e-06,2,0.0030889218,-0.00349832464,0.00143789506
0.132,1.57401476,1.91000559,0.0649501329,0.0303384945,0.234461415,0.0151570725,-0.0303384945,0.0142055973,-1.52086376e-06,1.52045889e-06,1.53159255e-06,8.45356972e-06,0.000984453875,-0.000920424246,-2.27658468e-06,2,0.00321843179,-0.00364493491,0.00149838431
0.134,1.57414521,1.91006653,0.0653715324,0.030542835,0.17047059,0.0149972909,-0.030542835,0.0143020437,-1.54886568e-06,1.54845615e-06,1.55969175e-06,8.56509092e-06,0.00098039589,-0.000932864771,-2.11289338e-06,2,0.00334887869,-0.00379260086,0.00155932596
0.136,1.57427633,1.9101278,0.0656627018,0.0306866274,0.103487381,0.0147971124,-0.0306866274,0.0143701502,-1.57461085e-06,1.57419735e-06,1.58551426e-06,8.64308137e-06,0.00097161838,-0.000941669101,-1.93183624e-06,2,0.00348000653,-0.00394103263,0.00162060105
0.138,1.57440787,1.91018929,0.0658176741,0.0307670635,0.0335341074,0.0145553017,-0.0307670635,0.0144085957,-1.59793667e-06,1.59751993e-06,1.60889651e-06,8.68549688e-06,0.0009579961,-0.000946612197,-1.73448918e-06,2,0.00361154739,-0.00408992683,0.00168208497
0.14,1.57453955,1.91025085,0.0658305256,0.0307813544,-0.0393651426,0.0142706393,-0.0307813544,0.0144160674,-1.61868084e-06,1.6182616e-06,1.62967527e-06,8.69050501e-06,0.000939443683,-0.000947491776,-1.52217979e-06,2,0.00374322147,-0.00423896666,0.00174364751
0.142,1.57467106,1.91031235,0.0656953919,0.0307267375,-0.115168728,0.0139419884,-0.0307267375,0.0143912648,-1.63668153e-06,1.63626057e-06,1.64768776e-06,8.65652257e-06,0.000915924391,-0.000944132397,-1.29650046e-06,2,0.00387473718,-0.00438782201,0.00180515293
0.144,1.57480212,1.91037366,0.0654065112,0.0306004972,-0.193808329,0.0135683408,-0.0306004972,0.0143329089,-1.65177762e-06,1.65135571e-06,1.66277193e-06,8.58226114e-06,0.000887457835,-0.000936390427,-1.05932458e-06,2,0.00400579133,-0.00453614966,0.00186646
0.146,1.5749324,1.91043462,0.0649582784,0.0303999895,-0.275190017,0.0131488246,-0.0303999895,0.0142397541,-1.66380898e-06,1.66338694e-06,1.67476678e-06,8.46677594e-06,0.000854125007,-0.000924159363,-8.12820459e-07,2,0.00413606939,-0.00468359362,0.00192742217
0.148,1.57506157,1.91049509,0.0643452903,0.0301226635,-0.359203989,0.012682675,-0.0301226635,0.014110598,-1.67261701e-06,1.67219564e-06,1.6835128e-06,8.30951175e-06,0.000816070408,-0.000907374858,-5.59458717e-07,2,0.00426524587,-0.00482978549,0.00198788769
0.15,1.57518931,1.9105549,0.0635623673,0.0297660713,-0.445737599,0.0121691878,-0.0297660713,0.0139442865,-1.67804507e-06,1.67762522e-06,1.68885254e-06,8.1103421e-06,0.000773502387,-0.000886019003,-3.02011391e-07,2,0.00439298474,-0.00497434503,0.00204769985
0.152,1.57531527,1.9106139,0.0626045507,0.0293278674,-0.534685362,0.0116076785,-0.0293278674,0.0137397132,-1.67993899e-06,1.6795215e-06,1.69063102e-06,7.86960075e-06,0.000726693497,-0.000860123807,-4.35443946e-08,2,0.00451893991,-0.0051168806,0.00210669717
0.154,1.57543908,1.91067192,0.0614670854,0.0288058005,-0.625951665,0.010997468,-0.0288058005,0.0134958159,-1.67814746e-06,1.6777332e-06,1.68869615e-06,7.5881085e-06,0.000675982303,-0.000829774145,2.12593399e-07,2,0.00464275561,-0.00525698966,0.00216471359
0.156,1.57556039,1.91072878,0.0601454025,0.0281977063,-0.71944575,0.0103378993,-0.0281977063,0.0132115734,-1.67252233e-06,1.67211215e-06,1.68289906e-06,7.26719918e-06,0.000621777113,-0.000795110641,4.62781177e-07,2,0.00476406681,-0.00539425924,0.00222157868
0.158,1.57567883,1.91078432,0.0586351163,0.027501506,-0.815072136,0.00962837548,-0.027501506,0.0128860045,-1.6629188e-06,1.66251359e-06,1.67309428e-06,6.90874841e-06,0.000564560916,-0.000756332834,7.03135724e-07,2,0.00488249956,-0.0055282663,0.00227711777
0.16,1.575794,1.91083835,0.0569320417,0.0267152148,-0.912721437,0.00886840005,-0.0267152148,0.0125181724,-1.64919573e-06,1.64879638e-06,1.65914002e-06,6.51520554e-06,0.000504896122,-0.000713702703,9.29520058e-07,2,0.00499767139,-0.00565857819,0.00233115214
0.162,1.57590552,1.9108907,0.0550322257,0.0258369566,-1.01226584,0.00805760238,-0.0258369566,0.0121071916,-1.63121584e-06,1.63082324e-06,1.64089843e-06,6.08962698e-06,0.000443427793,-0.000667548327,1.13755324e-06,2,0.00510919174,-0.00578475313,0.00238349926
0.164,1.57601299,1.91094118,0.0529319844,0.0248649813,-1.1135609,0.00719573866,-0.0248649813,0.011652236,-1.60884612e-06,1.60846118e-06,1.61823597e-06,5.63570712e-06,0.000380884727,-0.000618267295,1.32262364e-06,2,0.00521666248,-0.00590634084,0.00243397298
0.166,1.57611601,1.91098959,0.0506279313,0.0237976784,-1.21645225,0.00628267167,-0.0237976784,0.0111525456,-1.58195819e-06,1.58158182e-06,1.59102382e-06,5.1578035e-06,0.000318078669,-0.000566329497,1.47990695e-06,2,0.00531967848,-0.00602288309,0.00248238383
0.168,1.57621416,1.91103574,0.0481169912,0.0226335836,-1.32078366,0.00531834167,-0.0226335836,0.0106074294,-1.55042877e-06,1.5500619e-06,1.55913833e-06,4.66095466e-06,0.000255902599,-0.000512279107,1.60438893e-06,2,0.00541782821,-0.00613391451,0.0025285393
0.17,1.57630702,1.91107945,0.0453963991,0.0213713787,-1.42640273,0.00430274384,-0.0213713787,0.0100162657,-1.51414005e-06,1.5137836e-06,1.52246139e-06,4.15089106e-06,0.000195329076,-0.000456735825,1.69089165e-06,2,0.00551069442,-0.00623896318,0.00257224413
0.172,1.57639418,1.9111205,0.042463691,0.0200098874,-1.53316182,0.00323592268,-0.0200098874,0.00937850033,-1.47298004e-06,1.47263496e-06,1.48088087e-06,3.63404122e-06,0.000137409221,-0.000400395594,1.7341019e-06,2,0.00559785465,-0.00633755141,0.00261330062
0.174,1.57647521,1.91115871,0.0393166966,0.0185480728,-1.64091445,0.00211798503,-0.0185480728,0.00869364512,-1.42684283e-06,1.42651006e-06,1.43429082e-06,3.11753511e-06,8.32721748e-05,-0.000344031005,1.72860087e-06,2,0.00567888193,-0.00642919634,0.00265150888
0.176,1.57654967,1.91119387,0.0359535408,0.016985038,-1.74950943,0.000949124445,-0.016985038,0.00796127886,-1.37562884e-06,1.37530934e-06,1.3825918e-06,2.60920582e-06,3.41243845e-05,-0.000288491517,1.66889513e-06,2,0.00575334528,-0.00651341064,0.00268666711
0.178,1.57661714,1.91122577,0.0323726581,0.0153200331,-1.85878561,-0.000270354838,-0.0153200331,0.00718105033,-1.31924506e-06,1.3189398e-06,1.32569116e-06,2.11758891e-06,-8.75210471e-06,-0.000234703415,1.5494494e-06,2,0.00582081039,-0.00658970317,0.00271857191
0.18,1.57667717,1.91125422,0.028572814,0.0135524655,-1.96856986,-0.00154002477,-0.0135524655,0.00635268341,-1.25760529e-06,1.25731527e-06,1.26350334e-06,1.6519177e-06,-4.40028412e-05,-0.000183669322,1.36472167e-06,2,0.00588084019,-0.0066575797,0.00274701858
0.182,1.57672932,1.911279,0.0245531285,0.0116819111,-2.07867896,-0.0028593356,-0.0116819111,0.00547598228,-1.19063047e-06,1.19035671e-06,1.19595028e-06,1.22211245e-06,-7.02056343e-05,-0.000136467046,1.10920074e-06,2,0.00593299561,-0.0067165437,0.00277180144
0.184,1.57677316,1.91129992,0.0203130932,0.009708122,-2.18892409,-0.00422763019,-0.009708122,0.00455083541,-1.11824899e-06,1.11799251e-06,1.12296194e-06,8.38762381e-07,-8.58762459e-05,-9.42476327e-05,7.77445678e-07,2,0.00597683627,-0.00676609717,0.00279271417
0.186,1.57680825,1.91131675,0.0158525781,0.00763103088,-2.29911588,-0.00564416229,-0.00763103088,0.00357721734,-1.04039703e-06,1.04015888e-06,1.04447684e-06,5.13100459e-07,-8.94745237e-05,-5.82326322e-05,3.6412631e-07,2,0.00601192126,-0.00680574146,0.00280955018
0.188,1.57683414,1.91132931,0.0111718306,0.00545074988,-2.40906762,-0.00710810953,-0.00545074988,0.00255518856,-9.57018835e-07,9.56800087e-07,9.60442798e-07,2.56971937e-07,-7.94105957e-05,-2.97106742e-05,-1.35935709e-07,2,0.00603780985,-0.00683497814,0.002822103
0.19,1.57685039,1.91133737,0.00627146896,0.00316756841,-2.51859549,-0.00861857548,-0.00316756841,0.00148489444,-8.68066986e-07,8.67868755e-07,8.70817989e-07,8.27979148e-08,-5.40511286e-05,-1.00334896e-05,-7.27725386e-07,2,0.00605406231,-0.00685330982,0.00283016657
0.192,1.57685657,1.91134074,0.0011524782,0.000781951331,-2.62751612,-0.0101745808,-0.000781951331,0.000366564493,-7.7350261e-07,7.73326039e-07,7.75572572e-07,3.53453751e-09,-1.17259826e-05,-6.11447883e-07,-1.41599195e-06,2,0.00606024058,-0.006860241,0.00283353565
0.194,1.57685224,1.91133921,-0.0041837881,-0.00170545998,-2.73564307,-0.0117750487,0.00170545998,-0.000799487058,-6.73295559e-07,6.73141829e-07,6.74691917e-07,3.26276886e-08,4.92643085e-05,-2.90859374e-06,-2.205205e-06,2,0.00605590902,-0.00685527884,0.00283200613
0.196,1.57683696,1.91133258,-0.00973559935,-0.00429384353,-2.84278398,-0.0134187912,0.00429384353,-0.00201285929,-5.67424589e-07,5.67294924e-07,5.68183698e-07,1.83962329e-07,0.000130639975,-1.84370923e-05,-3.09950911e-06,2,0.00604063521,-0.00683793407,0.00282537543
0.198,1.57681032,1.91132064,-0.0155008353,-0.00698219066,-2.94873991,-0.0151045042,0.00698219066,-0.00327306166,-4.5587755e-07,4.55773222e-07,4.56096399e-07,4.71805593e-07,0.000234132432,-4.87509864e-05,-4.10267763e-06,2,0.00601399063,-0.00680772179,0.00281344284
0.2,1.57677188,1.91130321,-0.0214769734,-0.00976930015,-3.05330689,-0.0168307707,0.00976930015,-0.00457951124,-3.38651591e-07,3.38573925e-07,3.38579296e-07,9.10743267e-07,0.000361474015,-9.54392254e-05,-5.21806672e-06,2,0.00597555152,-0.00676416238,0.0027960099
0.202,1.57672123,1.91128008,-0.0276610816,-0.0126537745,-3.15627906,-0.0185960716,0.0126537745,-0.00593153089,-2.15753374e-07,2.15703754e-07,2.16158151e-07,1.51561007e-06,0.000514387454,-0.000160118009,-6.44857123e-06,2,0.00592489968,-0.00670678242,0.00277288081
0.204,1.57665795,1.91125106,-0.0340498163,-0.0156340192,-3.25745178,-0.020398798,0.0156340192,-0.00732834892,-8.71992719e-08,8.7179147e-08,9.2385696e-08,2.30141474e-06,0.000694575323,-0.000244422558,-7.79658308e-06,2,0.00586162329,-0.00663511562,0.00274386278
0.206,1.57658164,1.91121597,-0.0406394268,-0.0187082447,-3.35662348,-0.0222372594,0.0187082447,-0.00876909992,4.6984454e-08,-4.69735644e-08,6.70116538e-08,3.28326099e-06,0.000903709478,-0.000349998418,-9.26395232e-06,2,0.00578531772,-0.00654870369,0.0027087665
0.208,1.57649191,1.91117461,-0.047425762,-0.0218744687,-3.45359564,-0.0241096854,0.0218744687,-0.0102528261,1.86761519e-07,-1.86718018e-07,1.97922571e-07,4.47626493e-06,0.0011434202,-0.000478492383,-1.08519501e-05,2,0.00569558634,-0.0064470973,0.00266740644
0.21,1.57638837,1.9111268,-0.0544042748,-0.0251305196,-3.54817126,-0.0260142205,0.0251305196,-0.0117784784,3.32085508e-07,-3.32007714e-07,3.42503433e-07,5.89546901e-06,0.0014152848,-0.000631543016,-1.25612324e-05,2,0.00559204133,-0.00632985693,0.00261960129
0.212,1.57627063,1.91107238,-0.0615700244,-0.0284740361,-3.64015283,-0.0279489164,0.0284740361,-0.013344917,4.82899795e-07,-4.82785936e-07,4.93704596e-07,7.5557519e-06,0.00172081547,-0.000810770731,-1.43918048e-05,2,0.00547430445,-0.00619655375,0.00256517433
0.214,1.57613833,1.91101116,-0.0689176732,-0.0319024668,-3.72934085,-0.0299117262,0.0319024668,-0.0149509106,6.3913747e-07,-6.38985674e-07,6.50714503e-07,9.4717339e-06,0.00206144657,-0.00101776739,-1.6342987e-05,2,0.00534200782,-0.00604677056,0.00250395378
0.216,1.57599112,1.91094298,-0.0764414834,-0.0354130684,-3.81553381,-0.0319005032,0.0354130684,-0.0165951359,8.00721262e-07,-8.00529552e-07,8.13259555e-07,1.1657678e-05,0.00243852179,-0.00125408542,-1.84133805e-05,2,0.00519479477,-0.00588010259,0.00243577321
0.218,1.57582865,1.91086767,-0.0841353132,-0.039002904,-3.8985295,-0.0339130061,0.039002904,-0.018276177,9.67563468e-07,-9.67329752e-07,9.81177596e-07,1.41273875e-05,0.00285328138,-0.00152122652,-2.0600839e-05,2,0.00503232058,-0.0056961585,0.00236047192
0.22,1.57565058,1.9107851,-0.0919926169,-0.0426688435,-3.97812711,-0.0359469072,0.0426688435,-0.0199925254,1.13956588e-06,-1.13928795e-06,1.15433562e-06,1.6894101e-05,0.00330685006,-0.00182063021,-2.29024448e-05,2,0.00485425334,-0.00549456121,0.00227789532
0.222,1.5754566,1.9106951,-0.10000645,-0.046407566,-4.0541292,-0.0379998023,0.046407566,-0.0217425813,1.31661974e-06,-1.31629524e-06,1.33260608e-06,1.99703877e-05,0.00380022531,-0.00215366218,-2.53144901e-05,2,0.00466027471,-0.00527494885,0.00218789534
0.224,1.57524641,1.91059753,-0.108169475,-0.0502155633,-4.12634281,-0.0400692165,0.0502155633,-0.0235246556,1.4986057e-06,-1.49823215e-06,1.51585833e-06,2.33680417e-05,0.00433426612,-0.0025216028,-2.78324648e-05,2,0.00445008075,-0.00503697561,0.00209033075
0.226,1.57501971,1.91049227,-0.116473974,-0.0540891446,-4.19457939,-0.0421526067,0.0540891446,-0.0253369721,1.68539382e-06,-1.6849686e-06,1.70395496e-06,2.70979776e-05,0.00490968162,-0.00292563556,-3.04510472e-05,2,0.00422338266,-0.00478031265,0.0019850676
0.228,1.57477623,1.91037918,-0.124911853,-0.0580244406,-4.25865384,-0.0442473601,0.0580244406,-0.0271776694,1.87684365e-06,-1.87636396e-06,1.89675014e-06,3.11701264e-05,0.00552701975,-0.00336683571,-3.31640991e-05,2,0.00397990755,-0.00450464888,0.00187197952
0.23,1.57451573,1.91025815,-0.133474651,-0.0620174067,-4.31838342,-0.0463507911,0.0620174067,-0.029044803,2.07280419e-06,-2.07226709e-06,2.09408876e-06,3.55933312e-05,0.00618665567,-0.00384615874,-3.59646627e-05,2,0.00371939918,-0.00420969187,0.00175094812
0.232,1.57423795,1.91012907,-0.142153542,-0.0660638252,-4.37358711,-0.0484601407,0.0660638252,-0.0309363461,2.27311403e-06,-2.2725164e-06,2.29580603e-06,4.03752427e-05,0.00688878065,-0.004364429,-3.88449616e-05,2,0.0034416187,-0.00389516863,0.00162186329
0.234,1.57394267,1.90999183,-0.150939339,-0.0701593073,-4.42408577,-0.0505725783,0.0701593073,-0.032850191,2.4776014e-06,-2.47693993e-06,2.50172724e-06,4.55222163e-05,0.00763339156,-0.0049223284,-4.17964054e-05,2,0.00314634534,-0.0035608264,0.00148462361
0.236,1.5736297,1.90984634,-0.1598225,-0.0742992961,-4.46970326,-0.0526852078,0.0742992961,-0.0347841508,2.68608422e-06,-2.68535541e-06,2.71166766e-06,5.1039211e-05,0.00842028163,-0.00552038541,-4.48096013e-05,2,0.00283337716,-0.00320643353,0.00133913659
0.238,1.57329886,1.90969252,-0.168793133,-0.0784790699,-4.51026778,-0.0547950748,0.0784790699,-0.036735961,2.89837022e-06,-2.89757038e-06,2.92543253e-06,5.69296925e-05,0.00924903234,-0.00615896442,-4.78743725e-05,2,0.00250253174,-0.00283178023,0.00118531912
0.24,1.57294997,1.9095303,-0.177841006,-0.0826937475,-4.54561321,-0.0568991751,0.0826937475,-0.0387032822,3.11425703e-06,-3.11338227e-06,3.1428171e-06,6.3195542e-05,0.0101190065,-0.00683825587,-5.09797835e-05,2,0.00215364689,-0.00243667932,0.0010230977
0.242,1.57258291,1.90935961,-0.18695556,-0.0869382941,-4.5755797,-0.0589944604,0.0869382941,-0.0406837037,3.33353231e-06,-3.33257851e-06,3.36360669e-06,6.9836971e-05,0.0110293423,-0.00755826699,-5.41141725e-05,2,0.00178658127,-0.00202096706,0.000852408791
0.244,1.57219754,1.9091804,-0.196125921,-0.0912075283,-4.60001367,-0.061077841,0.0912075283,-0.0426747463,3.55597392e-06,-3.55493676e-06,3.58757684e-06,7.68524423e-05,0.0119789478,-0.00831881323,-5.72651889e-05,2,0.00140121505,-0.00158450379,0.000673199105
0.246,1.57179378,1.90899263,-0.205340912,-0.0954961279,-4.61876722,-0.0631461878,0.0954961279,-0.0446738657,3.78135009e-06,-3.780225e-06,3.81449343e-06,8.42385976e-05,0.0129664958,-0.00911951044,-6.04198345e-05,2,0.000997450555,-0.00112717472,0.000485425902
0.248,1.57137154,1.90879626,-0.214589065,-0.0997986356,-4.63169758,-0.0651963326,0.0997986356,-0.0466784559,4.00941961e-06,-4.0082018e-06,4.04411291e-06,9.19901904e-05,0.0139904201,-0.00995976767,-6.35645088e-05,2,0.000575212812,-0.000648890503,0.000289057252
0.25,1.57093078,1.90859127,-0.223858629,-0.104109465,-4.63866685,-0.0672250703,0.104109465,-0.0486858515,4.23993205e-06,-4.2386165e-06,4.27618246e-06,0.000100100025,0.0150489121,-0.0108387807,-6.66850585e-05,2,0.000134450141,-0.000149587981,8.40723019e-05
0.252,1.57047146,1.90837766,-0.233137582,-0.108422905,-4.63954232,-0.0692291626,0.108422905,-0.050693331,4.47262799e-06,-4.47120943e-06,4.51044021e-06,0.000108558903,0.0161399195,-0.0117555264,-6.97668313e-05,2,-0.000324865294,0.000370769237,-0.000129538473
0.254,1.56999359,1.90815543,-0.242413639,-0.112733128,-4.63419721,-0.071205345,0.112733128,-0.0526981195,4.70723924e-06,-4.70571213e-06,4.74661548e-06,0.000117355581,0.0172611468,-0.0127087581,-7.27947364e-05,2,-0.000802736953,0.000912190149,-0.000351773025
0.256,1.56949718,1.90792458,-0.251674269,-0.117034191,-4.62251167,-0.0731503334,0.117034191,-0.0546973926,4.94348906e-06,-4.94184765e-06,4.98442902e-06,0.000126476731,0.0184100567,-0.0136970019,-7.57533116e-05,2,-0.00129914342,0.00147465577,-0.00058261751
0.258,1.56898229,1.90768516,-0.260906705,-0.121320051,-4.60437355,-0.0750608318,0.121320051,-0.05668828,5.18109248e-06,-5.17933075e-06,5.22359326e-06,0.000135906925,0.0195838743,-0.0147185547,-7.86267956e-05,2,-0.00181403792,0.00205811859,-0.00082204607
0.26,1.56844898,1.90743718,-0.270097963,-0.125584566,-4.57967877,-0.0769335376,0.125584566,-0.0586678698,5.41975653e-06,-5.41786822e-06,5.46381259e-06,0.000145628615,0.0207795918,-0.0157714832,-8.13992065e-05,2,-0.00234734786,0.00266250203,-0.00107002063
0.262,1.56789735,1.90718071,-0.279234857,-0.129821508,-4.54833129,-0.0787651461,0.129821508,-0.0606332126,5.65918058e-06,-5.65715917e-06,5.70478369e-06,0.000155622143,0.0219939743,-0.016853624,-8.40544235e-05,2,-0.00289897444,0.00328769998,-0.00132649074
0.264,1.56732753,1.90691581,-0.288304013,-0.134024569,-4.51024282,-0.080552353,0.134024569,-0.0625813263,5.89905665e-06,-5.89689538e-06,5.94619581e-06,0.000165865741,0.0232235666,-0.0179625851,-8.65762706e-05,2,-0.00346879223,0.00393357632,-0.00159139338
0.266,1.56673968,1.90664255,-0.297291888,-0.13818737,-4.46533246,-0.0822918578,0.13818737,-0.0645091992,6.13906972e-06,-6.13676161e-06,6.18773115e-06,0.000176335561,0.0244647018,-0.0190957491,-8.89486036e-05,2,-0.00405664887,0.00459996452,-0.00186465281
0.268,1.56613396,1.90636102,-0.306184781,-0.142303466,-4.41352668,-0.0839803671,0.142303466,-0.0664137951,6.37889813e-06,-6.37643594e-06,6.42906522e-06,0.000187005705,0.0257135103,-0.0202502765,-9.1155398e-05,2,-0.00466236468,0.00528666724,-0.00214618047
0.27,1.56551059,1.90607133,-0.314968852,-0.14636636,-4.35475958,-0.0856145999,0.14636636,-0.0682920565,6.6182139e-06,-6.61559019e-06,6.66986714e-06,0.000197848265,0.0269659322,-0.0214231112,-9.31808402e-05,2,-0.00528573242,0.005993456,-0.00243587484
0.272,1.56486981,1.90577358,-0.323630132,-0.150369502,-4.28897344,-0.0871912935,0.150369502,-0.0701409088,6.85668313e-06,-6.85389024e-06,6.90980009e-06,0.000208833387,0.0282177298,-0.0226109871,-9.50094216e-05,2,-0.00592651701,0.00672007079,-0.00273362134
0.274,1.56421187,1.90546791,-0.332154546,-0.154306307,-4.21611929,-0.0887072108,0.154306307,-0.0719572654,7.09396634e-06,-7.09099641e-06,7.14852163e-06,0.000219929336,0.0294645033,-0.0238104363,-9.66260357e-05,2,-0.00658445528,0.00746621988,-0.00303929223
0.276,1.56353707,1.90515446,-0.340527926,-0.158170157,-4.13615746,-0.0901591463,0.158170157,-0.0737380313,7.32971892e-06,-7.32656391e-06,7.38568417e-06,0.000231102583,0.0307017071,-0.0250177985,-9.80160767e-05,2,-0.00725925581,0.00823157949,-0.00335274658
0.278,1.56284573,1.90483337,-0.348736034,-0.161954414,-4.04905768,-0.0915439315,0.161954414,-0.0754801087,7.56359148e-06,-7.5602432e-06,7.62093531e-06,0.000242317902,0.0319246676,-0.0262292322,-9.91655403e-05,2,-0.00795059873,0.00901579361,-0.00367383017
0.28,1.56213819,1.90450483,-0.356764575,-0.165652429,-3.95479908,-0.0928584393,0.165652429,-0.0771804014,7.79523034e-06,-7.79168045e-06,7.85391834e-06,0.000253538481,0.0331286016,-0.0274407274,-0.000100061123,2,-0.00865813565,0.00981847383,-0.00400237551
0.282,1.56141484,1.904169,-0.364599222,-0.169257552,-3.85336992,-0.0940995878,0.169257552,-0.0788358194,8.02427792e-06,-8.02051796e-06,8.08427265e-06,0.000264726045,0.0343086365,-0.0286481188,-0.000100690321,2,-0.00938148953,0.0106391992,-0.0043382018
0.284,1.56067607,1.90382609,-0.372225631,-0.172763137,-3.74476748,-0.0952643439,0.172763137,-0.0804432836,8.25037321e-06,-8.24639465e-06,8.31163417e-06,0.000275840986,0.0354598305,-0.0298471014,-0.000101041527,2,-0.0101202546,0.0114775163,-0.00468111496
0.286,1.55992233,1.90347629,-0.379629457,-0.176162557,-3.62899798,-0.0963497275,0.176162557,-0.08199973,8.47315222e-06,-8.46894646e-06,8.53563591e-06,0.000286842514,0.0365771948,-0.0310332464,-0.000101104121,2,-0.0108739966,0.0123329388,-0.00503090761
0.288,1.55915407,1.90311984,-0.386796378,-0.179449208,-3.50607677,-0.0973528161,0.179449208,-0.0835021146,8.69224846e-06,-8.68780689e-06,8.75590833e-06,0.00029768881,0.0376557167,-0.0322020184,-0.000100868569,2,-0.0116422523,0.013204948,-0.00538735918
0.29,1.5583718,1.90275697,-0.393712107,-0.182616523,-3.37602871,-0.098270751,0.182616523,-0.0849474174,8.9072934e-06,-8.90260742e-06,8.9720799e-06,0.000308337194,0.0386903844,-0.0333487945,-0.000100326508,2,-0.0124245301,0.0140929922,-0.00575023589
0.292,1.55757602,1.90238791,-0.400362414,-0.185657976,-3.23888842,-0.0991007424,0.185657976,-0.0863326469,9.11791694e-06,-9.112978e-06,9.18377754e-06,0.000318744306,0.0396762125,-0.0344688839,-9.94708332e-05,2,-0.0132203097,0.0149964876,-0.00611929093
0.294,1.55676728,1.90201294,-0.406733147,-0.188567093,-3.0947006,-0.099840075,0.188567093,-0.0876548452,9.32374792e-06,-9.31854759e-06,9.39062716e-06,0.000328866296,0.0406082679,-0.0355575487,-9.8295788e-05,2,-0.0140290428,0.0159148175,-0.00649426446
0.296,1.55594617,1.90163232,-0.412810251,-0.191337467,-2.94352,-0.100486112,0.191337467,-0.0889110924,9.5244146e-06,-9.51894457e-06,9.59225412e-06,0.000338659023,0.0414816972,-0.0366100264,-9.67970387e-05,2,-0.0148501524,0.0168473334,-0.00687488379
0.298,1.55511329,1.90124634,-0.418579786,-0.19396276,-2.78541133,-0.1010363,0.19396276,-0.0900985108,9.71954517e-06,-9.71379735e-06,9.78828377e-06,0.000348078266,0.0422917531,-0.0376215524,-9.49717516e-05,2,-0.015683034,0.0177933543,-0.0072608635
0.3,1.55426927,1.9008553,-0.424027952,-0.196436717,-2.62044907,-0.101488172,0.196436717,-0.0912142697,9.90876827e-06,-9.90273481e-06,9.97834196e-06,0.000357079942,0.0430338216,-0.0385873836,-9.28186614e-05,2,-0.016527055,0.0187521678,-0.0076519056
0.302,1.55341477,1.9004595,-0.429141102,-0.198753172,-2.44871729,-0.101839347,0.198753172,-0.0922555897,1.00917135e-05,-1.00853868e-05,1.01620556e-05,0.000365620324,0.0437034498,-0.0395028233,-9.03381322e-05,2,-0.0173815558,0.0197230296,-0.00804769968
0.304,1.55255048,1.90005928,-0.433905766,-0.200906061,-2.27030961,-0.102087542,0.200906061,-0.0932197464,1.02680119e-05,-1.02613849e-05,1.03390531e-05,0.000373656275,0.0442963731,-0.0403632453,-8.75322132e-05,2,-0.0182458493,0.0207051647,-0.00844792316
0.306,1.5516771,1.89965496,-0.438308668,-0.202889427,-2.08532925,-0.102230566,0.202889427,-0.0941040747,1.04372965e-05,-1.04303624e-05,1.05089649e-05,0.000381145481,0.0448085434,-0.0411641197,-8.44046866e-05,2,-0.019119222,0.0216977669,-0.00885224144
0.308,1.55079539,1.89924689,-0.442336747,-0.204697431,-1.89388917,-0.102266333,0.204697431,-0.0949059727,1.05992029e-05,-1.05919554e-05,1.06714243e-05,0.000388046688,0.0452361569,-0.0419010384,-8.09611086e-05,2,-0.020000934,0.0226999999,-0.00926030815
0.31,1.54990611,1.89883544,-0.445977173,-0.20632436,-1.6961122,-0.102192857,0.20632436,-0.0956229055,1.07533697e-05,-1.07458032e-05,1.08260675e-05,0.000394319946,0.0455756815,-0.0425697414,-7.72088435e-05,2,-0.0208902196,0.0237109975,-0.00967176541
0.312,1.54901004,1.89842096,-0.44921737,-0.207764634,-1.49213105,-0.102008266,0.207764634,-0.0962524092,1.08994391e-05,-1.08915485e-05,1.09725344e-05,0.000399926855,0.0458238849,-0.0431661431,-7.31570893e-05,2,-0.0217862877,0.0247298641,-0.0100862441
0.314,1.548108,1.89800384,-0.452045035,-0.209012818,-1.28208823,-0.101710795,0.209012818,-0.0967920947,1.10370573e-05,-1.10288382e-05,1.11104692e-05,0.000404830808,0.04597786,-0.0436863582,-6.88168959e-05,2,-0.0226883224,0.0257556755,-0.010503364
0.316,1.54720084,1.89758447,-0.454448158,-0.21006363,-1.06613584,-0.101298796,0.21006363,-0.097239651,1.11658751e-05,-1.1157324e-05,1.12395209e-05,0.000408997245,0.0460350514,-0.0441267286,-6.42011728e-05,2,-0.0235954837,0.0267874792,-0.0109227344
0.318,1.54628942,1.89716325,-0.45641504,-0.210911945,-0.844435378,-0.100770736,0.210911945,-0.097592849,1.12855486e-05,-1.12766626e-05,1.13593435e-05,0.000412393887,0.0459932794,-0.0444838485,-5.93246886e-05,2,-0.0245069077,0.0278242951,-0.0113439541
0.32,1.54537462,1.89674059,-0.45793431,-0.211552808,-0.617157505,-0.100125199,0.211552808,-0.0978495445,1.13957394e-05,-1.13865168e-05,1.14695972e-05,0.000414990986,0.0458507639,-0.0447545905,-5.42040596e-05,2,-0.0254217076,0.0288651166,-0.0117666118
0.322,1.54445735,1.89631692,-0.458994947,-0.211981438,-0.384481923,-0.0993608913,0.211981438,-0.098007681,1.14961154e-05,-1.14865552e-05,1.15699482e-05,0.000416761558,0.045606147,-0.0449361299,-4.88577306e-05,2,-0.0263389746,0.0299089109,-0.0121902868
0.324,1.54353855,1.89589265,-0.459586296,-0.212193237,-0.146597309,-0.0984766404,0.212193237,-0.0980652932,1.15863509e-05,-1.15764535e-05,1.16600697e-05,0.000417681616,0.0452585144,-0.0450259697,-4.33059443e-05,2,-0.0272577778,0.0309546199,-0.0126145486
0.326,1.54261916,1.89546824,-0.459698086,-0.212183797,0.0962987211,-0.0974713989,0.212183797,-0.0980205091,1.16661277e-05,-1.16558944e-05,1.17396422e-05,0.000417730395,0.0448074155,-0.0450219637,-3.75707038e-05,2,-0.0281771658,0.0320011611,-0.0130389582
0.328,1.54170016,1.89504413,-0.459320447,-0.211948906,0.343999681,-0.0963442462,0.211948906,-0.0978715529,1.17351351e-05,-1.17245684e-05,1.1808354e-05,0.000416890573,0.0442528822,-0.0449223389,-3.1675724e-05,2,-0.0290961672,0.0330474287,-0.0134630677
0.33,1.54078254,1.89462078,-0.458443929,-0.211484557,0.596290341,-0.0950943898,0.211484557,-0.0976167478,1.17930707e-05,-1.17821746e-05,1.1865902e-05,0.000415148482,0.0435954457,-0.044725718,-2.5646375e-05,2,-0.0300137911,0.034092294,-0.0138864213
0.332,1.5398673,1.89419865,-0.457059521,-0.210786952,0.85294694,-0.0937211668,0.210786952,-0.0972545176,1.18396407e-05,-1.18284202e-05,1.19119917e-05,0.000412494305,0.0428361516,-0.0444311391,-1.95096157e-05,2,-0.0309290285,0.0351346067,-0.0143085551
0.334,1.53895547,1.8937782,-0.455158661,-0.209852508,1.11373746,-0.0922240446,0.209852508,-0.0967833896,1.18745605e-05,-1.18630223e-05,1.19463381e-05,0.000408922266,0.0419765727,-0.0440380753,-1.32939181e-05,2,-0.0318408528,0.036173196,-0.0147289982
0.336,1.53804811,1.89335993,-0.452733262,-0.208677867,1.3784219,-0.0906026212,0.208677867,-0.0962019961,1.18975549e-05,-1.18857071e-05,1.1968666e-05,0.000404430809,0.0410188202,-0.0435464523,-7.02918243e-06,2,-0.0327482209,0.0372068713,-0.0151472727
0.338,1.53714625,1.89294431,-0.44977572,-0.207259897,1.64675256,-0.0888566256,0.207259897,-0.0955090762,1.19083592e-05,-1.18962112e-05,1.19787102e-05,0.000399022758,0.0399655528,-0.0429566648,-7.46643656e-07,2,-0.0336500742,0.0382344237,-0.0155628942
0.34,1.53625099,1.89253183,-0.446278934,-0.205595698,1.91847427,-0.0869859183,0.205595698,-0.0947034775,1.19067188e-05,-1.18942818e-05,1.19762167e-05,0.000392705461,0.0388199828,-0.042269591,5.52123055e-06,2,-0.0345453395,0.0392546268,-0.0159753725
0.342,1.5353634,1.89212299,-0.442236315,-0.20368261,2.19332456,-0.0849904914,0.20368261,-0.0937841571,1.18923903e-05,-1.18796771e-05,1.19609422e-05,0.00038549093,0.0375858818,-0.0414866056,1.17408496e-05,2,-0.0354329298,0.040266238,-0.0163842116
0.344,1.53448458,1.89171829,-0.43764181,-0.201518214,2.47103385,-0.0828704692,0.201518214,-0.0927501831,1.18651417e-05,-1.18521665e-05,1.19326554e-05,0.000377395949,0.0362675821,-0.0406095905,1.78776172e-05,2,-0.036311746,0.0412679996,-0.0167889108
0.346,1.53361565,1.89131824,-0.432489905,-0.199100338,2.75132566,-0.0806261079,0.199100338,-0.0916007358,1.18247526e-05,-1.18115316e-05,1.18911366e-05,0.000368442172,0.0348699777,-0.0396409444,2.38960553e-05,2,-0.0371806773,0.0422586403,-0.0171889646
0.348,1.53275772,1.89092334,-0.426775647,-0.196427061,3.03391687,-0.0782577954,0.196427061,-0.0903351081,1.17710151e-05,-1.17575659e-05,1.18361789e-05,0.000358656209,0.0333985213,-0.0385835901,2.97599349e-05,2,-0.0380386025,0.0432368761,-0.0175838637
0.35,1.53191194,1.89053411,-0.420494653,-0.193496717,3.31851806,-0.0757660509,0.193496717,-0.0889527068,1.17037336e-05,-1.16900757e-05,1.17675878e-05,0.000348069676,0.0318592193,-0.0374409794,3.54324125e-05,2,-0.0388843914,0.0442014119,-0.0179730952
0.352,1.53107942,1.89015106,-0.413643125,-0.190307898,3.60483378,-0.0731515236,0.190307898,-0.0874530529,1.16227255e-05,-1.16088802e-05,1.16851822e-05,0.000336719243,0.0302586248,-0.036217096,4.08761726e-05,2,-0.0397169057,0.0451509427,-0.0183561431
0.354,1.53026133,1.88977471,-0.406217857,-0.186859458,3.89256296,-0.0704149919,0.186859458,-0.0858357821,1.15278218e-05,-1.15138118e-05,1.15887945e-05,0.000324646647,0.0286038271,-0.0349164571,4.60535753e-05,2,-0.0405350002,0.046084155,-0.018732489
0.356,1.5294588,1.88940559,-0.398216253,-0.183150515,4.18139925,-0.0675573623,0.183150515,-0.0841006449,1.14188669e-05,-1.14047167e-05,1.14782708e-05,0.00031189869,0.0269024397,-0.033544111,5.09268077e-05,2,-0.0413375242,0.0469997283,-0.0191016125
0.358,1.528673,1.88904421,-0.38963633,-0.179180452,4.4710313,-0.064579668,0.179180452,-0.0822475069,1.12957192e-05,-1.12814549e-05,1.13534714e-05,0.000298527215,0.0251625849,-0.0321056344,5.54580396e-05,2,-0.0421233223,0.0478963362,-0.0194629918
0.36,1.52790509,1.8886911,-0.380476734,-0.174948923,4.76114304,-0.0614830679,0.174948923,-0.0802763484,1.11582513e-05,-1.11439009e-05,1.12142712e-05,0.000284589056,0.0233928769,-0.0306071257,5.96095823e-05,2,-0.0428912361,0.0487726484,-0.0198161041
0.362,1.52715622,1.88834678,-0.370736744,-0.170455852,5.05141402,-0.0582688454,0.170455852,-0.0781872645,1.10063507e-05,-1.09919435e-05,1.10605597e-05,0.00027014597,0.021602402,-0.0290551974,6.33440487e-05,2,-0.0436401053,0.0496273316,-0.0201604265
0.364,1.52642756,1.88801177,-0.360416286,-0.165701434,5.3415197,-0.0549384066,0.165701434,-0.075980465,1.08399193e-05,-1.08254863e-05,1.08922414e-05,0.000255264545,0.0198006964,-0.0274569652,6.66245163e-05,2,-0.0443687688,0.0504590515,-0.020495436
0.366,1.52572026,1.88768659,-0.349515934,-0.16068614,5.63113181,-0.0514932792,0.16068614,-0.0736562735,1.06588745e-05,-1.06444479e-05,1.07092362e-05,0.000240016079,0.0179977216,-0.0258200355,6.94146903e-05,2,-0.0450760665,0.051266474,-0.0208206104
0.368,1.52503549,1.88737177,-0.338036925,-0.155410713,5.91991869,-0.0479351105,0.155410713,-0.0712151273,1.04631488e-05,-1.04487623e-05,1.05114793e-05,0.000224476447,0.0162038374,-0.0241524898,7.16790675e-05,2,-0.0457608399,0.0520482669,-0.021135429
0.37,1.52437439,1.88706783,-0.32598116,-0.149876175,6.20754578,-0.0442656652,0.149876175,-0.0686575767,1.02526903e-05,-1.02383788e-05,1.02989219e-05,0.000208725933,0.0144297729,-0.0224628678,7.33830999e-05,2,-0.046421934,0.0528031012,-0.0214393727
0.372,1.52373813,1.88677528,-0.313351211,-0.144083821,6.4936759,-0.0404868239,0.144083821,-0.0659842845,1.00274628e-05,-1.00132624e-05,1.00715309e-05,0.000192849048,0.0126865953,-0.0207601475,7.44933571e-05,2,-0.0470581983,0.0535296534,-0.0217319247
0.374,1.52312784,1.88649463,-0.300150325,-0.138035224,6.77796976,-0.0366005807,0.138035224,-0.0631960248,9.78744618e-06,-9.77339399e-06,9.82928922e-06,0.000176934323,0.0109856762,-0.019053723,7.49776873e-05,2,-0.0476684886,0.0542266063,-0.0220125715
0.376,1.52254466,1.8862264,-0.286382431,-0.131732232,7.06008623,-0.0326090414,0.131732232,-0.0602936824,9.53263615e-06,-9.51877018e-06,9.5721963e-06,0.000161074071,0.00933865656,-0.0173533811,7.48053761e-05,2,-0.0482516676,0.0548926508,-0.0222808028
0.378,1.52198972,1.88597109,-0.272052141,-0.125176972,7.33968275,-0.0285144217,0.125176972,-0.0572782519,9.26304484e-06,-9.24940383e-06,9.30026783e-06,0.000145364144,0.00775740947,-0.0156692742,7.39473022e-05,2,-0.0488066071,0.055526488,-0.0225361125
0.38,1.52146414,1.8857292,-0.257164751,-0.118371842,7.6164157,-0.0243190451,0.118371842,-0.0541508367,8.97870063e-06,-8.96532392e-06,9.01353612e-06,0.000129903651,0.00625400119,-0.014011893,7.23760893e-05,2,-0.0493321887,0.0561268304,-0.0227779988
0.382,1.52096902,1.88550124,-0.241726248,-0.111319519,7.88994076,-0.020025341,0.111319519,-0.0509126482,8.67964836e-06,-8.66657573e-06,8.71205018e-06,0.000114794671,0.00484065054,-0.0123920352,7.00662546e-05,2,-0.0498273057,0.0566924034,-0.0230059655
0.384,1.52050546,1.88528768,-0.225743305,-0.104022951,8.15991331,-0.0156358426,0.104022951,-0.0475650045,8.36594938e-06,-8.35322085e-06,8.39587585e-06,0.000100141929,0.00352968678,-0.0108207744,6.69943515e-05,2,-0.0502908641,0.0572219476,-0.0232195218
0.386,1.52007454,1.88508902,-0.209223286,-0.0964853622,8.42598889,-0.0111531849,0.0964853622,-0.0441093294,8.03768159e-06,-8.02533727e-06,8.06509596e-06,8.60524697e-05,0.002333506,-0.00930942512,6.31391084e-05,2,-0.050721784,0.0577142196,-0.0234181831
0.388,1.51967733,1.88490573,-0.192174243,-0.0887102456,8.68782357,-0.00658010266,0.0887102456,-0.0405471519,7.69493954e-06,-7.68301941e-06,7.71981045e-06,7.26353026e-05,0.00126452625,-0.00786950768,5.84815606e-05,2,-0.0511190012,0.0581679945,-0.0236014717
0.39,1.51931486,1.88473828,-0.174604914,-0.080701366,8.94507441,-0.00191942806,0.080701366,-0.0368801045,7.3378344e-06,-7.32637811e-06,7.3601366e-06,6.00010301e-05,0.000335141572,-0.00651271047,5.30051765e-05,2,-0.0514814686,0.058582067,-0.0237689173
0.392,1.51898817,1.88458714,-0.156524725,-0.0724627564,9.19739982,0.00282591093,0.0724627564,-0.0331099223,6.96649397e-06,-6.95554067e-06,6.9862092e-06,4.82614629e-05,-0.000442324933,-0.00525085106,4.66959777e-05,2,-0.0518081573,0.0589552531,-0.0239200574
0.394,1.51869827,1.88445276,-0.137943781,-0.0639987166,9.44446004,0.00765289261,0.0639987166,-0.0292384423,6.58106269e-06,-6.57065077e-06,6.59818092e-06,3.75292181e-05,-0.00105566895,-0.00409583573,3.95426506e-05,2,-0.052098058,0.0592863919,-0.0240544377
0.396,1.51844614,1.88433559,-0.118872867,-0.0553138115,9.68591745,0.0125584033,0.0553138115,-0.0252676022,6.18170156e-06,-6.17186848e-06,6.19622275e-06,2.79173036e-05,-0.00149285339,-0.00305961775,3.15366521e-05,2,-0.0523501826,0.0595743474,-0.0241716132
0.398,1.51823276,1.88423605,-0.0993234382,-0.0464128685,9.921437,0.0175392389,0.0464128685,-0.0211994395,5.76858813e-06,-5.75937016e-06,5.78052472e-06,1.95386896e-05,-0.00174205751,-0.00215415437,2.26723063e-05,2,-0.0525635653,0.0598180096,-0.024271148
0.4,1.51805906,1.88415459,-0.0793076215,-0.0373009759,10.1506866,0.0225921069,0.0373009759,-0.0170360904,5.3419164e-06,-5.33334843e-06,5.35129702e-06,1.25058691e-05,-0.00179172626,-0.0013913628,1.29468938e-05,2,-0.0527372643,0.0600162966,-0.0243526164
0.402,1.51792596,1.8840916,-0.0588382035,-0.0279834799,10.3733376,0.0277136278,0.0279834799,-0.0127797893,4.90189676e-06,-4.89401207e-06,4.9087719e-06,6.93040869e-06,-0.00163062008,-0.000783075146,2.36073164e-06,2,-0.0528703627,0.060168156,-0.0244156032
0.404,1.51783436,1.8840475,-0.0379286258,-0.0184659828,10.589065,0.0329003369,0.0184659828,-0.00843286761,4.44875583e-06,-4.44158587e-06,4.45320683e-06,2.92248974e-06,-0.00124786457,-0.000340992522,-9.08275444e-06,2,-0.0529619698,0.0602725666,-0.0244597041
0.406,1.5177851,1.88402268,-0.0165929766,-0.00875434023,10.7975482,0.0381486856,0.00875434023,-0.00399775334,3.9827364e-06,-3.97631057e-06,3.98489036e-06,5.90443909e-07,-0.000633000247,-7.66384728e-05,-2.13769677e-05,2,-0.0530112229,0.0603285397,-0.0244845263
0.408,1.51777904,1.88401751,0.00515401775,0.00114534185,10.9984711,0.0434550432,-0.00114534185,0.000523029805,3.50409723e-06,-3.4984427e-06,3.50415315e-06,4.02825271e-08,0.000223968064,-1.31180795e-06,-3.4512087e-05,2,-0.0530172882,0.060335121,-0.0244896893
0.41,1.51781696,1.88403238,0.0272970024,0.0112267096,11.1915225,0.0488156978,-0.0112267096,0.005126863,3.01311296e-06,-3.00825442e-06,3.01139105e-06,1.37522254e-06,0.00133252222,-0.000126039008,-4.84750228e-05,2,-0.0529793621,0.0602913918,-0.0244748248
0.412,1.51789965,1.88406762,0.0498200045,0.0214831643,11.3763969,0.0542268582,-0.0214831643,0.00981103291,2.51007388e-06,-2.50603337e-06,2.50711763e-06,4.6952104e-06,0.00270158232,-0.000461526347,-6.32493831e-05,2,-0.0528966724,0.0601964708,-0.0244395776
0.414,1.51802785,1.8841236,0.0727064439,0.0319078653,11.5527943,0.0596846543,-0.0319078653,0.0145727321,1.99528578e-06,-1.9920825e-06,1.99210272e-06,1.00964456e-05,0.00433945897,-0.00101811187,-7.88154486e-05,2,-0.0527684798,0.0600495153,-0.0243836062
0.416,1.51820225,1.88420062,0.0959391455,0.0424937335,11.7204209,0.0651851388,-0.0424937335,0.0194090597,1.46906974e-06,-1.46671986e-06,1.46781861e-06,1.76709058e-05,0.00625380652,-0.00180571738,-9.51501588e-05,2,-0.0525940788,0.0598497227,-0.0243065827
0.418,1.51842353,1.88429901,0.119500351,0.0532334537,11.8789896,0.0707242881,-0.0532334537,0.0243170214,9.31761914e-07,-9.30278411e-07,9.38439237e-07,2.75058749e-05,0.00845157727,-0.00283380059,-0.000112227107,2,-0.0523727989,0.0595963321,-0.0242081941
0.42,1.51869232,1.88441906,0.143371734,0.0641194787,12.02822,0.0762980029,-0.0641194787,0.0292935301,3.83713298e-07,-3.83105828e-07,4.28118272e-07,3.96834764e-05,0.010938977,-0.00411130754,-0.000130016549,2,-0.052104006,0.0592886255,-0.0240881419
0.422,1.51900922,1.88456106,0.167534411,0.0751440322,12.1678391,0.0819021098,-0.0751440322,0.034335406,-1.7471049e-07,1.74435753e-07,3.12690009e-07,5.42802134e-05,0.0137214217,-0.00564662557,-0.000148485413,2,-0.0517871032,0.0589259289,-0.0239461433
0.424,1.51937479,1.88472527,0.191968959,0.0862991125,12.2975814,0.0875323618,-0.0862991125,0.0394393769,-7.43129474e-07,7.41969946e-07,8.11519177e-07,7.13665173e-05,0.0168034964,-0.00744753682,-0.000167597335,2,-0.0514215321,0.0585076142,-0.0237819311
0.426,1.51978955,1.88491195,0.216655432,0.0975764961,12.4171897,0.0931844391,-0.0975764961,0.0446020783,-1.32114958e-06,1.31910637e-06,1.37801029e-06,9.10063075e-05,0.0201889149,-0.00952117259,-0.000187312691,2,-0.0510067739,0.0580331,-0.0235952546
0.428,1.52025398,1.88512132,0.241573371,0.108967741,12.5264148,0.0988539505,-0.108967741,0.0498200534,-1.90836292e-06,1.90544091e-06,1.96233631e-06,0.000113256563,0.0238804821,-0.0118739686,-0.000207588648,2,-0.0505423502,0.0575018527,-0.0233858797
0.43,1.5207685,1.88535361,0.26670183,0.120464192,12.6250165,0.104536433,-0.120464192,0.0550897535,-2.50434804e-06,2.50055594e-06,2.55823842e-06,0.000138166908,0.0278800582,-0.0145116215,-0.000228379219,2,-0.0500278241,0.0569133882,-0.0231535894
0.432,1.52133353,1.88560902,0.292019387,0.132056982,12.7127634,0.110227355,-0.132056982,0.0604075378,-3.10867027e-06,3.10402067e-06,3.16373342e-06,0.000165779215,0.0321885248,-0.0174390465,-0.000249635342,2,-0.0494628013,0.0562672725,-0.0228981844
0.434,1.5219494,1.88588772,0.317504164,0.143737039,12.7894334,0.115922114,-0.143737039,0.0657696733,-3.72088198e-06,3.71539135e-06,3.77778979e-06,0.000196127225,0.0368057538,-0.0206603363,-0.000271304951,2,-0.048846931,0.055563123,-0.0226194832
0.436,1.52261642,1.88618988,0.343133847,0.155495088,12.8548143,0.121616038,-0.155495088,0.0711723355,-4.34052291e-06,4.33421159e-06,4.3996784e-06,0.000229236186,0.041730579,-0.0241787223,-0.000293333076,2,-0.0481799064,0.0548006096,-0.0223173231
0.438,1.52333486,1.88651564,0.368885703,0.167321657,12.9087036,0.12730439,-0.167321657,0.0766116076,-4.96712051e-06,4.96001268e-06,5.02878553e-06,0.000265122517,0.0469607692,-0.0279965369,-0.000315661946,2,-0.0474614662,0.0539794555,-0.0219915596
0.44,1.52410493,1.88686513,0.394736605,0.179207082,12.9509092,0.132982363,-0.179207082,0.0820834812,-5.60019021e-06,5.59231385e-06,5.66454532e-06,0.00030379349,0.0524930063,-0.0321151782,-0.0003382311,2,-0.0466913948,0.0530994381,-0.021642068
0.442,1.5249268,1.88723846,0.420663046,0.191141508,12.9812494,0.138645086,-0.191141508,0.0875838561,-6.23923584e-06,6.23062261e-06,6.30641127e-06,0.000345246945,0.0583228641,-0.0365350763,-0.000360977518,2,-0.0458695235,0.0521603902,-0.0212687426
0.444,1.5258006,1.8876357,0.446641166,0.203114901,12.9995535,0.144287623,-0.203114901,0.0931085407,-6.88374992e-06,6.87443506e-06,6.95384297e-06,0.00038947102,0.0644447921,-0.0412556629,-0.000383835758,2,-0.044995731,0.0511622002,-0.0208714982
0.446,1.52672638,1.88805693,0.472646772,0.215117044,13.0056618,0.149904973,-0.215117044,0.098653252,-7.533214e-06,7.52323624e-06,7.60629941e-06,0.000436443925,0.0708521018,-0.0462753426,-0.000406738108,2,-0.044069944,0.0501048135,-0.0204502694
0.448,1.52770419,1.88850219,0.498655358,0.227137551,12.9994258,0.155492075,-0.227137551,0.104213616,-8.18709909e-06,8.17650041e-06,8.26323542e-06,0.000486133732,0.0775369565,-0.0515914671,-0.000429614741,2,-0.0430921383,0.0489882328,-0.0200050117
0.45,1.52873399,1.8889715,0.524642133,0.239165867,12.9807088,0.161043804,-0.239165867,0.109785168,-8.84486594e-06,8.83369145e-06,8.92409978e-06,0.000538498206,0.0844903648,-0.0572003122,-0.000452393898,2,-0.0420623387,0.0478125187,-0.0195357016
0.452,1.52981571,1.88946487,0.550582037,0.251191278,12.9493857,0.166554977,-0.251191278,0.115363354,-9.50596548e-06,9.49426316e-06,9.58833417e-06,0.000593484662,0.0917021784,-0.063097058,-0.000475002066,2,-0.0409806203,0.0465777906,-0.0190423368
0.454,1.53094922,1.88998227,0.576449772,0.263202911,12.9053436,0.172020352,-0.263202911,0.120943529,-1.01698392e-05,1.01576596e-05,1.02553727e-05,0.000651029866,0.0991610928,-0.0692757725,-0.000497364177,2,-0.0398471083,0.0452842267,-0.0185249367
0.456,1.53213435,1.89052366,0.602219823,0.275189749,12.8484817,0.177434632,-0.275189749,0.12652096,-1.08359193e-05,1.08233157e-05,1.09246416e-05,0.000711059964,0.106854653,-0.0757293978,-0.000519403814,2,-0.0386619789,0.0439320651,-0.0179835426
0.458,1.53337087,1.89108898,0.627866482,0.287140629,12.7787117,0.182792465,-0.287140629,0.132090827,-1.15036297e-05,1.14906571e-05,1.15955595e-05,0.00077349045,0.114769262,-0.0824497408,-0.000541043437,2,-0.0374254596,0.0425216034,-0.017418218
0.46,1.5346585,1.89167815,0.653363874,0.299044256,12.6959578,0.188088448,-0.299044256,0.137648224,-1.21723857e-05,1.2159101e-05,1.22675371e-05,0.000838226174,0.122890197,-0.0894274668,-0.000562204606,2,-0.0361378296,0.0410531997,-0.0168290489
0.462,1.53599691,1.89229106,0.678685982,0.310889205,12.6001572,0.193317128,-0.310889205,0.143188158,-1.28415948e-05,1.28280565e-05,1.29399776e-05,0.000905161392,0.131201625,-0.0966520978,-0.000582808232,2,-0.0347994198,0.0395272723,-0.0162161442
0.464,1.53738571,1.89292757,0.703806673,0.322663933,12.4912598,0.198473006,-0.322663933,0.148705552,-1.3510657e-05,1.34969247e-05,1.36122773e-05,0.00097417985,0.139686626,-0.104112014,-0.000602774823,2,-0.0334106134,0.0379443005,-0.0155796355
0.466,1.53882448,1.89358752,0.728699724,0.334356785,12.3692287,0.203550538,-0.334356785,0.154195249,-1.41789654e-05,1.41650995e-05,1.42838253e-05,0.00104515492,0.148327221,-0.111794459,-0.000622024753,2,-0.0319718461,0.036304824,-0.0149196778
0.468,1.54031272,1.89427075,0.753338847,0.345956,12.2340403,0.208544143,-0.345956,0.159652012,-1.48459062e-05,1.48319676e-05,1.49540041e-05,0.00111794975,0.157104404,-0.119685554,-0.000640478534,2,-0.0304836061,0.0346094434,-0.0142364497
0.47,1.54184989,1.89497705,0.777697718,0.357449725,12.0856842,0.213448198,-0.357449725,0.165070525,-1.55108598e-05,1.54969092e-05,1.56221902e-05,0.00119241751,0.165998177,-0.127770306,-0.000658057101,2,-0.0289464339,0.0328588202,-0.0135301531
0.472,1.5434354,1.89570619,0.801750002,0.368826019,11.9241634,0.218257053,-0.368826019,0.170445398,-1.61732004e-05,1.61592984e-05,1.62877542e-05,0.00126840163,0.174987592,-0.136032633,-0.000674682108,2,-0.0273609232,0.0310536762,-0.012801014
0.474,1.54506861,1.89645792,0.825469379,0.380072867,11.7494945,0.222965023,-0.380072867,0.175771168,-1.68322972e-05,1.68185036e-05,1.69500612e-05,0.0013457361,0.184050799,-0.144455384,-0.000690276224,2,-0.0257277199,0.029194794,-0.0120492822
0.476,1.5467488,1.89723197,0.848829575,0.391178186,11.5617078,0.227566404,-0.391178186,0.181042303,-1.74875145e-05,1.74738878e-05,1.76084716e-05,0.00142424582,0.193165094,-0.153020373,-0.000704763453,2,-0.0240475227,0.0272830165,-0.0112752318
0.478,1.54847524,1.89802804,0.871804384,0.402129836,11.3608472,0.23205547,-0.402129836,0.186253206,-1.81382121e-05,1.81248095e-05,1.82623409e-05,0.00150374698,0.202306976,-0.161708405,-0.000718069442,2,-0.0223210828,0.0253192465,-0.0104791609
0.48,1.55024712,1.89884581,0.894367699,0.412915633,11.1469702,0.236426479,-0.412915633,0.191398217,-1.8783746e-05,1.87706226e-05,1.89110208e-05,0.00158404749,0.211452206,-0.17049932,-0.00073012181,2,-0.0205492035,0.0233044462,-0.00966139212
0.482,1.55206359,1.89968493,0.916493539,0.423523358,10.9201482,0.240673681,-0.423523358,0.196471621,-1.94234688e-05,1.94106773e-05,1.95538593e-05,0.00166494749,0.220575874,-0.179372035,-0.00074085048,2,-0.0187327405,0.0212396373,-0.00882227242
0.484,1.55392373,1.90054503,0.938156076,0.433940769,10.6804663,0.244791324,-0.433940769,0.201467647,-2.005673e-05,2.00443206e-05,2.01902013e-05,0.0017462398,0.229652468,-0.188304591,-0.000750188008,2,-0.0168726008,0.0191259,-0.00796217324
0.486,1.55582658,1.90142571,0.959329662,0.444155613,10.4280234,0.248773657,-0.444155613,0.206380475,-2.06828768e-05,2.06708963e-05,2.08193891e-05,0.00182771054,0.238655949,-0.197274209,-0.000758069922,2,-0.0149697433,0.0169643726,-0.00708149054
0.488,1.55777115,1.90232656,0.979988857,0.454155637,10.1629324,0.252614938,-0.454155637,0.211204243,-2.13012545e-05,2.12897463e-05,2.14407629e-05,0.00190913969,0.247559824,-0.206257343,-0.000764435062,2,-0.0130251776,0.014756251,-0.00618064476
0.49,1.55975636,1.90324712,1.00010846,0.463928603,9.88531944,0.25630944,-0.463928603,0.215933053,-2.19112068e-05,2.19002106e-05,2.20536614e-05,0.00199030177,0.256337239,-0.215229748,-0.000769225918,2,-0.0110399641,0.0125027877,-0.00526008085
0.492,1.56178111,1.90418693,1.01966352,0.473462297,9.59532486,0.259851461,-0.473462297,0.22056097,-2.25120766e-05,2.2501628e-05,2.26574221e-05,0.00207096645,0.264961056,-0.224166547,-0.000772388971,2,-0.00901521324,0.0102052913,-0.00432026819
0.494,1.56384424,1.9051455,1.03862941,0.482744548,9.29310247,0.263235326,-0.482744548,0.225082037,-2.31032066e-05,2.30933365e-05,2.3251382e-05,0.00215089936,0.27340395,-0.233042299,-0.000773875027,2,-0.00695208487,0.00786512566,-0.00336170054
0.496,1.56594454,1.90612231,1.05698177,0.491763237,8.97881969,0.266455399,-0.491763237,0.229490276,-2.36839395e-05,2.36746742e-05,2.38348785e-05,0.00222986274,0.281638499,-0.241831081,-0.000773639551,2,-0.00485178786,0.00548370878,-0.00238489596
0.498,1.56808075,1.90711681,1.07469663,0.500506311,8.6526575,0.26950609,-0.500506311,0.233779697,-2.4253619e-05,2.42449797e-05,2.44072493e-05,0.00230761629,0.289637286,-0.250506568,-0.000771642991,2,-0.00271557928,0.00306251207,-0.00139039664
0.5,1.57025156,1.90812843,1.09175037,0.508961802,8.3148103,0.272381863,-0.508961802,0.237944305,-2.481159e-05,2.48035928e-05,2.49678337e-05,0.00238391798,0.297372999,-0.259042116,-0.000767851101,2,-0.000544763725,0.000603059267,-0.000378768789
0.502,1.57245563,1.9091566,1.10811977,0.517117837,7.96548582,0.275077241,-0.517117837,0.241978105,-2.53571993e-05,2.53498548e-05,2.55159725e-05,0.00245852484,0.30481853,-0.267410857,-0.000762235245,2,0.00165930748,-0.00189307467,0.000649397572
0.504,1.57469156,1.91020069,1.12378205,0.524962653,7.60490501,0.277586823,-0.524962653,0.245875115,-2.58897963e-05,2.58831095e-05,2.60510094e-05,0.0025311939,0.311947088,-0.275585788,-0.0007547727,2,0.00389523712,-0.00442426465,0.00169348881
0.506,1.57695791,1.91126007,1.13871486,0.532484617,7.23330185,0.279905282,-0.532484617,0.249629368,-2.64087336e-05,2.64027039e-05,2.65722909e-05,0.00260168304,0.318732304,-0.283539867,-0.000745446938,2,0.00616158293,-0.00698883668,0.00275286792
0.508,1.57925319,1.91233408,1.15289634,0.539672234,6.85092329,0.282027385,-0.539672234,0.253234927,-2.69133675e-05,2.69079885e-05,2.70791675e-05,0.00266975192,0.325148341,-0.29124612,-0.000734247896,2,0.00845685858,-0.00958506906,0.0038268748
0.51,1.58157586,1.91342203,1.16630514,0.546514169,6.45802899,0.283947993,-0.546514169,0.256685888,-2.74030586e-05,2.7398318e-05,2.7570994e-05,0.00273516291,0.331170004,-0.298677737,-0.000721172227,2,0.0107795346,-0.0122111937,0.00491482658
0.512,1.58392437,1.91452322,1.17892042,0.552999261,6.05489122,0.285662078,-0.552999261,0.259976392,-2.78771727e-05,2.78730526e-05,2.80471305e-05,0.002797682,0.336772858,-0.305808183,-0.000706223536,2,0.0131280396,-0.0148653977,0.0060160179
0.514,1.58629709,1.91563692,1.19072192,0.559116536,5.64179462,0.287164726,-0.559116536,0.263100633,-2.83350812e-05,2.83315577e-05,2.85069427e-05,0.00285707985,0.341933334,-0.312611301,-0.000689412588,2,0.015500761,-0.0175458241,0.00712972134
0.516,1.58869237,1.91676239,1.20168992,0.564855227,5.21903604,0.288451153,-0.564855227,0.266052868,-2.8776162e-05,2.87732056e-05,2.89498029e-05,0.00291313264,0.346628844,-0.319061428,-0.000670757497,2,0.0178960466,-0.0202505743,0.00825518776
0.518,1.59110853,1.91789885,1.21180535,0.570204789,4.78692425,0.28951671,-0.570204789,0.268827426,-2.91997998e-05,2.91973755e-05,2.93750907e-05,0.00296562312,0.350837898,-0.325133501,-0.000650283891,2,0.0203122054,-0.0229777086,0.00939164678
0.52,1.59354384,1.91904551,1.22104972,0.575154912,4.34577978,0.290356895,-0.575154912,0.271418721,-2.96053872e-05,2.96034546e-05,2.97821936e-05,0.00301434154,0.354540206,-0.330803173,-0.000628025045,2,0.0227475091,-0.0257252486,0.0105383072
0.522,1.59599652,1.92020156,1.22940523,0.579695544,3.89593463,0.290967361,-0.579695544,0.273821255,-2.99923251e-05,2.99908387e-05,3.01705076e-05,0.00305908664,0.357716796,-0.336046924,-0.000604021988,2,0.0252001932,-0.0284911781,0.0116943576
0.524,1.59846479,1.92136617,1.23685473,0.583816899,3.43773203,0.29134393,-0.583816899,0.276029637,-3.03600237e-05,3.0358933e-05,3.05394383e-05,0.00309966656,0.360350117,-0.340842172,-0.000578323583,2,0.0276684584,-0.0312734452,0.0128589666
0.526,1.6009468,1.92253849,1.24338176,0.58750948,2.97152615,0.291482597,-0.58750948,0.278038584,-3.07079029e-05,3.0707153e-05,3.08884014e-05,0.00313589985,0.362424145,-0.345167389,-0.000550986564,2,0.030150472,-0.0340699636,0.0140312839
0.528,1.6034407,1.92371764,1.24897059,0.590764091,2.49768182,0.291379547,-0.590764091,0.279842938,-3.10353932e-05,3.10349248e-05,3.12168236e-05,0.00316761633,0.363924486,-0.349002211,-0.000522075555,2,0.0326443694,-0.036878615,0.0152104402
0.53,1.60594458,1.92490275,1.25360623,0.593571855,2.01657427,0.291031157,-0.593571855,0.281437675,-3.13419364e-05,3.13416865e-05,3.15241429e-05,0.00319465803,0.364838472,-0.352327547,-0.000491663037,2,0.0351482552,-0.0396972498,0.0163955486
0.532,1.60845653,1.92609291,1.25727444,0.595924228,1.52858874,0.29043401,-0.595924228,0.282817911,-3.16269864e-05,3.16268884e-05,3.18098102e-05,0.00321688007,0.365155256,-0.355125686,-0.000459829292,2,0.0376602051,-0.04252369,0.0175857046
0.534,1.61097459,1.92728719,1.25996174,0.597813017,1.03412022,0.289584903,-0.597813017,0.28397892,-3.18900096e-05,3.18899943e-05,3.20732892e-05,0.0032341515,0.3648659,-0.357380403,-0.000426662301,2,0.0401782674,-0.0453557303,0.0187799871
0.536,1.61349679,1.92848466,1.26165549,0.599230391,0.53357312,0.288480859,-0.599230391,0.284916134,-3.21304862e-05,3.21304817e-05,3.23140578e-05,0.00324635612,0.36396346,-0.359077061,-0.000392257611,2,0.0427004643,-0.0481911402,0.0199774591
0.538,1.61602112,1.92968437,1.26234383,0.600168902,0.0273608588,0.287119132,-0.600168902,0.285625164,-3.23479107e-05,3.2347843e-05,3.25316084e-05,0.00325339327,0.362443065,-0.360202711,-0.000356718158,2,0.0452247937,-0.0510276658,0.0211771684
0.54,1.61854556,1.93088535,1.26201575,0.600621494,-0.484094434,0.285497216,-0.600621494,0.286101802,-3.25417923e-05,3.25415864e-05,3.27254492e-05,0.00325517853,0.360301982,-0.36074618,-0.000320154054,2,0.0477492309,-0.053863032,0.0223781484
0.542,1.62106806,1.93208662,1.26066107,0.600581523,-1.00036231,0.283612857,-0.600581523,0.286342033,-3.27116562e-05,3.2711236e-05,3.28951044e-05,0.00325164448,0.357539689,-0.360698165,-0.000282682328,2,0.0502717302,-0.0566949441,0.0235794189
0.544,1.62358655,1.93328719,1.25827052,0.600042763,-1.5210044,0.281464057,-0.600042763,0.286342048,-3.2857044e-05,3.28563334e-05,3.30401151e-05,0.00324274126,0.354157925,-0.360051318,-0.000244426642,2,0.0527902267,-0.0595210899,0.0247799869
0.546,1.62609896,1.93448605,1.25483566,0.598999429,-2.04557476,0.279049086,-0.598999429,0.286098249,-3.29775147e-05,3.29764377e-05,3.31600404e-05,0.0032284372,0.350160744,-0.358800316,-0.000205516952,2,0.0553026379,-0.0623391418,0.0259788475
0.548,1.62860319,1.93568219,1.25034898,0.597446183,-2.57362033,0.276366485,-0.597446183,0.28560726,-3.3072645e-05,3.30711268e-05,3.32544578e-05,0.00320871936,0.345554554,-0.356941941,-0.00016608914,2,0.0578068658,-0.0651467586,0.0271749849
0.55,1.63109713,1.93687458,1.24480388,0.595378149,-3.1046813,0.273415076,-0.595378149,0.284865935,-3.31420306e-05,3.3139998e-05,3.3322964e-05,0.00318359396,0.340348148,-0.35447514,-0.000126284606,2,0.0603007982,-0.0679415877,0.028367373
0.552,1.63357864,1.93806218,1.23819467,0.592790925,-3.63829156,0.270193968,-0.592790925,0.283871371,-3.31852865e-05,3.31826685e-05,3.33651756e-05,0.0031530868,0.334552732,-0.351401081,-8.62498225e-05,2,0.0627823111,-0.070721267,0.0295549767
0.554,1.6360456,1.93924395,1.23051661,0.589680597,-4.17397912,0.266702563,-0.589680597,0.282620909,-3.3202048e-05,3.31987764e-05,3.33807299e-05,0.00311724361,0.328181934,-0.347723206,-4.61358538e-05,2,0.0652492702,-0.0734834272,0.0307367527
0.556,1.63849586,1.94041885,1.2217659,0.586043743,-4.71126656,0.26294056,-0.586043743,0.281112149,-3.31919711e-05,3.31879812e-05,3.33692857e-05,0.00307613028,0.32125181,-0.343447269,-6.09784284e-06,2,0.0676995329,-0.0762256935,0.0319116503
0.558,1.64092728,1.94158581,1.2119397,0.581877452,-5.24967145,0.258907964,-0.581877452,0.279342953,-3.31547336e-05,3.31499648e-05,3.33305235e-05,0.00302983308,0.31378084,-0.338581369,3.37055362e-05,2,0.0701309502,-0.0789456881,0.0330786129
0.56,1.6433377,1.94274378,1.20103614,0.577179327,-5.78870685,0.254605088,-0.577179327,0.277311455,-3.30900353e-05,3.30844317e-05,3.32641468e-05,0.00297845876,0.305789913,-0.333135976,7.31126547e-05,2,0.0725413686,-0.081641032,0.0342365784
0.562,1.64572496,1.94389168,1.18905433,0.571947498,-6.32788173,0.250032559,-0.571947498,0.275016066,-3.29975992e-05,3.29911099e-05,3.31698822e-05,0.00292213458,0.297302296,-0.32712394,0.000111959534,2,0.0749286321,-0.0843093471,0.0353844808
0.564,1.64808691,1.94502845,1.17599436,0.566180626,-6.86670149,0.245191318,-0.566180626,0.272455482,-3.28771717e-05,3.28697515e-05,3.30474803e-05,0.00286100831,0.288343606,-0.320560501,0.000150080478,2,0.0772905842,-0.0869482584,0.0365212508
0.566,1.6504214,1.94615302,1.16185731,0.559877916,-7.4046684,0.240082628,-0.559877916,0.26962869,-3.27285233e-05,3.27201334e-05,3.28967163e-05,0.00279524803,0.278941756,-0.313463281,0.000187308724,2,0.0796250697,-0.0895553962,0.0376458175
0.568,1.65272626,1.94726431,1.14664526,0.553039121,-7.94128207,0.234708076,-0.553039121,0.26653497,-3.25514496e-05,3.25420577e-05,3.27173903e-05,0.002725042,0.269126903,-0.30585227,0.000223477117,2,0.0819299371,-0.0921283979,0.0387571086
0.57,1.65499937,1.94836125,1.1303613,0.545664549,-8.47604001,0.229069571,-0.545664549,0.263173907,-3.23457713e-05,3.23353522e-05,3.25093283e-05,0.00265059833,0.258931377,-0.2977498,0.000258418803,2,0.0842030398,-0.0946649103,0.0398540522
0.572,1.65723857,1.94944278,1.11300951,0.537755065,-9.00843804,0.22316935,-0.537755065,0.259545388,-3.21113353e-05,3.20998712e-05,3.22723823e-05,0.00257214462,0.248389608,-0.28918051,0.000291967934,2,0.0864422392,-0.0971625917,0.040935578
0.574,1.65944173,1.95050782,1.094595,0.529312102,-9.53797086,0.217009976,-0.529312102,0.255649611,-3.18480148e-05,3.18354956e-05,3.20064309e-05,0.00248992752,0.237538034,-0.280171301,0.000323960381,2,0.0886454056,-0.0996191139,0.0420006176
0.576,1.66160675,1.95155531,1.07512387,0.52033766,-10.0641325,0.210594343,-0.52033766,0.251487088,-3.15557102e-05,3.15421337e-05,3.171138e-05,0.00240421217,0.226415005,-0.27075128,0.000354234462,2,0.0908104213,-0.102032164,0.0430481066
0.578,1.66373151,1.95258419,1.05460324,0.51083431,-10.5864168,0.20392567,-0.51083431,0.247058645,-3.1234349e-05,3.12197214e-05,3.13871627e-05,0.00231528157,0.215060673,-0.260951693,0.000382631669,2,0.0929351816,-0.104399448,0.0440769852
0.58,1.66581392,1.9535934,1.03304126,0.5008052,-11.1043181,0.197007505,-0.5008052,0.242365429,-3.08838871e-05,3.08682227e-05,3.10337402e-05,0.00222343594,0.203516881,-0.250805848,0.000408997395,2,0.0950175977,-0.10671869,0.0450861993
0.582,1.66785192,1.9545819,1.01044706,0.49025405,-11.6173316,0.18984372,-0.49025405,0.237408906,-3.05043083e-05,3.04876298e-05,3.0651102e-05,0.00212899187,0.191827029,-0.240349034,0.00043318166,2,0.097055598,-0.108987638,0.046074702
0.584,1.66984346,1.95554866,0.986830799,0.479185159,-12.1249537,0.182438515,-0.479185159,0.232190865,-3.00956253e-05,3.0077964e-05,3.0239266e-05,0.00203228151,0.180035945,-0.229618417,0.000455039832,2,0.0990471306,-0.111204061,0.0470414545
0.586,1.67178649,1.95649263,0.962203635,0.467603401,-12.6266829,0.174796408,-0.467603401,0.226713418,-2.96578799e-05,2.96392753e-05,2.97982791e-05,0.0019336516,0.16818974,-0.218652941,0.000474433333,2,0.100990165,-0.113365755,0.0479854274
0.588,1.67367902,1.9574128,0.936577729,0.455514227,-13.1220201,0.16692224,-0.455514227,0.220979001,-2.91911431e-05,2.91716428e-05,2.93282174e-05,0.00183346251,0.156335653,-0.207493211,0.000491230339,2,0.102882695,-0.115470546,0.0489056015
0.59,1.67551907,1.95830817,0.909966237,0.442923661,-13.6104692,0.158821167,-0.442923661,0.214990373,-2.86955156e-05,2.86751755e-05,2.8829186e-05,0.00173208712,0.144521899,-0.19618137,0.000505306449,2,0.104722739,-0.117516288,0.0498009696
0.592,1.67730467,1.95917774,0.882383306,0.4298383,-14.0915373,0.150498656,-0.4298383,0.208750616,-2.81711281e-05,2.81500116e-05,2.83013198e-05,0.00162990969,0.132797501,-0.184760964,0.000516545353,2,0.106508344,-0.119500865,0.050670537
0.594,1.67903391,1.96002052,0.853844065,0.41626531,-14.5647357,0.141960484,-0.41626531,0.202263134,-2.7618141e-05,2.7596319e-05,2.77447833e-05,0.00152732467,0.121212116,-0.173276808,0.000524839454,2,0.108237584,-0.121422198,0.051513323
0.596,1.6807049,1.96083556,0.824364617,0.40221242,-15.0295801,0.13321273,-0.40221242,0.195531652,-2.70367451e-05,2.70142957e-05,2.71597707e-05,0.00142473543,0.109815861,-0.161774831,0.000530090481,2,0.109908569,-0.123278242,0.0523283618
0.598,1.68231576,1.96162191,0.793962031,0.387687922,-15.4855913,0.124261774,-0.387687922,0.188560212,-2.64271616e-05,2.64041693e-05,2.65465058e-05,0.0013225529,0.0986591302,-0.150301925,0.000532210061,2,0.111519438,-0.12506699,0.0531147041
0.6,1.68386469,1.96237862,0.76265433,0.372700662,-15.9322955,0.115114284,-0.372700662,0.181353172,-2.57896419e-05,2.57661973e-05,2.59052425e-05,0.00122119424,0.0877924074,-0.138905784,0.000531120256,2,0.113068367,-0.126786474,0.0538714174
0.602,1.6853499,1.96310479,0.730460478,0.357260037,-16.3692248,0.10577722,-0.357260037,0.173915202,-2.51244679e-05,2.51006671e-05,2.52362644e-05,0.00112108143,0.0772660784,-0.127634734,0.000526754075,2,0.11455357,-0.128434768,0.054597588
0.604,1.68676963,1.96379952,0.697400374,0.341375983,-16.7959179,0.0962578162,-0.341375983,0.166251283,-2.44319516e-05,2.44078957e-05,2.45398848e-05,0.00102263975,0.067130237,-0.116537562,0.000519055929,2,0.1159733,-0.130009986,0.0552923215
0.606,1.68812218,1.96446195,0.66349483,0.325058975,-17.2119205,0.0865635842,-0.325058975,0.158366698,-2.37124356e-05,2.36882297e-05,2.38164468e-05,0.000926296342,0.0574344906,-0.105663337,0.000507982064,2,0.117325849,-0.131510292,0.055954744
0.608,1.68940588,1.96509121,0.628765565,0.308320014,-17.6167859,0.0767022994,-0.308320014,0.150267033,-2.29662927e-05,2.29420454e-05,2.30663228e-05,0.000832478667,0.0482277647,-0.095061231,0.000493500931,2,0.118609554,-0.132933893,0.0565840033
0.61,1.69061912,1.96568647,0.593235184,0.291170618,-18.010075,0.0666819956,-0.291170618,0.141958169,-2.21939256e-05,2.21697482e-05,2.22899148e-05,0.000741612937,0.0395581059,-0.0847803288,0.000475593524,2,0.119822796,-0.134279044,0.0571792698
0.612,1.69176033,1.96624694,0.556927163,0.273622816,-18.3913574,0.0565109565,-0.273622816,0.133446277,-2.13957668e-05,2.13717725e-05,2.14876538e-05,0.000654122558,0.0314724867,-0.0748694456,0.00045425366,2,0.120964001,-0.135544052,0.0577397376
0.614,1.69282797,1.96677183,0.519865834,0.255689136,-18.7602115,0.0461977075,-0.255689136,0.124737814,-2.05722788e-05,2.05485816e-05,2.066e-05,0.000570426544,0.0240166097,-0.0653769342,0.000429488218,2,0.122031644,-0.136727275,0.0582646254
0.616,1.69382058,1.96726038,0.482076362,0.237382593,-19.1162252,0.0357510069,-0.237382593,0.115839515,-1.97239529e-05,1.97006673e-05,1.98074419e-05,0.000490937921,0.0172347153,-0.0563504954,0.000401317317,2,0.123024251,-0.137827122,0.0587531777
0.618,1.69473672,1.96771187,0.443584734,0.218716681,-19.458996,0.0251798367,-0.218716681,0.106758386,-1.88513099e-05,1.88285495e-05,1.89304966e-05,0.000416062135,0.0111693911,-0.0478369864,0.000369774448,2,0.123940397,-0.138842059,0.0592046656
0.62,1.69557504,1.96812559,0.404417729,0.199705358,-19.7881318,0.0144933935,-0.199705358,0.0975017023,-1.79548991e-05,1.79327759e-05,1.80297093e-05,0.000346195464,0.0058613853,-0.0398822302,0.000334906551,2,0.124778711,-0.139770608,0.0596183877
0.622,1.6963342,1.96850087,0.364602907,0.180363038,-20.1032511,0.0037010788,-0.180363038,0.088076994,-1.70352979e-05,1.70139215e-05,1.71056527e-05,0.000281723441,0.00134942409,-0.0325308256,0.000296774037,2,0.125537877,-0.140611349,0.059993671
0.624,1.69701296,1.96883707,0.324168579,0.160704573,-20.4039835,-0.00718751122,-0.160704573,0.0784920438,-1.60931117e-05,1.60725883e-05,1.61589272e-05,0.000223019292,-0.0023299653,-0.0258259599,0.000255450755,2,0.126216634,-0.14136292,0.0603298723
0.626,1.69761011,1.96913358,0.28314379,0.140745243,-20.6899701,-0.0181625955,-0.140745243,0.068754877,-1.51289733e-05,1.51094047e-05,1.51901598e-05,0.000170442399,-0.00514262613,-0.0198092234,0.000211023902,2,0.12681378,-0.14202402,0.060626378
0.628,1.6981245,1.96938981,0.241558295,0.12050074,-20.960864,-0.0292142187,-0.12050074,0.0588737539,-1.41435422e-05,1.41250252e-05,1.42000042e-05,0.000124336796,-0.00705693686,-0.0145204283,0.000163593882,2,0.127328171,-0.142593411,0.0608826062
0.63,1.69855505,1.96960521,0.199442531,0.0999871556,-21.2163306,-0.0403322621,-0.0999871556,0.0488571614,-1.31375041e-05,1.31201297e-05,1.31891404e-05,8.50296978e-05,-0.00804396843,-0.00999743129,0.000113274108,2,0.127758724,-0.143069917,0.0610980065
0.632,1.69890074,1.96977926,0.156827596,0.0792209654,-21.4560479,-0.0515064541,-0.0792209654,0.0387138036,-1.21115706e-05,1.20954227e-05,1.21582744e-05,5.28300677e-05,-0.0080776334,-0.00627596136,6.01907441e-05,2,0.128104415,-0.143452428,0.0612720612
0.634,1.69916062,1.96991149,0.113745224,0.0582190128,-21.679707,-0.062726382,-0.0582190128,0.0284525935,-1.10664781e-05,1.10516335e-05,1.11081376e-05,2.8027242e-05,-0.00713482635,-0.00338945345,4.48240355e-06,2,0.128364288,-0.143739898,0.0614042862
0.636,1.69933377,1.97000143,0.0702277531,0.0369984935,-21.8870123,-0.0739815029,-0.0369984935,0.0180826431,-1.00029875e-05,9.98951452e-06,1.00394875e-05,1.08896006e-05,-0.00519555472,-0.00136888852,-5.37002163e-05,2,0.128537447,-0.143931349,0.0614942314
0.638,1.69941939,1.97004868,0.0263081054,0.0155769398,-22.0776822,-0.0852611556,-0.0155769398,0.0076132539,-8.9218834e-06,8.90984163e-06,8.95310769e-06,1.66330211e-06,-0.00224305947,-0.000242641053,-0.000114194746,2,0.128623063,-0.144025873,0.0615414814
0.64,1.6994167,1.97005286,-0.0179802454,-0.00602779695,-22.2514489,-0.0965545726,0.00602779695,-0.00294609308,-7.82397333e-06,7.81341288e-06,7.84980935e-06,5.71081546e-07,0.00173607491,-3.6334336e-05,-0.00017682761,2,0.128620374,-0.144022627,0.0615456566
0.642,1.69932501,1.97001362,-0.0626033006,-0.0277975629,-22.4080591,-0.107850892,0.0277975629,-0.0135857475,-6.71008702e-06,6.70104807e-06,6.73043494e-06,7.81112071e-06,0.0067518218,-0.000772704506,-0.00024141454,2,0.128528685,-0.143920842,0.0615064132
0.644,1.69914369,1.96993065,-0.107526566,-0.0497139199,-22.5472743,-0.119139169,0.0497139199,-0.0242959001,-5.58107565e-06,5.57358796e-06,5.5958668e-06,2.35559935e-05,0.0128106257,-0.00247147383,-0.000307761139,2,0.128347368,-0.14371982,0.061423444
0.646,1.69887219,1.96980368,-0.152715082,-0.0717581628,-22.6688706,-0.13040839,0.0717581628,-0.0350665937,-4.43781101e-06,4.43189359e-06,4.44705105e-06,4.79516927e-05,0.0199153279,-0.00514923393,-0.000375663491,2,0.128075868,-0.143418933,0.0612964794
0.648,1.69851002,1.96963249,-0.198133451,-0.0939113386,-22.7726398,-0.141647485,0.0939113386,-0.0458877341,-3.28118467e-06,3.27684547e-06,3.28507432e-06,8.11167417e-05,0.028065105,-0.00881933952,-0.000444908817,2,0.127713698,-0.143017628,0.0611252871
0.65,1.69805677,1.96941688,-0.243745872,-0.116154265,-22.858389,-0.152845338,0.116154265,-0.0567491012,-2.11210711e-06,2.10934288e-06,2.11150249e-06,0.000123141397,0.0372554203,-0.0134918132,-0.00051527617,2,0.127260443,-0.142515426,0.0609096733
0.652,1.69751209,1.96915668,-0.289516171,-0.138467548,-22.9259409,-0.163990805,0.138467548,-0.0676403608,-9.31506869e-07,9.30303026e-07,9.31331384e-07,0.000174086946,0.0474779898,-0.0191732619,-0.000586537175,2,0.12671576,-0.141911923,0.0606494827
0.654,1.69687571,1.9688518,-0.335407828,-0.160831605,-22.9751343,-0.175072721,0.160831605,-0.0785510761,2.5967037e-07,-2.59339729e-07,3.18691475e-07,0.000233985099,0.058720761,-0.0258668053,-0.000658456802,2,0.126079379,-0.141206788,0.0603445989
0.656,1.69614743,1.96850215,-0.381384015,-0.183226682,-23.0058243,-0.186079919,0.183226682,-0.0894707202,1.46046271e-06,-1.4586347e-06,1.49524081e-06,0.000302837488,0.0709679066,-0.033572017,-0.000730794183,2,0.125351104,-0.140399771,0.0599949451
0.658,1.69532714,1.96810769,-0.427407628,-0.205632873,-23.0178821,-0.19700124,0.205632873,-0.100388688,2.66989299e-06,-2.66661573e-06,2.70849934e-06,0.000380615265,0.0841998327,-0.0422848784,-0.000803303453,2,0.124530811,-0.139490695,0.0596004842
0.66,1.69441478,1.96766842,-0.473441314,-0.228030143,-23.0111958,-0.20782555,0.228030143,-0.111294308,3.88696968e-06,-3.88230202e-06,3.93182122e-06,0.000467258814,0.0983932015,-0.0519977463,-0.000875734625,2,0.123618452,-0.138479462,0.0591612189
0.662,1.69341038,1.96718439,-0.519447512,-0.250398349,-22.9856698,-0.218541751,0.250398349,-0.122176858,5.11068795e-06,-5.10469901e-06,5.1626611e-06,0.000562677568,0.113520969,-0.0626993333,-0.000947834494,2,0.122614054,-0.137366053,0.0586771922
0.664,1.69231405,1.96665569,-0.565388479,-0.272717258,-22.9412258,-0.229138796,0.272717258,-0.133025574,6.34003055e-06,-6.33279927e-06,6.39963909e-06,0.000666749937,0.129552435,-0.074374703,-0.00101934756,2,0.12151772,-0.136150526,0.0581484876
0.666,1.69112595,1.96608243,-0.611226333,-0.294966572,-22.8778021,-0.239605704,0.294966572,-0.143829666,7.57396889e-06,-7.56558338e-06,7.64159715e-06,0.000779323359,0.146453316,-0.0870052788,-0.00109001699,2,0.120329627,-0.134833018,0.057575229
0.668,1.68984635,1.96546478,-0.656923076,-0.317125949,-22.7953545,-0.249931575,0.317125949,-0.15457833,8.81146401e-06,-8.80202086e-06,8.88743804e-06,0.000900214451,0.164185819,-0.100568867,-0.00115958556,2,0.119050028,-0.133413748,0.056957581
0.67,1.68847558,1.96480295,-0.702440639,-0.339175022,-22.6938556,-0.260105602,0.339175022,-0.165260766,1.00514676e-05,-1.00410711e-05,1.01360823e-05,0.00102920929,0.182708745,-0.115039695,-0.00122779666,2,0.117679254,-0.131893012,0.0562957489
0.672,1.68701404,1.96409718,-0.747740909,-0.361093426,-22.5732957,-0.270117089,0.361093426,-0.175866184,1.12929231e-05,-1.12816843e-05,1.13864536e-05,0.00116606381,0.201977598,-0.130388462,-0.00129439526,2,0.11621771,-0.130271187,0.0555899789
0.674,1.68546221,1.96334776,-0.792785766,-0.382860819,-22.4336823,-0.279955462,0.382860819,-0.186383824,1.25347665e-05,-1.25228023e-05,1.26374735e-05,0.0013105043,0.221944706,-0.146582407,-0.00135912893,2,0.11466588,-0.12854873,0.0548405576
0.676,1.68382065,1.96255501,-0.837537119,-0.404456904,-22.2750402,-0.289610289,0.404456904,-0.196802971,1.37759277e-05,-1.37633597e-05,1.38880594e-05,0.00146222801,0.242559367,-0.163585387,-0.00142174884,2,0.11302432,-0.126726178,0.0540478125
0.678,1.68208999,1.96171931,-0.881956941,-0.425861451,-22.0974119,-0.299071288,0.425861451,-0.207112964,1.50153314e-05,-1.5002285e-05,1.5137124e-05,0.00162090394,0.263767998,-0.181357975,-0.00148201076,2,0.111293666,-0.124804151,0.0532121115
0.68,1.68027096,1.96084106,-0.9260073,-0.447054322,-21.9008571,-0.308328349,0.447054322,-0.217303216,1.62518982e-05,-1.62385011e-05,1.63835754e-05,0.00178617364,0.285514302,-0.199857567,-0.00153967604,2,0.109474629,-0.122783345,0.0523338629
0.682,1.67836432,1.95992072,-0.9696504,-0.468015497,-21.6854532,-0.317371546,0.468015497,-0.227363224,1.74845456e-05,-1.74709268e-05,1.76263178e-05,0.0019576522,0.307739446,-0.219038505,-0.00159451262,2,0.107567994,-0.120664541,0.051413515
0.684,1.67637095,1.95895876,-1.01284861,-0.48872509,-21.451295,-0.326191148,0.48872509,-0.23728259,1.8712189e-05,-1.86984773e-05,1.88642521e-05,0.00213492929,0.330382251,-0.238852214,-0.00164629601,2,0.105574623,-0.118448598,0.0504515561
0.686,1.67429178,1.95795572,-1.0555645,-0.509163382,-21.1984947,-0.334777643,0.509163382,-0.247051029,1.99337429e-05,-1.99200657e-05,2.00962767e-05,0.00231757038,0.353379396,-0.259247349,-0.00169481026,2,0.103495452,-0.116136455,0.0494485142
0.688,1.67212782,1.95691216,-1.09776089,-0.529310835,-20.9271818,-0.343121744,0.529310835,-0.256658388,2.11481222e-05,-2.11346041e-05,2.13212889e-05,0.00250511798,0.37666563,-0.28016996,-0.00173984885,2,0.101331494,-0.113729132,0.0484049561
0.69,1.66988016,1.95582869,-1.13940085,-0.549148126,-20.6375033,-0.351214409,0.549148126,-0.266094661,2.23542425e-05,-2.2341004e-05,2.25381851e-05,0.00269709305,0.400173996,-0.301563664,-0.00178121568,2,0.0990838323,-0.111227729,0.0473214879
0.692,1.66754995,1.95470596,-1.18044778,-0.568656162,-20.3296234,-0.359046854,0.568656162,-0.275350004,2.35510221e-05,-2.35381779e-05,2.37458627e-05,0.00289299644,0.423836061,-0.32336983,-0.0018187259,2,0.0967536264,-0.108633424,0.0461987537
0.694,1.66513843,1.95354464,-1.2208654,-0.587816109,-20.0037232,-0.366610568,0.587816109,-0.284414748,2.47373825e-05,-2.47250404e-05,2.49432205e-05,0.00309231046,0.447582159,-0.345527777,-0.0018522068,2,0.0943421077,-0.105947477,0.0450374356
0.696,1.66264691,1.95234546,-1.26061782,-0.606609413,-19.6600012,-0.373897328,0.606609413,-0.293279416,2.59122495e-05,-2.5900509e-05,2.61291603e-05,0.00329450054,0.471341636,-0.36797498,-0.0018814986,2,0.0918505797,-0.103171223,0.043838253
0.698,1.66007674,1.95110916,-1.29966956,-0.625017827,-19.2986725,-0.380899209,0.625017827,-0.301934738,2.70745545e-05,-2.70635054e-05,2.73025876e-05,0.00349901694,0.495043109,-0.390647284,-0.00190645527,2,0.0892804171,-0.100306076,0.0426019621
0.7,1.65742939,1.94983656,-1.33798558,-0.64302343,-18.9199691,-0.387608604,0.64302343,-0.310371664,2.82232356e-05,-2.82129563e-05,2.84624128e-05,0.00370529657,0.518614722,-0.413479132,-0.0019269452,2,0.0866330653,-0.0973535305,0.0413293551
0.702,1.65470637,1.94852846,-1.3755313,-0.660608655,-18.5241396,-0.394018234,0.660608655,-0.318581383,2.93572382e-05,-2.9347795e-05,2.96075528e-05,0.00391276479,0.541984413,-0.436403796,-0.00194285193,2,0.083910039,-0.0943151542,0.0400212597
0.704,1.65190925,1.94718574,-1.41227267,-0.677756309,-18.111449,-0.40012116,0.677756309,-0.326555331,3.04755166e-05,-3.04669623e-05,3.07369314e-05,0.00412083743,0.56508018,-0.459353615,-0.00195407474,2,0.0811129213,-0.0911925925,0.0386785381
0.706,1.64903969,1.94580929,-1.44817619,-0.694449597,-17.6821783,-0.405910799,0.694449597,-0.334285211,3.1577035e-05,-3.15694073e-05,3.18494812e-05,0.00432892267,0.587830352,-0.482260243,-0.00196052927,2,0.0782433631,-0.087987566,0.0373020866
0.708,1.64609941,1.94440004,-1.4832089,-0.710672144,-17.2366249,-0.411380932,0.710672144,-0.341763005,3.2660768e-05,-3.26540892e-05,3.29441442e-05,0.00453642312,0.610163858,-0.505054896,-0.00196214797,2,0.0753030812,-0.0847018699,0.0358928344
0.71,1.64309018,1.94295895,-1.51733847,-0.726408017,-16.7751017,-0.41652572,0.726408017,-0.348980986,3.37257024e-05,-3.37199779e-05,3.40198734e-05,0.00474273787,0.6320105,-0.527668607,-0.00195888057,2,0.0722938578,-0.0813373728,0.034451743
0.712,1.64001387,1.94148701,-1.55053322,-0.741641749,-16.2979372,-0.421339712,0.741641749,-0.355931735,3.4770838e-05,-3.47660553e-05,3.50756338e-05,0.00494726454,0.653301222,-0.550032483,-0.00195069447,2,0.0692175389,-0.0778960161,0.0329798052
0.714,1.63687236,1.93998525,-1.58276211,-0.756358357,-15.8054753,-0.425817859,0.756358357,-0.362608149,3.57951883e-05,-3.57913167e-05,3.61104037e-05,0.00514940144,0.673968374,-0.572077964,-0.00193757501,2,0.0660760331,-0.0743798126,0.031478044
0.716,1.63366764,1.93845471,-1.61399482,-0.770543366,-15.2980747,-0.429955517,0.770543366,-0.369003459,3.6797782e-05,-3.67947717e-05,3.71231759e-05,0.00534854964,0.693945977,-0.593737078,-0.00191952573,2,0.06287131,-0.0707908459,0.0299475118
0.718,1.63040173,1.93689649,-1.64420174,-0.784182825,-14.7761089,-0.433748465,0.784182825,-0.375111238,3.77776639e-05,-3.77754453e-05,3.81129587e-05,0.00554411513,0.71316998,-0.614942704,-0.0018965685,2,0.0596053991,-0.0671312685,0.0283892895
0.72,1.62707672,1.93531169,-1.67335403,-0.797263333,-14.239966,-0.437192906,0.797263333,-0.380925413,3.87338958e-05,-3.87323796e-05,3.90787775e-05,0.00573551093,0.731578513,-0.635628822,-0.00186874361,2,0.0562803883,-0.0634033012,0.0268044848
0.722,1.62369475,1.93370143,-1.70142365,-0.809772049,-13.690048,-0.440285478,0.809772049,-0.386440278,3.96655577e-05,-3.96646341e-05,4.00196756e-05,0.00592215918,0.749112125,-0.655730772,-0.00183610976,2,0.0528984219,-0.0596092315,0.025194232
0.724,1.62025803,1.93206689,-1.72838334,-0.821696719,-13.1267706,-0.443023262,0.821696719,-0.3916505,4.05717488e-05,-4.05712878e-05,4.0934716e-05,0.00610349323,0.765714025,-0.675185498,-0.00179874396,2,0.0494616995,-0.0557514123,0.0235596898
0.726,1.6167688,1.93040924,-1.75420671,-0.833025686,-12.5505631,-0.445403783,0.833025686,-0.396551132,4.14515884e-05,-4.14514397e-05,4.18229818e-05,0.00627895971,0.781330305,-0.693931793,-0.00175674138,2,0.045972474,-0.0518322604,0.0219020412
0.728,1.61322938,1.92872969,-1.77886823,-0.843747911,-11.9618677,-0.447425019,0.843747911,-0.401137621,4.23042168e-05,-4.23042102e-05,4.26835781e-05,0.00644802052,0.795910153,-0.711910537,-0.00171021508,2,0.0424330502,-0.047854255,0.0202224914
0.73,1.60964211,1.92702947,-1.80234327,-0.853852986,-11.3611394,-0.449085405,0.853852986,-0.405405815,4.31287969e-05,-4.31287422e-05,4.3515633e-05,0.0066101548,0.809406055,-0.729064921,-0.00165929565,2,0.0388457827,-0.0438199362,0.0185222671
0.732,1.6060094,1.92530982,-1.82460809,-0.86333115,-10.7488453,-0.450383832,0.86333115,-0.409351969,4.39245142e-05,-4.39242025e-05,4.43182986e-05,0.00676486086,0.821773985,-0.745340674,-0.00160413086,2,0.0352130742,-0.0397319033,0.0168026147
0.734,1.6023337,1.923572,-1.84563994,-0.8721733,-10.1254646,-0.451319652,0.8721733,-0.412972754,4.46905787e-05,-4.46897824e-05,4.50907522e-05,0.00691165796,0.832973576,-0.760686266,-0.00154488507,2,0.0315373738,-0.0355928131,0.0150647997
0.736,1.5986175,1.92181731,-1.86541701,-0.880371008,-9.4914876,-0.451892678,0.880371008,-0.41626526,4.54262254e-05,-4.54246993e-05,4.58321979e-05,0.00705008814,0.842968287,-0.775053111,-0.0014817387,2,0.0278211749,-0.0314053781,0.0133101046
0.738,1.59486334,1.92004703,-1.88391847,-0.887916524,-8.84741595,-0.452103185,0.887916524,-0.419227,4.6130715e-05,-4.61281975e-05,4.65418669e-05,0.0071797179,0.851725539,-0.788395753,-0.00141488754,2,0.0240670132,-0.0271723648,0.0115398282
0.74,1.59107379,1.91826249,-1.90112451,-0.894802795,-8.19376169,-0.451951905,0.894802795,-0.421855915,4.68033353e-05,-4.67995496e-05,4.72190195e-05,0.00730013977,0.859216845,-0.800672041,-0.00134454201,2,0.0202774648,-0.0228965917,0.00975528381
0.742,1.58725147,1.916465,-1.91701638,-0.901023466,-7.53104698,-0.451440026,0.901023466,-0.424150375,4.74434021e-05,-4.74380571e-05,4.78629456e-05,0.00741097382,0.865417922,-0.811843287,-0.00127092638,2,0.0164551441,-0.0185809274,0.00795779792
0.744,1.58339903,1.91465591,-1.93157633,-0.906572895,-6.8598036,-0.45056919,0.906572895,-0.426109179,4.80502595e-05,-4.80430517e-05,4.84729659e-05,0.00751186908,0.870308781,-0.821874414,-0.00119427782,2,0.012602702,-0.0142282884,0.00614870891
0.746,1.57951915,1.91283657,-1.94478772,-0.91144615,-6.1805725,-0.449341486,0.91144615,-0.427731558,4.86232815e-05,-4.86138963e-05,4.90484331e-05,0.00760250484,0.873873803,-0.830734085,-0.0011148455,2,0.00872282316,-0.00984163725,0.00432936555
0.748,1.57561455,1.91100833,-1.95663498,-0.915639023,-5.49390323,-0.447759444,0.915639023,-0.429017171,4.9161872e-05,-4.91499859e-05,4.95887326e-05,0.0076825918,0.876101791,-0.83839482,-0.00103288956,2,0.00481822434,-0.00542398033,0.00250112556
0.75,1.57168798,1.90917256,-1.96710365,-0.919148024,-4.80035348,-0.445826029,0.919148024,-0.429966106,4.96654667e-05,-4.96507486e-05,5.00932836e-05,0.00775187316,0.87698601,-0.844833089,-0.000948680046,2,0.000891652058,-0.000978365641,0.00066535417
0.752,1.56774221,1.90733062,-1.9761804,-0.921970391,-4.10048858,-0.443544629,0.921970391,-0.430578873,5.01335326e-05,-5.01156462e-05,5.05615402e-05,0.00781012554,0.876524205,-0.850029402,-0.000862495761,2,-0.00305411966,0.00349211947,-0.0011765773
0.754,1.56378004,1.90548391,-1.98385303,-0.924104086,-3.39488089,-0.440919052,0.924104086,-0.430856402,5.05655698e-05,-5.05441756e-05,5.09929918e-05,0.00785715983,0.874718596,-0.853968363,-0.000774623128,2,-0.00701629154,0.00798435058,-0.00302329293
0.756,1.55980429,1.90363379,-1.99011047,-0.925547796,-2.68410934,-0.437953506,0.925547796,-0.430800039,5.09611117e-05,-5.09358688e-05,5.13871644e-05,0.00789282181,0.87157586,-0.856638723,-0.00068535497,2,-0.0109920413,0.0124951686,-0.00487341362
0.758,1.5558178,1.90178164,-1.99494285,-0.926300927,-1.96875884,-0.434652598,0.926300927,-0.430411533,5.13197258e-05,-5.12902946e-05,5.1743621e-05,0.00791699279,0.867107092,-0.858033408,-0.000594989269,2,-0.0149785261,0.0170213821,-0.00672555854
0.76,1.55182344,1.89992886,-1.99834144,-0.926363605,-1.24941973,-0.431021311,0.926363605,-0.429693038,5.16410141e-05,-5.16070585e-05,5.20619625e-05,0.00792958993,0.861327747,-0.858149529,-0.0005038279,2,-0.0189728847,0.0215597699,-0.00857834658
0.762,1.54782409,1.8980768,-2.00029871,-0.925736666,-0.526687199,-0.427064998,0.925736666,-0.428647095,5.19246142e-05,-5.18858035e-05,5.23418282e-05,0.00793056659,0.854257565,-0.856988375,-0.00041217535,2,-0.0229722399,0.0261070837,-0.0104303978
0.764,1.54382263,1.89622687,-2.00080833,-0.924421653,0.198839254,-0.42278936,0.924421653,-0.427276627,5.21701993e-05,-5.21262113e-05,5.25828968e-05,0.00791991247,0.845920473,-0.854555392,-0.000320337418,2,-0.026973701,0.0306600501,-0.0122803347
0.766,1.53982196,1.89438042,-1.99986516,-0.922420802,0.926556444,-0.418200437,0.922420802,-0.425584928,5.23774793e-05,-5.23280018e-05,5.27848862e-05,0.00789765357,0.836344483,-0.850860137,-0.000228619916,2,-0.030974366,0.035215374,-0.0141267839
0.768,1.535825,1.89253882,-1.99746527,-0.919737041,1.65585806,-0.413304587,0.919737041,-0.42357565,5.25462005e-05,-5.24909344e-05,5.29475547e-05,0.00786385213,0.825561559,-0.845916225,-0.000137327374,2,-0.0349713244,0.0397697406,-0.0159683772
0.77,1.53183467,1.89070345,-1.99360595,-0.916373969,2.38613527,-0.40810847,0.916373969,-0.42125279,5.26761468e-05,-5.2614808e-05,5.30707008e-05,0.00781860631,0.813607475,-0.839741251,-4.67617548e-05,2,-0.0389616589,0.0443198185,-0.0178037533
0.772,1.52785388,1.88887564,-1.98828571,-0.91233585,3.11677732,-0.40261903,0.91233585,-0.418620677,5.27671395e-05,-5.26994614e-05,5.31541641e-05,0.00776204985,0.800521663,-0.832356703,4.27788111e-05,2,-0.0429424489,0.0488622623,-0.0196315587
0.774,1.52388556,1.88705675,-1.98150427,-0.907627595,3.84717212,-0.396843474,0.907627595,-0.415683955,5.28190379e-05,-5.27447735e-05,5.31978248e-05,0.00769435152,0.786347038,-0.823787852,0.000131001264,2,-0.0469107717,0.0533937154,-0.0214504494
0.776,1.51993262,1.88524811,-1.97326259,-0.902254751,4.57670688,-0.390789255,0.902254751,-0.412447574,5.28317393e-05,-5.27506637e-05,5.32016047e-05,0.00761571447,0.771129818,-0.814063636,0.000217618821,2,-0.0508637062,0.0579108128,-0.0232590919
0.778,1.51599799,1.88345104,-1.96356286,-0.89622348,5.30476868,-0.38446405,0.89622348,-0.408916764,5.28051794e-05,-5.27170916e-05,5.31654667e-05,0.0075263755,0.754919329,-0.803216526,0.000302352135,2,-0.0547983343,0.0624101838,-0.0250561647
0.78,1.51208458,1.88166684,-1.95240846,-0.889540543,6.03074512,-0.377875743,0.889540543,-0.405097027,5.27393326e-05,-5.26440574e-05,5.30894149e-05,0.00742660413,0.737767798,-0.791282378,0.000384930413,2,-0.058711744,0.0668884553,-0.0268403592
0.782,1.5081953,1.87989682,-1.93980404,-0.882213282,6.75402489,-0.371032398,0.882213282,-0.400994116,5.26342114e-05,-5.25316015e-05,5.29734948e-05,0.00731670164,0.719730146,-0.778300275,0.000465092474,2,-0.0626010316,0.0713422542,-0.0286103813
0.784,1.50433302,1.87814225,-1.92575545,-0.874249598,7.47399841,-0.363942243,0.874249598,-0.396614015,5.24898671e-05,-5.23798049e-05,5.28177928e-05,0.00719699994,0.700863758,-0.76431236,0.000542587751,2,-0.066463304,0.0757682107,-0.0303649521
0.786,1.50050065,1.87640439,-1.91026975,-0.865657932,8.19005844,-0.356613648,0.865657932,-0.391962923,5.23063895e-05,-5.21887882e-05,5.26224363e-05,0.0070678604,0.681228263,-0.749363655,0.000617177218,2,-0.0702956817,0.080162961,-0.0321028091
0.788,1.49670103,1.87468449,-1.89335522,-0.856447241,8.90160066,-0.349055099,0.856447241,-0.387047236,5.20839066e-05,-5.19587121e-05,5.23875931e-05,0.00692967253,0.660885294,-0.733501877,0.000688634254,2,-0.0740953006,0.0845231507,-0.0338227076
0.79,1.49293701,1.87298378,-1.87502136,-0.846626977,9.6080243,-0.341275183,0.846626977,-0.381873526,5.18225845e-05,-5.16897765e-05,5.21134713e-05,0.00678285258,0.639898257,-0.716777239,0.000756745425,2,-0.0778593147,0.088845437,-0.0355234213
0.792,1.48921143,1.87130346,-1.85527884,-0.836207063,10.3087327,-0.333282563,0.836207063,-0.376448519,5.15226272e-05,-5.13822204e-05,5.18003186e-05,0.00662784213,0.618332086,-0.699242253,0.000821311192,2,-0.0815848985,0.0931264926,-0.0372037432
0.794,1.48552708,1.86964471,-1.83413954,-0.825197868,11.0031341,-0.325085956,0.825197868,-0.370779083,5.11842763e-05,-5.10363209e-05,5.14484216e-05,0.00646510652,0.596253005,-0.680951522,0.000882146522,2,-0.0852692493,0.097363008,-0.0388624871
0.796,1.48188674,1.86800871,-1.81161652,-0.813610183,11.6906418,-0.316694114,0.813610183,-0.3648722,5.08078105e-05,-5.06523933e-05,5.10581057e-05,0.00629513324,0.573728287,-0.661961529,0.000939081428,2,-0.0889095897,0.101551695,-0.0404984877
0.798,1.47829316,1.8663966,-1.787724,-0.801455194,12.3706753,-0.308115802,0.801455194,-0.358734952,5.0393545e-05,-5.02307897e-05,5.06297338e-05,0.00611843027,0.550826013,-0.642330428,0.000991961411,2,-0.0925031699,0.105689289,-0.0421106021
0.8,1.47474906,1.86480949,-1.76247735,-0.78874446,13.0426604,-0.29935978,0.78874446,-0.352374499,4.99418313e-05,-4.97718985e-05,5.0163706e-05,0.00593552442,0.527614833,-0.622117824,0.00104064781,2,-0.0960472699,0.109772554,-0.04369771
0.802,1.47125712,1.86324849,-1.73589312,-0.775489885,13.7060301,-0.29043478,0.775489885,-0.34579806,4.94530562e-05,-4.92761439e-05,4.96604584e-05,0.00574695951,0.504163735,-0.601384561,0.00108501809,2,-0.099539202,0.113798282,-0.0452587147
0.804,1.46782001,1.86171466,-1.70798893,-0.76170369,14.3602249,-0.281349489,0.76170369,-0.339012896,4.89276415e-05,-4.87439845e-05,4.91204622e-05,0.00555329462,0.480541813,-0.580192511,0.00112496596,2,-0.102976313,0.117763299,-0.0467925439
0.806,1.46444034,1.86020905,-1.67878357,-0.74739839,15.0046937,-0.27211253,0.74739839,-0.332026287,4.83660427e-05,-4.81759126e-05,4.8544223e-05,0.00535510229,0.456818044,-0.558604353,0.00116040153,2,-0.106355986,0.121664468,-0.0482981497
0.808,1.46112068,1.85873269,-1.64829688,-0.732586768,15.6388939,-0.262732444,0.732586768,-0.324845519,4.7768749e-05,-4.75724531e-05,4.79322794e-05,0.00515296665,0.43306107,-0.536683373,0.00119125125,2,-0.109675643,0.125498691,-0.0497745101
0.81,1.45786358,1.85728657,-1.61654982,-0.717281847,16.2622924,-0.253217677,0.717281847,-0.317477862,4.71362816e-05,-4.69341625e-05,4.7285202e-05,0.00494748161,0.409338989,-0.514493249,0.00121745785,2,-0.112932748,0.12926291,-0.0512206285
0.812,1.45467152,1.85587167,-1.58356437,-0.701496867,16.8743656,-0.243576555,0.701496867,-0.309930557,4.64691933e-05,-4.62616274e-05,4.66035923e-05,0.004739249,0.385719155,-0.492097854,0.00123898015,2,-0.116124808,0.132954115,-0.052635535
0.814,1.45154695,1.85448892,-1.54936357,-0.685245255,17.4746005,-0.233817281,0.685245255,-0.302210796,4.57680674e-05,-4.5555464e-05,4.58880814e-05,0.00452887671,0.362267978,-0.46956106,0.00125579283,2,-0.119249374,0.136569341,-0.054018286
0.816,1.44849228,1.85313924,-1.51397148,-0.668540609,18.0624947,-0.22394791,0.668540609,-0.294325707,4.50335165e-05,-4.48163161e-05,4.51393285e-05,0.00431697689,0.33905075,-0.446946546,0.0012678861,2,-0.122304045,0.140105675,-0.0553679655
0.818,1.44550986,1.85182352,-1.47741316,-0.651396665,18.6375572,-0.213976344,0.651396665,-0.286282343,4.42661814e-05,-4.40448542e-05,4.43580202e-05,0.0041041641,0.316131466,-0.424317615,0.00127526527,2,-0.12528647,0.143560259,-0.0566836843
0.82,1.44260198,1.85054262,-1.43971461,-0.633827279,19.1993087,-0.203910316,0.633827279,-0.278087663,4.34667303e-05,-4.32417742e-05,4.35448684e-05,0.0038910535,0.293572661,-0.401737019,0.00127795034,2,-0.128194349,0.14693029,-0.0579645813
0.822,1.43977089,1.84929738,-1.40090282,-0.615846402,19.7472821,-0.19375738,0.615846402,-0.269748522,4.26358573e-05,-4.24077957e-05,4.27006094e-05,0.00367825912,0.271435261,-0.379266791,0.00127597544,2,-0.131025436,0.150213023,-0.0592098229
0.824,1.43701879,1.8480886,-1.3610057,-0.597468061,20.2810229,-0.183524905,0.597468061,-0.261271658,4.17742811e-05,-4.1543661e-05,4.18260024e-05,0.00346639209,0.249778441,-0.356968084,0.00126938828,2,-0.133777537,0.153405776,-0.0604186038
0.826,1.43434781,1.84691706,-1.32005202,-0.578706335,20.8000897,-0.17322006,0.578706335,-0.252663681,4.08827439e-05,-4.06501337e-05,4.09218279e-05,0.00325605894,0.228659491,-0.334901023,0.0012582495,2,-0.136448519,0.156505933,-0.0615901466
0.828,1.43176002,1.8457835,-1.27807148,-0.559575338,21.3040547,-0.162849816,0.559575338,-0.243931064,3.99620103e-05,-3.97279966e-05,3.99888864e-05,0.00304785996,0.208133705,-0.313124559,0.00124263204,2,-0.139036306,0.159510942,-0.0627237021
0.83,1.42925745,1.84468865,-1.23509458,-0.540089199,21.7925037,-0.15242093,0.540089199,-0.235080133,3.90128655e-05,-3.87780513e-05,3.90279969e-05,0.00284238758,0.188254264,-0.291696343,0.00122262042,2,-0.141538881,0.162418324,-0.0638185495
0.832,1.42684204,1.84363321,-1.19115265,-0.520262044,22.2650371,-0.14193995,0.520262044,-0.22611706,3.80361144e-05,-3.78011157e-05,3.80399955e-05,0.00264022479,0.169072147,-0.270672594,0.00119831,2,-0.143954291,0.165225669,-0.0648739961
0.834,1.42451568,1.84261782,-1.14627783,-0.500107982,22.7212695,-0.131413205,0.500107982,-0.217047856,3.703258e-05,-3.67980233e-05,3.70257339e-05,0.00244194365,0.150636043,-0.250107994,0.00116980629,2,-0.146280646,0.167930643,-0.0658893776
0.836,1.42228021,1.84164314,-1.10050298,-0.47964109,23.1608308,-0.120846809,0.47964109,-0.207878368,3.60031019e-05,-3.57696216e-05,3.59860778e-05,0.00224810383,0.132992273,-0.230055575,0.00113722412,2,-0.148516121,0.170530989,-0.0668640578
0.838,1.42013737,1.84070977,-1.05386173,-0.458875396,23.5833659,-0.110246653,0.458875396,-0.198614269,3.49485355e-05,-3.47167703e-05,3.49219058e-05,0.00205925123,0.116184728,-0.210566629,0.00110068691,2,-0.150658958,0.17302453,-0.0677974284
0.84,1.41808886,1.83981829,-1.00638838,-0.437824872,23.9885353,-0.0996184116,0.437824872,-0.189261061,3.38697498e-05,-3.36403402e-05,3.38341079e-05,0.00187591662,0.100254812,-0.191690618,0.0010603259,2,-0.152707467,0.175409168,-0.0686889095
0.842,1.4161363,1.83896925,-0.958117915,-0.416503419,24.3760156,-0.088967543,0.416503419,-0.179824072,3.27676267e-05,-3.25412118e-05,3.2723584e-05,0.00169861437,0.0852413969,-0.173475098,0.00101627938,2,-0.154660028,0.17768289,-0.0695379486
0.844,1.41428124,1.83816318,-0.909085936,-0.394924861,24.7454993,-0.0782992906,0.394924861,-0.170308452,3.16430594e-05,-3.14202739e-05,3.15912426e-05,0.00152784129,0.0711807839,-0.155965646,0.000968691942,2,-0.15651509,0.179843768,-0.0703440214
0.846,1.41252515,1.83740057,-0.859328661,-0.373102936,25.0966951,-0.0676186879,0.373102936,-0.160719176,3.04969509e-05,-3.02784221e-05,3.0438e-05,0.0013640754,0.0581066765,-0.139205801,0.000917713722,2,-0.158271176,0.181889961,-0.0711066307
0.848,1.41086945,1.8366819,-0.808882875,-0.351051286,25.4293287,-0.0569305635,0.351051286,-0.151061045,2.93302129e-05,-2.91165578e-05,2.92647784e-05,0.00120777494,0.0460501579,-0.123237006,0.000863499716,2,-0.15992688,0.18381972,-0.0718253068
0.85,1.40931545,1.83600759,-0.757785898,-0.32878346,25.7431423,-0.0462395473,0.32878346,-0.141338692,2.81437643e-05,-2.79355866e-05,2.80725055e-05,0.00105937729,0.0350396769,-0.108098564,0.000806209076,2,-0.161480874,0.185631382,-0.0724996073
0.852,1.40786443,1.83537809,-0.706075552,-0.306312901,26.0378952,-0.0355500776,0.306312901,-0.131556577,2.69385302e-05,-2.67364174e-05,2.68621131e-05,0.000919298069,0.0251010406,-0.0938275935,0.000746004455,2,-0.1629319,0.187323382,-0.0731291167
0.854,1.40651755,1.83479376,-0.653790131,-0.283652952,26.3133638,-0.0248664087,0.283652952,-0.121719003,2.57154404e-05,-2.55199609e-05,2.56345363e-05,0.000787930212,0.0162574126,-0.0804589971,0.000683051388,2,-0.164278782,0.188894245,-0.0737134461
0.856,1.40527591,1.83425497,-0.600968359,-0.260816849,26.5693419,-0.0141926204,0.260816849,-0.111830112,2.4475428e-05,-2.42871289e-05,2.4390713e-05,0.00066564318,0.00852931579,-0.0680254285,0.000617517706,2,-0.165520415,0.190342595,-0.0742522334
0.858,1.40414055,1.83376206,-0.547649362,-0.237817724,26.8056408,-0.00353262758,0.237817724,-0.101893899,2.3219429e-05,-2.30388328e-05,2.31315833e-05,0.000552782194,0.00193464124,-0.05655727,0.000549572996,2,-0.166655778,0.191667149,-0.0747451426
0.86,1.4031124,1.83331534,-0.49387263,-0.214668609,27.0220891,0.00710980953,0.214668609,-0.0919142153,2.19483802e-05,-2.1775983e-05,2.18580894e-05,0.000449667552,-0.00351134033,-0.0460826117,0.0004793881,2,-0.167683924,0.192866728,-0.0751918641
0.862,1.40219234,1.83291509,-0.439677982,-0.191382433,27.2185335,0.017731074,0.191382433,-0.0818947773,2.0663219e-05,-2.04994876e-05,2.05711756e-05,0.000356593995,-0.00779596283,-0.0366272358,0.000407134662,2,-0.168603988,0.193940246,-0.075592114
0.864,1.40138114,1.83256157,-0.38510553,-0.167972031,27.394838,0.0283276804,0.167972031,-0.0718391783,1.93648817e-05,-1.9210252e-05,1.92717894e-05,0.000273830146,-0.0109091464,-0.0282146033,0.000332984719,2,-0.169415185,0.194886724,-0.0759456343
0.866,1.40067952,1.83225501,-0.330195645,-0.144450147,27.5508847,0.0388962626,0.144450147,-0.0617508959,1.8054303e-05,-1.79091776e-05,1.7960883e-05,0.000201618005,-0.0128433765,-0.0208658449,0.000257110338,2,-0.170116808,0.195705278,-0.0762521924
0.868,1.40008809,1.83199562,-0.274988921,-0.120829438,27.6865734,0.0494335609,0.120829438,-0.051633304,1.67324149e-05,-1.65971613e-05,1.66394159e-05,0.000140172505,-0.0135936816,-0.0145997531,0.0001796833,2,-0.170708234,0.196395131,-0.0765115813
0.87,1.39960741,1.83178358,-0.219526139,-0.0971224849,27.8018218,0.0599364089,0.0971224849,-0.0414896836,1.54001458e-05,-1.5275095e-05,1.53083603e-05,8.96811266e-05,-0.0131576084,-0.00943277708,0.00010087483,2,-0.17118892,0.196955607,-0.0767236189
0.872,1.39923792,1.83161905,-0.163848229,-0.0733417972,27.8965654,0.07040172,0.0733417972,-0.0313232342,1.40584199e-05,-1.39438646e-05,1.39687088e-05,5.03035708e-05,-0.0115351972,-0.00537901922,2.08553728e-05,2,-0.171558405,0.197386134,-0.0768881486
0.874,1.39898002,1.83150216,-0.10799624,-0.0494998213,27.9707576,0.0808264736,0.0494998213,-0.0211370868,1.27081564e-05,-1.26043498e-05,1.26214886e-05,2.21714887e-05,-0.00872895527,-0.00245023231,-6.02055943e-05,2,-0.171816311,0.197686243,-0.0770050383
0.876,1.39883399,1.83143302,-0.0520112991,-0.0256089501,28.0243696,0.0912077016,0.0256089501,-0.0109343156,1.13502687e-05,-1.12574235e-05,1.12677865e-05,5.38826755e-06,-0.00474383105,-0.000655818324,-0.0001421397,2,-0.17196234,0.19785557,-0.0770741811
0.878,1.39880005,1.83141171,0.00406542309,-0.0016815316,28.0573904,0.101542474,0.0016815316,-0.00071795162,9.98566406e-06,-9.90395164e-06,9.90879412e-06,2.88716078e-08,0.000412813119,-2.82754853e-06,-0.000224779786,2,-0.171996277,0.197893856,-0.0770954944
0.88,1.39887833,1.83143828,0.0601927459,0.022270121,28.0698265,0.111827886,-0.022270121,0.00950900475,8.61524274e-06,-8.54479237e-06,8.54589829e-06,6.1397379e-06,0.00673122751,-0.00049595829,-0.000307959973,2,-0.171917992,0.197800945,-0.0770689208
0.882,1.39906889,1.83151278,0.116329516,0.0462337199,28.0617022,0.122061042,-0.0462337199,0.0197435702,7.23989788e-06,-7.18079632e-06,7.18087451e-06,2.37387254e-05,0.0141993018,-0.00213755686,-0.000391515705,2,-0.171727434,0.197576789,-0.0769944269
0.884,1.39937169,1.8316352,0.17243464,0.0701969925,28.0330592,0.132239044,-0.0701969925,0.0299827654,5.86051487e-06,-5.81280612e-06,5.81635286e-06,5.28151177e-05,0.0228025919,-0.00492761776,-0.00047528375,2,-0.171424635,0.197221441,-0.0768720044
0.886,1.39978662,1.83180553,0.228467123,0.0941476714,27.9839566,0.142358979,-0.0941476714,0.0402236012,4.47797109e-06,-4.44165636e-06,4.45713394e-06,9.33296782e-05,0.0325243462,-0.00886378404,-0.000559102191,2,-0.171009711,0.196735059,-0.0767016691
0.888,1.40031347,1.83202374,0.284386099,0.118073485,27.9144706,0.152417902,-0.118073485,0.0504630663,3.09313558e-06,-3.06817346e-06,3.11489495e-06,0.000145214758,0.0433455325,-0.0139413478,-0.00064281039,2,-0.170482857,0.196117907,-0.0764834617
0.89,1.40095198,1.83228975,0.340150871,0.141962146,27.8246946,0.162412827,-0.141962146,0.060698113,1.70686884e-06,-1.6931757e-06,1.83294575e-06,0.000208374455,0.0552448646,-0.0201532508,-0.000726248938,2,-0.169844352,0.195370351,-0.0762174471
0.892,1.40170177,1.83260349,0.395720937,0.165801344,27.7147389,0.172340715,-0.165801344,0.0709256454,3.20022644e-07,-3.17473229e-07,9.21098815e-07,0.000282684828,0.0681988292,-0.0274900856,-0.000809259592,2,-0.169094554,0.194492859,-0.0759037151
0.894,1.40256242,1.83296482,0.451056031,0.189578736,27.5847303,0.182198458,-0.189578736,0.0811425062,-1.06656009e-06,1.05813188e-06,1.47335357e-06,0.000367994157,0.0821817134,-0.0359400973,-0.000891685208,2,-0.168233903,0.193486003,-0.0755423801
0.896,1.40353341,1.83337362,0.506116152,0.213281938,27.4348124,0.191982873,-0.213281938,0.0913454646,-2.45204535e-06,2.43284546e-06,2.70551885e-06,0.000464123264,0.0971656328,-0.0454891852,-0.000973369673,2,-0.16726292,0.192350457,-0.075133581
0.898,1.40461412,1.83382972,0.560861598,0.236898516,27.2651449,0.201690687,-0.236898516,0.101531205,-3.83560807e-06,3.80588113e-06,4.03483979e-06,0.000570865876,0.113120561,-0.0561209067,-0.00105415783,2,-0.166182204,0.191086993,-0.0746774819
0.9,1.40580389,1.83433293,0.615253001,0.260415978,27.0759035,0.211318533,-0.260415978,0.111696315,-5.21643212e-06,5.17646006e-06,5.38764864e-06,0.00068798905,0.130014361,-0.0678164814,-0.00113389543,2,-0.164992433,0.189696484,-0.0741742716
0.902,1.40710196,1.83488304,0.669251353,0.28382177,26.8672798,0.220862933,-0.28382177,0.121837275,-6.59371024e-06,6.54381078e-06,6.74740728e-06,0.000815233645,0.147812817,-0.0805547974,-0.00121242907,2,-0.163694364,0.188179902,-0.073624164
0.904,1.40850749,1.8354798,0.722818043,0.307103271,26.639481,0.230320298,-0.307103271,0.13195045,-7.96664395e-06,7.9071689e-06,8.10808428e-06,0.000952314847,0.166479667,-0.0943124193,-0.00128960616,2,-0.162288833,0.186538316,-0.0730273982
0.906,1.41001958,1.83612296,0.775914884,0.330247785,26.3927292,0.239686915,-0.330247785,0.142032076,-9.33444341e-06,9.26577681e-06,9.46667903e-06,0.00109892275,0.185976645,-0.109063599,-0.00136527492,2,-0.160776749,0.18477289,-0.0723842386
0.908,1.41163723,1.83681223,0.828504147,0.353242537,26.1272619,0.248958945,-0.353242537,0.152078257,-1.06963273e-05,1.06188834e-05,1.08213267e-05,0.00125472299,0.206263518,-0.12478029,-0.00143928439,2,-0.159159101,0.182884883,-0.0716949752
0.91,1.41335938,1.83754728,0.880548587,0.376074675,25.8433311,0.258132412,-0.376074675,0.162084952,-1.20515227e-05,1.19657439e-05,1.21706675e-05,0.00141935744,0.227298131,-0.141432162,-0.00151148444,2,-0.157436949,0.180875648,-0.0709599235
0.912,1.4151849,1.83832778,0.932011475,0.398731266,25.5412029,0.267203205,-0.398731266,0.172047972,-1.33992647e-05,1.33056191e-05,1.35135956e-05,0.00159244494,0.249036454,-0.158986623,-0.00158172587,2,-0.155611429,0.178746628,-0.070179425
0.914,1.41711258,1.83915336,0.982856624,0.421199294,25.2211578,0.276167071,-0.421199294,0.181962971,-1.47387963e-05,1.46377758e-05,1.48491456e-05,0.00177358208,0.271432635,-0.177408845,-0.00164986048,2,-0.153683751,0.176499356,-0.0693538469
0.916,1.41914113,1.84002362,1.03304842,0.443465662,24.8834897,0.285019611,-0.443465662,0.191825444,-1.60693685e-05,1.59614856e-05,1.61764359e-05,0.0019623441,0.294439058,-0.196661793,-0.00171574121,2,-0.151655193,0.174135454,-0.0684835828
0.918,1.42126922,1.84093815,1.08255184,0.465517195,24.5285059,0.293756282,-0.465517195,0.20163072,-1.73902394e-05,1.72760253e-05,1.74946378e-05,0.00215828576,0.318006404,-0.216706259,-0.00177922232,2,-0.149527106,0.171656629,-0.0675690525
0.92,1.42349542,1.8418965,1.1313325,0.487340643,24.1565268,0.302372398,-0.487340643,0.211373961,-1.87006748e-05,1.85806764e-05,1.88029586e-05,0.00236094228,0.34208372,-0.237500903,-0.00184015958,2,-0.147300911,0.169064674,-0.0666107021
0.922,1.42581823,1.8428982,1.17935665,0.508922686,23.7678851,0.310863124,-0.508922686,0.22105016,-1.9999947e-05,1.98747245e-05,2.01006306e-05,0.00256983042,0.366618491,-0.259002301,-0.00189841052,2,-0.144978095,0.166361462,-0.0656090045
0.924,1.42823611,1.84394274,1.22659122,0.530249938,23.362926,0.319223485,-0.530249938,0.230654138,-2.12873357e-05,2.11574596e-05,2.13869047e-05,0.00278444948,0.391556725,-0.281164997,-0.00195383471,2,-0.142560213,0.163548948,-0.0645644592
0.926,1.43074744,1.84502961,1.27300385,0.551308956,22.9420064,0.327448368,-0.551308956,0.240180545,-2.25621268e-05,2.24281753e-05,2.2661046e-05,0.00300428247,0.416843032,-0.303941565,-0.00200629409,2,-0.140048884,0.160629164,-0.0634775926
0.928,1.43335054,1.84615824,1.31856288,0.572086247,22.5054945,0.33553252,-0.572086247,0.249623862,-2.38236128e-05,2.36861689e-05,2.39223306e-05,0.00322879725,0.442420728,-0.327282674,-0.00205565332,2,-0.137445791,0.157604217,-0.062348958
0.93,1.43604364,1.84732807,1.36323743,0.592568279,22.0537697,0.343470562,-0.592568279,0.258978403,-2.50710926e-05,2.49307413e-05,2.51700438e-05,0.00345744779,0.468231926,-0.351137165,-0.00210178017,2,-0.134752682,0.15447629,-0.0611791358
0.932,1.43882496,1.84853847,1.40699734,0.612741491,21.5872219,0.351256989,-0.612741491,0.268238317,-2.63038708e-05,2.61611966e-05,2.64034785e-05,0.0036896754,0.494217649,-0.375452135,-0.00214454597,2,-0.131971362,0.151247637,-0.0599687334
0.934,1.44169263,1.84978882,1.44981328,0.632592307,21.1062512,0.358886178,-0.632592307,0.277397595,-2.75212584e-05,2.73768422e-05,2.76219342e-05,0.0039249101,0.520317946,-0.400173027,-0.00218382606,2,-0.129103698,0.147920578,-0.0587183854
0.936,1.44464471,1.85107845,1.4916567,0.652107144,20.6112674,0.366352399,-0.652107144,0.286450073,-2.8722572e-05,2.85769886e-05,2.88247164e-05,0.00416257196,0.54647201,-0.425243727,-0.00221950028,2,-0.126151613,0.144497502,-0.0574287537
0.938,1.44767924,1.85240667,1.53249989,0.671272432,20.1026897,0.373649822,-0.671272432,0.295389438,-2.99071341e-05,2.97609494e-05,3.00111355e-05,0.0044020725,0.572618311,-0.450606678,-0.0022514535,2,-0.123117087,0.140980863,-0.0561005271
0.94,1.45079417,1.85377278,1.57231599,0.690074627,19.580946,0.380772526,-0.690074627,0.304209239,-3.10742731e-05,3.09280415e-05,3.11805071e-05,0.00464281617,0.59869473,-0.476202991,-0.00227957617,2,-0.120002154,0.137373174,-0.0547344217
0.942,1.45398742,1.85517602,1.61107898,0.708500227,19.0464729,0.387714514,-0.708500227,0.312902892,-3.22233228e-05,3.20775849e-05,3.23321515e-05,0.00488420183,0.624638702,-0.501972571,-0.00230376486,2,-0.116808902,0.133677009,-0.0533311806
0.944,1.45725686,1.85661563,1.64876374,0.726535787,18.4997146,0.394469719,-0.726535787,0.321463691,-3.33536231e-05,3.3208903e-05,3.34653934e-05,0.00512562426,0.650387369,-0.527854249,-0.00232392285,2,-0.113539468,0.129894998,-0.0518915737
0.946,1.46060029,1.8580908,1.68534604,0.744167941,17.9411231,0.401032023,-0.744167941,0.329884819,-3.44645196e-05,3.43213227e-05,3.45795621e-05,0.00536647576,0.675877731,-0.553785925,-0.00233996072,2,-0.110196038,0.126029824,-0.0504163979
0.948,1.46401548,1.85960073,1.72080255,0.76138342,17.3711572,0.407395263,-0.76138342,0.338159357,-3.5555364e-05,3.54141746e-05,3.56739914e-05,0.00560614766,0.701046808,-0.579704713,-0.00235179696,2,-0.106780848,0.122084222,-0.0489064765
0.95,1.46750015,1.86114454,1.75511088,0.778169069,16.7902825,0.413553253,-0.778169069,0.3462803,-3.66255139e-05,3.64867934e-05,3.674802e-05,0.00584403198,0.725831812,-0.605547099,-0.00235935853,2,-0.103296176,0.118060977,-0.0473626594
0.952,1.47105198,1.86272138,1.78824955,0.794511866,16.1989706,0.41949979,-0.794511866,0.354240565,-3.76743334e-05,3.75385182e-05,3.78009914e-05,0.00607952306,0.750170311,-0.631249105,-0.00236258147,2,-0.0997443469,0.113962918,-0.0457858226
0.954,1.4746686,1.86433033,1.82019806,0.810398948,15.5976987,0.425228675,-0.810398948,0.362033009,-3.8701193e-05,3.85686925e-05,3.88322544e-05,0.00631201915,0.774000408,-0.656746454,-0.00236141148,2,-0.0961277246,0.109792918,-0.0441768678
0.956,1.47834761,1.86597048,1.85093684,0.825817626,14.9869493,0.430733727,-0.825817626,0.369650441,-3.970547e-05,3.95766652e-05,3.98411632e-05,0.0065409241,0.797260922,-0.681974751,-0.00235580448,2,-0.0924487146,0.105553892,-0.0425367224
0.958,1.48208657,1.86764086,1.8804473,0.84075541,14.3672094,0.436008797,-0.84075541,0.377085637,-4.06865489e-05,4.05617908e-05,4.08270782e-05,0.00676564898,0.819891563,-0.706869659,-0.00234572715,2,-0.0887097595,0.10124879,-0.0408663388
0.96,1.48588299,1.86934051,1.90871183,0.855200028,13.7389702,0.441047786,-0.855200028,0.384331356,-4.16438215e-05,4.15234298e-05,4.1789366e-05,0.00698561377,0.841833124,-0.731367087,-0.00233115743,2,-0.0849133382,0.0968806015,-0.0391666942
0.962,1.48973436,1.87106841,1.9357138,0.869139448,13.1027268,0.445844659,-0.869139448,0.391380356,-4.25766877e-05,4.24609493e-05,4.27274002e-05,0.00720024893,0.863027658,-0.75540338,-0.00231208504,2,-0.0810619636,0.0924523451,-0.03743879
0.964,1.49363815,1.87282355,1.96143757,0.882561902,12.4589774,0.450393466,-0.882561902,0.398225411,-4.34845552e-05,4.3373724e-05,4.36405618e-05,0.0074089971,0.883418666,-0.778915511,-0.00228851188,2,-0.0771581804,0.087967071,-0.0356836514
0.966,1.49759176,1.87460488,1.98586851,0.895455903,11.8082229,0.454688353,-0.895455903,0.404859324,-4.4366841e-05,4.42611362e-05,4.45282399e-05,0.00761131466,0.902951284,-0.801841274,-0.00226045247,2,-0.0732045635,0.0834278565,-0.0339023266
0.968,1.50159261,1.87641132,2.00899299,0.90781027,11.1509666,0.458723581,-0.90781027,0.411274949,-4.52229709e-05,4.51225771e-05,4.53898324e-05,0.00780667332,0.92157246,-0.824119485,-0.00222793427,2,-0.0692037157,0.0788378034,-0.0320958867
0.97,1.50563806,1.87824178,2.03079839,0.919614147,10.4877136,0.462493543,-0.919614147,0.417465206,-4.60523806e-05,4.59574471e-05,4.62247465e-05,0.00799456171,0.93923114,-0.845690178,-0.00219099799,2,-0.0651582659,0.0742000356,-0.0302654244
0.972,1.50972546,1.88009515,2.05127307,0.930857025,9.81897015,0.465992779,-0.930857025,0.423423095,-4.68545163e-05,4.67651567e-05,4.70323993e-05,0.00817448682,0.95587844,-0.866494801,-0.00214969786,2,-0.061070867,0.0695176963,-0.0284120541
0.974,1.51385213,1.88197029,2.07040646,0.941528762,9.14524338,0.469215994,-0.941528762,0.42914172,-4.76288348e-05,4.75451273e-05,4.78122192e-05,0.00834597553,0.971467823,-0.88647641,-0.00210410179,2,-0.0569441938,0.0647939456,-0.0265369103
0.976,1.51801539,1.88386605,2.08818895,0.951619604,8.46704078,0.472158069,-0.951619604,0.4346143,-4.83748047e-05,4.82967922e-05,4.85636459e-05,0.008508576,0.985955264,-0.90557987,-0.00205429148,2,-0.052780941,0.0600319576,-0.0246411478
0.978,1.52221251,1.88578126,2.10461199,0.961120199,7.78486971,0.474814084,-0.961120199,0.439834188,-4.90919067e-05,4.90195969e-05,4.92861317e-05,0.00866185905,0.999299412,-0.923752037,-0.00200036253,2,-0.0485838212,0.0552349181,-0.0227259399
0.98,1.52644076,1.88771472,2.119668,0.970021624,7.09923686,0.477179325,-0.970021624,0.444794889,-4.97796343e-05,4.97130007e-05,4.9979142e-05,0.00880541946,1.01146175,-0.940941951,-0.00194242434,2,-0.0443555631,0.0504060219,-0.0207924784
0.982,1.53069742,1.88966523,2.13335046,0.978315396,6.41064787,0.479249302,-0.978315396,0.449490076,-5.04374945e-05,5.03764768e-05,5.06421564e-05,0.00893887719,1.02240672,-0.957101015,-0.00188060013,2,-0.0400989089,0.0455484704,-0.0188419723
0.984,1.53497971,1.89163155,2.14565382,0.985993492,5.7196068,0.481019764,-0.985993492,0.453913606,-5.10650088e-05,5.10095138e-05,5.12746695e-05,0.00906187858,1.03210189,-0.972183167,-0.00181502668,2,-0.035816613,0.040665469,-0.0168756471
0.986,1.53928489,1.89361246,2.15657355,0.993048365,5.02661566,0.482486711,-0.993048365,0.458059534,-5.16617133e-05,5.16116162e-05,5.18761916e-05,0.00917409741,1.04051808,-0.986145055,-0.00174585419,2,-0.0315114392,0.0357602248,-0.0148947436
0.988,1.54361017,1.89560668,2.16610614,0.999472957,4.33217399,0.483646404,-0.999472957,0.461922132,-5.222716e-05,5.21823055e-05,5.24462499e-05,0.00927523591,1.04762944,-0.998946193,-0.00167324592,2,-0.0271861594,0.030835944,-0.0129005171
0.99,1.54795278,1.89761297,2.17424905,1.00526072,3.63677836,0.484495381,-1.00526072,0.465495901,-5.27609171e-05,5.27211209e-05,5.29843888e-05,0.00936502569,1.05341362,-1.01054911,-0.00159737786,2,-0.0228435512,0.0258958298,-0.0108942365
0.992,1.55230993,1.89963002,2.18100075,1.01040562,2.94092191,0.485030464,-1.01040562,0.468775588,-5.32625701e-05,5.32276204e-05,5.34901714e-05,0.00944322856,1.05785181,-1.02091951,-0.00151843824,2,-0.018486396,0.0209430797,-0.00887718307
0.994,1.55667885,1.90165655,2.18636068,1.01490215,2.24509395,0.485248773,-1.01490215,0.471756195,-5.37317221e-05,5.37013814e-05,5.39631799e-05,0.00950963729,1.06092884,-1.03002637,-0.00143662707,2,-0.0141174771,0.0159808836,-0.00685064946
0.996,1.56105675,1.90369126,2.19032926,1.01874535,1.54977946,0.485147733,-1.01874535,0.474432998,-5.41679951e-05,5.41420019e-05,5.44030166e-05,0.00956407622,1.06263328,-1.03784209,-0.00135215553,2,-0.00973957771,0.0110124212,-0.00481593872
0.998,1.56544085,1.90573284,2.19290789,1.02193082,0.855458705,0.48472508,-1.02193082,0.476801551,-5.45710302e-05,5.45491009e-05,5.48093048e-05,0.00960640181,1.06295745,-1.0443426,-0.00126524532,2,-0.00535547888,0.00604086018,-0.0027743631
1,1.56982837,1.90777996,2.1940989,1.0244547,0.162606746,0.483978875,-1.0244547,0.478857707,-5.49404883e-05,5.49223197e-05,5.51816894e-05,0.0096365031,1.06189752,-1.04950743,-0.00117612796,2,-0.000967957751,0.00106935361,-0.000727242965
1.002,1.57421654,1.9098313,2.19390558,1.02631371,-0.528349895,0.482907332,-1.02631371,0.480597618,-5.52760511e-05,5.52613222e-05,5.55198377e-05,0.00965430191,1.05945309,-1.05331984,-0.00108504387,2,0.0034202144,-0.00389896178,0.00132409432
1.004,1.5786026,1.91188552,2.1923318,1.02750498,-1.21746016,0.481507038,-1.02750498,0.482017679,-5.55774214e-05,5.55657954e-05,5.58234399e-05,0.00965975019,1.05562319,-1.05576649,-0.000992237765,2,0.00780627375,-0.0088609675,0.00337831538
1.006,1.58298379,1.91394128,2.18938081,1.0280255,-1.90540603,0.479772047,-1.0280255,0.483114265,-5.58443201e-05,5.58354472e-05,5.60922065e-05,0.00965281948,1.05040371,-1.05683643,-0.000897948587,2,0.0121874636,-0.0138135628,0.00543408107
1.008,1.58735736,1.91599725,2.18505431,1.0278717,-2.59295646,0.477695845,-1.0278717,0.483883545,-5.60764813e-05,5.60700008e-05,5.63258627e-05,0.00963349319,1.04379137,-1.05652024,-0.000802404631,2,0.016561032,-0.0187536619,0.00749004549
1.01,1.59172056,1.91805206,2.17935279,1.02703959,-3.28040489,0.475273672,-1.02703959,0.484321534,-5.62736467e-05,5.62691895e-05,5.65241432e-05,0.00960176915,1.035789,-1.05481032,-0.000705828256,2,0.0209242285,-0.0236781903,0.00954485506
1.012,1.59607063,1.92010435,2.17227665,1.02552529,-3.96729062,0.472503939,-1.02552529,0.484424368,-5.64355631e-05,5.6432754e-05,5.66867899e-05,0.00955767062,1.02640927,-1.05170213,-0.000608446646,2,0.0252743036,-0.0285840837,0.0115971482
1.014,1.60040484,1.92215276,2.16382779,1.02332578,-4.65249853,0.469388186,-1.02332578,0.484188629,-5.65619849e-05,5.65604452e-05,5.68135537e-05,0.00950125956,1.0156752,-1.04719565,-0.000510502646,2,0.0296085101,-0.0334682898,0.0136455567
1.016,1.60472043,1.92419591,2.1540106,1.02043934,-5.33464718,0.465929791,-1.02043934,0.483611598,-5.66526796e-05,5.66520294e-05,5.69042011e-05,0.00943264593,1.00361771,-1.04129644,-0.000412260386,2,0.0339241075,-0.0383277732,0.0156887076
1.018,1.60901469,1.92623243,2.14283215,1.0168657,-6.01255399,0.462132135,-1.0168657,0.482691304,-5.67074351e-05,5.67072957e-05,5.69585209e-05,0.009351989,0.990271595,-1.03401585,-0.000314003403,2,0.0382183677,-0.0431595213,0.0177252265
1.02,1.61328491,1.92826094,2.1303015,1.01260572,-6.68555667,0.457997153,-1.01260572,0.48142639,-5.67260649e-05,5.67260614e-05,5.697633e-05,0.00925949108,0.975672021,-1.02537034,-0.000216026638,2,0.0424885792,-0.0479605488,0.0197537401
1.022,1.61752838,1.93028008,2.11642862,1.00766086,-7.35356133,0.45352487,-1.00766086,0.479815876,-5.67084105e-05,5.6708174e-05,5.69574753e-05,0.00915538723,0.959853013,-1.0153804,-0.000118626235,2,0.04673205,-0.0527279013,0.0217728773
1.024,1.62174243,1.93228847,2.10122333,1.00203272,-8.01682787,0.448714032,-1.00203272,0.477858934,-5.66543401e-05,5.66535101e-05,5.69018321e-05,0.00903993609,0.942848392,-1.00406958,-2.20914862e-05,2,0.0509461081,-0.0574586548,0.0237812705
1.026,1.62592443,1.93428476,2.08469489,0.99572286,-8.6756208,0.443563409,-0.99572286,0.475554789,-5.65637452e-05,5.6561972e-05,5.68093013e-05,0.0089134156,0.924694371,-0.991464014,7.32982847e-05,2,0.0551281002,-0.0621499148,0.025777555
1.028,1.63007172,1.93626757,2.06685221,0.988732838,-9.32989973,0.438073117,-0.988732838,0.472902769,-5.6436538e-05,5.64334844e-05,5.66798058e-05,0.00877612483,0.905432389,-0.977592624,0.000167271716,2,0.0592753913,-0.0667988147,0.0277603694
1.03,1.63418169,1.93823556,2.04770461,0.981064619,-9.97918474,0.432245347,-0.981064619,0.469902478,-5.62726498e-05,5.62679936e-05,5.65132895e-05,0.00862838988,0.885110788,-0.962487787,0.000259560391,2,0.0633853643,-0.0714025158,0.0297283556
1.032,1.63825175,1.94018736,2.02726266,0.972720953,-10.6226372,0.426084244,-0.972720953,0.466553981,-5.60720328e-05,5.60654687e-05,5.63097186e-05,0.00847057039,0.863784677,-0.946186053,0.000349893972,2,0.0674554224,-0.0759582096,0.0316801605
1.034,1.64227932,1.94212164,2.00553876,0.963705645,-11.2592941,0.419595082,-0.963705645,0.462857941,-5.58346636e-05,5.58259049e-05,5.60690851e-05,0.00830306323,0.841514201,-0.92872857,0.0004379981,2,0.0714829921,-0.0804631204,0.0336144378
1.036,1.64626185,1.94403705,1.98254715,0.954023578,-11.8883334,0.412783196,-0.954023578,0.458815636,-5.55605468e-05,5.55493273e-05,5.57914108e-05,0.00812630154,0.818362149,-0.910160987,0.000523596098,2,0.075465527,-0.0849145098,0.0355298503
1.038,1.65019684,1.94593227,1.95830351,0.943680516,-12.5092467,0.405653158,-0.943680516,0.454428858,-5.52497183e-05,5.52357938e-05,5.54767498e-05,0.00794074974,0.794392003,-0.890532916,0.000606413653,2,0.0794005111,-0.0893096794,0.0374250714
1.04,1.65408179,1.94780599,1.93282426,0.932682787,-13.1218537,0.398208563,-0.932682787,0.449699768,-5.49022462e-05,5.48853958e-05,5.51251893e-05,0.00774689684,0.769667172,-0.869897181,0.000686184465,2,0.0832854608,-0.0936459736,0.0392987871
1.042,1.65791425,1.9496569,1.90612602,0.921037009,-13.7261697,0.390452422,-0.921037009,0.444630764,-5.45182293e-05,5.44982571e-05,5.47368488e-05,0.00754525056,0.744251523,-0.848309172,0.000762654727,2,0.0871179257,-0.097920779,0.0411496962
1.044,1.66169182,1.95148371,1.87822536,0.908749969,-14.3222034,0.382387935,-0.908749969,0.439224416,-5.40977956e-05,5.40745313e-05,5.43118772e-05,0.00733633443,0.718210717,-0.825826506,0.000835585095,2,0.0908954885,-0.102131525,0.042976511
1.046,1.66541209,1.95328516,1.84913892,0.895828691,-14.9097832,0.374019243,-0.895828691,0.433483503,-5.36410998e-05,5.36144002e-05,5.38504509e-05,0.00712068806,0.691613539,-0.802509044,0.000904750113,2,0.0946157652,-0.106275682,0.0447779579
1.048,1.66907273,1.95505998,1.81888389,0.882280639,-15.4884858,0.36535182,-0.882280639,0.427411106,-5.3148323e-05,5.31180722e-05,5.3352773e-05,0.00689886935,0.664532541,-0.778419126,0.000969936134,2,0.0982764054,-0.110350765,0.0465527775
1.05,1.67267142,1.95680693,1.78747848,0.86811394,-16.0576886,0.356392379,-0.86811394,0.421010717,-5.26196726e-05,5.25857831e-05,5.28190734e-05,0.00667145679,0.637043709,-0.753621813,0.00103093925,2,0.101875095,-0.114354329,0.0482997264
1.052,1.67620588,1.95852478,1.7549422,0.853337529,-16.6167058,0.347148371,-0.853337529,0.414286308,-5.20553848e-05,5.20177976e-05,5.22496105e-05,0.00643905005,0.609225326,-0.728184938,0.00108756448,2,0.105409556,-0.11828398,0.0500175783
1.054,1.67967388,1.96021233,1.72129589,0.837961152,-17.1649412,0.337627354,-0.837961152,0.407242331,-5.14557261e-05,5.14144111e-05,5.16446734e-05,0.0062022681,0.581156577,-0.702178892,0.00113962668,2,0.108877555,-0.122137369,0.0517051259
1.056,1.68307322,1.96186838,1.68656145,0.821995233,-17.7019856,0.327836519,-0.821995233,0.399883654,-5.08209949e-05,5.0775951e-05,5.10045828e-05,0.00596174532,0.552916435,-0.675676163,0.00118695284,2,0.112276897,-0.125912199,0.0533611821
1.058,1.68640176,1.96349178,1.65076146,0.805450688,-18.2276231,0.317782555,-0.805450688,0.392215468,-5.01515218e-05,5.01027765e-05,5.03296909e-05,0.00571812685,0.524583195,-0.64875081,0.00122938481,2,0.115605434,-0.129606227,0.0549845814
1.06,1.68965739,1.96508138,1.61391881,0.788338747,-18.7417547,0.307471886,-0.788338747,0.3842432,-4.94476683e-05,4.93952774e-05,4.96203805e-05,0.00547206461,0.496234662,-0.62147798,0.00126678152,2,0.118861065,-0.13321726,0.0565741806
1.062,1.69283806,1.96663606,1.57605658,0.770670887,-19.2442816,0.296911111,-0.770670887,0.375972473,-4.87098252e-05,4.86538728e-05,4.88770632e-05,0.00522421475,0.467948711,-0.593933616,0.00129902002,2,0.122041732,-0.136743159,0.0581288592
1.064,1.69594175,1.96815472,1.53719811,0.752458855,-19.7350049,0.286107433,-0.752458855,0.367409119,-4.79384114e-05,4.78790087e-05,4.81001775e-05,0.00497523684,0.439803805,-0.566194329,0.00132599536,2,0.125145426,-0.14018184,0.05964752
1.066,1.69896651,1.96963629,1.49736724,0.733714784,-20.2135849,0.27506889,-0.733714784,0.358559232,-4.71338727e-05,4.70711574e-05,4.72901878e-05,0.00472579393,0.411879143,-0.538337384,0.00134761972,2,0.128170184,-0.14353127,0.0611290898
1.068,1.70191042,1.97107972,1.45658857,0.714451313,-20.6795692,0.263804292,-0.714451313,0.34942922,-4.62966819e-05,4.62308169e-05,4.64475842e-05,0.00447655254,0.384254317,-0.510440678,0.00136382138,2,0.131114091,-0.14678947,0.0625725202
1.07,1.70477161,1.97248399,1.41488768,0.694681667,-21.1324723,0.252322928,-0.694681667,0.340025848,-4.54273392e-05,4.53585118e-05,4.55728832e-05,0.00422818178,0.357008602,-0.482582618,0.00137454418,2,0.133975284,-0.149954521,0.0639767888
1.072,1.70754828,1.9738481,1.37229105,0.674419651,-21.5718629,0.240634194,-0.674419651,0.330356227,-4.45263731e-05,4.44547936e-05,4.46666281e-05,0.0039813513,0.330220151,-0.454841866,0.00137974763,2,0.136751952,-0.153024557,0.0653409004
1.074,1.71023866,1.97517109,1.32882597,0.653679567,-21.9974218,0.228747302,-0.653679567,0.320427776,-4.35943409e-05,4.35202408e-05,4.37293892e-05,0.00373672832,0.303965356,-0.427296977,0.00137940757,2,0.139442336,-0.155997774,0.0666638882
1.076,1.71284106,1.97645202,1.28452028,0.632476095,-22.4089478,0.216671194,-0.632476095,0.310248155,-4.26318278e-05,4.25554586e-05,4.27617635e-05,0.00349497435,0.278318543,-0.400026011,0.00137351703,2,0.142044735,-0.158872427,0.0679448142
1.078,1.71535383,1.97768997,1.23940214,0.610824186,-22.8063147,0.204414666,-0.610824186,0.299825216,-4.16394466e-05,4.15610781e-05,4.17643736e-05,0.00325674232,0.253351974,-0.373106186,0.00136208694,2,0.144557503,-0.161646832,0.0691827704
1.08,1.71777538,1.97888408,1.19349995,0.588739005,-23.189404,0.191986615,-0.588739005,0.289166967,-4.06178359e-05,4.0537754e-05,4.07378661e-05,0.00302267455,0.229136016,-0.346613616,0.00134514635,2,0.146979049,-0.164319367,0.0703768788
1.082,1.72010417,1.98003349,1.14684239,0.566235942,-23.5580467,0.179396295,-0.566235942,0.278281577,-3.95676587e-05,3.94861637e-05,3.96829102e-05,0.00279340141,0.205739275,-0.320623142,0.0013227422,2,0.149307843,-0.16688847,0.0715262921
1.084,1.72233874,1.9811374,1.09945851,0.543330667,-23.9119963,0.166653444,-0.543330667,0.2671774,-3.84896014e-05,3.84070062e-05,3.86001966e-05,0.00256954051,0.183228548,-0.295208214,0.00129493868,2,0.151542409,-0.169352639,0.072630194
1.086,1.72447766,1.982195,1.05137794,0.520039197,-24.2509445,0.153768264,-0.520039197,0.255863004,-3.73843734e-05,3.73010011e-05,3.7490437e-05,0.00235169579,0.161668561,-0.270440766,0.00126181652,2,0.153681332,-0.171710437,0.0736878
1.088,1.72651958,1.98320556,1.00263092,0.496377936,-24.5745652,0.140751243,-0.496377936,0.244347186,-3.62527067e-05,3.61688885e-05,3.63543637e-05,0.00214045626,0.141121548,-0.246391056,0.00122347228,2,0.155723256,-0.173960487,0.0746983583
1.09,1.72846321,1.98416835,0.953248325,0.472363669,-24.8825655,0.127612936,-0.472363669,0.232638972,-3.50953559e-05,3.50114291e-05,3.51927296e-05,0.00193639423,0.121646818,-0.223127436,0.0011800179,2,0.157666886,-0.176101478,0.0756611502
1.092,1.73030732,1.98508269,0.903261587,0.448013508,-25.174722,0.114363789,-0.448013508,0.220747586,-3.39130981e-05,3.38294038e-05,3.40063082e-05,0.00174006322,0.103300417,-0.200716103,0.00113158034,2,0.159510992,-0.178132164,0.076575491
1.094,1.73205073,1.98594793,0.852702513,0.423344818,-25.4508851,0.101014071,-0.423344818,0.208682406,-3.2706732e-05,3.26236129e-05,3.27958927e-05,0.00155199582,0.0861349518,-0.179220835,0.00107830135,2,0.161254403,-0.180051364,0.0774407305
1.096,1.73369234,1.98676346,0.801603168,0.398375148,-25.7109571,0.0875739371,-0.398375148,0.196452935,-3.14770772e-05,3.13948752e-05,3.1562295e-05,0.00137270183,0.0701995455,-0.158702759,0.00102033721,2,0.162896016,-0.181857963,0.0782562537
1.098,1.73523112,1.98752868,0.749995798,0.373122186,-25.9548526,0.0740535695,-0.373122186,0.18406877,-3.02249724e-05,3.01440267e-05,3.03063447e-05,0.00120266679,0.0555398659,-0.139220166,0.000957858347,2,0.16443479,-0.183550913,0.0790214807
1.1,1.73666608,1.98824307,0.697912829,0.347603758,-26.182464,0.0604633205,-0.347603758,0.171539606,-2.89512744e-05,2.88719192e-05,2.90288874e-05,0.00104235088,0.0421981271,-0.120828373,0.000891048842,2,0.165869749,-0.18512923,0.0797358671
1.102,1.73799631,1.98890611,0.645386935,0.321837855,-26.3936442,0.0468137982,-0.321837855,0.158875239,-2.76568572e-05,2.75794192e-05,2.7730784e-05,0.000892188064,0.0302130137,-0.103579605,0.000820105745,2,0.167199984,-0.186592,0.0803989045
1.104,1.73922098,1.98951732,0.59245111,0.295842662,-26.5882129,0.0331158533,-0.295842662,0.146085586,-2.63426105e-05,2.62674074e-05,2.64129101e-05,0.000752585194,0.019619524,-0.0875228808,0.000745238352,2,0.16842465,-0.187938373,0.0810101206
1.106,1.74033929,1.99007628,0.539138718,0.269636585,-26.765982,0.0193804831,-0.269636585,0.133180688,-2.500944e-05,2.4936778e-05,2.50761551e-05,0.000623921025,0.0104487688,-0.0727038881,0.000666667396,2,0.169542968,-0.189167568,0.0815690798
1.108,1.74135055,1.99058259,0.48548349,0.243238239,-26.9267852,0.00561869843,-0.243238239,0.12017071,-2.36582661e-05,2.35884382e-05,2.37214221e-05,0.000506545089,0.00272778532,-0.0591648409,0.000584624236,2,0.170554227,-0.190278869,0.0820753837
1.11,1.74225411,1.99103587,0.431519456,0.216666415,-27.0705004,-0.0081585878,-0.216666415,0.107065921,-2.22900238e-05,2.22233079e-05,2.23496275e-05,0.000400776526,-0.00352058937,-0.0469443354,0.00049935005,2,0.171457784,-0.191271633,0.082528671
1.112,1.74304939,1.99143582,0.377280855,0.189940033,-27.1970543,-0.0219406077,-0.189940033,0.0938766636,-2.09056618e-05,2.0842319e-05,2.09617002e-05,0.000306902995,-0.00827777121,-0.0360772162,0.000411095056,2,0.172253065,-0.192145283,0.0829286185
1.114,1.74373589,1.99178214,0.32280204,0.163078093,-27.3064106,-0.035716712,-0.163078093,0.0806133351,-1.95061414e-05,1.94464143e-05,1.9558581e-05,0.000225179791,-0.0115294275,-0.0265944645,0.000320117763,2,0.172939563,-0.192899311,0.0832749408
1.116,1.74431317,1.99207459,0.268117424,0.136099644,-27.3985476,-0.0494762937,-0.136099644,0.0672863664,-1.80924355e-05,1.80365465e-05,1.81412211e-05,0.000155829166,-0.0132654564,-0.018523113,0.000226684259,2,0.173516841,-0.193533279,0.0835673907
1.118,1.74478086,1.99231296,0.213261463,0.109023773,-27.4734374,-0.0632087025,-0.109023773,0.0539062167,-1.66655271e-05,1.66136775e-05,1.67105818e-05,9.90398541e-05,-0.0134799804,-0.011886183,0.000131067511,2,0.17398453,-0.194046817,0.0838057589
1.12,1.74513866,1.99249708,0.158268685,0.0818696173,-27.5310336,-0.0769031937,-0.0818696173,0.0404833769,-1.52264087e-05,1.5178777e-05,1.52676329e-05,5.49666798e-05,-0.0121713673,-0.00670263424,3.35466598e-05,2,0.174342331,-0.194439624,0.0839898744
1.122,1.74538634,1.99262681,0.10317372,0.0546563781,-27.5712747,-0.0905489322,-0.0546563781,0.027028375,-1.37760809e-05,1.37328219e-05,1.3813353e-05,2.37302169e-05,-0.00934227015,-0.00298731966,-6.55937399e-05,2,0.174590013,-0.19471147,0.0841196049
1.124,1.74552374,1.99270206,0.0480113275,0.0274033269,-27.5940971,-0.104135047,-0.0274033269,0.0135517787,-1.2315552e-05,1.22767961e-05,1.23487284e-05,5.41644736e-06,-0.00499966186,-0.000750942323,-0.000166064538,2,0.174727415,-0.194862191,0.084194856
1.126,1.74555077,1.99272277,-0.00718361523,0.00012980033,-27.5994531,-0.117650714,-0.00012980033,6.41906162e-05,-1.08458374e-05,1.08116894e-05,1.08747531e-05,7.64541622e-08,0.000845157461,-1.68481258e-08,-0.000267572882,2,0.174754446,-0.194891696,0.0842155724
1.128,1.74546741,1.99268894,-0.0623761567,-0.0271448239,-27.5873246,-0.131085223,0.0271448239,-0.0134237647,-9.36795871e-06,9.33849754e-06,9.39242926e-06,7.72619907e-06,0.00817659241,-0.000736841464,-0.00036982316,2,0.174671085,-0.194799962,0.0841817374
1.13,1.74527371,1.99260057,-0.117531335,-0.0544011608,-27.5577271,-0.144428017,0.0544011608,-0.0269014591,-7.88294305e-06,7.85822129e-06,7.90276796e-06,2.83464348e-05,0.0169748176,-0.0029594863,-0.000472517942,2,0.17447738,-0.194587035,0.084093373
1.132,1.74496978,1.99245774,-0.17261424,-0.0816198518,-27.5107037,-0.157668682,0.0816198518,-0.0403582787,-6.3918222e-06,6.37186578e-06,6.40679164e-06,6.18827713e-05,0.0272158597,-0.00666180021,-0.000575358875,2,0.17417345,-0.194253032,0.0839505399
1.134,1.74455581,1.99226054,-0.227590063,-0.10878159,-27.4463123,-0.170796909,0.10878159,-0.0537836378,-4.89563156e-06,4.88043969e-06,4.90554318e-06,0.000108245878,0.0388716792,-0.0118334342,-0.000678047508,2,0.173759482,-0.19379814,0.0837533376
1.136,1.74403206,1.99200911,-0.282424112,-0.13586713,-27.3646124,-0.183802443,0.13586713,-0.0671669864,-3.39540913e-06,3.38495444e-06,3.4001207e-06,0.000167311784,0.0519102419,-0.0184598771,-0.000780286035,2,0.173235735,-0.193222613,0.0835019041
1.138,1.74339886,1.99170362,-0.337081813,-0.162857294,-27.2656579,-0.196675057,0.162857294,-0.0804978118,-1.89219461e-06,1.8864234e-06,1.89188302e-06,0.000238922232,0.0662955848,-0.0265224983,-0.000881778,2,0.172602534,-0.192526777,0.0831964158
1.14,1.7426566,1.99134429,-0.391528693,-0.189732963,-27.1494971,-0.209404549,0.189732963,-0.0937656386,-3.87028609e-07,3.85861303e-07,3.87509516e-07,0.00032288508,0.0819878894,-0.0359985973,-0.000982229001,2,0.171860276,-0.191711027,0.0828370872
1.142,1.74180575,1.99093137,-0.445730376,-0.216475079,-27.0161806,-0.22198078,0.216475079,-0.106960031,1.1190481e-06,-1.1157163e-06,1.13663245e-06,0.000418974753,0.0989435766,-0.0468614599,-0.00108134745,2,0.171009426,-0.190775824,0.0824241713
1.144,1.74084684,1.99046516,-0.499652595,-0.243064654,-26.8657713,-0.234393722,0.243064654,-0.120070596,2.62499518e-06,-2.61729353e-06,2.64772272e-06,0.000526932789,0.117115432,-0.0590804262,-0.00117884541,2,0.170050516,-0.189721701,0.0819579588
1.146,1.73978048,1.98994598,-0.553261224,-0.269482789,-26.6983531,-0.246633507,0.269482789,-0.133086999,4.12977338e-06,-4.11785463e-06,4.15922665e-06,0.000646468512,0.136452756,-0.0726209734,-0.00127443943,2,0.168984148,-0.188549258,0.0814387786
1.148,1.73860732,1.9893742,-0.606522322,-0.295710696,-26.5140341,-0.258690453,0.295710696,-0.145998973,5.63234523e-06,-5.61638452e-06,5.66914579e-06,0.000777259833,0.156901534,-0.0874448156,-0.00136785152,2,0.167810993,-0.187259166,0.0808669969
1.15,1.73732811,1.98875022,-0.659402182,-0.321729729,-26.3129436,-0.270555066,0.321729729,-0.158796337,7.13167582e-06,-7.1118694e-06,7.17630083e-06,0.000918954188,0.178404601,-0.103510018,-0.0014588099,2,0.166531786,-0.185852161,0.0802430177
1.152,1.73594366,1.98807448,-0.711867367,-0.347521402,-26.0952242,-0.282218025,0.347521402,-0.171469007,8.62673357e-06,-8.60329741e-06,8.67962065e-06,0.00107116955,0.200901802,-0.120771125,-0.00154704987,2,0.165147333,-0.184329049,0.0795672817
1.154,1.73445483,1.98734747,-0.763884729,-0.373067405,-25.8610246,-0.293670153,0.373067405,-0.184007006,1.0116491e-05,-1.00896593e-05,1.01780637e-05,0.00123349551,0.224330145,-0.139179289,-0.00163231441,2,0.163658504,-0.182690705,0.0788402666
1.156,1.73286256,1.98656969,-0.81542142,-0.39834961,-25.6104939,-0.304902405,0.39834961,-0.196400466,1.15999257e-05,-1.15699491e-05,1.16706009e-05,0.00140549436,0.248623952,-0.158682412,-0.00171435486,2,0.162066236,-0.180938068,0.0780624864
1.158,1.73116786,1.98574169,-0.86644489,-0.423350076,-25.3437815,-0.315905868,0.423350076,-0.208639638,1.30760208e-05,-1.30431647e-05,1.31562105e-05,0.00158670226,0.273715025,-0.179225286,-0.00179293149,2,0.160371531,-0.179072145,0.0772344911
1.16,1.72937178,1.98486407,-0.91692289,-0.448051052,-25.0610413,-0.326671788,0.448051052,-0.220714894,1.45437654e-05,-1.45083082e-05,1.46338765e-05,0.00177663041,0.29953284,-0.200749745,-0.00186781414,2,0.158575456,-0.177094012,0.0763568666
1.162,1.72747547,1.98393744,-0.966823485,-0.472434992,-24.7624372,-0.3371916,0.472434992,-0.232616731,1.60021558e-05,-1.59643866e-05,1.61025882e-05,0.00197476633,0.326004757,-0.223194822,-0.00193878285,2,0.156679142,-0.175004808,0.0754302337
1.164,1.72548011,1.98296245,-1.01611508,-0.496484571,-24.448149,-0.347456962,0.496484571,-0.244335791,1.74501954e-05,-1.74104123e-05,1.75613402e-05,0.00218057528,0.353056259,-0.246496929,-0.0020056286,2,0.154683783,-0.172805738,0.0744552481
1.166,1.72338696,1.9819398,-1.06476645,-0.520182703,-24.1183745,-0.357459782,0.520182703,-0.255862865,1.88868957e-05,-1.88454033e-05,1.9009133e-05,0.00239350175,0.380611183,-0.270590045,-0.00206815401,2,0.152590636,-0.170498073,0.0734326001
1.168,1.72119735,1.98087022,-1.11274678,-0.543512567,-23.7733277,-0.367192217,0.543512567,-0.267188911,2.03112766e-05,-2.02683843e-05,2.04449731e-05,0.00261297105,0.408591958,-0.295405911,-0.00212617398,2,0.15040102,-0.16808315,0.0723630135
1.17,1.71891264,1.97975445,-1.1600257,-0.566457623,-23.4132344,-0.376646676,0.566457623,-0.278305065,2.17223673e-05,-2.16783868e-05,2.18678737e-05,0.00283839096,0.436919824,-0.320874239,-0.0021795163,2,0.148116316,-0.165562369,0.0712472457
1.172,1.71653429,1.97859329,-1.20657329,-0.58900163,-23.0383276,-0.385815803,0.58900163,-0.289202653,2.31192071e-05,-2.307445e-05,2.32768555e-05,0.00306915341,0.465515041,-0.34692292,-0.00222802217,2,0.145737964,-0.162937191,0.0700860865
1.174,1.71406379,1.97738756,-1.25236009,-0.611128656,-22.648844,-0.394692473,0.611128656,-0.299873194,2.45008457e-05,-2.44556215e-05,2.46709472e-05,0.00330463609,0.4942971,-0.373478234,-0.0022715466,2,0.143267462,-0.160209145,0.0688803581
1.176,1.7115027,1.97613812,-1.29735713,-0.632823085,-22.2450234,-0.403269799,0.632823085,-0.310308415,2.58663437e-05,-2.58209576e-05,2.6049186e-05,0.00354420417,0.523184949,-0.400465057,-0.00230995883,2,0.14070637,-0.157379818,0.0676309139
1.178,1.70885263,1.97484584,-1.34153593,-0.65406963,-21.8271105,-0.411541146,0.65406963,-0.320500252,2.72147738e-05,-2.71695243e-05,2.74106185e-05,0.00378721199,0.552097232,-0.427807081,-0.00234314266,2,0.138056302,-0.15445086,0.0663386384
1.18,1.70611526,1.97351165,-1.38486847,-0.674853342,-21.3953591,-0.419500156,0.674853342,-0.330440862,2.85452206e-05,-2.85003973e-05,2.87543011e-05,0.00403300479,0.580952541,-0.455427033,-0.0023709969,2,0.13531893,-0.151423982,0.065004446
1.182,1.70329231,1.97213648,-1.4273273,-0.695159627,-20.9500349,-0.427140771,0.695159627,-0.340122632,2.98567815e-05,-2.9812663e-05,3.00793006e-05,0.00428092057,0.609669683,-0.483246907,-0.00239343574,2,0.132495981,-0.148300956,0.0636292808
1.184,1.70038556,1.97072132,-1.46888546,-0.714974265,-20.4914168,-0.434457254,0.714974265,-0.349538192,3.11485672e-05,-3.11054189e-05,3.13846949e-05,0.00453029198,0.638167943,-0.511188199,-0.00241038911,2,0.129589236,-0.145083611,0.0622141153
1.186,1.69739686,1.96926715,-1.50951659,-0.734283426,-20.0197966,-0.441444192,0.734283426,-0.358680427,3.24197023e-05,-3.23777745e-05,3.26695736e-05,0.00478044821,0.666367329,-0.53917215,-0.00242180305,2,0.12660053,-0.141773837,0.0607599503
1.188,1.69432807,1.96777502,-1.5491949,-0.753073693,-19.5354758,-0.448096499,0.753073693,-0.36754249,3.36693255e-05,-3.36288513e-05,3.39330388e-05,0.00503071695,0.694188811,-0.567119987,-0.00242763995,2,0.123531748,-0.138373581,0.0592678135
1.19,1.69118115,1.96624596,-1.58789523,-0.77133207,-19.038763,-0.454409414,0.77133207,-0.376117806,3.48965907e-05,-3.48577843e-05,3.51742058e-05,0.00528042627,0.72155454,-0.594953162,-0.00242787871,2,0.120384828,-0.134884846,0.057738759
1.192,1.68795808,1.96468107,-1.62559302,-0.789045998,-18.529971,-0.460378494,0.789045998,-0.384400089,3.61006672e-05,-3.60637222e-05,3.6392204e-05,0.00552890652,0.748388067,-0.622593587,-0.00242251484,2,0.117161756,-0.131309692,0.0561738665
1.194,1.6846609,1.96308144,-1.66226436,-0.806203363,-18.0094168,-0.465999623,0.806203363,-0.392383342,3.72807406e-05,-3.7245828e-05,3.75861772e-05,0.00577549213,0.774614566,-0.649963863,-0.00241156049,2,0.113864569,-0.127650234,0.0545742399
1.196,1.68129167,1.96144821,-1.69788596,-0.822792508,-17.4774224,-0.471269022,0.822792508,-0.400061869,3.8436013e-05,-3.840328e-05,3.87552847e-05,0.00601952345,0.800161057,-0.676987511,-0.00239504444,2,0.110495347,-0.123908639,0.052941007
1.198,1.67785255,1.95978252,-1.73243519,-0.83880224,-16.934317,-0.476183264,0.83880224,-0.40743028,3.95657034e-05,-3.95352723e-05,3.98987017e-05,0.0062603486,0.824956642,-0.703589199,-0.00237301207,2,0.10705622,-0.12008713,0.0512753185
1.2,1.67434568,1.95808555,-1.76589007,-0.85422185,-16.3804387,-0.480739289,0.85422185,-0.414483503,4.06690488e-05,-4.06410153e-05,4.10156206e-05,0.00649732526,0.848932736,-0.729694969,-0.00234552528,2,0.103549358,-0.116187981,0.0495783465
1.202,1.6707733,1.95635849,-1.79822932,-0.86904112,-15.8161357,-0.484934417,0.86904112,-0.421216788,4.1745304e-05,-4.17197366e-05,4.21052508e-05,0.00672982256,0.872023288,-0.755232469,-0.00231266246,2,0.0999769779,-0.112213514,0.0478512841
1.204,1.66713766,1.95460255,-1.82943236,-0.883250343,-15.2417656,-0.488766353,0.883250343,-0.427625722,4.27937428e-05,-4.27706816e-05,4.31668202e-05,0.00695722283,0.894164983,-0.780131169,-0.00227451827,2,0.0963413364,-0.108166106,0.0460953443
1.206,1.66344106,1.95281896,-1.85947932,-0.896840333,-14.6576935,-0.492233185,0.896840333,-0.433706233,4.3813658e-05,-4.37931142e-05,4.41995757e-05,0.00717892344,0.91529743,-0.804322582,-0.0022312035,2,0.0926447308,-0.104048178,0.0443117587
1.208,1.65968582,1.95100898,-1.88835109,-0.909802436,-14.0642901,-0.495333382,0.909802436,-0.439454597,4.48043621e-05,-4.47863177e-05,4.5202784e-05,0.00739433844,0.935363331,-0.827740473,-0.0021828447,2,0.0888894973,-0.0998621998,0.0425017766
1.21,1.65587434,1.94917387,-1.91602927,-0.922128543,-13.4619305,-0.498065791,0.922128543,-0.444867445,4.57651882e-05,-4.57495952e-05,4.61757323e-05,0.00760290021,0.954308633,-0.850321049,-0.00212958381,2,0.0850780095,-0.0956106889,0.0406666641
1.212,1.652009,1.9473149,-1.94249624,-0.93381109,-12.8509929,-0.500429638,0.93381109,-0.449941768,4.66954899e-05,-4.66822707e-05,4.71177291e-05,0.007804061,0.972082687,-0.872003151,-0.00207157771,2,0.0812126767,-0.0912962059,0.0388077027
1.214,1.64809227,1.94543339,-1.96773512,-0.944843072,-12.2318601,-0.50242453,0.944843072,-0.454674916,4.75946425e-05,-4.75836895e-05,4.80281052e-05,0.00799729438,0.988638394,-0.89272843,-0.00200899772,2,0.0772959425,-0.0869213556,0.0369261884
1.216,1.64412661,1.94353063,-1.99172983,-0.955218045,-11.6049199,-0.504050467,0.955218045,-0.459064609,4.84620428e-05,-4.84532191e-05,4.89062138e-05,0.00818209673,1.00393235,-0.912441513,-0.00194202907,2,0.0733302832,-0.0824887849,0.0350234304
1.218,1.64011453,1.94160795,-2.01446503,-0.964930136,-10.9705665,-0.505307843,0.964930136,-0.463108936,4.92971102e-05,-4.92902498e-05,4.9751432e-05,0.00835798857,1.01792498,-0.931090168,-0.00187087029,2,0.0693182066,-0.0780011816,0.0331007502
1.22,1.63605858,1.93966668,-2.0359262,-0.973974052,-10.3292009,-0.506197451,0.973974052,-0.466806359,5.00992869e-05,-5.00941954e-05,5.05631608e-05,0.00852451593,1.03058065,-0.948625454,-0.00179573265,2,0.0652622499,-0.073461273,0.0311594802
1.222,1.63196131,1.93770816,-2.05609963,-0.982345083,-9.68123068,-0.506720482,0.982345083,-0.470155719,5.08680382e-05,-5.08644938e-05,5.13408264e-05,0.00868125153,1.04186779,-0.965001862,-0.00171683945,2,0.0611649785,-0.0688718244,0.0292009629
1.224,1.62782531,1.93573375,-2.0749724,-0.990039113,-9.02706828,-0.506878519,0.990039113,-0.473156232,5.16028536e-05,-5.1600608e-05,5.20838807e-05,0.00882779604,1.05175894,-0.980177445,-0.00163442533,2,0.0570289841,-0.0642356379,0.0272265491
1.226,1.62365321,1.9337448,-2.09253245,-0.997052622,-8.36713013,-0.506673531,0.997052622,-0.475807497,5.23032469e-05,-5.23020264e-05,5.27918016e-05,0.00896377903,1.06023081,-0.99411393,-0.00154873544,2,0.0528568832,-0.0595555502,0.0252375974
1.228,1.61944764,1.93174267,-2.10876855,-1.00338269,-7.70183526,-0.506107864,1.00338269,-0.47810949,5.29687564e-05,-5.29682638e-05,5.34640946e-05,0.00908885998,1.06726435,-1.00677682,-0.00146002463,2,0.0486513155,-0.0548344316,0.0232354726
1.23,1.61521127,1.92972875,-2.12367028,-1.00902699,-7.03160497,-0.505184237,1.00902699,-0.480062564,5.35989461e-05,-5.35988616e-05,5.41002925e-05,0.00920272909,1.07284475,-1.01813546,-0.00136855652,2,0.0444149419,-0.0500751846,0.0212215445
1.232,1.61094677,1.92770439,-2.13722811,-1.0139838,-6.35686303,-0.503905733,1.0139838,-0.481667447,5.41934057e-05,-5.4193389e-05,5.46999567e-05,0.00930510803,1.0769615,-1.02816315,-0.00127460257,2,0.0401504434,-0.0452807414,0.019197187
1.234,1.60665685,1.92567098,-2.14943332,-1.01825201,-5.67803631,-0.502275804,1.01825201,-0.48292524,5.47517509e-05,-5.47514432e-05,5.52626774e-05,0.00939575056,1.07960835,-1.03683715,-0.00117844114,2,0.0358605187,-0.0404540631,0.0171637765
1.236,1.60234421,1.92362989,-2.16027807,-1.02183107,-4.99555538,-0.500298262,1.02183107,-0.483837409,5.52736243e-05,-5.527265e-05,5.57880744e-05,0.00947444313,1.08078336,-1.04413874,-0.00108035649,2,0.031547883,-0.0355981379,0.015122691
1.238,1.59801159,1.92158251,-2.16975537,-1.02472107,-4.30985459,-0.497977273,1.02472107,-0.484405787,5.57586954e-05,-5.57566645e-05,5.62757976e-05,0.00954100532,1.08048886,-1.05005327,-0.000980637841,2,0.0272152661,-0.0307159788,0.0130753087
1.24,1.59366174,1.91953021,-2.17785912,-1.02692268,-3.62137167,-0.495317348,1.02692268,-0.484632565,5.62066611e-05,-5.62031715e-05,5.67255274e-05,0.00959529022,1.0787314,-1.05457018,-0.000879578289,2,0.0228654106,-0.0258106226,0.0110230071
1.242,1.5892974,1.91747436,-2.18458407,-1.02843714,-2.93054682,-0.492323335,1.02843714,-0.484520287,5.66172462e-05,-5.66118858e-05,5.71369753e-05,0.00963718468,1.07552172,-1.05768296,-0.000777473825,2,0.0185010703,-0.0208851277,0.0089671614
1.244,1.58492134,1.91541635,-2.18992589,-1.02926632,-2.23782165,-0.4890004,1.02926632,-0.484071846,5.69902036e-05,-5.69825532e-05,5.75098844e-05,0.00966660948,1.07087463,-1.05938917,-0.000674622248,2,0.0141250085,-0.0159425721,0.00690914374
1.246,1.58053632,1.91335752,-2.19388109,-1.02941265,-1.54363843,-0.485354015,1.02941265,-0.483290469,5.7325315e-05,-5.73149503e-05,5.78440298e-05,0.0096835193,1.06480899,-1.0596904,-0.000571322092,2,0.00973999586,-0.0109860521,0.00485032171
1.248,1.57614514,1.91129926,-2.19644709,-1.02887911,-0.848439706,-0.481389946,1.02887911,-0.482179716,5.76223905e-05,-5.76088853e-05,5.81392186e-05,0.00968790266,1.05734755,-1.05859223,-0.000467871543,2,0.00534880896,-0.0060186801,0.00279205736
1.25,1.57175056,1.90924291,-2.19762219,-1.02766929,-0.15266834,-0.477114243,1.02766929,-0.480743463,5.78812698e-05,-5.78641981e-05,5.83952909e-05,0.00967978173,1.04851685,-1.05610418,-0.000364567358,2,0.000954228486,-0.00104358262,0.000735706046
1.252,1.56735536,1.90718982,-2.19740559,-1.02578731,0.543232164,-0.472533224,1.02578731,-0.478985899,5.81018216e-05,-5.80807608e-05,5.86121196e-05,0.00965921204,1.03834715,-1.05223961,-0.000261703807,2,-0.00344096262,0.00393610143,-0.00131738474
1.254,1.56296235,1.90514133,-2.19579735,-1.02323783,1.23881745,-0.467653464,1.02323783,-0.476911506,5.82839444e-05,-5.82584778e-05,5.87896105e-05,0.00962628207,1.02687224,-1.04701565,-0.000159571628,2,-0.0078339809,0.00891722279,-0.00336587641
1.256,1.55857428,1.90309876,-2.19279845,-1.02002605,1.93364238,-0.462481786,1.02002605,-0.474525055,5.84275665e-05,-5.83972858e-05,5.89277031e-05,0.00958111284,1.01412934,-1.04045315,-5.84570181e-05,2,-0.0122220441,0.0138966238,-0.0054084404
1.258,1.55419395,1.90106344,-2.18841072,-1.01615771,2.62726149,-0.457025237,1.01615771,-0.47183159,5.85326462e-05,-5.84971542e-05,5.90263701e-05,0.00952385728,1.00015893,-1.03257648,4.13593645e-05,2,-0.0166023732,0.0188711404,-0.00744375919
1.26,1.54982413,1.89903667,-2.18263693,-1.01163903,3.31922973,-0.45129108,1.01163903,-0.468836417,5.85991716e-05,-5.85580853e-05,5.90856176e-05,0.00945469963,0.985004578,-1.02341352,0.000139603363,2,-0.0209721937,0.0238376043,-0.00947052736
1.262,1.54546759,1.89701975,-2.17548071,-1.00647675,4.00910321,-0.445286766,1.00647675,-0.465545088,5.86271613e-05,-5.8580114e-05,5.91054854e-05,0.00937385464,0.968712768,-1.01299544,0.000236008262,2,-0.025328738,0.0287928446,-0.0114874526
1.264,1.54112708,1.89501395,-2.16694657,-1.00067808,4.69643985,-0.439019923,1.00067808,-0.461963387,5.86166639e-05,-5.85633081e-05,5.90860467e-05,0.00928156675,0.951332714,-1.00135661,0.000330315689,2,-0.0296692466,0.0337336905,-0.0134932566
1.266,1.53680536,1.89302053,-2.15703992,-0.994250696,5.38079965,-0.432498333,0.994250696,-0.458097317,5.85677586e-05,-5.85077679e-05,5.90274082e-05,0.00917810914,0.932916169,-0.988534446,0.00042227648,2,-0.0339909704,0.0386569728,-0.0154866761
1.268,1.53250515,1.89104074,-2.14576704,-0.987202731,6.06174472,-0.425729922,0.987202731,-0.453953082,5.84805543e-05,-5.84136264e-05,5.89297097e-05,0.0090637827,0.913517235,-0.974569232,0.000511651484,2,-0.0382911721,0.0435595264,-0.0174664639
1.27,1.5282292,1.88907581,-2.1331351,-0.979542737,6.73883921,-0.418722735,0.979542737,-0.449537072,5.83551906e-05,-5.82810489e-05,5.87931242e-05,0.00893891502,0.893192162,-0.959503973,0.00059821232,2,-0.042567128,0.0484381921,-0.0194313893
1.272,1.5239802,1.88712696,-2.11915211,-0.971279681,7.41164927,-0.411484928,0.971279681,-0.444855847,5.81918366e-05,-5.81102327e-05,5.86178573e-05,0.00880385917,0.871999153,-0.943384219,0.000681742068,2,-0.0468161299,0.0532898191,-0.0213802394
1.274,1.51976084,1.88519538,-2.10382697,-0.962422927,8.07974329,-0.404024745,0.962422927,-0.43991612,5.79906915e-05,-5.79014072e-05,5.84041469e-05,0.0086589926,0.849998154,-0.926257891,0.000762035895,2,-0.0510354866,0.0581112668,-0.0233118199
1.276,1.5155738,1.88328225,-2.08716943,-0.952982211,8.7426923,-0.3963505,0.952982211,-0.434724741,5.77519842e-05,-5.7654833e-05,5.81522633e-05,0.00850471579,0.827250647,-0.908175095,0.000838901623,2,-0.055222526,0.0628994071,-0.0252249553
1.278,1.51142173,1.88138871,-2.06919011,-0.942967626,9.40007059,-0.38847056,0.942967626,-0.42928868,5.74759729e-05,-5.73708018e-05,5.78625079e-05,0.00834145106,0.80381944,-0.889187944,0.000912160234,2,-0.0593745964,0.0676511267,-0.0271184903
1.28,1.50730726,1.87951591,-2.04990046,-0.9323896,10.0514563,-0.380393324,0.9323896,-0.423615013,5.71629447e-05,-5.70496356e-05,5.75352136e-05,0.00816964112,0.77976845,-0.869350365,0.000981646303,2,-0.0634890684,0.0723633289,-0.0289912903
1.282,1.50323299,1.87766496,-2.02931278,-0.921258873,10.696432,-0.372127207,0.921258873,-0.417710897,5.68132158e-05,-5.66916869e-05,5.71707435e-05,0.00798974771,0.755162498,-0.848717911,0.00104720838,2,-0.0675633365,0.0770329363,-0.0308422416
1.284,1.49920151,1.87583695,-2.0074402,-0.90958648,11.3345846,-0.363680619,0.90958648,-0.411583562,5.64271304e-05,-5.62973371e-05,5.67694908e-05,0.00780225018,0.730067096,-0.827347565,0.00110870927,2,-0.071594821,0.0816568926,-0.0326702526
1.286,1.49521536,1.87403295,-1.98429668,-0.897383727,11.9655059,-0.355061949,0.897383727,-0.405240287,5.60050608e-05,-5.58669966e-05,5.63318777e-05,0.00760764402,0.704548248,-0.805297553,0.00116602629,2,-0.0755809695,0.086232165,-0.0344742541
1.288,1.49127707,1.872254,-1.95989698,-0.884662166,12.588792,-0.346279554,0.884662166,-0.398688387,5.55474064e-05,-5.54011039e-05,5.58583549e-05,0.00740643938,0.678672252,-0.782627148,0.00121905142,2,-0.0795192583,0.0907557461,-0.0362531997
1.29,1.48738913,1.87050114,-1.93425667,-0.871433581,13.2040442,-0.337341735,0.871433581,-0.391935194,5.50545938e-05,-5.49001246e-05,5.5349401e-05,0.00719915959,0.652505502,-0.759396486,0.00126769135,2,-0.0834071945,0.0952246565,-0.0380060666
1.292,1.48355401,1.86877535,-1.90739212,-0.857709959,13.8108684,-0.32825673,0.857709959,-0.384988042,5.45270756e-05,-5.4364551e-05,5.48055212e-05,0.00698633965,0.6261143,-0.735666373,0.00131186752,2,-0.0872423171,0.0996359467,-0.0397318557
1.294,1.47977413,1.86707761,-1.87932047,-0.843503473,14.4088761,-0.319032691,0.843503473,-0.377854253,5.39653299e-05,-5.37949008e-05,5.42272467e-05,0.00676852472,0.599564667,-0.711498109,0.00135151606,2,-0.091022199,0.103986699,-0.041429592
1.296,1.47605188,1.86540888,-1.85005964,-0.828826461,14.9976847,-0.309677673,0.828826461,-0.370541117,5.33698599e-05,-5.31917165e-05,5.36151337e-05,0.00654626864,0.572922166,-0.686953302,0.00138658764,2,-0.0947444483,0.108274032,-0.0430983252
1.298,1.47238962,1.86377007,-1.81962832,-0.813691399,15.576918,-0.300199618,0.813691399,-0.363055879,5.2741193e-05,-5.25555645e-05,5.29697627e-05,0.0063201324,0.546251727,-0.662093693,0.0014170473,2,-0.0984067098,0.112495097,-0.0447371299
1.3,1.46878966,1.8621621,-1.78804594,-0.798110888,16.1462063,-0.290606338,0.798110888,-0.355405725,5.20798799e-05,-5.18870338e-05,5.22917371e-05,0.00609068262,0.519617482,-0.63698099,0.00144287419,2,-0.102006667,0.116647087,-0.0463451056
1.302,1.46525428,1.86058582,-1.75533265,-0.782097626,16.7051869,-0.280905508,0.782097626,-0.347597766,5.1386494e-05,-5.11867354e-05,5.15816821e-05,0.00585849011,0.493082611,-0.611676697,0.00146406124,2,-0.105542042,0.120727235,-0.0479213775
1.304,1.46178573,1.85904211,-1.72150935,-0.76566439,17.2535039,-0.271104653,0.76566439,-0.339639027,5.06616303e-05,-5.04553009e-05,5.08402443e-05,0.00562412838,0.466709193,-0.586241958,0.00148061482,2,-0.1090106,0.124732817,-0.0494650958
1.306,1.45838618,1.85753177,-1.68659761,-0.748824017,17.7908084,-0.261211132,0.748824017,-0.331536432,4.99059049e-05,-4.96933815e-05,5.00680897e-05,0.00538817219,0.440558072,-0.560737409,0.00149255431,2,-0.112410147,0.128661154,-0.0509754367
1.308,1.45505779,1.8560556,-1.65061973,-0.731589384,18.3167587,-0.251232139,0.731589384,-0.32329679,4.91199536e-05,-4.8901647e-05,4.92659033e-05,0.00515119615,0.414688726,-0.535223027,0.00149991159,2,-0.115738535,0.132509613,-0.052451602
1.31,1.45180267,1.85461438,-1.61359867,-0.71397339,18.8310206,-0.241174683,0.71397339,-0.314926788,4.83044315e-05,-4.80807846e-05,4.84343873e-05,0.00491377335,0.389159148,-0.509758001,0.00150273057,2,-0.118993659,0.136275613,-0.0538928194
1.312,1.44862286,1.85320886,-1.57555804,-0.695988936,19.3332673,-0.231045587,0.695988936,-0.306432979,4.74600115e-05,-4.72314977e-05,4.75742607e-05,0.00467647398,0.364025732,-0.484400599,0.00150106659,2,-0.122173463,0.13995662,-0.0552983422
1.314,1.44552039,1.85183975,-1.53652212,-0.677648913,19.8231804,-0.220851476,0.677648913,-0.297821771,4.65873836e-05,-4.63545048e-05,4.66862574e-05,0.00443986405,0.339343178,-0.459208049,0.00149498586,2,-0.125275938,0.143550157,-0.0566674496
1.316,1.4424972,1.85050776,-1.49651581,-0.65896618,20.3004498,-0.210598772,0.65896618,-0.289099418,4.56872538e-05,-4.54505382e-05,4.57711252e-05,0.00420450408,0.315164391,-0.434236426,0.00148456481,2,-0.128299124,0.1470538,-0.0579994465
1.318,1.43955521,1.84921354,-1.45556462,-0.63995355,20.7647739,-0.200293688,0.63995355,-0.280272014,4.47603431e-05,-4.45203432e-05,4.4829625e-05,0.00397094789,0.291540405,-0.409540547,0.00146988946,2,-0.131241112,0.150465183,-0.0592936636
1.32,1.43669628,1.84795774,-1.41369466,-0.62062378,21.21586,-0.189942223,0.62062378,-0.271345482,4.38073863e-05,-4.35646764e-05,4.38625292e-05,0.0037397414,0.268520307,-0.385173877,0.00145105475,2,-0.134100046,0.153781998,-0.0605494571
1.322,1.43392221,1.84674099,-1.37093264,-0.60098955,21.6534241,-0.179550162,0.60098955,-0.262325573,4.28291311e-05,-4.25843046e-05,4.28706204e-05,0.00351142146,0.246151177,-0.36118844,0.00142816387,2,-0.13687412,0.157002,-0.0617662085
1.324,1.43123474,1.84556388,-1.32730579,-0.581063456,22.0771909,-0.169123072,0.581063456,-0.253217856,4.18263371e-05,-4.15800041e-05,4.18546906e-05,0.0032865148,0.224478032,-0.33763474,0.00140132753,2,-0.139561584,0.160123003,-0.0629433246
1.326,1.42863558,1.84442696,-1.28284191,-0.560857997,22.4868943,-0.1586663,0.560857997,-0.244027716,4.07997742e-05,-4.05525591e-05,4.081554e-05,0.00306553693,0.20354378,-0.314561693,0.00137066332,2,-0.142160745,0.163142891,-0.0640802373
1.328,1.42612636,1.8433308,-1.23756933,-0.540385566,22.8822773,-0.148184976,0.540385566,-0.234760352,3.97502224e-05,-3.95027604e-05,3.97539753e-05,0.00284899118,0.183389181,-0.29201656,0.00133629497,2,-0.144669962,0.166059608,-0.0651764035
1.33,1.42370867,1.8422759,-1.19151686,-0.519658437,23.2630923,-0.137684009,0.519658437,-0.225420771,3.86784697e-05,-3.84314048e-05,3.86708094e-05,0.0026373677,0.164052818,-0.270044891,0.0012983517,2,-0.147087655,0.168871171,-0.0662313046
1.332,1.42138403,1.84126276,-1.14471384,-0.498688765,23.6291017,-0.127168091,0.498688765,-0.216013789,3.7585312e-05,-3.73392936e-05,3.75668596e-05,0.00243114261,0.145571074,-0.248690484,0.00125696749,2,-0.1494123,0.171575663,-0.0672444463
1.334,1.41915389,1.84029184,-1.09719004,-0.477488571,23.9800774,-0.116641699,0.477488571,-0.206544032,3.64715513e-05,-3.62272316e-05,3.6442947e-05,0.00223077708,0.127978111,-0.227995335,0.00121228048,2,-0.151642433,0.17417124,-0.0682153587
1.336,1.41701968,1.83936361,-1.04897569,-0.456069741,24.3158016,-0.106109101,0.456069741,-0.197015932,3.53379951e-05,-3.5096026e-05,3.52998952e-05,0.00203671658,0.111305868,-0.207999609,0.00116443228,2,-0.15377665,0.176656131,-0.0691435956
1.338,1.41498272,1.83847847,-1.00010146,-0.434444021,24.6360662,-0.0955743557,0.434444021,-0.187433734,3.41854551e-05,-3.39464856e-05,3.41385294e-05,0.00184939008,0.0955840526,-0.188741607,0.00111356736,2,-0.15581361,0.179028638,-0.0700287343
1.34,1.4130443,1.83763683,-0.95059841,-0.412623014,24.9406734,-0.0850413213,0.412623014,-0.177801493,3.30147464e-05,-3.27794194e-05,3.29596757e-05,0.00166920935,0.0808401448,-0.170257751,0.00105983247,2,-0.15775203,0.181287138,-0.0708703757
1.342,1.41120563,1.83683906,-0.900498002,-0.390618176,25.2294355,-0.0745136624,0.390618176,-0.168123081,3.18266865e-05,-3.15956363e-05,3.17641599e-05,0.00149656833,0.0670994041,-0.15258256,0.00100337609,2,-0.159590692,0.183430089,-0.0716681435
1.344,1.40946789,1.83608552,-0.84983206,-0.36844082,25.502175,-0.0639948556,0.36844082,-0.15840219,3.06220943e-05,-3.03959433e-05,3.05528069e-05,0.00133184244,0.05438488,-0.135748638,0.000944347838,2,-0.161328441,0.185456021,-0.0724216843
1.346,1.40783214,1.83537654,-0.798632755,-0.346102113,25.7587248,-0.053488198,0.346102113,-0.148642337,2.94017889e-05,-2.91811456e-05,2.932644e-05,0.00117538809,0.0427174269,-0.119786672,0.000882898053,2,-0.162964187,0.187363549,-0.0731306669
1.348,1.40629942,1.83471242,-0.746932587,-0.323613076,25.9989283,-0.0429968147,0.323613076,-0.13884687,2.81665894e-05,-2.79520451e-05,2.80858803e-05,0.00102754208,0.0321157221,-0.104725423,0.000819177286,2,-0.164496903,0.189151365,-0.0737947824
1.35,1.4048707,1.83409346,-0.694764359,-0.300984593,26.2226397,-0.0325236686,0.300984593,-0.129018974,2.69173134e-05,-2.67094401e-05,2.68319459e-05,0.000888621176,0.0225962857,-0.0905917254,0.000753335903,2,-0.165925628,0.190818246,-0.0744137439
1.352,1.40354686,1.83351992,-0.642161159,-0.27822741,26.4297238,-0.0220715693,0.27822741,-0.11916168,2.56547767e-05,-2.54541242e-05,2.55654521e-05,0.000758921606,0.0141735045,-0.0774104918,0.000685523708,2,-0.167249469,0.192363049,-0.0749872859
1.354,1.40232873,1.83299204,-0.589156335,-0.25535214,26.6200561,-0.0116431847,0.25535214,-0.10927787,2.43797921e-05,-2.41868859e-05,2.42872109e-05,0.000638718699,0.00685965601,-0.0652047154,0.000615889607,2,-0.168467595,0.193784716,-0.0755151643
1.356,1.40121708,1.83251005,-0.535783479,-0.23236927,26.7935232,-0.001241051,0.23236927,-0.0993702886,2.3093169e-05,-2.29085081e-05,2.29980308e-05,0.000528266499,0.000664934621,-0.0539954778,0.000544581319,2,-0.169579246,0.195082274,-0.075997156
1.358,1.4002126,1.83207414,-0.4820764,-0.209289169,26.9500221,0.00913241481,0.209289169,-0.0894415522,2.17957126e-05,-2.16197674e-05,2.16987177e-05,0.000427797438,-0.00440252165,-0.0438019563,0.00047174513,2,-0.170583729,0.196254835,-0.0764330588
1.36,1.39931591,1.83168451,-0.428069104,-0.186122093,27.0894608,0.0194749036,0.186122093,-0.0794941571,2.04882234e-05,-2.03214336e-05,2.03900751e-05,0.000337522046,-0.00833660454,-0.0346414334,0.000397525686,2,-0.171480417,0.197301597,-0.076822691
1.362,1.39852757,1.83134131,-0.373795775,-0.162878195,27.2117581,0.0297842018,0.162878195,-0.0695304911,1.91714965e-05,-1.90142695e-05,1.90729057e-05,0.000257628693,-0.0111332088,-0.0265293063,0.000322065832,2,-0.172268752,0.198221845,-0.0771658916
1.364,1.39784808,1.83104468,-0.319290751,-0.139567534,27.3168437,0.0400581791,0.139567534,-0.0595528447,1.78463213e-05,-1.76990301e-05,1.77480136e-05,0.000188283359,-0.0127902061,-0.0194790964,0.000245506488,2,-0.172948246,0.199014953,-0.0774625193
1.366,1.39727785,1.83079475,-0.2645885,-0.116200085,27.4046583,0.0502947757,0.116200085,-0.049563422,1.65134807e-05,-1.63764631e-05,1.64162076e-05,0.000129629447,-0.0133074192,-0.0135024598,0.000167986568,2,-0.173518478,0.199680382,-0.0777124531
1.368,1.39681723,1.83059161,-0.209723602,-0.0927857506,27.4751537,0.0604919896,0.0927857506,-0.0395643525,1.51737511e-05,-1.50473077e-05,1.50783067e-05,8.17876147e-05,-0.0126865979,-0.00860919552,8.96429348e-05,2,-0.173979097,0.200217681,-0.0779155919
1.37,1.39646651,1.83043535,-0.154730726,-0.0693343689,27.5282927,0.0706478632,0.0693343689,-0.0295577033,1.38279017e-05,-1.37122953e-05,1.37351497e-05,4.48556489e-05,-0.0109313952,-0.00480725472,1.06103944e-05,2,-0.17432982,0.200626488,-0.0780718542
1.372,1.39622589,1.83032602,-0.099644606,-0.0458557273,27.5640489,0.0807604703,0.0458557273,-0.0195454914,1.24766944e-05,-1.23721487e-05,1.23876097e-05,1.89083587e-05,-0.00804734525,-0.00210274773,-6.8978281e-05,2,-0.174570436,0.200906531,-0.0781811782
1.374,1.39609553,1.83026368,-0.0445000205,-0.0223595734,27.582407,0.0908279026,0.0223595734,-0.0095296963,1.11208835e-05,-1.10275826e-05,1.10366214e-05,3.99750381e-06,-0.00404184353,-0.000499950524,-0.000148992295,2,-0.174700801,0.201057627,-0.0782435214
1.376,1.39607549,1.83024834,0.0106682292,0.00114437281,27.5833626,0.100848256,-0.00114437281,0.000487727582,9.76121573e-06,-9.67930309e-06,9.68322943e-06,1.51748697e-07,0.00107587231,-1.30958913e-06,-0.00022930274,2,-0.174720841,0.201079682,-0.0782588611
1.378,1.39616577,1.83028001,0.0658253411,0.0246464069,27.5669221,0.110819619,-0.0246464069,0.0105048377,8.39842958e-06,-8.32800804e-06,8.32868601e-06,7.3766442e-06,0.00729473923,-0.000607445372,-0.000309782491,2,-0.174630554,0.200972692,-0.0782271937
1.38,1.39636632,1.83035867,0.120936534,0.0481368275,27.5331028,0.120740058,-0.0481368275,0.0205196908,7.03325572e-06,-6.97438708e-06,6.97465983e-06,2.56546368e-05,0.0146018841,-0.00231715416,-0.000390306069,2,-0.174430004,0.200736743,-0.0781485353
1.382,1.396677,1.83048428,0.175967071,0.0716059245,27.4819329,0.130607604,-0.0716059245,0.0305303299,5.66641676e-06,-5.61912172e-06,5.62374597e-06,5.49451047e-05,0.0229826376,-0.00512740842,-0.000470749496,2,-0.174119328,0.20037201,-0.0780229212
1.384,1.3970976,1.8306568,0.230882277,0.0950439664,27.4134514,0.140420246,-0.0950439664,0.0405347715,4.29862723e-06,-4.2628856e-06,4.28092824e-06,9.51844211e-05,0.032420546,-0.00903335555,-0.000550990124,2,-0.173698729,0.199878756,-0.0778504062
1.386,1.39762785,1.83087614,0.285647565,0.118441189,27.3277081,0.150175909,-0.118441189,0.0505309933,2.93059369e-06,-2.90634467e-06,2.95893913e-06,0.000146286045,0.0428973827,-0.0140283152,-0.000630906464,2,-0.173168482,0.199257334,-0.0776310646
1.388,1.3982674,1.83114221,0.340228455,0.141787783,27.2247638,0.159872452,-0.141787783,0.0605169214,1.56301482e-06,-1.5501575e-06,1.70764268e-06,0.000208140639,0.0543931573,-0.0201037753,-0.000710378002,2,-0.172528929,0.198508187,-0.0773649903
1.39,1.39901584,1.83145491,0.394590598,0.165073883,27.1046895,0.16950765,-0.165073883,0.0704904179,1.96581495e-07,-1.9497555e-07,8.96588926e-07,0.000280616217,0.0668861248,-0.0272493867,-0.000789285011,2,-0.171780483,0.197631844,-0.0770522969
1.392,1.3998727,1.83181408,0.448699792,0.188289557,26.967567,0.179079185,-0.188289557,0.0804492697,-1.16802296e-06,1.15855645e-06,1.55146075e-06,0.000363558317,0.080352793,-0.0354529571,-0.000867508364,2,-0.170923623,0.196628923,-0.0766931177
1.394,1.40083743,1.8322196,0.502522008,0.211424795,26.8134887,0.188584637,-0.211424795,0.0903911761,-2.53012264e-06,2.50980016e-06,2.77609967e-06,0.000456790206,0.0947679308,-0.044700444,-0.000944929354,2,-0.169958898,0.195500128,-0.0762876062
1.396,1.4019094,1.83267127,0.556023412,0.234469501,26.6425571,0.198021473,-0.234469501,0.100313738,-3.88904878e-06,3.85812321e-06,4.08378258e-06,0.000560113112,0.110104575,-0.0549759471,-0.00102142952,2,-0.168886924,0.194246251,-0.0758359358
1.398,1.40308794,1.8331689,0.609170379,0.257413482,26.4548854,0.207387036,-0.257413482,0.110214447,-5.24413949e-06,5.20289879e-06,5.41167403e-06,0.000673306495,0.126334039,-0.0662617008,-0.00109689048,2,-0.167708386,0.192868167,-0.0753383003
1.4,1.40437229,1.83371229,0.661929519,0.28024644,26.2505968,0.216678541,-0.28024644,0.120090675,-6.59473949e-06,6.54350523e-06,6.74495437e-06,0.000796128334,0.143425922,-0.078538067,-0.0011711938,2,-0.166424033,0.19136684,-0.074794914
1.402,1.40576164,1.83430119,0.714267698,0.302957964,26.029825,0.225893061,-0.302957964,0.129939666,-7.94019979e-06,7.87932551e-06,8.07813057e-06,0.000928315465,0.161348117,-0.0917835277,-0.00124422085,2,-0.165034683,0.189743315,-0.0742060119
1.404,1.40725511,1.83493535,0.766152056,0.325537524,25.7927135,0.235027527,-0.325537524,0.139758524,-9.27987734e-06,9.20974684e-06,9.40847907e-06,0.00106958394,0.180066823,-0.10597468,-0.00131585269,2,-0.163541218,0.18799872,-0.0735718501
1.406,1.40885174,1.8356145,0.817550027,0.347974468,25.5394159,0.244078717,-0.347974468,0.149544207,-1.06131347e-05,1.05341602e-05,1.07343314e-05,0.00121962944,0.199546561,-0.12108623,-0.00138597004,2,-0.161944588,0.186134267,-0.0728927057
1.408,1.41055052,1.83633832,0.868429359,0.37025801,25.2700957,0.253043249,-0.37025801,0.159293518,-1.19393398e-05,1.18519597e-05,1.20544925e-05,0.00137812768,0.219750187,-0.137090994,-0.00145445317,2,-0.160245806,0.184151249,-0.0721688775
1.41,1.41235038,1.83710652,0.918758135,0.392377232,24.9849259,0.261917582,-0.392377232,0.1690031,-1.32578652e-05,1.31625425e-05,1.33680059e-05,0.00154473492,0.240638909,-0.153959892,-0.0015211819,2,-0.158445947,0.182051036,-0.071400686
1.412,1.41425017,1.83791873,0.968504793,0.414321081,24.6840894,0.270698006,-0.414321081,0.178669424,-1.45680882e-05,1.44653078e-05,1.46740466e-05,0.00171908845,0.262172316,-0.171661958,-0.00158603562,2,-0.156546154,0.179835079,-0.0705884734
1.414,1.4162487,1.8387746,1.01763814,0.436078363,24.3677784,0.279380644,-0.436078363,0.188288792,-1.58693902e-05,1.57596571e-05,1.59718668e-05,0.00190080716,0.284308399,-0.190164339,-0.00164889333,2,-0.15454763,0.177504908,-0.0697326046
1.416,1.41834469,1.83967374,1.06612738,0.457637748,24.0361944,0.287961447,-0.457637748,0.197857325,-1.71611565e-05,1.70449929e-05,1.72607666e-05,0.00208949211,0.307003583,-0.209432308,-0.00170963374,2,-0.152451639,0.175062126,-0.0688334668
1.418,1.42053682,1.84061573,1.11394212,0.478987764,23.6895485,0.296436193,-0.478987764,0.207370961,-1.84427757e-05,1.83207191e-05,1.85400772e-05,0.00228472721,0.330212762,-0.229429278,-0.00176813535,2,-0.150259508,0.172508411,-0.0678914702
1.42,1.4228237,1.84160015,1.1610524,0.500116807,23.3280605,0.304800489,-0.500116807,0.216825455,-1.97136395e-05,1.95862399e-05,1.98091509e-05,0.00248607985,0.35388934,-0.25011682,-0.00182427665,2,-0.147972624,0.169845518,-0.0669070479
1.422,1.4252039,1.84262655,1.20742871,0.521013135,22.9519593,0.313049769,-0.521013135,0.226216374,-2.09731425e-05,2.084096e-05,2.10673537e-05,0.00269310165,0.37798528,-0.271454687,-0.00187793632,2,-0.145592431,0.167075268,-0.0658806566
1.424,1.42767589,1.84369443,1.253042,0.54166488,22.5614829,0.321179298,-0.54166488,0.235539094,-2.22206814e-05,2.2084284e-05,2.2314062e-05,0.00290532925,0.40245115,-0.293400842,-0.00192899344,2,-0.143120436,0.164199558,-0.0648127765
1.426,1.43023813,1.84480329,1.2978637,0.562060046,22.1568774,0.329184173,-0.562060046,0.244788804,-2.34556556e-05,2.3315616e-05,2.35486586e-05,0.00312228505,0.427236189,-0.315911495,-0.00197732781,2,-0.140558199,0.161220349,-0.0637039118
1.428,1.43288899,1.84595261,1.34186574,0.582186522,21.7383978,0.337059326,-0.582186522,0.253960505,-2.46774658e-05,2.45343594e-05,2.47705313e-05,0.00334347817,0.452288363,-0.338941147,-0.00202282021,2,-0.137907339,0.158139672,-0.0625545907
1.43,1.4356268,1.84714184,1.38502058,0.602032085,21.3063073,0.344799533,-0.602032085,0.26304901,-2.58855147e-05,2.57399166e-05,2.59790712e-05,0.00356840527,0.477554447,-0.362442632,-0.00206535284,2,-0.135169529,0.154959623,-0.0613653658
1.432,1.43844983,1.84837039,1.42730118,0.621584411,20.8608772,0.352399412,-0.621584411,0.272048948,-2.70792062e-05,2.6931689e-05,2.71736713e-05,0.00379655156,0.502980097,-0.38636718,-0.00210480965,2,-0.132346499,0.15168236,-0.0601368144
1.434,1.4413563,1.84963766,1.46868109,0.640831082,20.4023872,0.359853437,-0.640831082,0.280954766,-2.82579456e-05,2.81090766e-05,2.83537259e-05,0.00402739173,0.528509937,-0.410664476,-0.00214107676,2,-0.129440029,0.148310105,-0.0588695385
1.436,1.44434437,1.85094304,1.50913439,0.659759601,19.9311243,0.367155941,-0.659759601,0.289760737,-2.9421139e-05,2.92714781e-05,2.95186301e-05,0.00426039109,0.554087656,-0.435282732,-0.00217404299,2,-0.126451953,0.144845138,-0.057564165
1.438,1.44741217,1.85228586,1.54863576,0.678357402,19.4473836,0.374301124,-0.678357402,0.298460959,-3.05681937e-05,3.04182904e-05,3.06677788e-05,0.00449500655,0.579656104,-0.460168765,-0.0022036003,2,-0.123384157,0.141289799,-0.0562213459
1.44,1.45055775,1.85366544,1.58716047,0.69661186,18.9514676,0.381283065,-0.69661186,0.30704937,-3.16985176e-05,3.15489091e-05,3.18005671e-05,0.00473068783,0.605157407,-0.485268084,-0.00222964429,2,-0.120238575,0.137646483,-0.0548417584
1.442,1.45377914,1.8550811,1.62468439,0.714510311,18.4436861,0.388095728,-0.714510311,0.315519746,-3.28115195e-05,3.26627282e-05,3.29163895e-05,0.00496687859,0.630533073,-0.510524984,-0.00225207482,2,-0.117017191,0.133917641,-0.053426105
1.444,1.45707429,1.85653209,1.66118405,0.732040061,17.9243561,0.394732978,-0.732040061,0.323865715,-3.39066089e-05,3.37591404e-05,3.40146403e-05,0.00520301765,0.655724126,-0.535882651,-0.0022707965,2,-0.113722036,0.130105774,-0.0519751136
1.446,1.46044114,1.85801766,1.69663657,0.749188406,17.3938014,0.401188584,-0.749188406,0.332080764,-3.49831963e-05,3.48375368e-05,3.5094713e-05,0.00543854024,0.680671225,-0.561283268,-0.0022857193,2,-0.110355187,0.126213437,-0.0504895375
1.448,1.46387756,1.85953705,1.73101976,0.765942646,16.8523528,0.407456242,-0.765942646,0.340158248,-3.60406929e-05,3.58973075e-05,3.61560008e-05,0.0056728793,0.705314808,-0.586668136,-0.00229675915,2,-0.106918766,0.12224323,-0.0489701553
1.45,1.46738139,1.86108943,1.76431209,0.782290102,16.3003474,0.413529577,-0.782290102,0.348091402,-3.70785109e-05,3.69378418e-05,3.71978965e-05,0.00590546677,0.729595232,-0.611977804,-0.00230383852,2,-0.103414939,0.118197803,-0.0474177711
1.452,1.47095041,1.86267399,1.79649269,0.798218138,15.7381291,0.419402165,-0.798218138,0.355873352,-3.80960637e-05,3.79585282e-05,3.82197928e-05,0.00613573496,0.753452923,-0.637152196,-0.00230688708,2,-0.0998459134,0.114079847,-0.0458332143
1.454,1.47458239,1.86428986,1.8275414,0.813714173,15.1660477,0.425067542,-0.813714173,0.363497126,-3.9092766e-05,3.8958755e-05,3.92210825e-05,0.00636311794,0.776828531,-0.662130756,-0.00230584222,2,-0.0962139387,0.109892098,-0.0442173395
1.456,1.47827502,1.86593618,1.85743876,0.828765707,14.5844591,0.43051922,-0.828765707,0.370955666,-4.00680343e-05,3.99379103e-05,4.02011589e-05,0.00658705292,0.799663087,-0.686852597,-0.00230064972,2,-0.0925213028,0.105637333,-0.0425710264
1.458,1.48202599,1.86761202,1.88616603,0.843360335,13.993725,0.435750703,-0.843360335,0.378241846,-4.10212867e-05,4.08953831e-05,4.11594159e-05,0.00680698167,0.821898174,-0.711256654,-0.00229126433,2,-0.088770332,0.101318365,-0.0408951793
1.46,1.48583294,1.86931647,1.91370519,0.85748577,13.3942126,0.440755501,-0.85748577,0.38534848,-4.19519437e-05,4.18305632e-05,4.20952488e-05,0.007022352,0.843476088,-0.735281847,-0.00227765029,2,-0.084963389,0.0969380448,-0.0391907276
1.462,1.48969346,1.87104858,1.94003896,0.871129865,12.7862948,0.445527144,-0.871129865,0.392268339,-4.28594283e-05,4.27428418e-05,4.30080546e-05,0.00723261917,0.864340017,-0.758867242,-0.00225978198,2,-0.0811028717,0.092499257,-0.0374586248
1.464,1.49360511,1.87280735,1.96515081,0.88428063,12.1703492,0.450059204,-0.88428063,0.398994166,-4.37431666e-05,4.36316125e-05,4.38972326e-05,0.00743724736,0.884434211,-0.781952232,-0.00223764434,2,-0.0771912118,0.0880049184,-0.0356998486
1.466,1.49756545,1.8745918,1.98902498,0.896926253,11.5467588,0.454345305,-0.896926253,0.405518692,-4.46025879e-05,4.44962712e-05,4.47621847e-05,0.00763571115,0.903704163,-0.804476703,-0.00221123345,2,-0.0732308729,0.0834579759,-0.0339154004
1.468,1.50157198,1.8764009,2.01164647,0.909055125,10.9159112,0.458379143,-0.909055125,0.411834652,-4.54371258e-05,4.53362176e-05,4.56023165e-05,0.00782749699,0.922096783,-0.82638122,-0.00218055696,2,-0.0692243492,0.0788614041,-0.0321063052
1.47,1.50562216,1.87823359,2.03300105,0.920655858,10.2781984,0.4621545,-0.920655858,0.417934797,-4.62462181e-05,4.61508553e-05,4.64170376e-05,0.00801210462,0.939560582,-0.847607209,-0.00214563452,2,-0.065174164,0.0742182034,-0.0302736106
1.472,1.50971346,1.88008882,2.05307529,0.931717306,9.63401686,0.465665264,-0.931717306,0.423811917,-4.70293078e-05,4.69395927e-05,4.72057626e-05,0.00818904856,0.956045845,-0.868097139,-0.00210649815,2,-0.0610828681,0.0695313979,-0.028418387
1.474,1.51384329,1.88196548,2.07185655,0.942228588,8.98376718,0.468905442,-0.942228588,0.42945885,-4.77858436e-05,4.7701844e-05,4.79679114e-05,0.00835785953,0.971504812,-0.887794712,-0.00206319259,2,-0.0569530379,0.0648040333,-0.0265417265
1.476,1.51800905,1.88386246,2.089333,0.952179105,8.32785372,0.47186918,-0.952179105,0.434868507,-4.85152802e-05,4.84370297e-05,4.87029106e-05,0.00851808583,0.985891851,-0.906645049,-0.00201577558,2,-0.0527872745,0.0600391746,-0.0246447427
1.478,1.52220813,1.88577863,2.10549362,0.961558566,7.6666845,0.474550776,-0.961558566,0.440033881,-4.92170797e-05,4.91445777e-05,4.94101939e-05,0.00866929475,0.999163633,-0.924594876,-0.00196431805,2,-0.0485882013,0.0552399042,-0.0227285702
1.48,1.52643786,1.88771284,2.12032821,0.970357003,7.00067095,0.476944699,-0.970357003,0.444948068,-4.98907114e-05,4.98239239e-05,5.0089203e-05,0.00881107392,1.0112793,-0.941592713,-0.00190890434,2,-0.0443584629,0.0504093197,-0.0207943634
1.482,1.5306956,1.88966391,2.13382738,0.978564793,6.33022764,0.479045601,-0.978564793,0.449604284,-5.05356533e-05,5.04745135e-05,5.07393885e-05,0.00894303261,1.02220062,-0.957589054,-0.00184963225,2,-0.0401007231,0.0455505319,-0.0188432967
1.484,1.53497866,1.89163064,2.14598258,0.98617268,5.65577211,0.480848337,-0.98617268,0.453995878,-5.11513925e-05,5.10958015e-05,5.1360211e-05,0.00906480301,1.03189216,-0.972536555,-0.00178661313,2,-0.0358176638,0.0406666624,-0.0168765628
1.486,1.53928434,1.89361183,2.15678612,0.993171789,4.97772454,0.482347979,-0.993171789,0.458116352,-5.17374257e-05,5.1687254e-05,5.19511416e-05,0.00917604141,1.04032143,-0.986390203,-0.00171997183,2,-0.0315119824,0.0357608422,-0.0148953728
1.488,1.54360994,1.89560625,2.16623112,0.999553649,4.29650759,0.483539827,-0.999553649,0.461959376,-5.22932607e-05,5.22483487e-05,5.25116632e-05,0.00927642944,1.04745902,-0.999107497,-0.00164984659,2,-0.0271863912,0.0308362088,-0.0129009548
1.49,1.54795271,1.89761265,2.17431156,1.00531021,3.6125461,0.484419428,-1.00531021,0.465518804,-5.28184165e-05,5.27785765e-05,5.30412714e-05,0.00936567509,1.05327876,-1.01064861,-0.00157638893,2,-0.0228436147,0.0258959047,-0.0108945535
1.492,1.55230994,1.89962977,2.18102227,1.01043385,2.92626686,0.484982588,-1.01043385,0.468788687,-5.33124245e-05,5.32774419e-05,5.35394753e-05,0.00944351381,1.05775782,-1.02097656,-0.00149976336,2,-0.0184863888,0.0209430754,-0.00887742903
1.494,1.55667887,1.90165635,2.18635894,1.01491741,2.23809836,0.485225384,-1.01491741,0.471763293,-5.37748294e-05,5.37444641e-05,5.40057984e-05,0.00950970946,1.06087685,-1.03005734,-0.00142014711,2,-0.0141174585,0.015980867,-0.00685085634
1.496,1.56105675,1.90369108,2.19031811,1.0187542,1.54847051,0.485144176,-1.0187542,0.474437117,-5.42051896e-05,5.41791783e-05,5.44397797e-05,0.00956405522,1.06262008,-1.03786011,-0.00133772979,2,-0.00973957618,0.0110124245,-0.00481612398
1.498,1.56544083,1.90573267,2.19289719,1.021938,0.857814427,0.484735624,-1.021938,0.476804898,-5.46030785e-05,5.45811363e-05,5.48409749e-05,0.00960637438,1.06297539,-1.04435728,-0.00125271288,2,-0.00535550032,0.0060408896,-0.00277453334
1.5,1.56982833,1.9077798,2.19409443,1.02446312,0.166562135,0.483996691,-1.02446312,0.478861633,-5.49680853e-05,5.49499075e-05,5.52089567e-05,0.00963652114,1.06193445,-1.04952468,-0.00116530928,2,-0.000967993382,0.001069399,-0.000727397605
1.502,1.57421651,1.90983116,2.19390899,1.02632434,-0.524853671,0.482924659,-1.02632434,0.480602587,-5.52998153e-05,5.52850799e-05,5.55433163e-05,0.00965438118,1.05949275,-1.05334164,-0.00107574274,2,0.00342017975,-0.00389891777,0.00132395927
1.504,1.57860258,1.91188541,2.19234085,1.02751699,-1.21599989,0.481517137,-1.02751699,0.482023307,-5.55978917e-05,5.55862614e-05,5.5843664e-05,0.0096598723,1.05564969,-1.05579116,-0.000984247184,2,0.00780625355,-0.00886094019,0.00337820356
1.506,1.58298379,1.91394119,2.18939087,1.02803693,-1.9064433,0.479772071,-1.02803693,0.483119634,-5.58619556e-05,5.58530799e-05,5.61096305e-05,0.00965294483,1.05040859,-1.05685992,-0.000891066072,2,0.0121874636,-0.0138135587,0.00543399287
1.508,1.58735737,1.91599718,2.18506079,1.02788056,-2.59575078,0.477687747,-1.02788056,0.483887716,-5.60916672e-05,5.60851849e-05,5.63408673e-05,0.00963358206,1.04377677,-1.05653844,-0.000796451607,2,0.0165610482,-0.0187536765,0.00748997719
1.51,1.59172058,1.918052,2.17935321,1.02704484,-3.28348965,0.475262806,-1.02704484,0.484324013,-5.62867065e-05,5.62822483e-05,5.65370476e-05,0.00960180046,1.03576552,-1.0548211,-0.000700663946,2,0.0209242503,-0.0236782114,0.00954480001
1.512,1.59607065,1.9201043,2.17227158,1.02552728,-3.96922786,0.472496243,-1.02552728,0.484425311,-5.64467743e-05,5.64439647e-05,5.66978677e-05,0.00955764991,1.02639016,-1.05170621,-0.000603970345,2,0.025274319,-0.028584098,0.0115970994
1.514,1.60040484,1.92215271,2.16382023,1.02332599,-4.65253434,0.469387415,-1.02332599,0.484188731,-5.65715927e-05,5.65700528e-05,5.6823047e-05,0.00950121374,1.01566998,-1.04719609,-0.000506644259,2,0.0296085116,-0.0334682888,0.0136455094
1.516,1.60472042,1.92419586,2.15400434,1.02043962,-5.33297921,0.465936049,-1.02043962,0.483611732,-5.66609061e-05,5.66602558e-05,5.69123294e-05,0.00943260871,1.00362827,-1.04129703,-0.000408964397,2,0.033924095,-0.0383277567,0.0156886605
1.518,1.60901467,1.92623238,2.14282997,1.01686743,-6.01013408,0.46214224,-1.01686743,0.482692123,-5.67144818e-05,5.67143424e-05,5.69654838e-05,0.00935198491,0.990292243,-1.03401938,-0.000311213746,2,0.0382183475,-0.0431594964,0.0177251817
1.52,1.61328489,1.9282609,2.13030401,1.01260925,-6.68357234,0.458006455,-1.01260925,0.481428068,-5.67321108e-05,5.67321073e-05,5.69823047e-05,0.00925952547,0.975692988,-1.0253775,-0.000213678562,2,0.0424885606,-0.047960526,0.019753701
1.522,1.61752837,1.93028005,2.11643421,1.00766551,-7.35286938,0.453529538,-1.00766551,0.479818091,-5.67136084e-05,5.67133719e-05,5.69626127e-05,0.00915544628,0.959865432,-1.01538978,-0.000116647335,2,0.0467320407,-0.0527278892,0.0217728469
1.524,1.62174244,1.93228845,2.10122918,1.00203722,-8.01760294,0.448712709,-1.00203722,0.477861078,-5.66588149e-05,5.66579849e-05,5.69062558e-05,0.0090399955,0.942848237,-1.00407859,-2.04097309e-05,2,0.0509461107,-0.0574586564,0.0237812494
1.526,1.62592444,1.93428474,2.08469835,0.995725995,-8.67735331,0.443557563,-0.995725995,0.475556288,-5.65675963e-05,5.6565823e-05,5.6813109e-05,0.00891345305,0.924683719,-0.991470258,7.47444781e-05,2,0.0551281119,-0.0621499267,0.0257775414
1.528,1.63007173,1.93626756,2.066852,0.98873404,-9.33170367,0.43806607,-0.98873404,0.472903347,-5.64398448e-05,5.6436791e-05,5.66830757e-05,0.00877612995,0.905417735,-0.977595001,0.000168526493,2,0.0592754054,-0.0667988293,0.0277603596
1.53,1.6341817,1.93823555,2.04770125,0.981064152,-9.98024031,0.432240576,-0.981064152,0.469902255,-5.62754794e-05,5.6270823e-05,5.65160874e-05,0.00862836758,0.88509957,-0.96248687,0.000260649574,2,0.0633853739,-0.0714025256,0.029728346
1.532,1.63825175,1.94018735,2.02725803,0.972719721,-10.6225529,0.426083798,-0.972719721,0.466553389,-5.60744462e-05,5.60678818e-05,5.63121048e-05,0.00847053684,0.863781803,-0.946183655,0.000350830121,2,0.0674554233,-0.0759582098,0.0316801488
1.534,1.64227931,1.94212163,2.0055351,0.963704725,-11.2582349,0.41959882,-0.963704725,0.462857499,-5.58367193e-05,5.58279603e-05,5.60711176e-05,0.00830303721,0.841520162,-0.928726798,0.000438788749,2,0.0714829846,-0.0804631113,0.033614424
1.536,1.64626184,1.94403704,1.98254601,0.95402373,-11.8868836,0.412789093,-0.95402373,0.458815707,-5.55623009e-05,5.55510811e-05,5.57931451e-05,0.00812629573,0.81837337,-0.910161278,0.000524251351,2,0.0754655152,-0.0849144959,0.0355298359
1.538,1.65019683,1.94593226,1.95830514,0.943681881,-12.5081006,0.405658427,-0.943681881,0.454429514,-5.52512218e-05,5.52372969e-05,5.54782364e-05,0.00794076587,0.794402983,-0.890535493,0.000606950138,2,0.0794005006,-0.0893096671,0.0374250588
1.54,1.65408178,1.94780598,1.93282764,0.932684901,-13.1214919,0.398210988,-0.932684901,0.449700787,-5.49035417e-05,5.48866909e-05,5.51264707e-05,0.00774692634,0.769673205,-0.869901125,0.000686624661,2,0.083285456,-0.0936459677,0.0392987783
1.542,1.65791425,1.94965689,1.90612946,0.921039083,-13.7266682,0.390451291,-0.921039083,0.444631765,-5.45193495e-05,5.44993768e-05,5.4737957e-05,0.0075452798,0.744250709,-0.848312992,0.000763022801,2,0.087117928,-0.0979207811,0.0411496917
1.544,1.66169182,1.95148371,1.87822732,0.908751282,-14.3232454,0.382384194,-0.908751282,0.439225052,-5.40987635e-05,5.40754988e-05,5.4312835e-05,0.00733635152,0.718204439,-0.825828893,0.000835901726,2,0.090895496,-0.102131533,0.0429765098
1.546,1.6654121,1.95328516,1.8491387,0.895828913,-14.9108445,0.37401489,-0.895828913,0.433483612,-5.36419319e-05,5.36152318e-05,5.38512744e-05,0.00712068793,0.691605407,-0.802509441,0.000905028808,2,0.0946157739,-0.106275692,0.044777958
1.548,1.66907274,1.95505998,1.81888183,0.882279936,-15.4890922,0.365348904,-0.882279936,0.427410766,-5.31490325e-05,5.31187813e-05,5.33534751e-05,0.00689885511,0.664526484,-0.778417886,0.000970182502,2,0.0982764113,-0.110350771,0.0465527768
1.55,1.67267142,1.95680693,1.7874757,0.868112852,-16.0576208,0.356392077,-0.868112852,0.42101019,-5.26202731e-05,5.25863832e-05,5.28196674e-05,0.00667143727,0.63704218,-0.753619924,0.00103115317,2,0.101875095,-0.11435433,0.0482997237
1.552,1.67620588,1.95852478,1.75494002,0.853336691,-16.6160688,0.347150566,-0.853336691,0.414285901,-5.20558916e-05,5.20183041e-05,5.22501118e-05,0.00643903508,0.609228422,-0.728183508,0.00108774388,2,0.105409552,-0.118283975,0.0500175737
1.554,1.67967387,1.96021232,1.72129522,0.837961002,-17.1640808,0.337630827,-0.837961002,0.407242257,-5.14561557e-05,5.14148404e-05,5.16450983e-05,0.00620226405,0.581162328,-0.702178641,0.0011397711,2,0.108877548,-0.122137361,0.0517051203
1.556,1.68307322,1.96186838,1.68656243,0.821995845,-17.701308,0.327839613,-0.821995845,0.399883951,-5.08213631e-05,5.07763189e-05,5.10049469e-05,0.00596175279,0.552921973,-0.675677169,0.0011870654,2,0.112276891,-0.125912192,0.0533611772
1.558,1.68640176,1.96349178,1.65076347,0.805451775,-18.2274084,0.317783961,-0.805451775,0.392215998,-5.01518415e-05,5.01030958e-05,5.03300072e-05,0.00571814122,0.524586153,-0.648752562,0.00122947204,2,0.115605432,-0.129606224,0.0549845784
1.56,1.68965739,1.96508138,1.61392086,0.788339837,-18.742047,0.307471181,-0.788339837,0.384243731,-4.94479481e-05,4.9395557e-05,4.96206576e-05,0.00547207885,0.496234152,-0.621479699,0.00126685154,2,0.118861066,-0.133217261,0.0565741799
1.562,1.69283806,1.96663606,1.57605776,0.770671546,-19.2448959,0.296908849,-0.770671546,0.375972795,-4.87100698e-05,4.86541172e-05,4.88773055e-05,0.00522422289,0.467945495,-0.593934632,0.00129908014,2,0.122041737,-0.136743164,0.0581288602
1.564,1.69594176,1.96815472,1.537198,0.752458882,-19.7356348,0.286104794,-0.752458882,0.367409133,-4.79386227e-05,4.78792198e-05,4.81003868e-05,0.00497523643,0.439799716,-0.566194369,0.00132605028,2,0.125145432,-0.140181846,0.0596475216
1.566,1.69896651,1.96963629,1.49736602,0.733714271,-20.2139509,0.27506709,-0.733714271,0.358558982,-4.71340518e-05,4.70713363e-05,4.72903651e-05,0.0047257866,0.411876114,-0.538336632,0.00134767089,2,0.128170188,-0.143531274,0.0611290907
1.568,1.70191042,1.97107972,1.45658692,0.714450576,-20.6795394,0.263804041,-0.714450576,0.34942886,-4.6296831e-05,4.62309658e-05,4.64477318e-05,0.00447654266,0.384253515,-0.510439626,0.00136386773,2,0.131114092,-0.146789471,0.0625725197
1.57,1.70477161,1.97248399,1.41488636,0.694681082,-21.1321035,0.252324177,-0.694681082,0.340025561,-4.54274624e-05,4.53586348e-05,4.5573005e-05,0.00422817414,0.357010035,-0.482581806,0.00137458359,2,0.133975282,-0.149954518,0.0639767869
1.572,1.70754827,1.9738481,1.37229061,0.674419482,-21.5713547,0.240636236,-0.674419482,0.330356144,-4.45264758e-05,4.44548961e-05,4.46667296e-05,0.00398134893,0.330222847,-0.454841638,0.00137977849,2,0.136751948,-0.153024552,0.0653408979
1.574,1.71023866,1.97517109,1.32882651,0.653679863,-21.997013,0.228749159,-0.653679863,0.32042792,-4.35944288e-05,4.35203286e-05,4.37294761e-05,0.00373673146,0.303967947,-0.427297363,0.00137942974,2,0.139442332,-0.155997769,0.0666638859
1.576,1.71284106,1.97645201,1.28452145,0.632476692,-22.4088069,0.216672076,-0.632476692,0.310248448,-4.26319055e-05,4.25555363e-05,4.27618404e-05,0.0034949808,0.27831993,-0.400026766,0.00137353199,2,0.142044733,-0.158872425,0.067944813
1.578,1.71535383,1.97768997,1.23940336,0.610824804,-22.806474,0.204414296,-0.610824804,0.299825519,-4.16395168e-05,4.15611482e-05,4.17644431e-05,0.0032567488,0.253351765,-0.373106941,0.00136209719,2,0.144557503,-0.161646833,0.0691827704
1.58,1.71777538,1.97888408,1.19350068,0.588739383,-23.1897608,0.191985295,-0.588739383,0.289167153,-4.0617899e-05,4.0537817e-05,4.07379287e-05,0.00302267831,0.229134581,-0.346614061,0.0013451545,2,0.146979052,-0.16431937,0.0703768798
1.582,1.72010417,1.9800335,1.14684236,0.56623595,-23.5584228,0.179394709,-0.56623595,0.278281582,-3.95677139e-05,3.94862189e-05,3.9682965e-05,0.00279340135,0.205737452,-0.320623151,0.00132275017,2,0.149307846,-0.166888473,0.0715262934
1.584,1.72233874,1.9811374,1.09945782,0.543330352,-23.9122251,0.16665232,-0.543330352,0.267177246,-3.84896477e-05,3.84070525e-05,3.86002426e-05,0.00256953737,0.183227197,-0.295207871,0.00129494728,2,0.151542412,-0.169352642,0.0726301948
1.586,1.72447766,1.982195,1.05137696,0.520038739,-24.2509421,0.153768044,-0.520038739,0.255862778,-3.73844106e-05,3.73010382e-05,3.74904739e-05,0.00235169149,0.161668179,-0.27044029,0.00126182549,2,0.153681333,-0.171710437,0.0736878001
1.588,1.72651958,1.98320556,1.00263011,0.496377558,-24.5743581,0.140751927,-0.496377558,0.244347,-3.62527358e-05,3.61689176e-05,3.63543925e-05,0.00214045287,0.14112212,-0.24639068,0.00122348074,2,0.155723255,-0.173960485,0.0746983575
1.59,1.72846321,1.98416835,0.953248023,0.472363532,-24.8822668,0.127614129,-0.472363532,0.232638905,-3.50953791e-05,3.50114522e-05,3.51927525e-05,0.00193639304,0.121647916,-0.223127307,0.00118002486,2,0.157666884,-0.176101475,0.0756611489
1.592,1.73030732,1.98508269,0.903261867,0.448013652,-25.1744721,0.114364915,-0.448013652,0.220747656,-3.39131178e-05,3.38294235e-05,3.40063277e-05,0.00174006431,0.103301466,-0.200716232,0.00113158516,2,0.159510989,-0.178132162,0.0765754898
1.594,1.73205073,1.98594793,0.852703189,0.423345153,-25.4507879,0.101014647,-0.423345153,0.208682571,-3.27067503e-05,3.26236311e-05,3.27959107e-05,0.00155199828,0.0861355113,-0.179221119,0.00107830394,2,0.161254402,-0.180051363,0.0774407299
1.596,1.73369234,1.98676346,0.801603902,0.398375511,-25.7110381,0.0875737729,-0.398375511,0.196453114,-3.14770949e-05,3.13948929e-05,3.15623126e-05,0.00137270434,0.0701994781,-0.158703048,0.00102033801,2,0.162896016,-0.181857963,0.0782562538
1.598,1.73523112,1.98752868,0.749996263,0.373122418,-25.955057,0.0740528182,-0.373122418,0.184068885,-3.02249894e-05,3.01440437e-05,3.03063616e-05,0.00120266828,0.0555393369,-0.139220339,0.000957858143,2,0.164434791,-0.183550914,0.0790214814
1.6,1.73666608,1.98824307,0.697912853,0.347603775,-26.1826892,0.0604623744,-0.347603775,0.171539615,-2.89512898e-05,2.88719346e-05,2.90289027e-05,0.00104235096,0.0421974682,-0.120828385,0.000891048458,2,0.165869751,-0.185129232,0.079735868
1.602,1.73799631,1.98890611,0.645386555,0.321837675,-26.3937897,0.0468130915,-0.321837675,0.158875151,-2.76568699e-05,2.75794319e-05,2.77307967e-05,0.00089218703,0.0302125399,-0.103579489,0.000820105823,2,0.167199986,-0.186592002,0.0803989051
1.604,1.73922098,1.98951732,0.592450536,0.295842387,-26.5882242,0.0331156684,-0.295842387,0.14608545,-2.63426201e-05,2.62674169e-05,2.64129196e-05,0.000752583754,0.0196193955,-0.087522718,0.000745239195,2,0.16842465,-0.187938374,0.0810101208
1.606,1.74033929,1.99007628,0.539138222,0.269636347,-26.7658688,0.0193808441,-0.269636347,0.13318057,-2.50094465e-05,2.49367845e-05,2.50761615e-05,0.00062391989,0.0104489538,-0.0727037595,0.00066666894,2,0.169542967,-0.189167567,0.0815690795
1.608,1.74135055,1.99058258,0.485483278,0.243238138,-26.9266105,0.00561938896,-0.243238138,0.120170661,-2.36582705e-05,2.35884426e-05,2.37214265e-05,0.000506544655,0.00272811937,-0.059164792,0.000584626123,2,0.170554226,-0.190278868,0.082075383
1.61,1.74225411,1.99103587,0.43151959,0.216666482,-27.0703469,-0.00815790381,-0.216666482,0.107065954,-2.22900274e-05,2.22233115e-05,2.23496311e-05,0.000400776775,-0.00352029531,-0.0469443646,0.000499351783,2,0.171457783,-0.191271632,0.0825286703
1.612,1.74304939,1.99143582,0.377281239,0.189940222,-27.1969865,-0.0219402269,-0.189940222,0.0938767568,-2.09056656e-05,2.08423228e-05,2.0961704e-05,0.000306903615,-0.00827763597,-0.0360772879,0.000411096177,2,0.172253065,-0.192145282,0.0829286181
1.614,1.74373589,1.99178214,0.32280248,0.163078309,-27.3064486,-0.0357167668,-0.163078309,0.0806134417,-1.95061459e-05,1.94464188e-05,1.95585855e-05,0.000225180398,-0.0115294609,-0.0265945348,0.000320118012,2,0.172939563,-0.192899311,0.0832749409
1.616,1.74431317,1.99207459,0.268117721,0.13609979,-27.3986634,-0.0494767125,-0.13609979,0.0672864388,-1.80924405e-05,1.80365515e-05,1.81412261e-05,0.000155829509,-0.0132655834,-0.0185231528,0.000226683664,2,0.173516842,-0.19353328,0.0835673911
1.618,1.74478086,1.99231296,0.213261505,0.109023794,-27.473572,-0.0632092634,-0.109023794,0.0539062275,-1.6665532e-05,1.66136823e-05,1.67105866e-05,9.90398933e-05,-0.0134801026,-0.0118861878,0.000131066377,2,0.173984531,-0.194046818,0.0838057594
1.62,1.74513866,1.99249708,0.15826848,0.0818695192,-27.5311265,-0.0769036371,-0.0818695192,0.0404833284,-1.52264127e-05,1.51787809e-05,1.52676369e-05,5.49665412e-05,-0.0121714218,-0.00670261817,3.35454582e-05,2,0.174342332,-0.194439625,0.0839898749
1.622,1.74538634,1.99262681,0.103173385,0.0546562161,-27.5712901,-0.0905490779,-0.0546562161,0.0270282949,-1.37760835e-05,1.37328245e-05,1.38133556e-05,2.37300674e-05,-0.00934225488,-0.00298730196,-6.55945411e-05,2,0.174590013,-0.19471147,0.084119605
1.624,1.74552374,1.99270206,0.0480110221,0.0274031789,-27.5940367,-0.104134864,-0.0274031789,0.0135517055,-1.23155533e-05,1.22767973e-05,1.23487296e-05,5.4163823e-06,-0.00499962128,-0.000750934214,-0.000166064647,2,0.174727415,-0.194862191,0.0841948558
1.626,1.74555077,1.99272277,-0.00718376174,0.000129729525,-27.5993514,-0.117650318,-0.000129729525,6.41556005e-05,-1.08458378e-05,1.08116898e-05,1.08747534e-05,7.64572293e-08,0.00084517185,-1.68297497e-08,-0.000267572291,2,0.174754445,-0.194891695,0.0842155721
1.628,1.74546741,1.99268894,-0.0623760979,-0.0271447949,-27.5872303,-0.131084809,0.0271447949,-0.0134237503,-9.36795885e-06,9.33849768e-06,9.39242938e-06,7.726184e-06,0.00817655885,-0.000736839888,-0.000369822141,2,0.174671084,-0.194799961,0.084181737
1.63,1.74527371,1.99260057,-0.117531118,-0.0544010552,-27.5576805,-0.144427767,0.0544010552,-0.0269014068,-7.88294354e-06,7.85822179e-06,7.90276845e-06,2.83463289e-05,0.0169747569,-0.00295947481,-0.000472516933,2,0.17447738,-0.194587034,0.0840933727
1.632,1.74496978,1.99245774,-0.172613977,-0.0816197236,-27.5107198,-0.157668687,0.0816197236,-0.0403582153,-6.39182333e-06,6.37186691e-06,6.40679276e-06,6.18825813e-05,0.0272158191,-0.00666177929,-0.0005753583,2,0.17417345,-0.194253032,0.0839505399
1.634,1.74455581,1.99226054,-0.227589873,-0.108781497,-27.4463772,-0.170797139,0.108781497,-0.053783592,-4.89563322e-06,4.88044135e-06,4.90554484e-06,0.000108245697,0.0388716991,-0.0118334141,-0.000678047604,2,0.173759483,-0.19379814,0.0837533378
1.636,1.74403206,1.99200911,-0.28242407,-0.135867109,-27.3646927,-0.183802774,0.135867109,-0.0671669761,-3.39541093e-06,3.38495624e-06,3.4001225e-06,0.000167311734,0.0519103275,-0.0184598714,-0.000780286759,2,0.173235735,-0.193222614,0.0835019044
1.638,1.74339886,1.99170362,-0.337081921,-0.162857346,-27.265717,-0.196675333,0.162857346,-0.0804978375,-1.89219609e-06,1.88642487e-06,1.8918845e-06,0.000238922385,0.0662956991,-0.0265225152,-0.000881779053,2,0.172602535,-0.192526778,0.083196416
1.64,1.7426566,1.99134429,-0.391528888,-0.189733057,-27.1495116,-0.209404657,0.189733057,-0.0937656852,-3.87029445e-07,3.85862137e-07,3.87510343e-07,0.000322885401,0.0819879723,-0.0359986331,-0.00098222996,2,0.171860277,-0.191711027,0.0828370873
1.642,1.74180575,1.99093137,-0.445730563,-0.21647517,-27.016149,-0.221980691,0.21647517,-0.106960075,1.11904795e-06,-1.11571616e-06,1.13663232e-06,0.000418975104,0.0989435783,-0.0468614992,-0.00108134795,2,0.171009426,-0.190775823,0.0824241712
1.644,1.74084684,1.99046516,-0.499652695,-0.243064703,-26.8657123,-0.234393496,0.243064703,-0.12007062,2.6249955e-06,-2.61729385e-06,2.64772306e-06,0.000526932998,0.117115342,-0.0590804496,-0.00117884528,2,0.170050516,-0.1897217,0.0819579586
1.646,1.73978047,1.98994598,-0.553261202,-0.269482778,-26.6982954,-0.246633257,0.269482778,-0.133086993,4.1297738e-06,-4.11785505e-06,4.15922708e-06,0.000646468459,0.136452612,-0.0726209675,-0.00127443879,2,0.168984148,-0.188549258,0.0814387784
1.648,1.73860732,1.9893742,-0.606522201,-0.295710637,-26.5140027,-0.258690291,0.295710637,-0.145998944,5.6323454e-06,-5.61638469e-06,5.66914596e-06,0.000777259523,0.156901405,-0.0874447808,-0.00136785067,2,0.167810992,-0.187259165,0.0808669968
1.65,1.73732811,1.98875022,-0.659402026,-0.321729653,-26.3129493,-0.270555053,0.321729653,-0.158796299,7.13167556e-06,-7.11186914e-06,7.17630057e-06,0.000918953753,0.17840455,-0.103509969,-0.00145880924,2,0.166531786,-0.185852161,0.0802430177
1.652,1.73594366,1.98807448,-0.711867247,-0.347521344,-26.0952605,-0.28221815,0.347521344,-0.171468978,8.62673293e-06,-8.60329677e-06,8.67962e-06,0.00107116919,0.200901858,-0.120771085,-0.00154704967,2,0.165147333,-0.18432905,0.0795672818
1.654,1.73445483,1.98734747,-0.763884694,-0.373067388,-25.8610724,-0.293670347,0.373067388,-0.184006997,1.01164902e-05,-1.00896585e-05,1.01780629e-05,0.00123349539,0.224330283,-0.139179276,-0.00163231475,2,0.163658504,-0.182690705,0.0788402667
1.656,1.73286256,1.98656969,-0.815421476,-0.398349638,-25.6105311,-0.304902576,0.398349638,-0.196400479,1.15999251e-05,-1.15699485e-05,1.16706003e-05,0.00140549455,0.248624108,-0.158682434,-0.00171435557,2,0.162066236,-0.180938068,0.0780624865
1.658,1.73116786,1.98574169,-0.866445003,-0.42335013,-25.3437931,-0.315905944,0.42335013,-0.208639665,1.30760204e-05,-1.30431644e-05,1.31562102e-05,0.00158670267,0.273715126,-0.179225333,-0.00179293226,2,0.160371531,-0.179072146,0.0772344912
1.66,1.72937178,1.98486407,-0.916923004,-0.448051107,-25.0610248,-0.326671746,0.448051107,-0.220714921,1.45437655e-05,-1.45083082e-05,1.46338766e-05,0.00177663085,0.299532838,-0.200749794,-0.00186781465,2,0.158575456,-0.177094012,0.0763568666
1.662,1.72747547,1.98393744,-0.96682355,-0.472435024,-24.7624029,-0.337191471,0.472435024,-0.232616747,1.60021561e-05,-1.59643869e-05,1.61025885e-05,0.0019747666,0.326004655,-0.223194852,-0.00193878291,2,0.156679141,-0.175004807,0.0754302336
1.664,1.72548011,1.98296245,-1.01611507,-0.496484568,-24.4481139,-0.347456812,0.496484568,-0.24433579,1.74501958e-05,-1.74104127e-05,1.75613406e-05,0.00218057526,0.353056104,-0.246496926,-0.00200562823,2,0.154683782,-0.172805737,0.074455248
1.666,1.72338696,1.9819398,-1.06476638,-0.520182671,-24.1183539,-0.357459679,0.520182671,-0.255862849,1.88868959e-05,-1.88454035e-05,1.90091333e-05,0.00239350145,0.380611049,-0.270590011,-0.0020681534,2,0.152590636,-0.170498073,0.0734326
1.668,1.72119735,1.98087022,-1.11274669,-0.543512522,-23.773329,-0.367192201,0.543512522,-0.267188889,2.03112765e-05,-2.02683843e-05,2.0444973e-05,0.00261297061,0.408591906,-0.295405862,-0.00212617341,2,0.15040102,-0.16808315,0.0723630135
1.67,1.71891264,1.97975445,-1.16002563,-0.566457587,-23.4132548,-0.376646745,0.566457587,-0.278305048,2.1722367e-05,-2.16783865e-05,2.18678734e-05,0.0028383906,0.436919876,-0.320874198,-0.00217951603,2,0.148116316,-0.165562369,0.0712472457
1.672,1.71653429,1.97859329,-1.20657326,-0.589001618,-23.0383561,-0.385815917,0.589001618,-0.289202646,2.31192067e-05,-2.30744496e-05,2.32768551e-05,0.00306915328,0.465515168,-0.346922906,-0.00222802229,2,0.145737964,-0.162937192,0.0700860866
1.674,1.71406379,1.97738756,-1.25236012,-0.61112867,-22.6488673,-0.394692578,0.61112867,-0.299873201,2.45008453e-05,-2.44556211e-05,2.46709468e-05,0.00330463624,0.494297242,-0.373478251,-0.00227154704,2,0.143267463,-0.160209145,0.0688803582
1.676,1.7115027,1.97613812,-1.2973572,-0.632823117,-22.2450317,-0.403269849,0.632823117,-0.310308431,2.58663435e-05,-2.58209575e-05,2.60491858e-05,0.00354420453,0.523185041,-0.400465097,-0.00230995937,2,0.14070637,-0.157379818,0.067630914
1.678,1.70885263,1.97484584,-1.34153599,-0.654069663,-21.8271019,-0.411541126,0.654069663,-0.320500268,2.72147738e-05,-2.71695243e-05,2.74106186e-05,0.00378721237,0.552097233,-0.427807124,-0.00234314307,2,0.138056302,-0.15445086,0.0663386384
1.68,1.70611526,1.97351165,-1.38486852,-0.674853362,-21.3953391,-0.419500081,0.674853362,-0.330440872,2.85452208e-05,-2.85003975e-05,2.87543013e-05,0.00403300503,0.580952455,-0.45542706,-0.00237099702,2,0.13531893,-0.151423982,0.065004446
1.682,1.70329231,1.97213648,-1.4273273,-0.695159627,-20.9500135,-0.427140681,0.695159627,-0.340122631,2.98567818e-05,-2.98126632e-05,3.00793009e-05,0.00428092057,0.609669555,-0.483246906,-0.00239343554,2,0.132495981,-0.148300956,0.0636292807
1.684,1.70038556,1.97072132,-1.46888542,-0.714974246,-20.4914036,-0.434457189,0.714974246,-0.349538183,3.11485674e-05,-3.11054191e-05,3.1384695e-05,0.00453029174,0.638167832,-0.511188172,-0.00241038871,2,0.129589236,-0.145083611,0.0622141152
1.686,1.69739686,1.96926715,-1.50951653,-0.734283399,-20.0197965,-0.441444178,0.734283399,-0.358680414,3.24197023e-05,-3.23777745e-05,3.26695736e-05,0.00478044786,0.666367285,-0.539172111,-0.00242180264,2,0.12660053,-0.141773837,0.0607599503
1.688,1.69432807,1.96777502,-1.54919485,-0.753073671,-19.5354876,-0.448096537,0.753073671,-0.367542479,3.36693253e-05,-3.36288512e-05,3.39330386e-05,0.00503071665,0.69418885,-0.567119954,-0.00242763971,2,0.123531748,-0.138373581,0.0592678135
1.69,1.69118115,1.96624596,-1.58789521,-0.771332062,-19.0387801,-0.454409481,0.771332062,-0.376117802,3.48965904e-05,-3.48577841e-05,3.51742056e-05,0.00528042616,0.721554639,-0.594953149,-0.00242787872,2,0.120384828,-0.134884846,0.0577387591
1.692,1.68795808,1.96468107,-1.62559304,-0.789046006,-18.5299853,-0.460378557,0.789046006,-0.384400093,3.6100667e-05,-3.6063722e-05,3.63922038e-05,0.00552890663,0.748388178,-0.622593599,-0.00242251509,2,0.117161757,-0.131309692,0.0561738665
1.694,1.6846609,1.96308144,-1.6622644,-0.806203382,-18.0094223,-0.465999655,0.806203382,-0.392383351,3.72807405e-05,-3.72458279e-05,3.75861771e-05,0.0057754924,0.774614637,-0.649963893,-0.00241156084,2,0.113864569,-0.127650234,0.0545742399
1.696,1.68129167,1.96144821,-1.697886,-0.822792528,-17.4774176,-0.471269012,0.822792528,-0.400061879,3.8436013e-05,-3.840328e-05,3.87552847e-05,0.00601952375,0.800161059,-0.676987544,-0.00239504474,2,0.110495347,-0.123908639,0.052941007
1.698,1.67785255,1.95978252,-1.73243521,-0.838802253,-16.934305,-0.47618322,0.838802253,-0.407430286,3.95657035e-05,-3.95352724e-05,3.98987019e-05,0.00626034879,0.824956579,-0.70358922,-0.00237301219,2,0.10705622,-0.12008713,0.0512753184
1.7,1.67434568,1.95808555,-1.76589007,-0.85422185,-16.3804257,-0.480739235,0.85422185,-0.414483503,4.06690489e-05,-4.06410154e-05,4.10156207e-05,0.00649732527,0.848932641,-0.72969497,-0.00234552519,2,0.103549358,-0.11618798,0.0495783464
1.702,1.6707733,1.95635849,-1.7982293,-0.86904111,-15.8161275,-0.484934378,0.86904111,-0.421216783,4.17453041e-05,-4.17197367e-05,4.21052509e-05,0.00672982239,0.872023206,-0.75523245,-0.00231266221,2,0.0999769778,-0.112213514,0.0478512841
1.704,1.66713766,1.95460255,-1.82943233,-0.883250327,-15.2417653,-0.488766345,0.883250327,-0.427625715,4.27937428e-05,-4.27706816e-05,4.31668202e-05,0.00695722258,0.894164951,-0.780131141,-0.002274518,2,0.0963413363,-0.108166106,0.0460953443
1.706,1.66344106,1.95281896,-1.8594793,-0.896840319,-14.6577004,-0.492233208,0.896840319,-0.433706227,4.38136579e-05,-4.37931141e-05,4.41995756e-05,0.00717892322,0.915297459,-0.804322558,-0.00223120333,2,0.0926447308,-0.104048178,0.0443117587
1.708,1.65968582,1.95100898,-1.88835108,-0.909802431,-14.0643005,-0.495333423,0.909802431,-0.439454595,4.4804362e-05,-4.47863175e-05,4.52027838e-05,0.00739433836,0.935363402,-0.827740464,-0.00218284468,2,0.0888894974,-0.0998621999,0.0425017766
1.71,1.65587434,1.94917387,-1.91602928,-0.922128547,-13.4619392,-0.49806583,0.922128547,-0.444867448,4.57651881e-05,-4.57495951e-05,4.61757321e-05,0.00760290029,0.954308711,-0.850321057,-0.00212958394,2,0.0850780096,-0.095610689,0.0406666642
1.712,1.652009,1.9473149,-1.94249626,-0.933811101,-12.8509964,-0.500429657,0.933811101,-0.449941773,4.66954899e-05,-4.66822706e-05,4.71177291e-05,0.00780406118,0.972082736,-0.872003172,-0.00207157792,2,0.0812126768,-0.091296206,0.0388077027
1.714,1.64809227,1.94543339,-1.96773515,-0.944843084,-12.2318572,-0.502424524,0.944843084,-0.454674922,4.75946425e-05,-4.75836895e-05,4.80281052e-05,0.00799729458,0.988638395,-0.892728453,-0.00200899791,2,0.0772959425,-0.0869213556,0.0369261884
1.716,1.64412661,1.94353063,-1.99172984,-0.955218052,-11.6049126,-0.504050441,0.955218052,-0.459064613,4.84620429e-05,-4.84532192e-05,4.89062139e-05,0.00818209686,1.00393231,-0.912441527,-0.00194202915,2,0.0733302832,-0.0824887848,0.0350234304
1.718,1.64011453,1.94160795,-2.01446503,-0.964930136,-10.9705585,-0.505307811,0.964930136,-0.463108936,4.92971103e-05,-4.92902499e-05,4.97514321e-05,0.00835798857,1.01792491,-0.931090168,-0.00187087024,2,0.0693182065,-0.0780011815,0.0331007502
1.72,1.63605858,1.93966668,-2.03592619,-0.973974045,-10.329196,-0.506197428,0.973974045,-0.466806356,5.00992869e-05,-5.00941955e-05,5.05631609e-05,0.00852451581,1.0305806,-0.948625441,-0.0017957325,2,0.0652622499,-0.0734612729,0.0311594802
1.722,1.63196131,1.93770816,-2.05609961,-0.982345073,-9.68123063,-0.506720477,0.982345073,-0.470155714,5.08680382e-05,-5.08644938e-05,5.13408264e-05,0.00868125136,1.04186777,-0.965001843,-0.00171683928,2,0.0611649785,-0.0688718244,0.0292009629
1.724,1.62782531,1.93573375,-2.07497238,-0.990039105,-9.02707267,-0.506878533,0.990039105,-0.473156228,5.16028536e-05,-5.1600608e-05,5.20838806e-05,0.00882779589,1.05175896,-0.980177429,-0.00163442521,2,0.0570289841,-0.0642356379,0.0272265491
1.726,1.62365321,1.9337448,-2.09253245,-0.997052619,-8.36713652,-0.506673556,0.997052619,-0.475807496,5.23032468e-05,-5.23020264e-05,5.27918016e-05,0.00896377897,1.06023086,-0.994113925,-0.00154873542,2,0.0528568833,-0.0595555502,0.0252375974
1.728,1.61944764,1.93174267,-2.10876855,-1.00338269,-7.70184057,-0.506107887,1.00338269,-0.478109491,5.29687563e-05,-5.29682637e-05,5.34640945e-05,0.00908886003,1.0672644,-1.00677682,-0.00146002471,2,0.0486513155,-0.0548344317,0.0232354726
1.73,1.61521127,1.92972875,-2.1236703,-1.009027,-7.03160689,-0.505184248,1.009027,-0.480062567,5.35989461e-05,-5.35988615e-05,5.41002925e-05,0.00920272922,1.07284478,-1.01813548,-0.00136855665,2,0.044414942,-0.0500751846,0.0212215446
1.732,1.61094677,1.92770439,-2.13722812,-1.01398381,-6.35686103,-0.503905728,1.01398381,-0.481667451,5.41934057e-05,-5.4193389e-05,5.46999567e-05,0.00930510816,1.07696149,-1.02816317,-0.00127460269,2,0.0401504434,-0.0452807414,0.019197187
1.734,1.60665685,1.92567098,-2.14943333,-1.01825201,-5.6780317,-0.502275788,1.01825201,-0.482925242,5.4751751e-05,-5.47514432e-05,5.52626774e-05,0.00939575064,1.07960832,-1.03683715,-0.00117844119,2,0.0358605187,-0.0404540631,0.0171637765
1.736,1.60234421,1.92362989,-2.16027807,-1.02183107,-4.99555052,-0.500298242,1.02183107,-0.483837409,5.52736244e-05,-5.52726501e-05,5.57880745e-05,0.00947444313,1.08078332,-1.04413874,-0.00108035647,2,0.0315478829,-0.0355981379,0.015122691
1.738,1.59801159,1.92158251,-2.16975536,-1.02472107,-4.30985172,-0.497977259,1.02472107,-0.484405785,5.57586954e-05,-5.57566646e-05,5.62757976e-05,0.00954100524,1.08048883,-1.05005327,-0.000980637758,2,0.027215266,-0.0307159788,0.0130753087
1.74,1.59366174,1.91953021,-2.17785911,-1.02692267,-3.62137191,-0.495317347,1.02692267,-0.484632562,5.62066611e-05,-5.62031715e-05,5.67255274e-05,0.00959529011,1.07873139,-1.05457017,-0.000879578189,2,0.0228654106,-0.0258106226,0.0110230071
1.742,1.5892974,1.91747436,-2.18458406,-1.02843714,-2.93054974,-0.492323345,1.02843714,-0.484520285,5.66172461e-05,-5.66118858e-05,5.71369753e-05,0.00963718459,1.07552173,-1.05768295,-0.000777473755,2,0.0185010704,-0.0208851277,0.00896716141
1.744,1.58492134,1.91541635,-2.18992588,-1.02926632,-2.23782565,-0.489000415,1.02926632,-0.484071845,5.69902036e-05,-5.69825531e-05,5.75098844e-05,0.00966660945,1.07087467,-1.05938916,-0.000674622235,2,0.0141250085,-0.0159425721,0.00690914375
1.746,1.58053632,1.91335752,-2.19388109,-1.02941265,-1.54364156,-0.485354028,1.02941265,-0.48329047,5.73253149e-05,-5.73149502e-05,5.78440297e-05,0.00968351934,1.06480902,-1.0596904,-0.000571322136,2,0.00973999588,-0.0109860521,0.00485032172
1.748,1.57614514,1.91129926,-2.1964471,-1.02887912,-0.848440607,-0.481389952,1.02887912,-0.482179718,5.76223905e-05,-5.76088853e-05,5.81392186e-05,0.00968790274,1.05734756,-1.05859224,-0.000467871617,2,0.00534880897,-0.00601868011,0.00279205737
1.75,1.57175056,1.90924291,-2.1976222,-1.0276693,-0.152666818,-0.477114239,1.0276693,-0.480743465,5.78812698e-05,-5.78641981e-05,5.83952909e-05,0.00967978181,1.04851685,-1.05610419,-0.000364567426,2,0.000954228478,-0.00104358261,0.000735706042
1.752,1.56735536,1.90718982,-2.1974056,-1.02578731,0.543235166,-0.472533213,1.02578731,-0.4789859,5.81018216e-05,-5.80807609e-05,5.86121196e-05,0.00965921208,1.03834713,-1.05223961,-0.000261703839,2,-0.00344096264,0.00393610145,-0.00131738475
1.754,1.56296235,1.90514133,-2.19579735,-1.02323783,1.23882039,-0.467653452,1.02323783,-0.476911506,5.82839445e-05,-5.82584778e-05,5.87896106e-05,0.00962628206,1.02687221,-1.04701565,-0.000159571615,2,-0.00783398092,0.00891722281,-0.00336587642
1.756,1.55857428,1.90309876,-2.19279844,-1.02002605,1.9336439,-0.462481778,1.02002605,-0.474525054,5.84275666e-05,-5.83972858e-05,5.89277032e-05,0.00958111278,1.01412932,-1.04045314,-5.84569704e-05,2,-0.0122220442,0.0138966238,-0.00540844041
1.758,1.55419395,1.90106344,-2.18841072,-1.0161577,2.62726102,-0.457025238,1.0161577,-0.471831589,5.85326462e-05,-5.84971542e-05,5.90263701e-05,0.00952385721,1.00015893,-1.03257648,4.13594209e-05,2,-0.0166023732,0.0188711404,-0.00744375919
1.76,1.54982413,1.89903667,-2.18263693,-1.01163902,3.31922768,-0.451291087,1.01163902,-0.468836416,5.85991715e-05,-5.85580853e-05,5.90856175e-05,0.00945469958,0.985004591,-1.02341352,0.000139603402,2,-0.0209721937,0.0238376043,-0.00947052735
1.762,1.54546759,1.89701975,-2.1754807,-1.00647675,4.0091007,-0.445286776,1.00647675,-0.465545088,5.86271612e-05,-5.8580114e-05,5.91054853e-05,0.00937385463,0.968712789,-1.01299544,0.000236008268,2,-0.025328738,0.0287928446,-0.0114874526
1.764,1.54112708,1.89501395,-2.16694657,-1.00067808,4.69643809,-0.43901993,1.00067808,-0.461963388,5.86166639e-05,-5.85633081e-05,5.90860467e-05,0.00928156679,0.951332732,-1.00135661,0.000330315664,2,-0.0296692466,0.0337336905,-0.0134932566
1.766,1.53680536,1.89302053,-2.15703992,-0.994250699,5.38079939,-0.432498336,0.994250699,-0.458097318,5.85677586e-05,-5.85077679e-05,5.90274082e-05,0.00917810919,0.932916177,-0.988534452,0.000422276438,2,-0.0339909704,0.0386569728,-0.0154866761
1.768,1.53250515,1.89104074,-2.14576705,-0.987202733,6.06174594,-0.425729918,0.987202733,-0.453953083,5.84805543e-05,-5.84136264e-05,5.89297097e-05,0.00906378275,0.913517229,-0.974569236,0.000511651447,2,-0.0382911721,0.0435595264,-0.0174664639
1.77,1.5282292,1.88907581,-2.1331351,-0.979542738,6.73884119,-0.418722728,0.979542738,-0.449537073,5.83551906e-05,-5.82810489e-05,5.87931242e-05,0.00893891504,0.893192147,-0.959503975,0.000598212304,2,-0.042567128,0.0484381922,-0.0194313893
1.772,1.5239802,1.88712696,-2.1191521,-0.971279681,7.41165101,-0.411484921,0.971279681,-0.444855847,5.81918366e-05,-5.81102328e-05,5.86178573e-05,0.00880385916,0.871999137,-0.943384218,0.000681742077,2,-0.0468161299,0.0532898192,-0.0213802394
1.774,1.51976084,1.88519538,-2.10382696,-0.962422925,8.07974398,-0.404024741,0.962422925,-0.439916119,5.79906915e-05,-5.79014073e-05,5.84041469e-05,0.00865899256,0.849998144,-0.926257887,0.000762035922,2,-0.0510354867,0.0581112668,-0.0233118199
1.776,1.5155738,1.88328225,-2.08716943,-0.952982209,8.74269171,-0.396350501,0.952982209,-0.43472474,5.77519842e-05,-5.7654833e-05,5.81522632e-05,0.00850471575,0.827250648,-0.908175091,0.000838901654,2,-0.055222526,0.0628994071,-0.0252249553
1.778,1.51142173,1.88138871,-2.06919011,-0.942967625,9.40006913,-0.388470565,0.942967625,-0.42928868,5.74759728e-05,-5.73708017e-05,5.78625079e-05,0.00834145104,0.803819449,-0.889187942,0.000912160254,2,-0.0593745964,0.0676511267,-0.0271184903
1.78,1.50730726,1.87951591,-2.04990046,-0.9323896,10.0514548,-0.38039333,0.9323896,-0.423615013,5.71629447e-05,-5.70496356e-05,5.75352136e-05,0.00816964112,0.779768463,-0.869350366,0.000981646304,2,-0.0634890684,0.0723633289,-0.0289912903
1.782,1.50323299,1.87766496,-2.02931278,-0.921258874,10.6964311,-0.372127211,0.921258874,-0.417710898,5.68132158e-05,-5.66916869e-05,5.71707435e-05,0.00798974773,0.755162507,-0.848717913,0.00104720836,2,-0.0675633365,0.0770329363,-0.0308422416
1.784,1.49920151,1.87583695,-2.00744021,-0.909586482,11.3345847,-0.363680619,0.909586482,-0.411583563,5.64271304e-05,-5.62973371e-05,5.67694908e-05,0.00780225021,0.730067098,-0.827347568,0.00110870924,2,-0.071594821,0.0816568926,-0.0326702526
1.786,1.49521536,1.87403295,-1.98429669,-0.897383728,11.9655068,-0.355061946,0.897383728,-0.405240288,5.60050608e-05,-5.58669966e-05,5.63318777e-05,0.00760764404,0.704548243,-0.805297555,0.00116602627,2,-0.0755809695,0.086232165,-0.0344742541
1.788,1.49127707,1.872254,-1.95989698,-0.884662166,12.5887933,-0.346279549,0.884662166,-0.398688387,5.55474065e-05,-5.54011039e-05,5.5858355e-05,0.00740643939,0.678672243,-0.782627149,0.00121905141,2,-0.0795192583,0.0907557461,-0.0362531997
1.79,1.48738913,1.87050114,-1.93425667,-0.87143358,13.2040451,-0.337341731,0.87143358,-0.391935193,5.50545938e-05,-5.49001247e-05,5.5349401e-05,0.00719915958,0.652505494,-0.759396484,0.00126769135,2,-0.0834071945,0.0952246565,-0.0380060666
1.792,1.48355401,1.86877535,-1.90739212,-0.857709957,13.8108685,-0.328256729,0.857709957,-0.384988042,5.45270756e-05,-5.4364551e-05,5.48055212e-05,0.00698633963,0.626114296,-0.735666371,0.00131186753,2,-0.0872423171,0.0996359467,-0.0397318557
1.794,1.47977413,1.86707761,-1.87932047,-0.843503472,14.4088755,-0.319032693,0.843503472,-0.377854253,5.39653299e-05,-5.37949008e-05,5.42272467e-05,0.0067685247,0.599564669,-0.711498107,0.00135151608,2,-0.091022199,0.103986699,-0.041429592
1.796,1.47605188,1.86540888,-1.85005964,-0.82882646,14.9976837,-0.309677677,0.82882646,-0.370541117,5.33698599e-05,-5.31917165e-05,5.36151337e-05,0.00654626864,0.572922172,-0.686953301,0.00138658765,2,-0.0947444483,0.108274032,-0.0430983252
1.798,1.47238962,1.86377007,-1.81962832,-0.8136914,15.5769171,-0.300199621,0.8136914,-0.363055879,5.2741193e-05,-5.25555645e-05,5.29697627e-05,0.0063201324,0.546251734,-0.662093694,0.0014170473,2,-0.0984067098,0.112495097,-0.0447371299
1.8,1.46878966,1.8621621,-1.78804594,-0.798110889,16.146206,-0.29060634,0.798110889,-0.355405725,5.20798799e-05,-5.18870338e-05,5.22917371e-05,0.00609068263,0.519617486,-0.636980992,0.00144287418,2,-0.102006667,0.116647087,-0.0463451056
1.802,1.46525428,1.86058582,-1.75533265,-0.782097627,16.7051872,-0.280905508,0.782097627,-0.347597767,5.1386494e-05,-5.11867354e-05,5.15816821e-05,0.00585849013,0.493082611,-0.611676698,0.00146406123,2,-0.105542042,0.120727235,-0.0479213775
1.804,1.46178573,1.85904211,-1.72150935,-0.765664391,17.2535046,-0.27110465,0.765664391,-0.339639028,5.06616303e-05,-5.04553009e-05,5.08402443e-05,0.00562412839,0.466709189,-0.586241959,0.00148061481,2,-0.1090106,0.124732817,-0.0494650958
1.806,1.45838618,1.85753177,-1.68659761,-0.748824017,17.7908092,-0.261211129,0.748824017,-0.331536432,4.99059049e-05,-4.96933815e-05,5.00680897e-05,0.00538817219,0.440558067,-0.560737408,0.00149255431,2,-0.112410147,0.128661154,-0.0509754367
1.808,1.45505779,1.8560556,-1.65061973,-0.731589383,18.3167592,-0.251232137,0.731589383,-0.323296789,4.91199536e-05,-4.8901647e-05,4.92659033e-05,0.00515119614,0.414688723,-0.535223026,0.0014999116,2,-0.115738535,0.132509613,-0.052451602
1.81,1.45180267,1.85461438,-1.61359867,-0.713973389,18.8310205,-0.241174683,0.713973389,-0.314926788,4.83044315e-05,-4.80807846e-05,4.84343873e-05,0.00491377334,0.389159147,-0.509758,0.00150273058,2,-0.118993659,0.136275613,-0.0538928194
1.812,1.44862286,1.85320886,-1.57555804,-0.695988935,19.3332667,-0.231045589,0.695988935,-0.306432979,4.74600115e-05,-4.72314977e-05,4.75742607e-05,0.00467647397,0.364025735,-0.484400598,0.0015010666,2,-0.122173463,0.13995662,-0.0552983422
1.814,1.44552039,1.85183975,-1.53652212,-0.677648913,19.8231797,-0.220851479,0.677648913,-0.297821771,4.65873836e-05,-4.63545048e-05,4.66862573e-05,0.00443986405,0.339343182,-0.459208049,0.00149498586,2,-0.125275938,0.143550157,-0.0566674496
1.816,1.4424972,1.85050776,-1.49651581,-0.65896618,20.3004493,-0.210598774,0.65896618,-0.289099418,4.56872538e-05,-4.54505382e-05,4.57711252e-05,0.00420450408,0.315164394,-0.434236426,0.00148456481,2,-0.128299124,0.1470538,-0.0579994465
1.818,1.43955521,1.84921354,-1.45556462,-0.639953551,20.7647739,-0.200293688,0.639953551,-0.280272014,4.47603431e-05,-4.45203432e-05,4.4829625e-05,0.0039709479,0.291540406,-0.409540548,0.00146988946,2,-0.131241112,0.150465183,-0.0592936636
1.82,1.43669628,1.84795774,-1.41369467,-0.620623781,21.2158604,-0.189942222,0.620623781,-0.271345482,4.38073863e-05,-4.35646764e-05,4.38625292e-05,0.0037397414,0.268520305,-0.385173877,0.00145105475,2,-0.134100046,0.153781998,-0.0605494571
1.822,1.43392221,1.84674099,-1.37093264,-0.600989551,21.6534246,-0.17955016,0.600989551,-0.262325573,4.28291311e-05,-4.25843046e-05,4.28706204e-05,0.00351142146,0.246151174,-0.36118844,0.00142816386,2,-0.13687412,0.157002,-0.0617662085
1.824,1.43123474,1.84556388,-1.32730579,-0.581063456,22.0771913,-0.16912307,0.581063456,-0.253217856,4.18263371e-05,-4.15800041e-05,4.18546907e-05,0.0032865148,0.224478029,-0.33763474,0.00140132753,2,-0.139561584,0.160123003,-0.0629433246
1.826,1.42863558,1.84442696,-1.28284191,-0.560857997,22.4868944,-0.1586663,0.560857997,-0.244027716,4.07997742e-05,-4.05525591e-05,4.081554e-05,0.00306553693,0.203543778,-0.314561693,0.00137066332,2,-0.142160745,0.163142891,-0.0640802373
1.828,1.42612636,1.8433308,-1.23756932,-0.540385565,22.882277,-0.148184977,0.540385565,-0.234760352,3.97502224e-05,-3.95027604e-05,3.97539753e-05,0.00284899118,0.183389181,-0.292016559,0.00133629497,2,-0.144669962,0.166059608,-0.0651764035
1.83,1.42370867,1.8422759,-1.19151686,-0.519658437,23.2630919,-0.13768401,0.519658437,-0.225420771,3.86784697e-05,-3.84314048e-05,3.86708094e-05,0.0026373677,0.16405282,-0.270044891,0.0012983517,2,-0.147087655,0.168871171,-0.0662313046
1.832,1.42138403,1.84126276,-1.14471384,-0.498688765,23.6291013,-0.127168092,0.498688765,-0.216013789,3.7585312e-05,-3.73392936e-05,3.75668596e-05,0.00243114261,0.145571075,-0.248690484,0.00125696749,2,-0.1494123,0.171575663,-0.0672444463
1.834,1.41915389,1.84029184,-1.09719004,-0.477488571,23.9800773,-0.1166417,0.477488571,-0.206544032,3.64715513e-05,-3.62272316e-05,3.6442947e-05,0.00223077708,0.127978112,-0.227995336,0.00121228048,2,-0.151642433,0.17417124,-0.0682153587
1.836,1.41701968,1.83936361,-1.04897569,-0.456069741,24.3158017,-0.106109101,0.456069741,-0.197015932,3.53379951e-05,-3.5096026e-05,3.52998952e-05,0.00203671658,0.111305868,-0.207999609,0.00116443227,2,-0.15377665,0.176656131,-0.0691435956
1.838,1.41498272,1.83847847,-1.00010146,-0.434444021,24.6360665,-0.0955743546,0.434444021,-0.187433734,3.41854551e-05,-3.39464856e-05,3.41385294e-05,0.00184939008,0.0955840516,-0.188741608,0.00111356735,2,-0.15581361,0.179028638,-0.0700287343
1.84,1.4130443,1.83763683,-0.95059841,-0.412623014,24.9406737,-0.08504132,0.412623014,-0.177801493,3.30147465e-05,-3.27794194e-05,3.29596757e-05,0.00166920935,0.0808401436,-0.170257751,0.00105983247,2,-0.15775203,0.181287138,-0.0708703757
1.842,1.41120563,1.83683906,-0.900498001,-0.390618176,25.2294357,-0.0745136615,0.390618176,-0.168123081,3.18266866e-05,-3.15956363e-05,3.17641599e-05,0.00149656833,0.0670994033,-0.152582559,0.00100337609,2,-0.159590692,0.183430089,-0.0716681435
1.844,1.40946789,1.83608552,-0.849832059,-0.36844082,25.502175,-0.0639948556,0.36844082,-0.15840219,3.06220943e-05,-3.03959433e-05,3.05528069e-05,0.00133184244,0.0543848799,-0.135748638,0.000944347839,2,-0.161328441,0.185456021,-0.0724216843
1.846,1.40783214,1.83537654,-0.798632754,-0.346102112,25.7587245,-0.0534881988,0.346102112,-0.148642337,2.94017889e-05,-2.91811456e-05,2.932644e-05,0.00117538809,0.0427174275,-0.119786672,0.000882898055,2,-0.162964187,0.187363549,-0.0731306669
1.848,1.40629942,1.83471242,-0.746932587,-0.323613076,25.998928,-0.0429968158,0.323613076,-0.13884687,2.81665894e-05,-2.79520451e-05,2.80858803e-05,0.00102754208,0.0321157229,-0.104725423,0.000819177288,2,-0.164496903,0.189151365,-0.0737947824
1.85,1.4048707,1.83409346,-0.69476436,-0.300984594,26.2226395,-0.0325236693,0.300984594,-0.129018974,2.69173134e-05,-2.67094401e-05,2.68319459e-05,0.000888621177,0.0225962863,-0.0905917256,0.000753335905,2,-0.165925628,0.190818246,-0.0744137439
1.852,1.40354686,1.83351992,-0.642161159,-0.27822741,26.4297238,-0.0220715695,0.27822741,-0.11916168,2.56547767e-05,-2.54541242e-05,2.55654521e-05,0.000758921608,0.0141735046,-0.0774104919,0.000685523708,2,-0.167249469,0.192363049,-0.0749872859
1.854,1.40232873,1.83299204,-0.589156336,-0.25535214,26.6200563,-0.0116431842,0.25535214,-0.10927787,2.43797921e-05,-2.41868859e-05,2.42872109e-05,0.0006387187,0.00685965571,-0.0652047155,0.000615889606,2,-0.168467595,0.193784716,-0.0755151643
1.856,1.40121708,1.83251005,-0.535783479,-0.23236927,26.7935235,-0.00124105015,0.23236927,-0.0993702886,2.3093169e-05,-2.29085081e-05,2.29980308e-05,0.000528266499,0.000664934169,-0.0539954778,0.000544581317,2,-0.169579246,0.195082274,-0.075997156
1.858,1.4002126,1.83207414,-0.482076399,-0.209289169,26.9500223,0.00913241553,0.209289169,-0.0894415522,2.17957126e-05,-2.16197674e-05,2.16987177e-05,0.000427797437,-0.004402522,-0.0438019563,0.000471745128,2,-0.170583729,0.196254835,-0.0764330588
1.86,1.39931591,1.83168451,-0.428069104,-0.186122093,27.0894609,0.0194749038,0.186122093,-0.079494157,2.04882234e-05,-2.03214336e-05,2.03900751e-05,0.000337522046,-0.00833660463,-0.0346414334,0.000397525686,2,-0.171480417,0.197301597,-0.076822691
1.862,1.39852757,1.83134131,-0.373795775,-0.162878194,27.211758,0.0297842015,0.162878194,-0.069530491,1.91714965e-05,-1.90142695e-05,1.90729057e-05,0.000257628692,-0.0111332087,-0.0265293062,0.000322065833,2,-0.172268752,0.198221845,-0.0771658916
1.864,1.39784808,1.83104468,-0.31929075,-0.139567533,27.3168435,0.0400581784,0.139567533,-0.0595528447,1.78463213e-05,-1.76990301e-05,1.77480136e-05,0.000188283359,-0.0127902059,-0.0194790964,0.000245506489,2,-0.172948246,0.199014953,-0.0774625193
1.866,1.39727785,1.83079475,-0.2645885,-0.116200085,27.4046581,0.0502947751,0.116200085,-0.049563422,1.65134807e-05,-1.63764631e-05,1.64162076e-05,0.000129629447,-0.0133074191,-0.0135024598,0.000167986569,2,-0.173518478,0.199680382,-0.0777124531
1.868,1.39681723,1.83059161,-0.209723603,-0.0927857508,27.4751537,0.0604919893,0.0927857508,-0.0395643525,1.51737511e-05,-1.50473077e-05,1.50783067e-05,8.17876151e-05,-0.0126865979,-0.00860919555,8.96429358e-05,2,-0.173979097,0.200217681,-0.0779155919
1.87,1.39646651,1.83043535,-0.154730727,-0.0693343691,27.5282927,0.0706478634,0.0693343691,-0.0295577034,1.38279017e-05,-1.37122953e-05,1.37351497e-05,4.48556491e-05,-0.0109313952,-0.00480725474,1.06103945e-05,2,-0.17432982,0.200626488,-0.0780718542
1.872,1.39622589,1.83032602,-0.0996446063,-0.0458557274,27.564049,0.0807604708,0.0458557274,-0.0195454915,1.24766944e-05,-1.23721487e-05,1.23876097e-05,1.89083587e-05,-0.00804734532,-0.00210274774,-6.89782819e-05,2,-0.174570436,0.200906531,-0.0781811782
1.874,1.39609553,1.83026368,-0.0445000205,-0.0223595734,27.5824072,0.0908279031,0.0223595734,-0.00952969629,1.11208835e-05,-1.10275826e-05,1.10366214e-05,3.9975038e-06,-0.00404184355,-0.000499950522,-0.000148992296,2,-0.174700801,0.201057627,-0.0782435214
1.876,1.39607549,1.83024834,0.0106682295,0.00114437294,27.5833627,0.100848256,-0.00114437294,0.000487727638,9.76121573e-06,-9.6793031e-06,9.68322944e-06,1.51748707e-07,0.00107587235,-1.30958943e-06,-0.000229302741,2,-0.174720841,0.201079682,-0.0782588611
1.878,1.39616577,1.83028001,0.0658253415,0.024646407,27.5669221,0.110819619,-0.024646407,0.0105048378,8.39842958e-06,-8.32800804e-06,8.32868601e-06,7.37664429e-06,0.00729473926,-0.00060744538,-0.000309782491,2,-0.174630554,0.200972692,-0.0782271937
1.88,1.39636632,1.83035867,0.120936535,0.0481368276,27.5331027,0.120740057,-0.0481368276,0.0205196909,7.03325572e-06,-6.97438708e-06,6.97465982e-06,2.56546369e-05,0.0146018841,-0.00231715417,-0.000390306069,2,-0.174430004,0.200736743,-0.0781485353
1.882,1.396677,1.83048428,0.175967071,0.0716059245,27.4819327,0.130607604,-0.0716059245,0.0305303299,5.66641676e-06,-5.61912172e-06,5.62374597e-06,5.49451047e-05,0.0229826375,-0.00512740842,-0.000470749495,2,-0.174119328,0.20037201,-0.0780229212
1.884,1.3970976,1.8306568,0.230882277,0.0950439663,27.4134513,0.140420245,-0.0950439663,0.0405347715,4.29862723e-06,-4.2628856e-06,4.28092824e-06,9.51844209e-05,0.0324205459,-0.00903335553,-0.000550990122,2,-0.173698729,0.199878756,-0.0778504062
1.886,1.39762785,1.83087614,0.285647565,0.118441189,27.3277082,0.150175909,-0.118441189,0.0505309933,2.93059369e-06,-2.90634467e-06,2.95893913e-06,0.000146286045,0.0428973826,-0.0140283152,-0.000630906463,2,-0.173168482,0.199257334,-0.0776310646
1.888,1.3982674,1.83114221,0.340228455,0.141787783,27.2247639,0.159872452,-0.141787783,0.0605169213,1.56301482e-06,-1.5501575e-06,1.70764268e-06,0.000208140639,0.0543931574,-0.0201037753,-0.000710378002,2,-0.172528929,0.198508187,-0.0773649903
1.89,1.39901584,1.83145491,0.394590598,0.165073883,27.1046896,0.16950765,-0.165073883,0.0704904179,1.96581496e-07,-1.94975551e-07,8.96588925e-07,0.000280616217,0.0668861249,-0.0272493867,-0.000789285012,2,-0.171780483,0.197631844,-0.0770522969
1.892,1.3998727,1.83181408,0.448699792,0.188289557,26.9675671,0.179079185,-0.188289557,0.0804492697,-1.16802296e-06,1.15855645e-06,1.55146075e-06,0.000363558317,0.0803527932,-0.0354529572,-0.000867508365,2,-0.170923623,0.196628923,-0.0766931177
1.894,1.40083743,1.8322196,0.502522009,0.211424795,26.8134887,0.188584637,-0.211424795,0.0903911761,-2.53012264e-06,2.50980016e-06,2.77609967e-06,0.000456790206,0.0947679308,-0.0447004441,-0.000944929355,2,-0.169958898,0.195500128,-0.0762876062
1.896,1.4019094,1.83267127,0.556023412,0.234469501,26.642557,0.198021473,-0.234469501,0.100313738,-3.88904878e-06,3.85812321e-06,4.08378258e-06,0.000560113113,0.110104575,-0.0549759471,-0.00102142952,2,-0.168886924,0.194246251,-0.0758359358
1.898,1.40308794,1.8331689,0.609170379,0.257413482,26.4548853,0.207387036,-0.257413482,0.110214447,-5.24413949e-06,5.20289879e-06,5.41167403e-06,0.000673306495,0.126334039,-0.0662617009,-0.00109689048,2,-0.167708386,0.192868167,-0.0753383003
1.9,1.40437229,1.83371229,0.661929519,0.28024644,26.2505968,0.21667854,-0.28024644,0.120090675,-6.59473949e-06,6.54350523e-06,6.74495437e-06,0.000796128333,0.143425922,-0.078538067,-0.0011711938,2,-0.166424033,0.19136684,-0.074794914
1.902,1.40576164,1.83430119,0.714267698,0.302957964,26.029825,0.225893061,-0.302957964,0.129939666,-7.94019979e-06,7.87932551e-06,8.07813057e-06,0.000928315465,0.161348117,-0.0917835277,-0.00124422085,2,-0.165034683,0.189743315,-0.0742060119
1.904,1.40725511,1.83493535,0.766152056,0.325537524,25.7927135,0.235027528,-0.325537524,0.139758524,-9.27987734e-06,9.20974684e-06,9.40847907e-06,0.00106958394,0.180066823,-0.10597468,-0.00131585269,2,-0.163541218,0.18799872,-0.0735718501
1.906,1.40885174,1.8356145,0.817550027,0.347974468,25.539416,0.244078717,-0.347974468,0.149544207,-1.06131347e-05,1.05341602e-05,1.07343314e-05,0.00121962944,0.199546562,-0.12108623,-0.00138597004,2,-0.161944588,0.186134267,-0.0728927057
1.908,1.41055052,1.83633832,0.868429359,0.37025801,25.2700957,0.253043249,-0.37025801,0.159293518,-1.19393398e-05,1.18519597e-05,1.20544925e-05,0.00137812768,0.219750187,-0.137090994,-0.00145445317,2,-0.160245806,0.184151249,-0.0721688775
1.91,1.41235038,1.83710652,0.918758135,0.392377232,24.984926,0.261917582,-0.392377232,0.1690031,-1.32578652e-05,1.31625425e-05,1.33680059e-05,0.00154473492,0.240638909,-0.153959892,-0.0015211819,2,-0.158445947,0.182051036,-0.071400686
1.912,1.41425017,1.83791873,0.968504793,0.414321081,24.6840894,0.270698006,-0.414321081,0.178669424,-1.45680882e-05,1.44653078e-05,1.46740466e-05,0.00171908845,0.262172316,-0.171661958,-0.00158603562,2,-0.156546154,0.179835079,-0.0705884734
1.914,1.4162487,1.8387746,1.01763814,0.436078363,24.3677783,0.279380644,-0.436078363,0.188288792,-1.58693902e-05,1.57596571e-05,1.59718668e-05,0.00190080716,0.284308399,-0.190164339,-0.00164889333,2,-0.15454763,0.177504908,-0.0697326046
1.916,1.41834469,1.83967374,1.06612738,0.457637748,24.0361944,0.287961447,-0.457637748,0.197857325,-1.71611565e-05,1.70449929e-05,1.72607666e-05,0.00208949211,0.307003583,-0.209432308,-0.00170963374,2,-0.152451639,0.175062126,-0.0688334668
1.918,1.42053682,1.84061573,1.11394212,0.478987764,23.6895484,0.296436193,-0.478987764,0.207370961,-1.84427757e-05,1.83207191e-05,1.85400772e-05,0.00228472721,0.330212761,-0.229429278,-0.00176813534,2,-0.150259508,0.172508411,-0.0678914702
1.92,1.4228237,1.84160015,1.1610524,0.500116807,23.3280605,0.304800489,-0.500116807,0.216825455,-1.97136395e-05,1.95862399e-05,1.98091509e-05,0.00248607985,0.35388934,-0.25011682,-0.00182427665,2,-0.147972624,0.169845518,-0.0669070479
1.922,1.4252039,1.84262655,1.20742871,0.521013135,22.9519594,0.313049769,-0.521013135,0.226216374,-2.09731425e-05,2.084096e-05,2.10673537e-05,0.00269310165,0.37798528,-0.271454687,-0.00187793632,2,-0.145592431,0.167075268,-0.0658806566
1.924,1.42767589,1.84369443,1.253042,0.54166488,22.5614829,0.321179298,-0.54166488,0.235539094,-2.22206814e-05,2.2084284e-05,2.2314062e-05,0.00290532925,0.402451151,-0.293400842,-0.00192899344,2,-0.143120436,0.164199558,-0.0648127765
1.926,1.43023813,1.84480329,1.2978637,0.562060046,22.1568774,0.329184173,-0.562060046,0.244788804,-2.34556556e-05,2.3315616e-05,2.35486586e-05,0.00312228505,0.427236189,-0.315911495,-0.00197732781,2,-0.140558199,0.161220349,-0.0637039118
1.928,1.43288899,1.84595261,1.34186574,0.582186522,21.7383978,0.337059326,-0.582186522,0.253960506,-2.46774658e-05,2.45343594e-05,2.47705313e-05,0.00334347817,0.452288363,-0.338941147,-0.00202282021,2,-0.137907339,0.158139672,-0.0625545907
1.93,1.4356268,1.84714184,1.38502058,0.602032085,21.3063072,0.344799532,-0.602032085,0.26304901,-2.58855147e-05,2.57399166e-05,2.59790712e-05,0.00356840528,0.477554447,-0.362442632,-0.00206535284,2,-0.135169529,0.154959623,-0.0613653658
1.932,1.43844983,1.84837039,1.42730118,0.621584411,20.8608772,0.352399412,-0.621584411,0.272048948,-2.70792062e-05,2.6931689e-05,2.71736713e-05,0.00379655156,0.502980097,-0.38636718,-0.00210480965,2,-0.132346499,0.15168236,-0.0601368144
1.934,1.4413563,1.84963766,1.46868109,0.640831082,20.4023871,0.359853437,-0.640831082,0.280954766,-2.82579456e-05,2.81090766e-05,2.83537259e-05,0.00402739173,0.528509937,-0.410664476,-0.00214107676,2,-0.129440029,0.148310105,-0.0588695385
1.936,1.44434437,1.85094304,1.50913439,0.659759601,19.9311243,0.367155941,-0.659759601,0.289760737,-2.9421139e-05,2.92714781e-05,2.95186301e-05,0.00426039109,0.554087656,-0.435282732,-0.00217404299,2,-0.126451953,0.144845138,-0.057564165
1.938,1.44741217,1.85228586,1.54863576,0.678357402,19.4473836,0.374301124,-0.678357402,0.298460959,-3.05681937e-05,3.04182904e-05,3.06677788e-05,0.00449500655,0.579656104,-0.460168765,-0.0022036003,2,-0.123384157,0.141289799,-0.0562213459
1.94,1.45055775,1.85366544,1.58716047,0.69661186,18.9514677,0.381283065,-0.69661186,0.30704937,-3.16985176e-05,3.15489091e-05,3.18005671e-05,0.00473068783,0.605157407,-0.485268084,-0.00222964429,2,-0.120238575,0.137646483,-0.0548417584
1.942,1.45377914,1.8550811,1.62468439,0.714510311,18.4436862,0.388095729,-0.714510311,0.315519746,-3.28115195e-05,3.26627282e-05,3.29163895e-05,0.00496687859,0.630533073,-0.510524984,-0.00225207482,2,-0.117017191,0.133917641,-0.053426105
1.944,1.45707429,1.85653209,1.66118405,0.732040061,17.9243561,0.394732978,-0.732040061,0.323865715,-3.39066089e-05,3.37591404e-05,3.40146403e-05,0.00520301765,0.655724126,-0.535882651,-0.0022707965,2,-0.113722036,0.130105774,-0.0519751136
1.946,1.46044114,1.85801766,1.69663657,0.749188406,17.3938014,0.401188584,-0.749188406,0.332080764,-3.49831963e-05,3.48375368e-05,3.5094713e-05,0.00543854025,0.680671225,-0.561283268,-0.0022857193,2,-0.110355187,0.126213437,-0.0504895375
1.948,1.46387756,1.85953705,1.73101976,0.765942646,16.8523527,0.407456242,-0.765942646,0.340158248,-3.60406929e-05,3.58973075e-05,3.61560008e-05,0.0056728793,0.705314808,-0.586668136,-0.00229675915,2,-0.106918766,0.12224323,-0.0489701553
1.95,1.46738139,1.86108943,1.76431209,0.782290102,16.3003474,0.413529577,-0.782290102,0.348091402,-3.70785109e-05,3.69378418e-05,3.71978965e-05,0.00590546677,0.729595232,-0.611977804,-0.00230383852,2,-0.103414939,0.118197803,-0.0474177711
1.952,1.47095041,1.86267399,1.79649269,0.798218138,15.7381291,0.419402165,-0.798218138,0.355873352,-3.80960637e-05,3.79585282e-05,3.82197928e-05,0.00613573496,0.753452923,-0.637152196,-0.00230688708,2,-0.0998459134,0.114079847,-0.0458332143
1.954,1.47458239,1.86428986,1.8275414,0.813714173,15.1660477,0.425067542,-0.813714173,0.363497126,-3.9092766e-05,3.8958755e-05,3.92210825e-05,0.00636311794,0.776828531,-0.662130756,-0.00230584222,2,-0.0962139387,0.109892098,-0.0442173395
1.956,1.47827502,1.86593618,1.85743876,0.828765707,14.5844591,0.43051922,-0.828765707,0.370955666,-4.00680343e-05,3.99379103e-05,4.02011589e-05,0.00658705292,0.799663087,-0.686852597,-0.00230064972,2,-0.0925213028,0.105637333,-0.0425710264
1.958,1.48202599,1.86761202,1.88616603,0.843360335,13.993725,0.435750703,-0.843360335,0.378241846,-4.10212867e-05,4.08953831e-05,4.11594159e-05,0.00680698167,0.821898174,-0.711256654,-0.00229126433,2,-0.088770332,0.101318365,-0.0408951793
1.96,1.48583294,1.86931647,1.91370519,0.85748577,13.3942127,0.440755501,-0.85748577,0.38534848,-4.19519437e-05,4.18305632e-05,4.20952488e-05,0.007022352,0.843476088,-0.735281847,-0.0022776503,2,-0.084963389,0.0969380448,-0.0391907276
1.962,1.48969346,1.87104858,1.94003896,0.871129865,12.7862948,0.445527144,-0.871129865,0.392268339,-4.28594283e-05,4.27428418e-05,4.30080546e-05,0.00723261917,0.864340017,-0.758867242,-0.00225978198,2,-0.0811028717,0.092499257,-0.0374586248
1.964,1.49360511,1.87280735,1.96515081,0.88428063,12.1703492,0.450059204,-0.88428063,0.398994166,-4.37431666e-05,4.36316125e-05,4.38972326e-05,0.00743724736,0.884434211,-0.781952232,-0.00223764434,2,-0.0771912118,0.0880049184,-0.0356998486
1.966,1.49756545,1.8745918,1.98902498,0.896926253,11.5467588,0.454345305,-0.896926253,0.405518692,-4.46025879e-05,4.44962712e-05,4.47621847e-05,0.00763571115,0.903704163,-0.804476703,-0.00221123345,2,-0.0732308729,0.0834579759,-0.0339154004
1.968,1.50157198,1.8764009,2.01164647,0.909055125,10.9159112,0.458379143,-0.909055125,0.411834652,-4.54371258e-05,4.53362176e-05,4.56023165e-05,0.00782749699,0.922096783,-0.82638122,-0.00218055696,2,-0.0692243492,0.0788614041,-0.0321063052
1.97,1.50562216,1.87823359,2.03300105,0.920655858,10.2781984,0.4621545,-0.920655858,0.417934797,-4.62462181e-05,4.61508553e-05,4.64170376e-05,0.00801210462,0.939560582,-0.847607209,-0.00214563452,2,-0.065174164,0.0742182034,-0.0302736106
1.972,1.50971346,1.88008882,2.05307529,0.931717306,9.63401686,0.465665264,-0.931717306,0.423811917,-4.70293078e-05,4.69395927e-05,4.72057626e-05,0.00818904856,0.956045845,-0.868097139,-0.00210649815,2,-0.0610828681,0.0695313979,-0.028418387
1.974,1.51384329,1.88196548,2.07185655,0.942228588,8.98376719,0.468905442,-0.942228588,0.42945885,-4.77858436e-05,4.7701844e-05,4.79679114e-05,0.00835785953,0.971504812,-0.887794712,-0.00206319259,2,-0.0569530379,0.0648040333,-0.0265417265
1.976,1.51800905,1.88386246,2.089333,0.952179105,8.32785373,0.47186918,-0.952179105,0.434868507,-4.85152802e-05,4.84370297e-05,4.87029106e-05,0.00851808583,0.985891851,-0.906645049,-0.00201577558,2,-0.0527872745,0.0600391746,-0.0246447427
1.978,1.52220813,1.88577863,2.10549362,0.961558566,7.66668451,0.474550776,-0.961558566,0.440033881,-4.92170797e-05,4.91445777e-05,4.94101939e-05,0.00866929475,0.999163634,-0.924594876,-0.00196431805,2,-0.0485882013,0.0552399042,-0.0227285702
1.98,1.52643786,1.88771284,2.12032821,0.970357003,7.00067095,0.476944699,-0.970357003,0.444948068,-4.98907114e-05,4.98239239e-05,5.0089203e-05,0.00881107392,1.0112793,-0.941592713,-0.00190890434,2,-0.0443584629,0.0504093197,-0.0207943634
1.982,1.5306956,1.88966391,2.13382738,0.978564793,6.33022764,0.479045601,-0.978564793,0.449604284,-5.05356533e-05,5.04745135e-05,5.07393885e-05,0.00894303261,1.02220062,-0.957589054,-0.00184963225,2,-0.0401007231,0.0455505319,-0.0188432967
1.984,1.53497866,1.89163064,2.14598258,0.98617268,5.6557721,0.480848337,-0.98617268,0.453995878,-5.11513925e-05,5.10958015e-05,5.1360211e-05,0.00906480301,1.03189216,-0.972536555,-0.00178661313,2,-0.0358176638,0.0406666624,-0.0168765628
1.986,1.53928434,1.89361183,2.15678612,0.993171789,4.97772454,0.482347979,-0.993171789,0.458116352,-5.17374257e-05,5.1687254e-05,5.19511416e-05,0.00917604141,1.04032143,-0.986390203,-0.00171997183,2,-0.0315119824,0.0357608422,-0.0148953728
1.988,1.54360994,1.89560625,2.16623112,0.999553649,4.29650759,0.483539827,-0.999553649,0.461959376,-5.22932607e-05,5.22483487e-05,5.25116632e-05,0.00927642944,1.04745902,-0.999107496,-0.00164984659,2,-0.0271863912,0.0308362088,-0.0129009548
1.99,1.54795271,1.89761265,2.17431156,1.00531021,3.61254611,0.484419428,-1.00531021,0.465518804,-5.28184165e-05,5.27785765e-05,5.30412714e-05,0.00936567509,1.05327876,-1.01064861,-0.00157638893,2,-0.0228436147,0.0258959047,-0.0108945535
1.992,1.55230994,1.89962977,2.18102227,1.01043385,2.92626687,0.484982588,-1.01043385,0.468788687,-5.33124245e-05,5.32774419e-05,5.35394753e-05,0.00944351381,1.05775782,-1.02097656,-0.00149976336,2,-0.0184863888,0.0209430754,-0.00887742903
1.994,1.55667887,1.90165635,2.18635894,1.01491741,2.23809837,0.485225384,-1.01491741,0.471763293,-5.37748294e-05,5.37444641e-05,5.40057984e-05,0.00950970946,1.06087685,-1.03005734,-0.00142014711,2,-0.0141174585,0.015980867,-0.00685085634
1.996,1.56105675,1.90369108,2.19031811,1.0187542,1.54847051,0.485144176,-1.0187542,0.474437117,-5.42051896e-05,5.41791783e-05,5.44397797e-05,0.00956405522,1.06262008,-1.03786011,-0.00133772979,2,-0.00973957618,0.0110124245,-0.00481612398
1.998,1.56544083,1.90573267,2.19289719,1.021938,0.857814426,0.484735624,-1.021938,0.476804898,-5.46030785e-05,5.45811363e-05,5.48409749e-05,0.00960637438,1.06297539,-1.04435728,-0.00125271288,2,-0.00535550032,0.0060408896,-0.00277453334
2,1.56982833,1.9077798,2.19409443,1.02446312,0.16656213,0.483996691,-1.02446312,0.478861633,-5.49680853e-05,5.49499075e-05,5.52089567e-05,0.00963652114,1.06193445,-1.04952468,-0.00116530928,2,-0.000967993382,0.001069399,-0.000727397605
2.002,1.57421651,1.90983116,2.19390899,1.02632434,-0.524853676,0.482924659,-1.02632434,0.480602587,-5.52998153e-05,5.52850799e-05,5.55433163e-05,0.00965438118,1.05949275,-1.05334164,-0.00107574274,2,0.00342017975,-0.00389891777,0.00132395927
2.004,1.57860258,1.91188541,2.19234085,1.02751699,-1.21599989,0.481517137,-1.02751699,0.482023307,-5.55978917e-05,5.55862614e-05,5.5843664e-05,0.0096598723,1.05564969,-1.05579116,-0.000984247184,2,0.00780625355,-0.00886094019,0.00337820356
2.006,1.58298379,1.91394119,2.18939087,1.02803693,-1.9064433,0.479772071,-1.02803693,0.483119634,-5.58619556e-05,5.58530799e-05,5.61096305e-05,0.00965294483,1.05040859,-1.05685992,-0.000891066072,2,0.0121874636,-0.0138135587,0.00543399287
2.008,1.58735737,1.91599718,2.18506079,1.02788056,-2.59575078,0.477687747,-1.02788056,0.483887716,-5.60916672e-05,5.60851849e-05,5.63408673e-05,0.00963358206,1.04377677,-1.05653844,-0.000796451607,2,0.0165610482,-0.0187536765,0.00748997719
2.01,1.59172058,1.918052,2.17935321,1.02704484,-3.28348964,0.475262806,-1.02704484,0.484324013,-5.62867065e-05,5.62822483e-05,5.65370476e-05,0.00960180046,1.03576552,-1.0548211,-0.000700663946,2,0.0209242503,-0.0236782114,0.00954480001
2.012,1.59607065,1.9201043,2.17227158,1.02552728,-3.96922786,0.472496243,-1.02552728,0.484425311,-5.64467743e-05,5.64439647e-05,5.66978677e-05,0.00955764991,1.02639016,-1.05170621,-0.000603970345,2,0.025274319,-0.028584098,0.0115970994
2.014,1.60040484,1.92215271,2.16382023,1.02332599,-4.65253434,0.469387415,-1.02332599,0.484188731,-5.65715927e-05,5.65700528e-05,5.6823047e-05,0.00950121374,1.01566998,-1.04719609,-0.000506644259,2,0.0296085116,-0.0334682888,0.0136455094
2.016,1.60472042,1.92419586,2.15400434,1.02043962,-5.33297921,0.465936049,-1.02043962,0.483611732,-5.66609061e-05,5.66602558e-05,5.69123294e-05,0.00943260871,1.00362827,-1.04129703,-0.000408964397,2,0.033924095,-0.0383277567,0.0156886605
2.018,1.60901467,1.92623238,2.14282997,1.01686743,-6.01013409,0.46214224,-1.01686743,0.482692123,-5.67144818e-05,5.67143424e-05,5.69654838e-05,0.00935198491,0.990292243,-1.03401938,-0.000311213746,2,0.0382183475,-0.0431594964,0.0177251817
2.02,1.61328489,1.9282609,2.13030401,1.01260925,-6.68357234,0.458006455,-1.01260925,0.481428068,-5.67321108e-05,5.67321073e-05,5.69823047e-05,0.00925952547,0.975692988,-1.0253775,-0.000213678562,2,0.0424885606,-0.047960526,0.019753701
2.022,1.61752837,1.93028005,2.11643421,1.00766551,-7.35286939,0.453529538,-1.00766551,0.479818091,-5.67136084e-05,5.67133719e-05,5.69626127e-05,0.00915544628,0.959865432,-1.01538978,-0.000116647335,2,0.0467320407,-0.0527278892,0.0217728469
2.024,1.62174244,1.93228845,2.10122918,1.00203722,-8.01760294,0.448712709,-1.00203722,0.477861078,-5.66588149e-05,5.66579849e-05,5.69062558e-05,0.0090399955,0.942848237,-1.00407859,-2.04097308e-05,2,0.0509461107,-0.0574586564,0.0237812494
2.026,1.62592444,1.93428474,2.08469835,0.995725995,-8.67735331,0.443557563,-0.995725995,0.475556288,-5.65675963e-05,5.6565823e-05,5.6813109e-05,0.00891345305,0.924683719,-0.991470258,7.47444782e-05,2,0.0551281119,-0.0621499267,0.0257775414
2.028,1.63007173,1.93626756,2.066852,0.98873404,-9.33170367,0.43806607,-0.98873404,0.472903347,-5.64398448e-05,5.6436791e-05,5.66830757e-05,0.00877612995,0.905417735,-0.977595001,0.000168526493,2,0.0592754054,-0.0667988293,0.0277603596
2.03,1.6341817,1.93823555,2.04770125,0.981064152,-9.98024031,0.432240576,-0.981064152,0.469902255,-5.62754794e-05,5.6270823e-05,5.65160874e-05,0.00862836758,0.88509957,-0.96248687,0.000260649574,2,0.0633853739,-0.0714025256,0.029728346
2.032,1.63825175,1.94018735,2.02725803,0.972719721,-10.6225529,0.426083798,-0.972719721,0.466553389,-5.60744462e-05,5.60678818e-05,5.63121048e-05,0.00847053684,0.863781803,-0.946183655,0.000350830121,2,0.0674554233,-0.0759582098,0.0316801488
2.034,1.64227931,1.94212163,2.0055351,0.963704725,-11.2582349,0.41959882,-0.963704725,0.462857499,-5.58367193e-05,5.58279603e-05,5.60711176e-05,0.00830303721,0.841520162,-0.928726798,0.000438788749,2,0.0714829846,-0.0804631113,0.033614424
2.036,1.64626184,1.94403704,1.98254601,0.95402373,-11.8868836,0.412789093,-0.95402373,0.458815707,-5.55623009e-05,5.55510811e-05,5.57931451e-05,0.00812629573,0.81837337,-0.910161278,0.000524251351,2,0.0754655152,-0.0849144959,0.0355298359
2.038,1.65019683,1.94593226,1.95830514,0.943681881,-12.5081006,0.405658427,-0.943681881,0.454429514,-5.52512218e-05,5.52372969e-05,5.54782364e-05,0.00794076587,0.794402983,-0.890535493,0.000606950138,2,0.0794005006,-0.0893096671,0.0374250588
2.04,1.65408178,1.94780598,1.93282764,0.932684901,-13.1214919,0.398210988,-0.932684901,0.449700787,-5.49035417e-05,5.48866909e-05,5.51264707e-05,0.00774692634,0.769673205,-0.869901125,0.000686624661,2,0.083285456,-0.0936459677,0.0392987783
2.042,1.65791425,1.94965689,1.90612946,0.921039083,-13.7266682,0.390451291,-0.921039083,0.444631765,-5.45193495e-05,5.44993768e-05,5.4737957e-05,0.0075452798,0.744250709,-0.848312992,0.000763022801,2,0.087117928,-0.0979207811,0.0411496917
2.044,1.66169182,1.95148371,1.87822732,0.908751282,-14.3232454,0.382384194,-0.908751282,0.439225052,-5.40987635e-05,5.40754988e-05,5.4312835e-05,0.00733635152,0.718204439,-0.825828893,0.000835901726,2,0.090895496,-0.102131533,0.0429765098
2.046,1.6654121,1.95328516,1.8491387,0.895828913,-14.9108445,0.37401489,-0.895828913,0.433483612,-5.36419319e-05,5.36152318e-05,5.38512744e-05,0.00712068793,0.691605407,-0.802509441,0.000905028808,2,0.0946157739,-0.106275692,0.044777958
2.048,1.66907274,1.95505998,1.81888183,0.882279936,-15.4890922,0.365348904,-0.882279936,0.427410766,-5.31490325e-05,5.31187813e-05,5.33534751e-05,0.00689885511,0.664526484,-0.778417886,0.000970182502,2,0.0982764113,-0.110350771,0.0465527768
2.05,1.67267142,1.95680693,1.7874757,0.868112852,-16.0576208,0.356392077,-0.868112852,0.42101019,-5.26202731e-05,5.25863832e-05,5.28196674e-05,0.00667143727,0.63704218,-0.753619924,0.00103115317,2,0.101875095,-0.11435433,0.0482997237
2.052,1.67620588,1.95852478,1.75494002,0.853336691,-16.6160688,0.347150566,-0.853336691,0.414285901,-5.20558916e-05,5.2018304e-05,5.22501118e-05,0.00643903508,0.609228422,-0.728183508,0.00108774388,2,0.105409552,-0.118283975,0.0500175737
2.054,1.67967387,1.96021232,1.72129522,0.837961002,-17.1640808,0.337630827,-0.837961002,0.407242257,-5.14561557e-05,5.14148404e-05,5.16450983e-05,0.00620226405,0.581162328,-0.702178641,0.0011397711,2,0.108877548,-0.122137361,0.0517051203
2.056,1.68307322,1.96186838,1.68656243,0.821995845,-17.701308,0.327839613,-0.821995845,0.399883951,-5.08213631e-05,5.07763189e-05,5.10049469e-05,0.00596175279,0.552921973,-0.675677169,0.0011870654,2,0.112276891,-0.125912192,0.0533611772
2.058,1.68640176,1.96349178,1.65076347,0.805451775,-18.2274084,0.317783961,-0.805451775,0.392215998,-5.01518415e-05,5.01030958e-05,5.03300072e-05,0.00571814122,0.524586153,-0.648752562,0.00122947204,2,0.115605432,-0.129606224,0.0549845784
2.06,1.68965739,1.96508138,1.61392086,0.788339837,-18.742047,0.307471181,-0.788339837,0.384243731,-4.94479481e-05,4.9395557e-05,4.96206576e-05,0.00547207885,0.496234152,-0.621479699,0.00126685154,2,0.118861066,-0.133217261,0.0565741799
2.062,1.69283806,1.96663606,1.57605776,0.770671546,-19.2448959,0.296908849,-0.770671546,0.375972795,-4.87100698e-05,4.86541172e-05,4.88773055e-05,0.00522422289,0.467945495,-0.593934632,0.00129908014,2,0.122041737,-0.136743164,0.0581288602
2.064,1.69594176,1.96815472,1.537198,0.752458882,-19.7356348,0.286104794,-0.752458882,0.367409133,-4.79386227e-05,4.78792198e-05,4.81003868e-05,0.00497523643,0.439799716,-0.566194369,0.00132605028,2,0.125145432,-0.140181846,0.0596475216
2.066,1.69896651,1.96963629,1.49736602,0.733714271,-20.2139509,0.27506709,-0.733714271,0.358558982,-4.71340518e-05,4.70713363e-05,4.72903651e-05,0.0047257866,0.411876114,-0.538336632,0.00134767089,2,0.128170188,-0.143531274,0.0611290907
2.068,1.70191042,1.97107972,1.45658692,0.714450576,-20.6795394,0.263804041,-0.714450576,0.34942886,-4.6296831e-05,4.62309658e-05,4.64477318e-05,0.00447654266,0.384253515,-0.510439626,0.00136386773,2,0.131114092,-0.146789471,0.0625725197
2.07,1.70477161,1.97248399,1.41488636,0.694681082,-21.1321035,0.252324177,-0.694681082,0.340025561,-4.54274624e-05,4.53586348e-05,4.5573005e-05,0.00422817414,0.357010035,-0.482581806,0.00137458359,2,0.133975282,-0.149954518,0.0639767869
2.072,1.70754827,1.9738481,1.37229061,0.674419482,-21.5713547,0.240636236,-0.674419482,0.330356144,-4.45264758e-05,4.44548961e-05,4.46667296e-05,0.00398134893,0.330222847,-0.454841638,0.00137977849,2,0.136751948,-0.153024552,0.0653408979
2.074,1.71023866,1.97517109,1.32882651,0.653679863,-21.997013,0.228749159,-0.653679863,0.32042792,-4.35944288e-05,4.35203286e-05,4.37294761e-05,0.00373673146,0.303967947,-0.427297363,0.00137942974,2,0.139442332,-0.155997769,0.0666638859
2.076,1.71284106,1.97645201,1.28452145,0.632476692,-22.4088069,0.216672076,-0.632476692,0.310248448,-4.26319055e-05,4.25555363e-05,4.27618404e-05,0.0034949808,0.27831993,-0.400026766,0.00137353199,2,0.142044733,-0.158872425,0.067944813
2.078,1.71535383,1.97768997,1.23940336,0.610824804,-22.806474,0.204414296,-0.610824804,0.299825519,-4.16395168e-05,4.15611482e-05,4.17644431e-05,0.0032567488,0.253351765,-0.373106941,0.00136209719,2,0.144557503,-0.161646833,0.0691827704
2.08,1.71777538,1.97888408,1.19350068,0.588739383,-23.1897608,0.191985295,-0.588739383,0.289167153,-4.0617899e-05,4.0537817e-05,4.07379287e-05,0.00302267831,0.229134581,-0.346614061,0.0013451545,2,0.146979052,-0.16431937,0.0703768798
2.082,1.72010417,1.9800335,1.14684236,0.56623595,-23.5584228,0.179394709,-0.56623595,0.278281582,-3.95677139e-05,3.94862189e-05,3.9682965e-05,0.00279340135,0.205737452,-0.320623151,0.00132275017,2,0.149307846,-0.166888473,0.0715262934
2.084,1.72233874,1.9811374,1.09945782,0.543330352,-23.9122251,0.16665232,-0.543330352,0.267177246,-3.84896477e-05,3.84070525e-05,3.86002426e-05,0.00256953737,0.183227197,-0.295207871,0.00129494728,2,0.151542412,-0.169352642,0.0726301948
2.086,1.72447766,1.982195,1.05137696,0.520038739,-24.2509421,0.153768044,-0.520038739,0.255862778,-3.73844106e-05,3.73010382e-05,3.74904739e-05,0.00235169149,0.161668179,-0.27044029,0.00126182549,2,0.153681333,-0.171710437,0.0736878001
2.088,1.72651958,1.98320556,1.00263011,0.496377558,-24.5743581,0.140751927,-0.496377558,0.244347,-3.62527358e-05,3.61689176e-05,3.63543925e-05,0.00214045287,0.14112212,-0.24639068,0.00122348074,2,0.155723255,-0.173960485,0.0746983575
2.09,1.72846321,1.98416835,0.953248023,0.472363532,-24.8822668,0.127614129,-0.472363532,0.232638905,-3.50953791e-05,3.50114522e-05,3.51927525e-05,0.00193639304,0.121647916,-0.223127307,0.00118002486,2,0.157666884,-0.176101475,0.0756611489
2.092,1.73030732,1.98508269,0.903261867,0.448013652,-25.1744721,0.114364915,-0.448013652,0.220747656,-3.39131178e-05,3.38294235e-05,3.40063277e-05,0.00174006431,0.103301466,-0.200716232,0.00113158516,2,0.159510989,-0.178132162,0.0765754898
2.094,1.73205073,1.98594793,0.852703189,0.423345153,-25.4507879,0.101014647,-0.423345153,0.208682571,-3.27067503e-05,3.26236311e-05,3.27959107e-05,0.00155199828,0.0861355113,-0.179221119,0.00107830394,2,0.161254402,-0.180051363,0.0774407299
2.096,1.73369234,1.98676346,0.801603902,0.398375511,-25.7110381,0.0875737729,-0.398375511,0.196453114,-3.14770949e-05,3.13948929e-05,3.15623126e-05,0.00137270434,0.0701994781,-0.158703048,0.00102033801,2,0.162896016,-0.181857963,0.0782562538
2.098,1.73523112,1.98752868,0.749996263,0.373122418,-25.955057,0.0740528182,-0.373122418,0.184068885,-3.02249894e-05,3.01440437e-05,3.03063616e-05,0.00120266828,0.0555393369,-0.139220339,0.000957858143,2,0.164434791,-0.183550914,0.0790214814
2.1,1.73666608,1.98824307,0.697912853,0.347603775,-26.1826892,0.0604623744,-0.347603775,0.171539615,-2.89512898e-05,2.88719346e-05,2.90289027e-05,0.00104235096,0.0421974682,-0.120828385,0.000891048458,2,0.165869751,-0.185129232,0.079735868
2.102,1.73799631,1.98890611,0.645386555,0.321837675,-26.3937897,0.0468130915,-0.321837675,0.158875151,-2.76568699e-05,2.75794319e-05,2.77307967e-05,0.00089218703,0.0302125399,-0.103579489,0.000820105823,2,0.167199986,-0.186592002,0.0803989051
2.104,1.73922098,1.98951732,0.592450536,0.295842387,-26.5882242,0.0331156684,-0.295842387,0.14608545,-2.63426201e-05,2.62674169e-05,2.64129196e-05,0.000752583754,0.0196193955,-0.087522718,0.000745239195,2,0.16842465,-0.187938374,0.0810101208
2.106,1.74033929,1.99007628,0.539138222,0.269636347,-26.7658688,0.0193808441,-0.269636347,0.13318057,-2.50094465e-05,2.49367845e-05,2.50761615e-05,0.00062391989,0.0104489538,-0.0727037595,0.00066666894,2,0.169542967,-0.189167567,0.0815690795
2.108,1.74135055,1.99058258,0.485483278,0.243238138,-26.9266105,0.00561938896,-0.243238138,0.120170661,-2.36582705e-05,2.35884426e-05,2.37214265e-05,0.000506544655,0.00272811937,-0.059164792,0.000584626123,2,0.170554226,-0.190278868,0.082075383
2.11,1.74225411,1.99103587,0.43151959,0.216666482,-27.0703469,-0.00815790382,-0.216666482,0.107065954,-2.22900274e-05,2.22233115e-05,2.23496311e-05,0.000400776775,-0.00352029531,-0.0469443646,0.000499351783,2,0.171457783,-0.191271632,0.0825286703
2.112,1.74304939,1.99143582,0.377281239,0.189940222,-27.1969865,-0.0219402269,-0.189940222,0.0938767568,-2.09056656e-05,2.08423228e-05,2.0961704e-05,0.000306903615,-0.00827763597,-0.0360772879,0.000411096177,2,0.172253065,-0.192145282,0.0829286181
2.114,1.74373589,1.99178214,0.32280248,0.163078309,-27.3064486,-0.0357167668,-0.163078309,0.0806134417,-1.95061459e-05,1.94464188e-05,1.95585855e-05,0.000225180398,-0.0115294609,-0.0265945348,0.000320118012,2,0.172939563,-0.192899311,0.0832749409
2.116,1.74431317,1.99207459,0.268117721,0.13609979,-27.3986634,-0.0494767125,-0.13609979,0.0672864388,-1.80924405e-05,1.80365515e-05,1.81412261e-05,0.000155829509,-0.0132655834,-0.0185231528,0.000226683664,2,0.173516842,-0.19353328,0.0835673911
2.118,1.74478086,1.99231296,0.213261505,0.109023794,-27.473572,-0.0632092634,-0.109023794,0.0539062275,-1.6665532e-05,1.66136823e-05,1.67105866e-05,9.90398933e-05,-0.0134801026,-0.0118861878,0.000131066377,2,0.173984531,-0.194046818,0.0838057594
2.12,1.74513866,1.99249708,0.15826848,0.0818695192,-27.5311265,-0.0769036371,-0.0818695192,0.0404833284,-1.52264127e-05,1.51787809e-05,1.52676369e-05,5.49665412e-05,-0.0121714218,-0.00670261817,3.35454582e-05,2,0.174342332,-0.194439625,0.0839898749
2.122,1.74538634,1.99262681,0.103173385,0.0546562161,-27.5712901,-0.0905490779,-0.0546562161,0.0270282949,-1.37760835e-05,1.37328245e-05,1.38133556e-05,2.37300674e-05,-0.00934225488,-0.00298730196,-6.55945411e-05,2,0.174590013,-0.19471147,0.084119605
2.124,1.74552374,1.99270206,0.0480110221,0.0274031789,-27.5940367,-0.104134864,-0.0274031789,0.0135517055,-1.23155533e-05,1.22767973e-05,1.23487296e-05,5.4163823e-06,-0.00499962128,-0.000750934214,-0.000166064647,2,0.174727415,-0.194862191,0.0841948558
2.126,1.74555077,1.99272277,-0.00718376174,0.000129729525,-27.5993514,-0.117650318,-0.000129729525,6.41556006e-05,-1.08458378e-05,1.08116898e-05,1.08747534e-05,7.64572293e-08,0.00084517185,-1.68297497e-08,-0.000267572291,2,0.174754445,-0.194891695,0.0842155721
2.128,1.74546741,1.99268894,-0.0623760979,-0.0271447949,-27.5872303,-0.131084809,0.0271447949,-0.0134237503,-9.36795885e-06,9.33849768e-06,9.39242938e-06,7.726184e-06,0.00817655885,-0.000736839888,-0.000369822141,2,0.174671084,-0.194799961,0.084181737
2.13,1.74527371,1.99260057,-0.117531118,-0.0544010552,-27.5576805,-0.144427767,0.0544010552,-0.0269014068,-7.88294354e-06,7.85822179e-06,7.90276845e-06,2.83463289e-05,0.0169747569,-0.00295947481,-0.000472516933,2,0.17447738,-0.194587034,0.0840933727
2.132,1.74496978,1.99245774,-0.172613977,-0.0816197236,-27.5107198,-0.157668687,0.0816197236,-0.0403582153,-6.39182333e-06,6.37186691e-06,6.40679276e-06,6.18825813e-05,0.0272158191,-0.00666177929,-0.0005753583,2,0.17417345,-0.194253032,0.0839505399
2.134,1.74455581,1.99226054,-0.227589873,-0.108781497,-27.4463772,-0.170797139,0.108781497,-0.053783592,-4.89563322e-06,4.88044135e-06,4.90554484e-06,0.000108245697,0.0388716991,-0.0118334141,-0.000678047604,2,0.173759483,-0.19379814,0.0837533378
2.136,1.74403206,1.99200911,-0.28242407,-0.135867109,-27.3646927,-0.183802774,0.135867109,-0.0671669761,-3.39541093e-06,3.38495624e-06,3.4001225e-06,0.000167311734,0.0519103275,-0.0184598714,-0.000780286759,2,0.173235735,-0.193222614,0.0835019044
2.138,1.74339886,1.99170362,-0.337081921,-0.162857346,-27.265717,-0.196675333,0.162857346,-0.0804978375,-1.89219609e-06,1.88642487e-06,1.8918845e-06,0.000238922385,0.0662956991,-0.0265225152,-0.000881779053,2,0.172602535,-0.192526778,0.083196416
2.14,1.7426566,1.99134429,-0.391528888,-0.189733057,-27.1495116,-0.209404657,0.189733057,-0.0937656852,-3.87029445e-07,3.85862137e-07,3.87510343e-07,0.000322885401,0.0819879723,-0.0359986331,-0.00098222996,2,0.171860277,-0.191711027,0.0828370873
2.142,1.74180575,1.99093137,-0.445730563,-0.21647517,-27.016149,-0.221980691,0.21647517,-0.106960075,1.11904795e-06,-1.11571616e-06,1.13663232e-06,0.000418975104,0.0989435783,-0.0468614992,-0.00108134795,2,0.171009426,-0.190775823,0.0824241712
2.144,1.74084684,1.99046516,-0.499652695,-0.243064703,-26.8657123,-0.234393496,0.243064703,-0.12007062,2.6249955e-06,-2.61729385e-06,2.64772306e-06,0.000526932998,0.117115342,-0.0590804496,-0.00117884528,2,0.170050516,-0.1897217,0.0819579586
2.146,1.73978047,1.98994598,-0.553261202,-0.269482778,-26.6982954,-0.246633257,0.269482778,-0.133086993,4.1297738e-06,-4.11785505e-06,4.15922708e-06,0.000646468459,0.136452612,-0.0726209675,-0.00127443879,2,0.168984148,-0.188549258,0.0814387784
2.148,1.73860732,1.9893742,-0.606522201,-0.295710637,-26.5140027,-0.258690291,0.295710637,-0.145998944,5.6323454e-06,-5.61638469e-06,5.66914596e-06,0.000777259523,0.156901405,-0.0874447808,-0.00136785067,2,0.167810992,-0.187259165,0.0808669968
2.15,1.73732811,1.98875022,-0.659402026,-0.321729653,-26.3129493,-0.270555053,0.321729653,-0.158796299,7.13167556e-06,-7.11186914e-06,7.17630057e-06,0.000918953753,0.17840455,-0.103509969,-0.00145880924,2,0.166531786,-0.185852161,0.0802430177
2.152,1.73594366,1.98807448,-0.711867247,-0.347521344,-26.0952605,-0.28221815,0.347521344,-0.171468978,8.62673293e-06,-8.60329677e-06,8.67962e-06,0.00107116919,0.200901858,-0.120771085,-0.00154704967,2,0.165147333,-0.18432905,0.0795672818
2.154,1.73445483,1.98734747,-0.763884694,-0.373067388,-25.8610724,-0.293670347,0.373067388,-0.184006997,1.01164902e-05,-1.00896585e-05,1.01780629e-05,0.00123349539,0.224330283,-0.139179276,-0.00163231475,2,0.163658504,-0.182690705,0.0788402667
2.156,1.73286256,1.98656969,-0.815421476,-0.398349638,-25.6105311,-0.304902576,0.398349638,-0.196400479,1.15999251e-05,-1.15699485e-05,1.16706003e-05,0.00140549455,0.248624108,-0.158682434,-0.00171435557,2,0.162066236,-0.180938068,0.0780624865
2.158,1.73116786,1.98574169,-0.866445003,-0.42335013,-25.3437931,-0.315905944,0.42335013,-0.208639665,1.30760204e-05,-1.30431644e-05,1.31562102e-05,0.00158670267,0.273715126,-0.179225333,-0.00179293226,2,0.160371531,-0.179072146,0.0772344912
2.16,1.72937178,1.98486407,-0.916923004,-0.448051107,-25.0610248,-0.326671746,0.448051107,-0.220714921,1.45437655e-05,-1.45083082e-05,1.46338766e-05,0.00177663085,0.299532838,-0.200749794,-0.00186781465,2,0.158575456,-0.177094012,0.0763568666
2.162,1.72747547,1.98393744,-0.96682355,-0.472435024,-24.7624029,-0.337191471,0.472435024,-0.232616747,1.60021561e-05,-1.59643869e-05,1.61025885e-05,0.0019747666,0.326004655,-0.223194852,-0.00193878291,2,0.156679141,-0.175004807,0.0754302336
2.164,1.72548011,1.98296245,-1.01611507,-0.496484568,-24.4481139,-0.347456812,0.496484568,-0.24433579,1.74501958e-05,-1.74104127e-05,1.75613406e-05,0.00218057526,0.353056104,-0.246496926,-0.00200562823,2,0.154683782,-0.172805737,0.074455248
2.166,1.72338696,1.9819398,-1.06476638,-0.520182671,-24.1183539,-0.357459679,0.520182671,-0.255862849,1.88868959e-05,-1.88454035e-05,1.90091333e-05,0.00239350145,0.380611049,-0.270590011,-0.0020681534,2,0.152590636,-0.170498073,0.0734326
2.168,1.72119735,1.98087022,-1.11274669,-0.543512522,-23.773329,-0.367192201,0.543512522,-0.267188889,2.03112765e-05,-2.02683843e-05,2.0444973e-05,0.00261297061,0.408591906,-0.295405862,-0.00212617341,2,0.15040102,-0.16808315,0.0723630135
2.17,1.71891264,1.97975445,-1.16002563,-0.566457587,-23.4132548,-0.376646745,0.566457587,-0.278305048,2.1722367e-05,-2.16783865e-05,2.18678734e-05,0.0028383906,0.436919876,-0.320874198,-0.00217951603,2,0.148116316,-0.165562369,0.0712472457
2.172,1.71653429,1.97859329,-1.20657326,-0.589001618,-23.0383561,-0.385815917,0.589001618,-0.289202646,2.31192067e-05,-2.30744496e-05,2.32768551e-05,0.00306915328,0.465515168,-0.346922906,-0.00222802229,2,0.145737964,-0.162937192,0.0700860866
2.174,1.71406379,1.97738756,-1.25236012,-0.61112867,-22.6488673,-0.394692578,0.61112867,-0.299873201,2.45008453e-05,-2.44556211e-05,2.46709468e-05,0.00330463624,0.494297242,-0.373478251,-0.00227154704,2,0.143267463,-0.160209145,0.0688803582
2.176,1.7115027,1.97613812,-1.2973572,-0.632823117,-22.2450317,-0.403269849,0.632823117,-0.310308431,2.58663435e-05,-2.58209575e-05,2.60491858e-05,0.00354420453,0.523185041,-0.400465097,-0.00230995937,2,0.14070637,-0.157379818,0.067630914
2.178,1.70885263,1.97484584,-1.34153599,-0.654069663,-21.8271019,-0.411541126,0.654069663,-0.320500268,2.72147738e-05,-2.71695243e-05,2.74106186e-05,0.00378721237,0.552097233,-0.427807124,-0.00234314307,2,0.138056302,-0.15445086,0.0663386384
2.18,1.70611526,1.97351165,-1.38486852,-0.674853362,-21.3953391,-0.419500081,0.674853362,-0.330440872,2.85452208e-05,-2.85003975e-05,2.87543013e-05,0.00403300503,0.580952455,-0.45542706,-0.00237099702,2,0.13531893,-0.151423982,0.065004446
2.182,1.70329231,1.97213648,-1.4273273,-0.695159627,-20.9500135,-0.427140681,0.695159627,-0.340122631,2.98567818e-05,-2.98126632e-05,3.00793009e-05,0.00428092057,0.609669555,-0.483246906,-0.00239343554,2,0.132495981,-0.148300956,0.0636292807
2.184,1.70038556,1.97072132,-1.46888542,-0.714974246,-20.4914036,-0.434457189,0.714974246,-0.349538183,3.11485674e-05,-3.11054191e-05,3.1384695e-05,0.00453029174,0.638167832,-0.511188172,-0.00241038871,2,0.129589236,-0.145083611,0.0622141152
2.186,1.69739686,1.96926715,-1.50951653,-0.734283399,-20.0197965,-0.441444178,0.734283399,-0.358680414,3.24197023e-05,-3.23777745e-05,3.26695736e-05,0.00478044786,0.666367285,-0.539172111,-0.00242180264,2,0.12660053,-0.141773837,0.0607599503
2.188,1.69432807,1.96777502,-1.54919485,-0.753073671,-19.5354876,-0.448096537,0.753073671,-0.367542479,3.36693253e-05,-3.36288512e-05,3.39330386e-05,0.00503071665,0.69418885,-0.567119954,-0.00242763971,2,0.123531748,-0.138373581,0.0592678135
2.19,1.69118115,1.96624596,-1.58789521,-0.771332062,-19.0387801,-0.454409481,0.771332062,-0.376117802,3.48965904e-05,-3.48577841e-05,3.51742056e-05,0.00528042616,0.721554639,-0.594953149,-0.00242787872,2,0.120384828,-0.134884846,0.0577387591
2.192,1.68795808,1.96468107,-1.62559304,-0.789046006,-18.5299853,-0.460378557,0.789046006,-0.384400093,3.6100667e-05,-3.6063722e-05,3.63922038e-05,0.00552890663,0.748388178,-0.622593599,-0.00242251509,2,0.117161757,-0.131309692,0.0561738665
2.194,1.6846609,1.96308144,-1.6622644,-0.806203382,-18.0094223,-0.465999655,0.806203382,-0.392383351,3.72807405e-05,-3.72458279e-05,3.75861771e-05,0.0057754924,0.774614637,-0.649963893,-0.00241156084,2,0.113864569,-0.127650234,0.0545742399
2.196,1.68129167,1.96144821,-1.697886,-0.822792528,-17.4774176,-0.471269012,0.822792528,-0.400061879,3.8436013e-05,-3.840328e-05,3.87552847e-05,0.00601952375,0.800161059,-0.676987544,-0.00239504474,2,0.110495347,-0.123908639,0.052941007
2.198,1.67785255,1.95978252,-1.73243521,-0.838802253,-16.934305,-0.47618322,0.838802253,-0.407430286,3.95657035e-05,-3.95352724e-05,3.98987019e-05,0.00626034879,0.824956579,-0.70358922,-0.00237301219,2,0.10705622,-0.12008713,0.0512753184
2.2,1.67434568,1.95808555,-1.76589007,-0.85422185,-16.3804257,-0.480739235,0.85422185,-0.414483503,4.06690489e-05,-4.06410154e-05,4.10156207e-05,0.00649732527,0.848932641,-0.72969497,-0.00234552519,2,0.103549358,-0.11618798,0.0495783464
2.202,1.6707733,1.95635849,-1.7982293,-0.86904111,-15.8161275,-0.484934378,0.86904111,-0.421216783,4.17453041e-05,-4.17197367e-05,4.21052509e-05,0.00672982239,0.872023206,-0.75523245,-0.00231266221,2,0.0999769778,-0.112213514,0.0478512841
2.204,1.66713766,1.95460255,-1.82943233,-0.883250327,-15.2417653,-0.488766345,0.883250327,-0.427625715,4.27937428e-05,-4.27706816e-05,4.31668202e-05,0.00695722258,0.894164951,-0.780131141,-0.002274518,2,0.0963413363,-0.108166106,0.0460953443
2.206,1.66344106,1.95281896,-1.8594793,-0.896840319,-14.6577004,-0.492233208,0.896840319,-0.433706227,4.38136579e-05,-4.37931141e-05,4.41995756e-05,0.00717892322,0.915297459,-0.804322558,-0.00223120333,2,0.0926447308,-0.104048178,0.0443117587
2.208,1.65968582,1.95100898,-1.88835108,-0.909802431,-14.0643005,-0.495333423,0.909802431,-0.439454595,4.4804362e-05,-4.47863175e-05,4.52027838e-05,0.00739433836,0.935363402,-0.827740464,-0.00218284468,2,0.0888894974,-0.0998621999,0.0425017766
2.21,1.65587434,1.94917387,-1.91602928,-0.922128547,-13.4619392,-0.49806583,0.922128547,-0.444867448,4.57651881e-05,-4.57495951e-05,4.61757321e-05,0.00760290029,0.954308711,-0.850321057,-0.00212958394,2,0.0850780096,-0.095610689,0.0406666642
2.212,1.652009,1.9473149,-1.94249626,-0.933811101,-12.8509964,-0.500429657,0.933811101,-0.449941773,4.66954899e-05,-4.66822706e-05,4.71177291e-05,0.00780406118,0.972082736,-0.872003172,-0.00207157792,2,0.0812126768,-0.091296206,0.0388077027
2.214,1.64809227,1.94543339,-1.96773515,-0.944843084,-12.2318572,-0.502424524,0.944843084,-0.454674922,4.75946425e-05,-4.75836895e-05,4.80281052e-05,0.00799729458,0.988638395,-0.892728453,-0.00200899791,2,0.0772959425,-0.0869213556,0.0369261884
2.216,1.64412661,1.94353063,-1.99172984,-0.955218052,-11.6049126,-0.504050441,0.955218052,-0.459064613,4.84620429e-05,-4.84532192e-05,4.89062139e-05,0.00818209686,1.00393231,-0.912441527,-0.00194202915,2,0.0733302832,-0.0824887848,0.0350234304
2.218,1.64011453,1.94160795,-2.01446503,-0.964930136,-10.9705585,-0.505307811,0.964930136,-0.463108936,4.92971103e-05,-4.92902499e-05,4.97514321e-05,0.00835798857,1.01792491,-0.931090168,-0.00187087024,2,0.0693182065,-0.0780011815,0.0331007502
2.22,1.63605858,1.93966668,-2.03592619,-0.973974045,-10.329196,-0.506197428,0.973974045,-0.466806356,5.00992869e-05,-5.00941955e-05,5.05631609e-05,0.00852451581,1.0305806,-0.948625441,-0.0017957325,2,0.0652622499,-0.0734612729,0.0311594802
2.222,1.63196131,1.93770816,-2.05609961,-0.982345073,-9.68123063,-0.506720477,0.982345073,-0.470155714,5.08680382e-05,-5.08644938e-05,5.13408264e-05,0.00868125136,1.04186777,-0.965001843,-0.00171683928,2,0.0611649785,-0.0688718244,0.0292009629
2.224,1.62782531,1.93573375,-2.07497238,-0.990039105,-9.02707267,-0.506878533,0.990039105,-0.473156228,5.16028536e-05,-5.1600608e-05,5.20838806e-05,0.00882779589,1.05175896,-0.980177429,-0.00163442521,2,0.0570289841,-0.0642356379,0.0272265491
2.226,1.62365321,1.9337448,-2.09253245,-0.997052619,-8.36713652,-0.506673556,0.997052619,-0.475807496,5.23032468e-05,-5.23020264e-05,5.27918016e-05,0.00896377897,1.06023086,-0.994113925,-0.00154873542,2,0.0528568833,-0.0595555502,0.0252375974
2.228,1.61944764,1.93174267,-2.10876855,-1.00338269,-7.70184057,-0.506107887,1.00338269,-0.478109491,5.29687563e-05,-5.29682637e-05,5.34640945e-05,0.00908886003,1.0672644,-1.00677682,-0.00146002471,2,0.0486513155,-0.0548344317,0.0232354726
2.23,1.61521127,1.92972875,-2.1236703,-1.009027,-7.03160689,-0.505184248,1.009027,-0.480062567,5.35989461e-05,-5.35988615e-05,5.41002925e-05,0.00920272922,1.07284478,-1.01813548,-0.00136855665,2,0.044414942,-0.0500751846,0.0212215446
2.232,1.61094677,1.92770439,-2.13722812,-1.01398381,-6.35686103,-0.503905728,1.01398381,-0.481667451,5.41934057e-05,-5.4193389e-05,5.46999567e-05,0.00930510816,1.07696149,-1.02816317,-0.00127460269,2,0.0401504434,-0.0452807414,0.019197187
2.234,1.60665685,1.92567098,-2.14943333,-1.01825201,-5.6780317,-0.502275788,1.01825201,-0.482925242,5.4751751e-05,-5.47514432e-05,5.52626774e-05,0.00939575064,1.07960832,-1.03683715,-0.00117844119,2,0.0358605187,-0.0404540631,0.0171637765
2.236,1.60234421,1.92362989,-2.16027807,-1.02183107,-4.99555052,-0.500298242,1.02183107,-0.483837409,5.52736244e-05,-5.52726501e-05,5.57880745e-05,0.00947444313,1.08078332,-1.04413874,-0.00108035647,2,0.0315478829,-0.0355981379,0.015122691
2.238,1.59801159,1.92158251,-2.16975536,-1.02472107,-4.30985172,-0.497977259,1.02472107,-0.484405785,5.57586954e-05,-5.57566646e-05,5.62757976e-05,0.00954100524,1.08048883,-1.05005327,-0.000980637758,2,0.027215266,-0.0307159788,0.0130753087
2.24,1.59366174,1.91953021,-2.17785911,-1.02692267,-3.62137191,-0.495317347,1.02692267,-0.484632562,5.62066611e-05,-5.62031715e-05,5.67255274e-05,0.00959529011,1.07873139,-1.05457017,-0.000879578189,2,0.0228654106,-0.0258106226,0.0110230071
2.242,1.5892974,1.91747436,-2.18458406,-1.02843714,-2.93054974,-0.492323345,1.02843714,-0.484520285,5.66172461e-05,-5.66118858e-05,5.71369753e-05,0.00963718459,1.07552173,-1.05768295,-0.000777473755,2,0.0185010704,-0.0208851277,0.00896716141
2.244,1.58492134,1.91541635,-2.18992588,-1.02926632,-2.23782565,-0.489000415,1.02926632,-0.484071845,5.69902036e-05,-5.69825531e-05,5.75098844e-05,0.00966660945,1.07087467,-1.05938916,-0.000674622235,2,0.0141250085,-0.0159425721,0.00690914375
2.246,1.58053632,1.91335752,-2.19388109,-1.02941265,-1.54364156,-0.485354028,1.02941265,-0.48329047,5.73253149e-05,-5.73149502e-05,5.78440297e-05,0.00968351934,1.06480902,-1.0596904,-0.000571322136,2,0.00973999588,-0.0109860521,0.00485032172
2.248,1.57614514,1.91129926,-2.1964471,-1.02887912,-0.848440608,-0.481389952,1.02887912,-0.482179718,5.76223905e-05,-5.76088853e-05,5.81392186e-05,0.00968790274,1.05734756,-1.05859224,-0.000467871617,2,0.00534880897,-0.00601868011,0.00279205737
2.25,1.57175056,1.90924291,-2.1976222,-1.0276693,-0.152666818,-0.477114239,1.0276693,-0.480743465,5.78812698e-05,-5.78641981e-05,5.83952909e-05,0.00967978181,1.04851685,-1.05610419,-0.000364567426,2,0.000954228478,-0.00104358261,0.000735706042
2.252,1.56735536,1.90718982,-2.1974056,-1.02578731,0.543235166,-0.472533213,1.02578731,-0.4789859,5.81018216e-05,-5.80807609e-05,5.86121196e-05,0.00965921208,1.03834713,-1.05223961,-0.000261703839,2,-0.00344096264,0.00393610145,-0.00131738475
2.254,1.56296235,1.90514133,-2.19579735,-1.02323783,1.23882039,-0.467653452,1.02323783,-0.476911506,5.82839445e-05,-5.82584778e-05,5.87896106e-05,0.00962628206,1.02687221,-1.04701565,-0.000159571615,2,-0.00783398092,0.00891722281,-0.00336587642
2.256,1.55857428,1.90309876,-2.19279844,-1.02002605,1.9336439,-0.462481778,1.02002605,-0.474525054,5.84275666e-05,-5.83972858e-05,5.89277032e-05,0.00958111278,1.01412932,-1.04045314,-5.84569703e-05,2,-0.0122220442,0.0138966238,-0.00540844041
2.258,1.55419395,1.90106344,-2.18841072,-1.0161577,2.62726102,-0.457025238,1.0161577,-0.471831589,5.85326462e-05,-5.84971542e-05,5.90263701e-05,0.00952385721,1.00015893,-1.03257648,4.13594209e-05,2,-0.0166023732,0.0188711404,-0.00744375919
2.26,1.54982413,1.89903667,-2.18263693,-1.01163902,3.31922768,-0.451291087,1.01163902,-0.468836416,5.85991715e-05,-5.85580853e-05,5.90856175e-05,0.00945469958,0.985004591,-1.02341352,0.000139603402,2,-0.0209721937,0.0238376043,-0.00947052735
2.262,1.54546759,1.89701975,-2.1754807,-1.00647675,4.0091007,-0.445286776,1.00647675,-0.465545088,5.86271612e-05,-5.8580114e-05,5.91054853e-05,0.00937385463,0.968712789,-1.01299544,0.000236008268,2,-0.025328738,0.0287928446,-0.0114874526
2.264,1.54112708,1.89501395,-2.16694657,-1.00067808,4.69643809,-0.43901993,1.00067808,-0.461963388,5.86166639e-05,-5.85633081e-05,5.90860467e-05,0.00928156679,0.951332732,-1.00135661,0.000330315664,2,-0.0296692466,0.0337336905,-0.0134932566
2.266,1.53680536,1.89302053,-2.15703992,-0.994250699,5.38079939,-0.432498336,0.994250699,-0.458097318,5.85677586e-05,-5.85077679e-05,5.90274082e-05,0.00917810919,0.932916177,-0.988534452,0.000422276438,2,-0.0339909704,0.0386569728,-0.0154866761
2.268,1.53250515,1.89104074,-2.14576705,-0.987202733,6.06174594,-0.425729918,0.987202733,-0.453953083,5.84805543e-05,-5.84136264e-05,5.89297097e-05,0.00906378275,0.913517229,-0.974569236,0.000511651447,2,-0.0382911721,0.0435595264,-0.0174664639
2.27,1.5282292,1.88907581,-2.1331351,-0.979542738,6.73884119,-0.418722728,0.979542738,-0.449537073,5.83551906e-05,-5.82810489e-05,5.87931242e-05,0.00893891504,0.893192147,-0.959503975,0.000598212304,2,-0.042567128,0.0484381922,-0.0194313893
2.272,1.5239802,1.88712696,-2.1191521,-0.971279681,7.41165101,-0.411484921,0.971279681,-0.444855847,5.81918366e-05,-5.81102328e-05,5.86178573e-05,0.00880385916,0.871999137,-0.943384218,0.000681742077,2,-0.0468161299,0.0532898192,-0.0213802394
2.274,1.51976084,1.88519538,-2.10382696,-0.962422925,8.07974398,-0.404024741,0.962422925,-0.439916119,5.79906915e-05,-5.79014073e-05,5.84041469e-05,0.00865899256,0.849998144,-0.926257887,0.000762035922,2,-0.0510354867,0.0581112668,-0.0233118199
2.276,1.5155738,1.88328225,-2.08716943,-0.952982209,8.74269171,-0.396350501,0.952982209,-0.43472474,5.77519842e-05,-5.7654833e-05,5.81522632e-05,0.00850471575,0.827250648,-0.908175091,0.000838901654,2,-0.055222526,0.0628994071,-0.0252249553
2.278,1.51142173,1.88138871,-2.06919011,-0.942967625,9.40006913,-0.388470565,0.942967625,-0.42928868,5.74759728e-05,-5.73708017e-05,5.78625079e-05,0.00834145104,0.803819449,-0.889187942,0.000912160254,2,-0.0593745964,0.0676511267,-0.0271184903
2.28,1.50730726,1.87951591,-2.04990046,-0.9323896,10.0514548,-0.38039333,0.9323896,-0.423615013,5.71629447e-05,-5.70496356e-05,5.75352136e-05,0.00816964112,0.779768463,-0.869350366,0.000981646304,2,-0.0634890684,0.0723633289,-0.0289912903
2.282,1.50323299,1.87766496,-2.02931278,-0.921258874,10.6964311,-0.372127211,0.921258874,-0.417710898,5.68132158e-05,-5.66916869e-05,5.71707435e-05,0.00798974773,0.755162507,-0.848717913,0.00104720836,2,-0.0675633365,0.0770329363,-0.0308422416
2.284,1.49920151,1.87583695,-2.00744021,-0.909586482,11.3345847,-0.363680619,0.909586482,-0.411583563,5.64271304e-05,-5.62973371e-05,5.67694908e-05,0.00780225021,0.730067098,-0.827347568,0.00110870924,2,-0.071594821,0.0816568926,-0.0326702526
2.286,1.49521536,1.87403295,-1.98429669,-0.897383728,11.9655068,-0.355061946,0.897383728,-0.405240288,5.60050608e-05,-5.58669966e-05,5.63318777e-05,0.00760764404,0.704548243,-0.805297555,0.00116602627,2,-0.0755809695,0.086232165,-0.0344742541
2.288,1.49127707,1.872254,-1.95989698,-0.884662166,12.5887933,-0.346279549,0.884662166,-0.398688387,5.55474065e-05,-5.54011039e-05,5.5858355e-05,0.00740643939,0.678672243,-0.782627149,0.00121905141,2,-0.0795192583,0.0907557461,-0.0362531997
2.29,1.48738913,1.87050114,-1.93425667,-0.87143358,13.2040451,-0.337341731,0.87143358,-0.391935193,5.50545938e-05,-5.49001247e-05,5.5349401e-05,0.00719915958,0.652505494,-0.759396484,0.00126769135,2,-0.0834071945,0.0952246565,-0.0380060666
2.292,1.48355401,1.86877535,-1.90739212,-0.857709957,13.8108685,-0.328256729,0.857709957,-0.384988042,5.45270756e-05,-5.4364551e-05,5.48055212e-05,0.00698633963,0.626114296,-0.735666371,0.00131186753,2,-0.0872423171,0.0996359467,-0.0397318557
2.294,1.47977413,1.86707761,-1.87932047,-0.843503472,14.4088755,-0.319032693,0.843503472,-0.377854253,5.39653299e-05,-5.37949008e-05,5.42272467e-05,0.0067685247,0.599564669,-0.711498107,0.00135151608,2,-0.091022199,0.103986699,-0.041429592
2.296,1.47605188,1.86540888,-1.85005964,-0.82882646,14.9976837,-0.309677677,0.82882646,-0.370541117,5.33698599e-05,-5.31917165e-05,5.36151337e-05,0.00654626864,0.572922172,-0.686953301,0.00138658765,2,-0.0947444483,0.108274032,-0.0430983252
2.298,1.47238962,1.86377007,-1.81962832,-0.8136914,15.5769171,-0.300199621,0.8136914,-0.363055879,5.2741193e-05,-5.25555645e-05,5.29697627e-05,0.0063201324,0.546251734,-0.662093694,0.0014170473,2,-0.0984067098,0.112495097,-0.0447371299
2.3,1.46878966,1.8621621,-1.78804594,-0.798110889,16.146206,-0.29060634,0.798110889,-0.355405725,5.20798799e-05,-5.18870338e-05,5.22917371e-05,0.00609068263,0.519617486,-0.636980992,0.00144287418,2,-0.102006667,0.116647087,-0.0463451056
2.302,1.46525428,1.86058582,-1.75533265,-0.782097627,16.7051872,-0.280905508,0.782097627,-0.347597767,5.1386494e-05,-5.11867354e-05,5.15816821e-05,0.00585849013,0.493082611,-0.611676698,0.00146406123,2,-0.105542042,0.120727235,-0.0479213775
2.304,1.46178573,1.85904211,-1.72150935,-0.765664391,17.2535046,-0.27110465,0.765664391,-0.339639028,5.06616303e-05,-5.04553009e-05,5.08402443e-05,0.00562412839,0.466709189,-0.586241959,0.00148061481,2,-0.1090106,0.124732817,-0.0494650958
2.306,1.45838618,1.85753177,-1.68659761,-0.748824017,17.7908092,-0.261211129,0.748824017,-0.331536432,4.99059049e-05,-4.96933815e-05,5.00680897e-05,0.00538817219,0.440558067,-0.560737408,0.00149255431,2,-0.112410147,0.128661154,-0.0509754367
2.308,1.45505779,1.8560556,-1.65061973,-0.731589383,18.3167592,-0.251232137,0.731589383,-0.323296789,4.91199536e-05,-4.8901647e-05,4.92659033e-05,0.00515119614,0.414688723,-0.535223026,0.0014999116,2,-0.115738535,0.132509613,-0.052451602
2.31,1.45180267,1.85461438,-1.61359867,-0.713973389,18.8310205,-0.241174683,0.713973389,-0.314926788,4.83044315e-05,-4.80807846e-05,4.84343873e-05,0.00491377334,0.389159147,-0.509758,0.00150273058,2,-0.118993659,0.136275613,-0.0538928194
2.312,1.44862286,1.85320886,-1.57555804,-0.695988935,19.3332667,-0.231045589,0.695988935,-0.306432979,4.74600115e-05,-4.72314977e-05,4.75742607e-05,0.00467647397,0.364025735,-0.484400598,0.0015010666,2,-0.122173463,0.13995662,-0.0552983422
2.314,1.44552039,1.85183975,-1.53652212,-0.677648913,19.8231797,-0.220851479,0.677648913,-0.297821771,4.65873836e-05,-4.63545048e-05,4.66862573e-05,0.00443986405,0.339343182,-0.459208049,0.00149498586,2,-0.125275938,0.143550157,-0.0566674496
2.316,1.4424972,1.85050776,-1.49651581,-0.65896618,20.3004493,-0.210598774,0.65896618,-0.289099418,4.56872538e-05,-4.54505382e-05,4.57711252e-05,0.00420450408,0.315164394,-0.434236426,0.00148456481,2,-0.128299124,0.1470538,-0.0579994465
2.318,1.43955521,1.84921354,-1.45556462,-0.639953551,20.7647739,-0.200293688,0.639953551,-0.280272014,4.47603431e-05,-4.45203432e-05,4.4829625e-05,0.0039709479,0.291540406,-0.409540548,0.00146988946,2,-0.131241112,0.150465183,-0.0592936636
2.32,1.43669628,1.84795774,-1.41369467,-0.620623781,21.2158604,-0.189942222,0.620623781,-0.271345482,4.38073863e-05,-4.35646764e-05,4.38625292e-05,0.0037397414,0.268520305,-0.385173877,0.00145105475,2,-0.134100046,0.153781998,-0.0605494571
2.322,1.43392221,1.84674099,-1.37093264,-0.600989551,21.6534246,-0.17955016,0.600989551,-0.262325573,4.28291311e-05,-4.25843046e-05,4.28706204e-05,0.00351142146,0.246151174,-0.36118844,0.00142816386,2,-0.13687412,0.157002,-0.0617662085
2.324,1.43123474,1.84556388,-1.32730579,-0.581063456,22.0771913,-0.16912307,0.581063456,-0.253217856,4.18263371e-05,-4.15800041e-05,4.18546907e-05,0.0032865148,0.224478029,-0.33763474,0.00140132753,2,-0.139561584,0.160123003,-0.0629433246
2.326,1.42863558,1.84442696,-1.28284191,-0.560857997,22.4868944,-0.1586663,0.560857997,-0.244027716,4.07997742e-05,-4.05525591e-05,4.081554e-05,0.00306553693,0.203543778,-0.314561693,0.00137066332,2,-0.142160745,0.163142891,-0.0640802373
2.328,1.42612636,1.8433308,-1.23756932,-0.540385565,22.882277,-0.148184977,0.540385565,-0.234760352,3.97502224e-05,-3.95027604e-05,3.97539753e-05,0.00284899118,0.183389181,-0.292016559,0.00133629497,2,-0.144669962,0.166059608,-0.0651764035
2.33,1.42370867,1.8422759,-1.19151686,-0.519658437,23.2630919,-0.13768401,0.519658437,-0.225420771,3.86784697e-05,-3.84314048e-05,3.86708094e-05,0.0026373677,0.16405282,-0.270044891,0.0012983517,2,-0.147087655,0.168871171,-0.0662313046
2.332,1.42138403,1.84126276,-1.14471384,-0.498688765,23.6291013,-0.127168092,0.498688765,-0.216013789,3.7585312e-05,-3.73392936e-05,3.75668596e-05,0.00243114261,0.145571075,-0.248690484,0.00125696749,2,-0.1494123,0.171575663,-0.0672444463
2.334,1.41915389,1.84029184,-1.09719004,-0.477488571,23.9800773,-0.1166417,0.477488571,-0.206544032,3.64715513e-05,-3.62272316e-05,3.6442947e-05,0.00223077708,0.127978112,-0.227995336,0.00121228048,2,-0.151642433,0.17417124,-0.0682153587
2.336,1.41701968,1.83936361,-1.04897569,-0.456069741,24.3158017,-0.106109101,0.456069741,-0.197015932,3.53379951e-05,-3.5096026e-05,3.52998952e-05,0.00203671658,0.111305868,-0.207999609,0.00116443227,2,-0.15377665,0.176656131,-0.0691435956
2.338,1.41498272,1.83847847,-1.00010146,-0.434444021,24.6360665,-0.0955743546,0.434444021,-0.187433734,3.41854551e-05,-3.39464856e-05,3.41385294e-05,0.00184939008,0.0955840516,-0.188741608,0.00111356735,2,-0.15581361,0.179028638,-0.0700287343
2.34,1.4130443,1.83763683,-0.95059841,-0.412623014,24.9406737,-0.08504132,0.412623014,-0.177801493,3.30147465e-05,-3.27794194e-05,3.29596757e-05,0.00166920935,0.0808401436,-0.170257751,0.00105983247,2,-0.15775203,0.181287138,-0.0708703757
2.342,1.41120563,1.83683906,-0.900498001,-0.390618176,25.2294357,-0.0745136615,0.390618176,-0.168123081,3.18266866e-05,-3.15956363e-05,3.17641599e-05,0.00149656833,0.0670994033,-0.152582559,0.00100337609,2,-0.159590692,0.183430089,-0.0716681435
2.344,1.40946789,1.83608552,-0.849832059,-0.36844082,25.502175,-0.0639948556,0.36844082,-0.15840219,3.06220943e-05,-3.03959433e-05,3.05528069e-05,0.00133184244,0.0543848799,-0.135748638,0.000944347839,2,-0.161328441,0.185456021,-0.0724216843
2.346,1.40783214,1.83537654,-0.798632754,-0.346102112,25.7587245,-0.0534881988,0.346102112,-0.148642337,2.94017889e-05,-2.91811456e-05,2.932644e-05,0.00117538809,0.0427174275,-0.119786672,0.000882898055,2,-0.162964187,0.187363549,-0.0731306669
2.348,1.40629942,1.83471242,-0.746932587,-0.323613076,25.998928,-0.0429968158,0.323613076,-0.13884687,2.81665894e-05,-2.79520451e-05,2.80858803e-05,0.00102754208,0.0321157229,-0.104725423,0.000819177288,2,-0.164496903,0.189151365,-0.0737947824
2.35,1.4048707,1.83409346,-0.69476436,-0.300984594,26.2226395,-0.0325236693,0.300984594,-0.129018974,2.69173134e-05,-2.67094401e-05,2.68319459e-05,0.000888621177,0.0225962863,-0.0905917256,0.000753335905,2,-0.165925628,0.190818246,-0.0744137439
2.352,1.40354686,1.83351992,-0.642161159,-0.27822741,26.4297238,-0.0220715695,0.27822741,-0.11916168,2.56547767e-05,-2.54541242e-05,2.55654521e-05,0.000758921608,0.0141735046,-0.0774104919,0.000685523708,2,-0.167249469,0.192363049,-0.0749872859
2.354,1.40232873,1.83299204,-0.589156336,-0.25535214,26.6200563,-0.0116431842,0.25535214,-0.10927787,2.43797921e-05,-2.41868859e-05,2.42872109e-05,0.0006387187,0.00685965571,-0.0652047155,0.000615889606,2,-0.168467595,0.193784716,-0.0755151643
2.356,1.40121708,1.83251005,-0.535783479,-0.23236927,26.7935235,-0.00124105015,0.23236927,-0.0993702886,2.3093169e-05,-2.29085081e-05,2.29980308e-05,0.000528266499,0.000664934169,-0.0539954778,0.000544581317,2,-0.169579246,0.195082274,-0.075997156
2.358,1.4002126,1.83207414,-0.482076399,-0.209289169,26.9500223,0.00913241553,0.209289169,-0.0894415522,2.17957126e-05,-2.16197674e-05,2.16987177e-05,0.000427797437,-0.004402522,-0.0438019563,0.000471745128,2,-0.170583729,0.196254835,-0.0764330588
2.36,1.39931591,1.83168451,-0.428069104,-0.186122093,27.0894609,0.0194749038,0.186122093,-0.079494157,2.04882234e-05,-2.03214336e-05,2.03900751e-05,0.000337522046,-0.00833660463,-0.0346414334,0.000397525686,2,-0.171480417,0.197301597,-0.076822691
2.362,1.39852757,1.83134131,-0.373795775,-0.162878194,27.211758,0.0297842015,0.162878194,-0.069530491,1.91714965e-05,-1.90142695e-05,1.90729057e-05,0.000257628692,-0.0111332087,-0.0265293062,0.000322065833,2,-0.172268752,0.198221845,-0.0771658916
2.364,1.39784808,1.83104468,-0.31929075,-0.139567533,27.3168435,0.0400581784,0.139567533,-0.0595528447,1.78463213e-05,-1.76990301e-05,1.77480136e-05,0.000188283359,-0.0127902059,-0.0194790964,0.000245506489,2,-0.172948246,0.199014953,-0.0774625193
2.366,1.39727785,1.83079475,-0.2645885,-0.116200085,27.4046581,0.0502947751,0.116200085,-0.049563422,1.65134807e-05,-1.63764631e-05,1.64162076e-05,0.000129629447,-0.0133074191,-0.0135024598,0.000167986569,2,-0.173518478,0.199680382,-0.0777124531
2.368,1.39681723,1.83059161,-0.209723603,-0.0927857508,27.4751537,0.0604919893,0.0927857508,-0.0395643525,1.51737511e-05,-1.50473077e-05,1.50783067e-05,8.17876151e-05,-0.0126865979,-0.00860919555,8.96429358e-05,2,-0.173979097,0.200217681,-0.0779155919
2.37,1.39646651,1.83043535,-0.154730727,-0.0693343691,27.5282927,0.0706478634,0.0693343691,-0.0295577034,1.38279017e-05,-1.37122953e-05,1.37351497e-05,4.48556491e-05,-0.0109313952,-0.00480725474,1.06103945e-05,2,-0.17432982,0.200626488,-0.0780718542
2.372,1.39622589,1.83032602,-0.0996446063,-0.0458557274,27.564049,0.0807604708,0.0458557274,-0.0195454915,1.24766944e-05,-1.23721487e-05,1.23876097e-05,1.89083587e-05,-0.00804734532,-0.00210274774,-6.89782819e-05,2,-0.174570436,0.200906531,-0.0781811782
2.374,1.39609553,1.83026368,-0.0445000205,-0.0223595734,27.5824072,0.0908279031,0.0223595734,-0.00952969629,1.11208835e-05,-1.10275826e-05,1.10366214e-05,3.9975038e-06,-0.00404184355,-0.000499950522,-0.000148992296,2,-0.174700801,0.201057627,-0.0782435214
2.376,1.39607549,1.83024834,0.0106682295,0.00114437294,27.5833627,0.100848256,-0.00114437294,0.000487727638,9.76121573e-06,-9.6793031e-06,9.68322944e-06,1.51748707e-07,0.00107587235,-1.30958943e-06,-0.000229302741,2,-0.174720841,0.201079682,-0.0782588611
2.378,1.39616577,1.83028001,0.0658253415,0.024646407,27.5669221,0.110819619,-0.024646407,0.0105048378,8.39842958e-06,-8.32800804e-06,8.32868601e-06,7.37664429e-06,0.00729473926,-0.00060744538,-0.000309782491,2,-0.174630554,0.200972692,-0.0782271937
2.38,1.39636632,1.83035867,0.120936535,0.0481368276,27.5331027,0.120740057,-0.0481368276,0.0205196909,7.03325572e-06,-6.97438708e-06,6.97465982e-06,2.56546369e-05,0.0146018841,-0.00231715417,-0.000390306069,2,-0.174430004,0.200736743,-0.0781485353
2.382,1.396677,1.83048428,0.175967071,0.0716059245,27.4819327,0.130607604,-0.0716059245,0.0305303299,5.66641676e-06,-5.61912172e-06,5.62374597e-06,5.49451047e-05,0.0229826375,-0.00512740842,-0.000470749495,2,-0.174119328,0.20037201,-0.0780229212
2.384,1.3970976,1.8306568,0.230882277,0.0950439663,27.4134513,0.140420245,-0.0950439663,0.0405347715,4.29862723e-06,-4.2628856e-06,4.28092824e-06,9.51844209e-05,0.0324205459,-0.00903335553,-0.000550990122,2,-0.173698729,0.199878756,-0.0778504062
2.386,1.39762785,1.83087614,0.285647565,0.118441189,27.3277082,0.150175909,-0.118441189,0.0505309933,2.93059369e-06,-2.90634467e-06,2.95893913e-06,0.000146286045,0.0428973826,-0.0140283152,-0.000630906463,2,-0.173168482,0.199257334,-0.0776310646
2.388,1.3982674,1.83114221,0.340228455,0.141787783,27.2247639,0.159872452,-0.141787783,0.0605169213,1.56301482e-06,-1.5501575e-06,1.70764268e-06,0.000208140639,0.0543931574,-0.0201037753,-0.000710378002,2,-0.172528929,0.198508187,-0.0773649903
2.39,1.39901584,1.83145491,0.394590598,0.165073883,27.1046896,0.16950765,-0.165073883,0.0704904179,1.96581496e-07,-1.94975551e-07,8.96588925e-07,0.000280616217,0.0668861249,-0.0272493867,-0.000789285012,2,-0.171780483,0.197631844,-0.0770522969
2.392,1.3998727,1.83181408,0.448699792,0.188289557,26.9675671,0.179079185,-0.188289557,0.0804492697,-1.16802296e-06,1.15855645e-06,1.55146075e-06,0.000363558317,0.0803527932,-0.0354529572,-0.000867508365,2,-0.170923623,0.196628923,-0.0766931177
2.394,1.40083743,1.8322196,0.502522009,0.211424795,26.8134887,0.188584637,-0.211424795,0.0903911761,-2.53012264e-06,2.50980016e-06,2.77609967e-06,0.000456790206,0.0947679308,-0.0447004441,-0.000944929355,2,-0.169958898,0.195500128,-0.0762876062
2.396,1.4019094,1.83267127,0.556023412,0.234469501,26.642557,0.198021473,-0.234469501,0.100313738,-3.88904878e-06,3.85812321e-06,4.08378258e-06,0.000560113113,0.110104575,-0.0549759471,-0.00102142952,2,-0.168886924,0.194246251,-0.0758359358
2.398,1.40308794,1.8331689,0.609170379,0.257413482,26.4548853,0.207387036,-0.257413482,0.110214447,-5.24413949e-06,5.20289879e-06,5.41167403e-06,0.000673306495,0.126334039,-0.0662617009,-0.00109689048,2,-0.167708386,0.192868167,-0.0753383003
2.4,1.40437229,1.83371229,0.661929519,0.28024644,26.2505968,0.21667854,-0.28024644,0.120090675,-6.59473949e-06,6.54350523e-06,6.74495437e-06,0.000796128333,0.143425922,-0.078538067,-0.0011711938,2,-0.166424033,0.19136684,-0.074794914
2.402,1.40576164,1.83430119,0.714267698,0.302957964,26.029825,0.225893061,-0.302957964,0.129939666,-7.94019979e-06,7.87932551e-06,8.07813057e-06,0.000928315465,0.161348117,-0.0917835277,-0.00124422085,2,-0.165034683,0.189743315,-0.0742060119
2.404,1.40725511,1.83493535,0.766152056,0.325537524,25.7927135,0.235027528,-0.325537524,0.139758524,-9.27987734e-06,9.20974684e-06,9.40847907e-06,0.00106958394,0.180066823,-0.10597468,-0.00131585269,2,-0.163541218,0.18799872,-0.0735718501
2.406,1.40885174,1.8356145,0.817550027,0.347974468,25.539416,0.244078717,-0.347974468,0.149544207,-1.06131347e-05,1.05341602e-05,1.07343314e-05,0.00121962944,0.199546562,-0.12108623,-0.00138597004,2,-0.161944588,0.186134267,-0.0728927057
2.408,1.41055052,1.83633832,0.868429359,0.37025801,25.2700957,0.253043249,-0.37025801,0.159293518,-1.19393398e-05,1.18519597e-05,1.20544925e-05,0.00137812768,0.219750187,-0.137090994,-0.00145445317,2,-0.160245806,0.184151249,-0.0721688775
2.41,1.41235038,1.83710652,0.918758135,0.392377232,24.984926,0.261917582,-0.392377232,0.1690031,-1.32578652e-05,1.31625425e-05,1.33680059e-05,0.00154473492,0.240638909,-0.153959892,-0.0015211819,2,-0.158445947,0.182051036,-0.071400686
2.412,1.41425017,1.83791873,0.968504793,0.414321081,24.6840894,0.270698006,-0.414321081,0.178669424,-1.45680882e-05,1.44653078e-05,1.46740466e-05,0.00171908845,0.262172316,-0.171661958,-0.00158603562,2,-0.156546154,0.179835079,-0.0705884734
2.414,1.4162487,1.8387746,1.01763814,0.436078363,24.3677783,0.279380644,-0.436078363,0.188288792,-1.58693902e-05,1.57596571e-05,1.59718668e-05,0.00190080716,0.284308399,-0.190164339,-0.00164889333,2,-0.15454763,0.177504908,-0.0697326046
2.416,1.41834469,1.83967374,1.06612738,0.457637748,24.0361944,0.287961447,-0.457637748,0.197857325,-1.71611565e-05,1.70449929e-05,1.72607666e-05,0.00208949211,0.307003583,-0.209432308,-0.00170963374,2,-0.152451639,0.175062126,-0.0688334668
2.418,1.42053682,1.84061573,1.11394212,0.478987764,23.6895484,0.296436193,-0.478987764,0.207370961,-1.84427757e-05,1.83207191e-05,1.85400772e-05,0.00228472721,0.330212761,-0.229429278,-0.00176813534,2,-0.150259508,0.172508411,-0.0678914702
2.42,1.4228237,1.84160015,1.1610524,0.500116807,23.3280605,0.304800489,-0.500116807,0.216825455,-1.97136395e-05,1.95862399e-05,1.98091509e-05,0.00248607985,0.35388934,-0.25011682,-0.00182427665,2,-0.147972624,0.169845518,-0.0669070479
2.422,1.4252039,1.84262655,1.20742871,0.521013135,22.9519594,0.313049769,-0.521013135,0.226216374,-2.09731425e-05,2.084096e-05,2.10673537e-05,0.00269310165,0.37798528,-0.271454687,-0.00187793632,2,-0.145592431,0.167075268,-0.0658806566
2.424,1.42767589,1.84369443,1.253042,0.54166488,22.5614829,0.321179298,-0.54166488,0.235539094,-2.22206814e-05,2.2084284e-05,2.2314062e-05,0.00290532925,0.402451151,-0.293400842,-0.00192899344,2,-0.143120436,0.164199558,-0.0648127765
2.426,1.43023813,1.84480329,1.2978637,0.562060046,22.1568774,0.329184173,-0.562060046,0.244788804,-2.34556556e-05,2.3315616e-05,2.35486586e-05,0.00312228505,0.427236189,-0.315911495,-0.00197732781,2,-0.140558199,0.161220349,-0.0637039118
2.428,1.43288899,1.84595261,1.34186574,0.582186522,21.7383978,0.337059326,-0.582186522,0.253960506,-2.46774658e-05,2.45343594e-05,2.47705313e-05,0.00334347817,0.452288363,-0.338941147,-0.00202282021,2,-0.137907339,0.158139672,-0.0625545907
2.43,1.4356268,1.84714184,1.38502058,0.602032085,21.3063072,0.344799532,-0.602032085,0.26304901,-2.58855147e-05,2.57399166e-05,2.59790712e-05,0.00356840528,0.477554447,-0.362442632,-0.00206535284,2,-0.135169529,0.154959623,-0.0613653658
2.432,1.43844983,1.84837039,1.42730118,0.621584411,20.8608772,0.352399412,-0.621584411,0.272048948,-2.70792062e-05,2.6931689e-05,2.71736713e-05,0.00379655156,0.502980097,-0.38636718,-0.00210480965,2,-0.132346499,0.15168236,-0.0601368144
2.434,1.4413563,1.84963766,1.46868109,0.640831082,20.4023871,0.359853437,-0.640831082,0.280954766,-2.82579456e-05,2.81090766e-05,2.83537259e-05,0.00402739173,0.528509937,-0.410664476,-0.00214107676,2,-0.129440029,0.148310105,-0.0588695385
2.436,1.44434437,1.85094304,1.50913439,0.659759601,19.9311243,0.367155941,-0.659759601,0.289760737,-2.9421139e-05,2.92714781e-05,2.95186301e-05,0.00426039109,0.554087656,-0.435282732,-0.00217404299,2,-0.126451953,0.144845138,-0.057564165
2.438,1.44741217,1.85228586,1.54863576,0.678357402,19.4473836,0.374301124,-0.678357402,0.298460959,-3.05681937e-05,3.04182904e-05,3.06677788e-05,0.00449500655,0.579656104,-0.460168765,-0.0022036003,2,-0.123384157,0.141289799,-0.0562213459
2.44,1.45055775,1.85366544,1.58716047,0.69661186,18.9514677,0.381283065,-0.69661186,0.30704937,-3.16985176e-05,3.15489091e-05,3.18005671e-05,0.00473068783,0.605157407,-0.485268084,-0.00222964429,2,-0.120238575,0.137646483,-0.0548417584
2.442,1.45377914,1.8550811,1.62468439,0.714510311,18.4436862,0.388095729,-0.714510311,0.315519746,-3.28115195e-05,3.26627282e-05,3.29163895e-05,0.00496687859,0.630533073,-0.510524984,-0.00225207482,2,-0.117017191,0.133917641,-0.053426105
2.444,1.45707429,1.85653209,1.66118405,0.732040061,17.9243561,0.394732978,-0.732040061,0.323865715,-3.39066089e-05,3.37591404e-05,3.40146403e-05,0.00520301765,0.655724126,-0.535882651,-0.0022707965,2,-0.113722036,0.130105774,-0.0519751136
2.446,1.46044114,1.85801766,1.69663657,0.749188406,17.3938014,0.401188584,-0.749188406,0.332080764,-3.49831963e-05,3.48375368e-05,3.5094713e-05,0.00543854025,0.680671225,-0.561283268,-0.0022857193,2,-0.110355187,0.126213437,-0.0504895375
2.448,1.46387756,1.85953705,1.73101976,0.765942646,16.8523527,0.407456242,-0.765942646,0.340158248,-3.60406929e-05,3.58973075e-05,3.61560008e-05,0.0056728793,0.705314808,-0.586668136,-0.00229675915,2,-0.106918766,0.12224323,-0.0489701553
2.45,1.46738139,1.86108943,1.76431209,0.782290102,16.3003474,0.413529577,-0.782290102,0.348091402,-3.70785109e-05,3.69378418e-05,3.71978965e-05,0.00590546677,0.729595232,-0.611977804,-0.00230383852,2,-0.103414939,0.118197803,-0.0474177711
2.452,1.47095041,1.86267399,1.79649269,0.798218138,15.7381291,0.419402165,-0.798218138,0.355873352,-3.80960637e-05,3.79585282e-05,3.82197928e-05,0.00613573496,0.753452923,-0.637152196,-0.00230688708,2,-0.0998459134,0.114079847,-0.0458332143
2.454,1.47458239,1.86428986,1.8275414,0.813714173,15.1660477,0.425067542,-0.813714173,0.363497126,-3.9092766e-05,3.8958755e-05,3.92210825e-05,0.00636311794,0.776828531,-0.662130756,-0.00230584222,2,-0.0962139387,0.109892098,-0.0442173395
2.456,1.47827502,1.86593618,1.85743876,0.828765707,14.5844591,0.43051922,-0.828765707,0.370955666,-4.00680343e-05,3.99379103e-05,4.02011589e-05,0.00658705292,0.799663087,-0.686852597,-0.00230064972,2,-0.0925213028,0.105637333,-0.0425710264
2.458,1.48202599,1.86761202,1.88616603,0.843360335,13.993725,0.435750703,-0.843360335,0.378241846,-4.10212867e-05,4.08953831e-05,4.11594159e-05,0.00680698167,0.821898174,-0.711256654,-0.00229126433,2,-0.088770332,0.101318365,-0.0408951793
2.46,1.48583294,1.86931647,1.91370519,0.85748577,13.3942127,0.440755501,-0.85748577,0.38534848,-4.19519437e-05,4.18305632e-05,4.20952488e-05,0.007022352,0.843476088,-0.735281847,-0.0022776503,2,-0.084963389,0.0969380448,-0.0391907276
2.462,1.48969346,1.87104858,1.94003896,0.871129865,12.7862948,0.445527144,-0.871129865,0.392268339,-4.28594283e-05,4.27428418e-05,4.30080546e-05,0.00723261917,0.864340017,-0.758867242,-0.00225978198,2,-0.0811028717,0.092499257,-0.0374586248
2.464,1.49360511,1.87280735,1.96515081,0.88428063,12.1703492,0.450059204,-0.88428063,0.398994166,-4.37431666e-05,4.36316125e-05,4.38972326e-05,0.00743724736,0.884434211,-0.781952232,-0.00223764434,2,-0.0771912118,0.0880049184,-0.0356998486
2.466,1.49756545,1.8745918,1.98902498,0.896926253,11.5467588,0.454345305,-0.896926253,0.405518692,-4.46025879e-05,4.44962712e-05,4.47621847e-05,0.00763571115,0.903704163,-0.804476703,-0.00221123345,2,-0.0732308729,0.0834579759,-0.0339154004
2.468,1.50157198,1.8764009,2.01164647,0.909055125,10.9159112,0.458379143,-0.909055125,0.411834652,-4.54371258e-05,4.53362176e-05,4.56023165e-05,0.00782749699,0.922096783,-0.82638122,-0.00218055696,2,-0.0692243492,0.0788614041,-0.0321063052
2.47,1.50562216,1.87823359,2.03300105,0.920655858,10.2781984,0.4621545,-0.920655858,0.417934797,-4.62462181e-05,4.61508553e-05,4.64170376e-05,0.00801210462,0.939560582,-0.847607209,-0.00214563452,2,-0.065174164,0.0742182034,-0.0302736106
2.472,1.50971346,1.88008882,2.05307529,0.931717306,9.63401686,0.465665264,-0.931717306,0.423811917,-4.70293078e-05,4.69395927e-05,4.72057626e-05,0.00818904856,0.956045845,-0.868097139,-0.00210649815,2,-0.0610828681,0.0695313979,-0.028418387
2.474,1.51384329,1.88196548,2.07185655,0.942228588,8.98376719,0.468905442,-0.942228588,0.42945885,-4.77858436e-05,4.7701844e-05,4.79679114e-05,0.00835785953,0.971504812,-0.887794712,-0.00206319259,2,-0.0569530379,0.0648040333,-0.0265417265
2.476,1.51800905,1.88386246,2.089333,0.952179105,8.32785373,0.47186918,-0.952179105,0.434868507,-4.85152802e-05,4.84370297e-05,4.87029106e-05,0.00851808583,0.985891851,-0.906645049,-0.00201577558,2,-0.0527872745,0.0600391746,-0.0246447427
2.478,1.52220813,1.88577863,2.10549362,0.961558566,7.66668451,0.474550776,-0.961558566,0.440033881,-4.92170797e-05,4.91445777e-05,4.94101939e-05,0.00866929475,0.999163634,-0.924594876,-0.00196431805,2,-0.0485882013,0.0552399042,-0.0227285702
2.48,1.52643786,1.88771284,2.12032821,0.970357003,7.00067095,0.476944699,-0.970357003,0.444948068,-4.98907114e-05,4.98239239e-05,5.0089203e-05,0.00881107392,1.0112793,-0.941592713,-0.00190890434,2,-0.0443584629,0.0504093197,-0.0207943634
2.482,1.5306956,1.88966391,2.13382738,0.978564793,6.33022764,0.479045601,-0.978564793,0.449604284,-5.05356533e-05,5.04745135e-05,5.07393885e-05,0.00894303261,1.02220062,-0.957589054,-0.00184963225,2,-0.0401007231,0.0455505319,-0.0188432967
2.484,1.53497866,1.89163064,2.14598258,0.98617268,5.6557721,0.480848337,-0.98617268,0.453995878,-5.11513925e-05,5.10958015e-05,5.1360211e-05,0.00906480301,1.03189216,-0.972536555,-0.00178661313,2,-0.0358176638,0.0406666624,-0.0168765628
2.486,1.53928434,1.89361183,2.15678612,0.993171789,4.97772454,0.482347979,-0.993171789,0.458116352,-5.17374257e-05,5.1687254e-05,5.19511416e-05,0.00917604141,1.04032143,-0.986390203,-0.00171997183,2,-0.0315119824,0.0357608422,-0.0148953728
2.488,1.54360994,1.89560625,2.16623112,0.999553649,4.29650759,0.483539827,-0.999553649,0.461959376,-5.22932607e-05,5.22483487e-05,5.25116632e-05,0.00927642944,1.04745902,-0.999107496,-0.00164984659,2,-0.0271863912,0.0308362088,-0.0129009548
2.49,1.54795271,1.89761265,2.17431156,1.00531021,3.61254611,0.484419428,-1.00531021,0.465518804,-5.28184165e-05,5.27785765e-05,5.30412714e-05,0.00936567509,1.05327876,-1.01064861,-0.00157638893,2,-0.0228436147,0.0258959047,-0.0108945535
2.492,1.55230994,1.89962977,2.18102227,1.01043385,2.92626687,0.484982588,-1.01043385,0.468788687,-5.33124245e-05,5.32774419e-05,5.35394753e-05,0.00944351381,1.05775782,-1.02097656,-0.00149976336,2,-0.0184863888,0.0209430754,-0.00887742903
2.494,1.55667887,1.90165635,2.18635894,1.01491741,2.23809837,0.485225384,-1.01491741,0.471763293,-5.37748294e-05,5.37444641e-05,5.40057984e-05,0.00950970946,1.06087685,-1.03005734,-0.00142014711,2,-0.0141174585,0.015980867,-0.00685085634
2.496,1.56105675,1.90369108,2.19031811,1.0187542,1.54847051,0.485144176,-1.0187542,0.474437117,-5.42051896e-05,5.41791783e-05,5.44397797e-05,0.00956405522,1.06262008,-1.03786011,-0.00133772979,2,-0.00973957618,0.0110124245,-0.00481612398
2.498,1.56544083,1.90573267,2.19289719,1.021938,0.857814426,0.484735624,-1.021938,0.476804898,-5.46030785e-05,5.45811363e-05,5.48409749e-05,0.00960637438,1.06297539,-1.04435728,-0.00125271288,2,-0.00535550032,0.0060408896,-0.00277453334
2.5,1.56982833,1.9077798,2.19409443,1.02446312,0.16656213,0.483996691,-1.02446312,0.478861633,-5.49680853e-05,5.49499075e-05,5.52089567e-05,0.00963652114,1.06193445,-1.04952468,-0.00116530928,2,-0.000967993382,0.001069399,-0.000727397605
2.502,1.57421651,1.90983116,2.19390899,1.02632434,-0.524853675,0.482924659,-1.02632434,0.480602587,-5.52998153e-05,5.52850799e-05,5.55433163e-05,0.00965438118,1.05949275,-1.05334164,-0.00107574274,2,0.00342017975,-0.00389891777,0.00132395927
2.504,1.57860258,1.91188541,2.19234085,1.02751699,-1.21599989,0.481517137,-1.02751699,0.482023307,-5.55978917e-05,5.55862614e-05,5.5843664e-05,0.0096598723,1.05564969,-1.05579116,-0.000984247184,2,0.00780625355,-0.00886094019,0.00337820356
2.506,1.58298379,1.91394119,2.18939087,1.02803693,-1.9064433,0.479772071,-1.02803693,0.483119634,-5.58619556e-05,5.58530799e-05,5.61096305e-05,0.00965294483,1.05040859,-1.05685992,-0.000891066072,2,0.0121874636,-0.0138135587,0.00543399287
2.508,1.58735737,1.91599718,2.18506079,1.02788056,-2.59575078,0.477687747,-1.02788056,0.483887716,-5.60916672e-05,5.60851849e-05,5.63408673e-05,0.00963358206,1.04377677,-1.05653844,-0.000796451607,2,0.0165610482,-0.0187536765,0.00748997719
2.51,1.59172058,1.918052,2.17935321,1.02704484,-3.28348964,0.475262806,-1.02704484,0.484324013,-5.62867065e-05,5.62822483e-05,5.65370476e-05,0.00960180046,1.03576552,-1.0548211,-0.000700663946,2,0.0209242503,-0.0236782114,0.00954480001
2.512,1.59607065,1.9201043,2.17227158,1.02552728,-3.96922786,0.472496243,-1.02552728,0.484425311,-5.64467743e-05,5.64439647e-05,5.66978677e-05,0.00955764991,1.02639016,-1.05170621,-0.000603970345,2,0.025274319,-0.028584098,0.0115970994
2.514,1.60040484,1.92215271,2.16382023,1.02332599,-4.65253434,0.469387415,-1.02332599,0.484188731,-5.65715927e-05,5.65700528e-05,5.6823047e-05,0.00950121374,1.01566998,-1.04719609,-0.000506644259,2,0.0296085116,-0.0334682888,0.0136455094
2.516,1.60472042,1.92419586,2.15400434,1.02043962,-5.33297921,0.465936049,-1.02043962,0.483611732,-5.66609061e-05,5.66602558e-05,5.69123294e-05,0.00943260871,1.00362827,-1.04129703,-0.000408964397,2,0.033924095,-0.0383277567,0.0156886605
2.518,1.60901467,1.92623238,2.14282997,1.01686743,-6.01013409,0.46214224,-1.01686743,0.482692123,-5.67144818e-05,5.67143424e-05,5.69654838e-05,0.00935198491,0.990292243,-1.03401938,-0.000311213746,2,0.0382183475,-0.0431594964,0.0177251817
2.52,1.61328489,1.9282609,2.13030401,1.01260925,-6.68357234,0.458006455,-1.01260925,0.481428068,-5.67321108e-05,5.67321073e-05,5.69823047e-05,0.00925952547,0.975692988,-1.0253775,-0.000213678562,2,0.0424885606,-0.047960526,0.019753701
2.522,1.61752837,1.93028005,2.11643421,1.00766551,-7.35286939,0.453529538,-1.00766551,0.479818091,-5.67136084e-05,5.67133719e-05,5.69626127e-05,0.00915544628,0.959865432,-1.01538978,-0.000116647335,2,0.0467320407,-0.0527278892,0.0217728469
2.524,1.62174244,1.93228845,2.10122918,1.00203722,-8.01760294,0.448712709,-1.00203722,0.477861078,-5.66588149e-05,5.66579849e-05,5.69062558e-05,0.0090399955,0.942848237,-1.00407859,-2.04097308e-05,2,0.0509461107,-0.0574586564,0.0237812494
2.526,1.62592444,1.93428474,2.08469835,0.995725995,-8.67735331,0.443557563,-0.995725995,0.475556288,-5.65675963e-05,5.6565823e-05,5.6813109e-05,0.00891345305,0.924683719,-0.991470258,7.47444782e-05,2,0.0551281119,-0.0621499267,0.0257775414
2.528,1.63007173,1.93626756,2.066852,0.98873404,-9.33170367,0.43806607,-0.98873404,0.472903347,-5.64398448e-05,5.6436791e-05,5.66830757e-05,0.00877612995,0.905417735,-0.977595001,0.000168526493,2,0.0592754054,-0.0667988293,0.0277603596
2.53,1.6341817,1.93823555,2.04770125,0.981064152,-9.98024031,0.432240576,-0.981064152,0.469902255,-5.62754794e-05,5.6270823e-05,5.65160874e-05,0.00862836758,0.88509957,-0.96248687,0.000260649574,2,0.0633853739,-0.0714025256,0.029728346
2.532,1.63825175,1.94018735,2.02725803,0.972719721,-10.6225529,0.426083798,-0.972719721,0.466553389,-5.60744462e-05,5.60678818e-05,5.63121048e-05,0.00847053684,0.863781803,-0.946183655,0.000350830121,2,0.0674554233,-0.0759582098,0.0316801488
2.534,1.64227931,1.94212163,2.0055351,0.963704725,-11.2582349,0.41959882,-0.963704725,0.462857499,-5.58367193e-05,5.58279603e-05,5.60711176e-05,0.00830303721,0.841520162,-0.928726798,0.000438788749,2,0.0714829846,-0.0804631113,0.033614424
2.536,1.64626184,1.94403704,1.98254601,0.95402373,-11.8868836,0.412789093,-0.95402373,0.458815707,-5.55623009e-05,5.55510811e-05,5.57931451e-05,0.00812629573,0.81837337,-0.910161278,0.000524251351,2,0.0754655152,-0.0849144959,0.0355298359
2.538,1.65019683,1.94593226,1.95830514,0.943681881,-12.5081006,0.405658427,-0.943681881,0.454429514,-5.52512218e-05,5.52372969e-05,5.54782364e-05,0.00794076587,0.794402983,-0.890535493,0.000606950138,2,0.0794005006,-0.0893096671,0.0374250588
2.54,1.65408178,1.94780598,1.93282764,0.932684901,-13.1214919,0.398210988,-0.932684901,0.449700787,-5.49035417e-05,5.48866909e-05,5.51264707e-05,0.00774692634,0.769673205,-0.869901125,0.000686624661,2,0.083285456,-0.0936459677,0.0392987783
2.542,1.65791425,1.94965689,1.90612946,0.921039083,-13.7266682,0.390451291,-0.921039083,0.444631765,-5.45193495e-05,5.44993768e-05,5.4737957e-05,0.0075452798,0.744250709,-0.848312992,0.000763022801,2,0.087117928,-0.0979207811,0.0411496917
2.544,1.66169182,1.95148371,1.87822732,0.908751282,-14.3232454,0.382384194,-0.908751282,0.439225052,-5.40987635e-05,5.40754988e-05,5.4312835e-05,0.00733635152,0.718204439,-0.825828893,0.000835901726,2,0.090895496,-0.102131533,0.0429765098
2.546,1.6654121,1.95328516,1.8491387,0.895828913,-14.9108445,0.37401489,-0.895828913,0.433483612,-5.36419319e-05,5.36152318e-05,5.38512744e-05,0.00712068793,0.691605407,-0.802509441,0.000905028808,2,0.0946157739,-0.106275692,0.044777958
2.548,1.66907274,1.95505998,1.81888183,0.882279936,-15.4890922,0.365348904,-0.882279936,0.427410766,-5.31490325e-05,5.31187813e-05,5.33534751e-05,0.00689885511,0.664526484,-0.778417886,0.000970182502,2,0.0982764113,-0.110350771,0.0465527768
2.55,1.67267142,1.95680693,1.7874757,0.868112852,-16.0576208,0.356392077,-0.868112852,0.42101019,-5.26202731e-05,5.25863832e-05,5.28196674e-05,0.00667143727,0.63704218,-0.753619924,0.00103115317,2,0.101875095,-0.11435433,0.0482997237
2.552,1.67620588,1.95852478,1.75494002,0.853336691,-16.6160688,0.347150566,-0.853336691,0.414285901,-5.20558916e-05,5.2018304e-05,5.22501118e-05,0.00643903508,0.609228422,-0.728183508,0.00108774388,2,0.105409552,-0.118283975,0.0500175737
2.554,1.67967387,1.96021232,1.72129522,0.837961002,-17.1640808,0.337630827,-0.837961002,0.407242257,-5.14561557e-05,5.14148404e-05,5.16450983e-05,0.00620226405,0.581162328,-0.702178641,0.0011397711,2,0.108877548,-0.122137361,0.0517051203
2.556,1.68307322,1.96186838,1.68656243,0.821995845,-17.701308,0.327839613,-0.821995845,0.399883951,-5.08213631e-05,5.07763189e-05,5.10049469e-05,0.00596175279,0.552921973,-0.675677169,0.0011870654,2,0.112276891,-0.125912192,0.0533611772
2.558,1.68640176,1.96349178,1.65076347,0.805451775,-18.2274084,0.317783961,-0.805451775,0.392215998,-5.01518415e-05,5.01030958e-05,5.03300072e-05,0.00571814122,0.524586153,-0.648752562,0.00122947204,2,0.115605432,-0.129606224,0.0549845784
2.56,1.68965739,1.96508138,1.61392086,0.788339837,-18.742047,0.307471181,-0.788339837,0.384243731,-4.94479481e-05,4.9395557e-05,4.96206576e-05,0.00547207885,0.496234152,-0.621479699,0.00126685154,2,0.118861066,-0.133217261,0.0565741799
2.562,1.69283806,1.96663606,1.57605776,0.770671546,-19.2448959,0.296908849,-0.770671546,0.375972795,-4.87100698e-05,4.86541172e-05,4.88773055e-05,0.00522422289,0.467945495,-0.593934632,0.00129908014,2,0.122041737,-0.136743164,0.0581288602
2.564,1.69594176,1.96815472,1.537198,0.752458882,-19.7356348,0.286104794,-0.752458882,0.367409133,-4.79386227e-05,4.78792198e-05,4.81003868e-05,0.00497523643,0.439799716,-0.566194369,0.00132605028,2,0.125145432,-0.140181846,0.0596475216
2.566,1.69896651,1.96963629,1.49736602,0.733714271,-20.2139509,0.27506709,-0.733714271,0.358558982,-4.71340518e-05,4.70713363e-05,4.72903651e-05,0.0047257866,0.411876114,-0.538336632,0.00134767089,2,0.128170188,-0.143531274,0.0611290907
2.568,1.70191042,1.97107972,1.45658692,0.714450576,-20.6795394,0.263804041,-0.714450576,0.34942886,-4.6296831e-05,4.62309658e-05,4.64477318e-05,0.00447654266,0.384253515,-0.510439626,0.00136386773,2,0.131114092,-0.146789471,0.0625725197
2.57,1.70477161,1.97248399,1.41488636,0.694681082,-21.1321035,0.252324177,-0.694681082,0.340025561,-4.54274624e-05,4.53586348e-05,4.5573005e-05,0.00422817414,0.357010035,-0.482581806,0.00137458359,2,0.133975282,-0.149954518,0.0639767869
2.572,1.70754827,1.9738481,1.37229061,0.674419482,-21.5713547,0.240636236,-0.674419482,0.330356144,-4.45264758e-05,4.44548961e-05,4.46667296e-05,0.00398134893,0.330222847,-0.454841638,0.00137977849,2,0.136751948,-0.153024552,0.0653408979
2.574,1.71023866,1.97517109,1.32882651,0.653679863,-21.997013,0.228749159,-0.653679863,0.32042792,-4.35944288e-05,4.35203286e-05,4.37294761e-05,0.00373673146,0.303967947,-0.427297363,0.00137942974,2,0.139442332,-0.155997769,0.0666638859
2.576,1.71284106,1.97645201,1.28452145,0.632476692,-22.4088069,0.216672076,-0.632476692,0.310248448,-4.26319055e-05,4.25555363e-05,4.27618404e-05,0.0034949808,0.27831993,-0.400026766,0.00137353199,2,0.142044733,-0.158872425,0.067944813
2.578,1.71535383,1.97768997,1.23940336,0.610824804,-22.806474,0.204414296,-0.610824804,0.299825519,-4.16395168e-05,4.15611482e-05,4.17644431e-05,0.0032567488,0.253351765,-0.373106941,0.00136209719,2,0.144557503,-0.161646833,0.0691827704
2.58,1.71777538,1.97888408,1.19350068,0.588739383,-23.1897608,0.191985295,-0.588739383,0.289167153,-4.0617899e-05,4.0537817e-05,4.07379287e-05,0.00302267831,0.229134581,-0.346614061,0.0013451545,2,0.146979052,-0.16431937,0.0703768798
2.582,1.72010417,1.9800335,1.14684236,0.56623595,-23.5584228,0.179394709,-0.56623595,0.278281582,-3.95677139e-05,3.94862189e-05,3.9682965e-05,0.00279340135,0.205737452,-0.320623151,0.00132275017,2,0.149307846,-0.166888473,0.0715262934
2.584,1.72233874,1.9811374,1.09945782,0.543330352,-23.9122251,0.16665232,-0.543330352,0.267177246,-3.84896477e-05,3.84070525e-05,3.86002426e-05,0.00256953737,0.183227197,-0.295207871,0.00129494728,2,0.151542412,-0.169352642,0.0726301948
2.586,1.72447766,1.982195,1.05137696,0.520038739,-24.2509421,0.153768044,-0.520038739,0.255862778,-3.73844106e-05,3.73010382e-05,3.74904739e-05,0.00235169149,0.161668179,-0.27044029,0.00126182549,2,0.153681333,-0.171710437,0.0736878001
2.588,1.72651958,1.98320556,1.00263011,0.496377558,-24.5743581,0.140751927,-0.496377558,0.244347,-3.62527358e-05,3.61689176e-05,3.63543925e-05,0.00214045287,0.14112212,-0.24639068,0.00122348074,2,0.155723255,-0.173960485,0.0746983575
2.59,1.72846321,1.98416835,0.953248023,0.472363532,-24.8822668,0.127614129,-0.472363532,0.232638905,-3.50953791e-05,3.50114522e-05,3.51927525e-05,0.00193639304,0.121647916,-0.223127307,0.00118002486,2,0.157666884,-0.176101475,0.0756611489
2.592,1.73030732,1.98508269,0.903261867,0.448013652,-25.1744721,0.114364915,-0.448013652,0.220747656,-3.39131178e-05,3.38294235e-05,3.40063277e-05,0.00174006431,0.103301466,-0.200716232,0.00113158516,2,0.159510989,-0.178132162,0.0765754898
2.594,1.73205073,1.98594793,0.852703189,0.423345153,-25.4507879,0.101014647,-0.423345153,0.208682571,-3.27067503e-05,3.26236311e-05,3.27959107e-05,0.00155199828,0.0861355113,-0.179221119,0.00107830394,2,0.161254402,-0.180051363,0.0774407299
2.596,1.73369234,1.98676346,0.801603902,0.398375511,-25.7110381,0.0875737729,-0.398375511,0.196453114,-3.14770949e-05,3.13948929e-05,3.15623126e-05,0.00137270434,0.0701994781,-0.158703048,0.00102033801,2,0.162896016,-0.181857963,0.0782562538
2.598,1.73523112,1.98752868,0.749996263,0.373122418,-25.955057,0.0740528182,-0.373122418,0.184068885,-3.02249894e-05,3.01440437e-05,3.03063616e-05,0.00120266828,0.0555393369,-0.139220339,0.000957858143,2,0.164434791,-0.183550914,0.0790214814
2.6,1.73666608,1.98824307,0.697912853,0.347603775,-26.1826892,0.0604623744,-0.347603775,0.171539615,-2.89512898e-05,2.88719346e-05,2.90289027e-05,0.00104235096,0.0421974682,-0.120828385,0.000891048458,2,0.165869751,-0.185129232,0.079735868
2.602,1.73799631,1.98890611,0.645386555,0.321837675,-26.3937897,0.0468130915,-0.321837675,0.158875151,-2.76568699e-05,2.75794319e-05,2.77307967e-05,0.00089218703,0.0302125399,-0.103579489,0.000820105823,2,0.167199986,-0.186592002,0.0803989051
2.604,1.73922098,1.98951732,0.592450536,0.295842387,-26.5882242,0.0331156684,-0.295842387,0.14608545,-2.63426201e-05,2.62674169e-05,2.64129196e-05,0.000752583754,0.0196193955,-0.087522718,0.000745239195,2,0.16842465,-0.187938374,0.0810101208
2.606,1.74033929,1.99007628,0.539138222,0.269636347,-26.7658688,0.0193808441,-0.269636347,0.13318057,-2.50094465e-05,2.49367845e-05,2.50761615e-05,0.00062391989,0.0104489538,-0.0727037595,0.00066666894,2,0.169542967,-0.189167567,0.0815690795
2.608,1.74135055,1.99058258,0.485483278,0.243238138,-26.9266105,0.00561938896,-0.243238138,0.120170661,-2.36582705e-05,2.35884426e-05,2.37214265e-05,0.000506544655,0.00272811937,-0.059164792,0.000584626123,2,0.170554226,-0.190278868,0.082075383
2.61,1.74225411,1.99103587,0.43151959,0.216666482,-27.0703469,-0.00815790382,-0.216666482,0.107065954,-2.22900274e-05,2.22233115e-05,2.23496311e-05,0.000400776775,-0.00352029531,-0.0469443646,0.000499351783,2,0.171457783,-0.191271632,0.0825286703
2.612,1.74304939,1.99143582,0.377281239,0.189940222,-27.1969865,-0.0219402269,-0.189940222,0.0938767568,-2.09056656e-05,2.08423228e-05,2.0961704e-05,0.000306903615,-0.00827763597,-0.0360772879,0.000411096177,2,0.172253065,-0.192145282,0.0829286181
2.614,1.74373589,1.99178214,0.32280248,0.163078309,-27.3064486,-0.0357167668,-0.163078309,0.0806134417,-1.95061459e-05,1.94464188e-05,1.95585855e-05,0.000225180398,-0.0115294609,-0.0265945348,0.000320118012,2,0.172939563,-0.192899311,0.0832749409
2.616,1.74431317,1.99207459,0.268117721,0.13609979,-27.3986634,-0.0494767125,-0.13609979,0.0672864388,-1.80924405e-05,1.80365515e-05,1.81412261e-05,0.000155829509,-0.0132655834,-0.0185231528,0.000226683664,2,0.173516842,-0.19353328,0.0835673911
2.618,1.74478086,1.99231296,0.213261505,0.109023794,-27.473572,-0.0632092634,-0.109023794,0.0539062275,-1.6665532e-05,1.66136823e-05,1.67105866e-05,9.90398933e-05,-0.0134801026,-0.0118861878,0.000131066377,2,0.173984531,-0.194046818,0.0838057594
2.62,1.74513866,1.99249708,0.15826848,0.0818695192,-27.5311265,-0.0769036371,-0.0818695192,0.0404833284,-1.52264127e-05,1.51787809e-05,1.52676369e-05,5.49665412e-05,-0.0121714218,-0.00670261817,3.35454582e-05,2,0.174342332,-0.194439625,0.0839898749
2.622,1.74538634,1.99262681,0.103173385,0.0546562161,-27.5712901,-0.0905490779,-0.0546562161,0.0270282949,-1.37760835e-05,1.37328245e-05,1.38133556e-05,2.37300674e-05,-0.00934225488,-0.00298730196,-6.55945411e-05,2,0.174590013,-0.19471147,0.084119605
2.624,1.74552374,1.99270206,0.0480110221,0.0274031789,-27.5940367,-0.104134864,-0.0274031789,0.0135517055,-1.23155533e-05,1.22767973e-05,1.23487296e-05,5.4163823e-06,-0.00499962128,-0.000750934214,-0.000166064647,2,0.174727415,-0.194862191,0.0841948558
2.626,1.74555077,1.99272277,-0.00718376174,0.000129729525,-27.5993514,-0.117650318,-0.000129729525,6.41556006e-05,-1.08458378e-05,1.08116898e-05,1.08747534e-05,7.64572293e-08,0.00084517185,-1.68297497e-08,-0.000267572291,2,0.174754445,-0.194891695,0.0842155721
2.628,1.74546741,1.99268894,-0.0623760979,-0.0271447949,-27.5872303,-0.131084809,0.0271447949,-0.0134237503,-9.36795885e-06,9.33849768e-06,9.39242938e-06,7.726184e-06,0.00817655885,-0.000736839888,-0.000369822141,2,0.174671084,-0.194799961,0.084181737
2.63,1.74527371,1.99260057,-0.117531118,-0.0544010552,-27.5576805,-0.144427767,0.0544010552,-0.0269014068,-7.88294354e-06,7.85822179e-06,7.90276845e-06,2.83463289e-05,0.0169747569,-0.00295947481,-0.000472516933,2,0.17447738,-0.194587034,0.0840933727
2.632,1.74496978,1.99245774,-0.172613977,-0.0816197236,-27.5107198,-0.157668687,0.0816197236,-0.0403582153,-6.39182333e-06,6.37186691e-06,6.40679276e-06,6.18825813e-05,0.0272158191,-0.00666177929,-0.0005753583,2,0.17417345,-0.194253032,0.0839505399
2.634,1.74455581,1.99226054,-0.227589873,-0.108781497,-27.4463772,-0.170797139,0.108781497,-0.053783592,-4.89563322e-06,4.88044135e-06,4.90554484e-06,0.000108245697,0.0388716991,-0.0118334141,-0.000678047604,2,0.173759483,-0.19379814,0.0837533378
2.636,1.74403206,1.99200911,-0.28242407,-0.135867109,-27.3646927,-0.183802774,0.135867109,-0.0671669761,-3.39541093e-06,3.38495624e-06,3.4001225e-06,0.000167311734,0.0519103275,-0.0184598714,-0.000780286759,2,0.173235735,-0.193222614,0.0835019044
2.638,1.74339886,1.99170362,-0.337081921,-0.162857346,-27.265717,-0.196675333,0.162857346,-0.0804978375,-1.89219609e-06,1.88642487e-06,1.8918845e-06,0.000238922385,0.0662956991,-0.0265225152,-0.000881779053,2,0.172602535,-0.192526778,0.083196416
2.64,1.7426566,1.99134429,-0.391528888,-0.189733057,-27.1495116,-0.209404657,0.189733057,-0.0937656852,-3.87029445e-07,3.85862137e-07,3.87510343e-07,0.000322885401,0.0819879723,-0.0359986331,-0.00098222996,2,0.171860277,-0.191711027,0.0828370873
2.642,1.74180575,1.99093137,-0.445730563,-0.21647517,-27.016149,-0.221980691,0.21647517,-0.106960075,1.11904795e-06,-1.11571616e-06,1.13663232e-06,0.000418975104,0.0989435783,-0.0468614992,-0.00108134795,2,0.171009426,-0.190775823,0.0824241712
2.644,1.74084684,1.99046516,-0.499652695,-0.243064703,-26.8657123,-0.234393496,0.243064703,-0.12007062,2.6249955e-06,-2.61729385e-06,2.64772306e-06,0.000526932998,0.117115342,-0.0590804496,-0.00117884528,2,0.170050516,-0.1897217,0.0819579586
2.646,1.73978047,1.98994598,-0.553261202,-0.269482778,-26.6982954,-0.246633257,0.269482778,-0.133086993,4.1297738e-06,-4.11785505e-06,4.15922708e-06,0.000646468459,0.136452612,-0.0726209675,-0.00127443879,2,0.168984148,-0.188549258,0.0814387784
2.648,1.73860732,1.9893742,-0.606522201,-0.295710637,-26.5140027,-0.258690291,0.295710637,-0.145998944,5.6323454e-06,-5.61638469e-06,5.66914596e-06,0.000777259523,0.156901405,-0.0874447808,-0.00136785067,2,0.167810992,-0.187259165,0.0808669968
2.65,1.73732811,1.98875022,-0.659402026,-0.321729653,-26.3129493,-0.270555053,0.321729653,-0.158796299,7.13167556e-06,-7.11186914e-06,7.17630057e-06,0.000918953753,0.17840455,-0.103509969,-0.00145880924,2,0.166531786,-0.185852161,0.0802430177
2.652,1.73594366,1.98807448,-0.711867247,-0.347521344,-26.0952605,-0.28221815,0.347521344,-0.171468978,8.62673293e-06,-8.60329677e-06,8.67962e-06,0.00107116919,0.200901858,-0.120771085,-0.00154704967,2,0.165147333,-0.18432905,0.0795672818
2.654,1.73445483,1.98734747,-0.763884694,-0.373067388,-25.8610724,-0.293670347,0.373067388,-0.184006997,1.01164902e-05,-1.00896585e-05,1.01780629e-05,0.00123349539,0.224330283,-0.139179276,-0.00163231475,2,0.163658504,-0.182690705,0.0788402667
2.656,1.73286256,1.98656969,-0.815421476,-0.398349638,-25.6105311,-0.304902576,0.398349638,-0.196400479,1.15999251e-05,-1.15699485e-05,1.16706003e-05,0.00140549455,0.248624108,-0.158682434,-0.00171435557,2,0.162066236,-0.180938068,0.0780624865
2.658,1.73116786,1.98574169,-0.866445003,-0.42335013,-25.3437931,-0.315905944,0.42335013,-0.208639665,1.30760204e-05,-1.30431644e-05,1.31562102e-05,0.00158670267,0.273715126,-0.179225333,-0.00179293226,2,0.160371531,-0.179072146,0.0772344912
2.66,1.72937178,1.98486407,-0.916923004,-0.448051107,-25.0610248,-0.326671746,0.448051107,-0.220714921,1.45437655e-05,-1.45083082e-05,1.46338766e-05,0.00177663085,0.299532838,-0.200749794,-0.00186781465,2,0.158575456,-0.177094012,0.0763568666
2.662,1.72747547,1.98393744,-0.96682355,-0.472435024,-24.7624029,-0.337191471,0.472435024,-0.232616747,1.60021561e-05,-1.59643869e-05,1.61025885e-05,0.0019747666,0.326004655,-0.223194852,-0.00193878291,2,0.156679141,-0.175004807,0.0754302336
2.664,1.72548011,1.98296245,-1.01611507,-0.496484568,-24.4481139,-0.347456812,0.496484568,-0.24433579,1.74501958e-05,-1.74104127e-05,1.75613406e-05,0.00218057526,0.353056104,-0.246496926,-0.00200562823,2,0.154683782,-0.172805737,0.074455248
2.666,1.72338696,1.9819398,-1.06476638,-0.520182671,-24.1183539,-0.357459679,0.520182671,-0.255862849,1.88868959e-05,-1.88454035e-05,1.90091333e-05,0.00239350145,0.380611049,-0.270590011,-0.0020681534,2,0.152590636,-0.170498073,0.0734326
2.668,1.72119735,1.98087022,-1.11274669,-0.543512522,-23.773329,-0.367192201,0.543512522,-0.267188889,2.03112765e-05,-2.02683843e-05,2.0444973e-05,0.00261297061,0.408591906,-0.295405862,-0.00212617341,2,0.15040102,-0.16808315,0.0723630135
2.67,1.71891264,1.97975445,-1.16002563,-0.566457587,-23.4132548,-0.376646745,0.566457587,-0.278305048,2.1722367e-05,-2.16783865e-05,2.18678734e-05,0.0028383906,0.436919876,-0.320874198,-0.00217951603,2,0.148116316,-0.165562369,0.0712472457
2.672,1.71653429,1.97859329,-1.20657326,-0.589001618,-23.0383561,-0.385815917,0.589001618,-0.289202646,2.31192067e-05,-2.30744496e-05,2.32768551e-05,0.00306915328,0.465515168,-0.346922906,-0.00222802229,2,0.145737964,-0.162937192,0.0700860866
2.674,1.71406379,1.97738756,-1.25236012,-0.61112867,-22.6488673,-0.394692578,0.61112867,-0.299873201,2.45008453e-05,-2.44556211e-05,2.46709468e-05,0.00330463624,0.494297242,-0.373478251,-0.00227154704,2,0.143267463,-0.160209145,0.0688803582
2.676,1.7115027,1.97613812,-1.2973572,-0.632823117,-22.2450317,-0.403269849,0.632823117,-0.310308431,2.58663435e-05,-2.58209575e-05,2.60491858e-05,0.00354420453,0.523185041,-0.400465097,-0.00230995937,2,0.14070637,-0.157379818,0.067630914
2.678,1.70885263,1.97484584,-1.34153599,-0.654069663,-21.8271019,-0.411541126,0.654069663,-0.320500268,2.72147738e-05,-2.71695243e-05,2.74106186e-05,0.00378721237,0.552097233,-0.427807124,-0.00234314307,2,0.138056302,-0.15445086,0.0663386384
2.68,1.70611526,1.97351165,-1.38486852,-0.674853362,-21.3953391,-0.419500081,0.674853362,-0.330440872,2.85452208e-05,-2.85003975e-05,2.87543013e-05,0.00403300503,0.580952455,-0.45542706,-0.00237099702,2,0.13531893,-0.151423982,0.065004446
2.682,1.70329231,1.97213648,-1.4273273,-0.695159627,-20.9500135,-0.427140681,0.695159627,-0.340122631,2.98567818e-05,-2.98126632e-05,3.00793009e-05,0.00428092057,0.609669555,-0.483246906,-0.00239343554,2,0.132495981,-0.148300956,0.0636292807
2.684,1.70038556,1.97072132,-1.46888542,-0.714974246,-20.4914036,-0.434457189,0.714974246,-0.349538183,3.11485674e-05,-3.11054191e-05,3.1384695e-05,0.00453029174,0.638167832,-0.511188172,-0.00241038871,2,0.129589236,-0.145083611,0.0622141152
2.686,1.69739686,1.96926715,-1.50951653,-0.734283399,-20.0197965,-0.441444178,0.734283399,-0.358680414,3.24197023e-05,-3.23777745e-05,3.26695736e-05,0.00478044786,0.666367285,-0.539172111,-0.00242180264,2,0.12660053,-0.141773837,0.0607599503
2.688,1.69432807,1.96777502,-1.54919485,-0.753073671,-19.5354876,-0.448096537,0.753073671,-0.367542479,3.36693253e-05,-3.36288512e-05,3.39330386e-05,0.00503071665,0.69418885,-0.567119954,-0.00242763971,2,0.123531748,-0.138373581,0.0592678135
2.69,1.69118115,1.96624596,-1.58789521,-0.771332062,-19.0387801,-0.454409481,0.771332062,-0.376117802,3.48965904e-05,-3.48577841e-05,3.51742056e-05,0.00528042616,0.721554639,-0.594953149,-0.00242787872,2,0.120384828,-0.134884846,0.0577387591
2.692,1.68795808,1.96468107,-1.62559304,-0.789046006,-18.5299853,-0.460378557,0.789046006,-0.384400093,3.6100667e-05,-3.6063722e-05,3.63922038e-05,0.00552890663,0.748388178,-0.622593599,-0.00242251509,2,0.117161757,-0.131309692,0.0561738665
2.694,1.6846609,1.96308144,-1.6622644,-0.806203382,-18.0094223,-0.465999655,0.806203382,-0.392383351,3.72807405e-05,-3.72458279e-05,3.75861771e-05,0.0057754924,0.774614637,-0.649963893,-0.00241156084,2,0.113864569,-0.127650234,0.0545742399
2.696,1.68129167,1.96144821,-1.697886,-0.822792528,-17.4774176,-0.471269012,0.822792528,-0.400061879,3.8436013e-05,-3.840328e-05,3.87552847e-05,0.00601952375,0.800161059,-0.676987544,-0.00239504474,2,0.110495347,-0.123908639,0.052941007
2.698,1.67785255,1.95978252,-1.73243521,-0.838802253,-16.934305,-0.47618322,0.838802253,-0.407430286,3.95657035e-05,-3.95352724e-05,3.98987019e-05,0.00626034879,0.824956579,-0.70358922,-0.00237301219,2,0.10705622,-0.12008713,0.0512753184
2.7,1.67434568,1.95808555,-1.76589007,-0.85422185,-16.3804257,-0.480739235,0.85422185,-0.414483503,4.06690489e-05,-4.06410154e-05,4.10156207e-05,0.00649732527,0.848932641,-0.72969497,-0.00234552519,2,0.103549358,-0.11618798,0.0495783464
2.702,1.6707733,1.95635849,-1.7982293,-0.86904111,-15.8161275,-0.484934378,0.86904111,-0.421216783,4.17453041e-05,-4.17197367e-05,4.21052509e-05,0.00672982239,0.872023206,-0.75523245,-0.00231266221,2,0.0999769778,-0.112213514,0.0478512841
2.704,1.66713766,1.95460255,-1.82943233,-0.883250327,-15.2417653,-0.488766345,0.883250327,-0.427625715,4.27937428e-05,-4.27706816e-05,4.31668202e-05,0.00695722258,0.894164951,-0.780131141,-0.002274518,2,0.0963413363,-0.108166106,0.0460953443
2.706,1.66344106,1.95281896,-1.8594793,-0.896840319,-14.6577004,-0.492233208,0.896840319,-0.433706227,4.38136579e-05,-4.37931141e-05,4.41995756e-05,0.00717892322,0.915297459,-0.804322558,-0.00223120333,2,0.0926447308,-0.104048178,0.0443117587
2.708,1.65968582,1.95100898,-1.88835108,-0.909802431,-14.0643005,-0.495333423,0.909802431,-0.439454595,4.4804362e-05,-4.47863175e-05,4.52027838e-05,0.00739433836,0.935363402,-0.827740464,-0.00218284468,2,0.0888894974,-0.0998621999,0.0425017766
2.71,1.65587434,1.94917387,-1.91602928,-0.922128547,-13.4619392,-0.49806583,0.922128547,-0.444867448,4.57651881e-05,-4.57495951e-05,4.61757321e-05,0.00760290029,0.954308711,-0.850321057,-0.00212958394,2,0.0850780096,-0.095610689,0.0406666642
2.712,1.652009,1.9473149,-1.94249626,-0.933811101,-12.8509964,-0.500429657,0.933811101,-0.449941773,4.66954899e-05,-4.66822706e-05,4.71177291e-05,0.00780406118,0.972082736,-0.872003172,-0.00207157792,2,0.0812126768,-0.091296206,0.0388077027
2.714,1.64809227,1.94543339,-1.96773515,-0.944843084,-12.2318572,-0.502424524,0.944843084,-0.454674922,4.75946425e-05,-4.75836895e-05,4.80281052e-05,0.00799729458,0.988638395,-0.892728453,-0.00200899791,2,0.0772959425,-0.0869213556,0.0369261884
2.716,1.64412661,1.94353063,-1.99172984,-0.955218052,-11.6049126,-0.504050441,0.955218052,-0.459064613,4.84620429e-05,-4.84532192e-05,4.89062139e-05,0.00818209686,1.00393231,-0.912441527,-0.00194202915,2,0.0733302832,-0.0824887848,0.0350234304
2.718,1.64011453,1.94160795,-2.01446503,-0.964930136,-10.9705585,-0.505307811,0.964930136,-0.463108936,4.92971103e-05,-4.92902499e-05,4.97514321e-05,0.00835798857,1.01792491,-0.931090168,-0.00187087024,2,0.0693182065,-0.0780011815,0.0331007502
2.72,1.63605858,1.93966668,-2.03592619,-0.973974045,-10.329196,-0.506197428,0.973974045,-0.466806356,5.00992869e-05,-5.00941955e-05,5.05631609e-05,0.00852451581,1.0305806,-0.948625441,-0.0017957325,2,0.0652622499,-0.0734612729,0.0311594802
2.722,1.63196131,1.93770816,-2.05609961,-0.982345073,-9.68123063,-0.506720477,0.982345073,-0.470155714,5.08680382e-05,-5.08644938e-05,5.13408264e-05,0.00868125136,1.04186777,-0.965001843,-0.00171683928,2,0.0611649785,-0.0688718244,0.0292009629
2.724,1.62782531,1.93573375,-2.07497238,-0.990039105,-9.02707267,-0.506878533,0.990039105,-0.473156228,5.16028536e-05,-5.1600608e-05,5.20838806e-05,0.00882779589,1.05175896,-0.980177429,-0.00163442521,2,0.0570289841,-0.0642356379,0.0272265491
2.726,1.62365321,1.9337448,-2.09253245,-0.997052619,-8.36713652,-0.506673556,0.997052619,-0.475807496,5.23032468e-05,-5.23020264e-05,5.27918016e-05,0.00896377897,1.06023086,-0.994113925,-0.00154873542,2,0.0528568833,-0.0595555502,0.0252375974
2.728,1.61944764,1.93174267,-2.10876855,-1.00338269,-7.70184057,-0.506107887,1.00338269,-0.478109491,5.29687563e-05,-5.29682637e-05,5.34640945e-05,0.00908886003,1.0672644,-1.00677682,-0.00146002471,2,0.0486513155,-0.0548344317,0.0232354726
2.73,1.61521127,1.92972875,-2.1236703,-1.009027,-7.03160689,-0.505184248,1.009027,-0.480062567,5.35989461e-05,-5.35988615e-05,5.41002925e-05,0.00920272922,1.07284478,-1.01813548,-0.00136855665,2,0.044414942,-0.0500751846,0.0212215446
2.732,1.61094677,1.92770439,-2.13722812,-1.01398381,-6.35686103,-0.503905728,1.01398381,-0.481667451,5.41934057e-05,-5.4193389e-05,5.46999567e-05,0.00930510816,1.07696149,-1.02816317,-0.00127460269,2,0.0401504434,-0.0452807414,0.019197187
2.734,1.60665685,1.92567098,-2.14943333,-1.01825201,-5.6780317,-0.502275788,1.01825201,-0.482925242,5.4751751e-05,-5.47514432e-05,5.52626774e-05,0.00939575064,1.07960832,-1.03683715,-0.00117844119,2,0.0358605187,-0.0404540631,0.0171637765
2.736,1.60234421,1.92362989,-2.16027807,-1.02183107,-4.99555052,-0.500298242,1.02183107,-0.483837409,5.52736244e-05,-5.52726501e-05,5.57880745e-05,0.00947444313,1.08078332,-1.04413874,-0.00108035647,2,0.0315478829,-0.0355981379,0.015122691
2.738,1.59801159,1.92158251,-2.16975536,-1.02472107,-4.30985172,-0.497977259,1.02472107,-0.484405785,5.57586954e-05,-5.57566646e-05,5.62757976e-05,0.00954100524,1.08048883,-1.05005327,-0.000980637758,2,0.027215266,-0.0307159788,0.0130753087
2.74,1.59366174,1.91953021,-2.17785911,-1.02692267,-3.62137191,-0.495317347,1.02692267,-0.484632562,5.62066611e-05,-5.62031715e-05,5.67255274e-05,0.00959529011,1.07873139,-1.05457017,-0.000879578189,2,0.0228654106,-0.0258106226,0.0110230071
2.742,1.5892974,1.91747436,-2.18458406,-1.02843714,-2.93054974,-0.492323345,1.02843714,-0.484520285,5.66172461e-05,-5.66118858e-05,5.71369753e-05,0.00963718459,1.07552173,-1.05768295,-0.000777473755,2,0.0185010704,-0.0208851277,0.00896716141
2.744,1.58492134,1.91541635,-2.18992588,-1.02926632,-2.23782565,-0.489000415,1.02926632,-0.484071845,5.69902036e-05,-5.69825531e-05,5.75098844e-05,0.00966660945,1.07087467,-1.05938916,-0.000674622235,2,0.0141250085,-0.0159425721,0.00690914375
2.746,1.58053632,1.91335752,-2.19388109,-1.02941265,-1.54364156,-0.485354028,1.02941265,-0.48329047,5.73253149e-05,-5.73149502e-05,5.78440297e-05,0.00968351934,1.06480902,-1.0596904,-0.000571322136,2,0.00973999588,-0.0109860521,0.00485032172
2.748,1.57614514,1.91129926,-2.1964471,-1.02887912,-0.848440608,-0.481389952,1.02887912,-0.482179718,5.76223905e-05,-5.76088853e-05,5.81392186e-05,0.00968790274,1.05734756,-1.05859224,-0.000467871617,2,0.00534880897,-0.00601868011,0.00279205737
2.75,1.57175056,1.90924291,-2.1976222,-1.0276693,-0.152666818,-0.477114239,1.0276693,-0.480743465,5.78812698e-05,-5.78641981e-05,5.83952909e-05,0.00967978181,1.04851685,-1.05610419,-0.000364567426,2,0.000954228478,-0.00104358261,0.000735706042
2.752,1.56735536,1.90718982,-2.1974056,-1.02578731,0.543235166,-0.472533213,1.02578731,-0.4789859,5.81018216e-05,-5.80807609e-05,5.86121196e-05,0.00965921208,1.03834713,-1.05223961,-0.000261703839,2,-0.00344096264,0.00393610145,-0.00131738475
2.754,1.56296235,1.90514133,-2.19579735,-1.02323783,1.23882039,-0.467653452,1.02323783,-0.476911506,5.82839445e-05,-5.82584778e-05,5.87896106e-05,0.00962628206,1.02687221,-1.04701565,-0.000159571615,2,-0.00783398092,0.00891722281,-0.00336587642
2.756,1.55857428,1.90309876,-2.19279844,-1.02002605,1.9336439,-0.462481778,1.02002605,-0.474525054,5.84275666e-05,-5.83972858e-05,5.89277032e-05,0.00958111278,1.01412932,-1.04045314,-5.84569704e-05,2,-0.0122220442,0.0138966238,-0.00540844041
2.758,1.55419395,1.90106344,-2.18841072,-1.0161577,2.62726102,-0.457025238,1.0161577,-0.471831589,5.85326462e-05,-5.84971542e-05,5.90263701e-05,0.00952385721,1.00015893,-1.03257648,4.13594209e-05,2,-0.0166023732,0.0188711404,-0.00744375919
2.76,1.54982413,1.89903667,-2.18263693,-1.01163902,3.31922768,-0.451291087,1.01163902,-0.468836416,5.85991715e-05,-5.85580853e-05,5.90856175e-05,0.00945469958,0.985004591,-1.02341352,0.000139603402,2,-0.0209721937,0.0238376043,-0.00947052735
2.762,1.54546759,1.89701975,-2.1754807,-1.00647675,4.0091007,-0.445286776,1.00647675,-0.465545088,5.86271612e-05,-5.8580114e-05,5.91054853e-05,0.00937385463,0.968712789,-1.01299544,0.000236008268,2,-0.025328738,0.0287928446,-0.0114874526
2.764,1.54112708,1.89501395,-2.16694657,-1.00067808,4.69643809,-0.43901993,1.00067808,-0.461963388,5.86166639e-05,-5.85633081e-05,5.90860467e-05,0.00928156679,0.951332732,-1.00135661,0.000330315664,2,-0.0296692466,0.0337336905,-0.0134932566
2.766,1.53680536,1.89302053,-2.15703992,-0.994250699,5.38079939,-0.432498336,0.994250699,-0.458097318,5.85677586e-05,-5.85077679e-05,5.90274082e-05,0.00917810919,0.932916177,-0.988534452,0.000422276438,2,-0.0339909704,0.0386569728,-0.0154866761
2.768,1.53250515,1.89104074,-2.14576705,-0.987202733,6.06174594,-0.425729918,0.987202733,-0.453953083,5.84805543e-05,-5.84136264e-05,5.89297097e-05,0.00906378275,0.913517229,-0.974569236,0.000511651447,2,-0.0382911721,0.0435595264,-0.0174664639
2.77,1.5282292,1.88907581,-2.1331351,-0.979542738,6.73884119,-0.418722728,0.979542738,-0.449537073,5.83551906e-05,-5.82810489e-05,5.87931242e-05,0.00893891504,0.893192147,-0.959503975,0.000598212304,2,-0.042567128,0.0484381922,-0.0194313893
2.772,1.5239802,1.88712696,-2.1191521,-0.971279681,7.41165101,-0.411484921,0.971279681,-0.444855847,5.81918366e-05,-5.81102328e-05,5.86178573e-05,0.00880385916,0.871999137,-0.943384218,0.000681742077,2,-0.0468161299,0.0532898192,-0.0213802394
2.774,1.51976084,1.88519538,-2.10382696,-0.962422925,8.07974398,-0.404024741,0.962422925,-0.439916119,5.79906915e-05,-5.79014073e-05,5.84041469e-05,0.00865899256,0.849998144,-0.926257887,0.000762035922,2,-0.0510354867,0.0581112668,-0.0233118199
2.776,1.5155738,1.88328225,-2.08716943,-0.952982209,8.74269171,-0.396350501,0.952982209,-0.43472474,5.77519842e-05,-5.7654833e-05,5.81522632e-05,0.00850471575,0.827250648,-0.908175091,0.000838901654,2,-0.055222526,0.0628994071,-0.0252249553
2.778,1.51142173,1.88138871,-2.06919011,-0.942967625,9.40006913,-0.388470565,0.942967625,-0.42928868,5.74759728e-05,-5.73708017e-05,5.78625079e-05,0.00834145104,0.803819449,-0.889187942,0.000912160254,2,-0.0593745964,0.0676511267,-0.0271184903
2.78,1.50730726,1.87951591,-2.04990046,-0.9323896,10.0514548,-0.38039333,0.9323896,-0.423615013,5.71629447e-05,-5.70496356e-05,5.75352136e-05,0.00816964112,0.779768463,-0.869350366,0.000981646304,2,-0.0634890684,0.0723633289,-0.0289912903
2.782,1.50323299,1.87766496,-2.02931278,-0.921258874,10.6964311,-0.372127211,0.921258874,-0.417710898,5.68132158e-05,-5.66916869e-05,5.71707435e-05,0.00798974773,0.755162507,-0.848717913,0.00104720836,2,-0.0675633365,0.0770329363,-0.0308422416
2.784,1.49920151,1.87583695,-2.00744021,-0.909586482,11.3345847,-0.363680619,0.909586482,-0.411583563,5.64271304e-05,-5.62973371e-05,5.67694908e-05,0.00780225021,0.730067098,-0.827347568,0.00110870924,2,-0.071594821,0.0816568926,-0.0326702526
2.786,1.49521536,1.87403295,-1.98429669,-0.897383728,11.9655068,-0.355061946,0.897383728,-0.405240288,5.60050608e-05,-5.58669966e-05,5.63318777e-05,0.00760764404,0.704548243,-0.805297555,0.00116602627,2,-0.0755809695,0.086232165,-0.0344742541
2.788,1.49127707,1.872254,-1.95989698,-0.884662166,12.5887933,-0.346279549,0.884662166,-0.398688387,5.55474065e-05,-5.54011039e-05,5.5858355e-05,0.00740643939,0.678672243,-0.782627149,0.00121905141,2,-0.0795192583,0.0907557461,-0.0362531997
2.79,1.48738913,1.87050114,-1.93425667,-0.87143358,13.2040451,-0.337341731,0.87143358,-0.391935193,5.50545938e-05,-5.49001247e-05,5.5349401e-05,0.00719915958,0.652505494,-0.759396484,0.00126769135,2,-0.0834071945,0.0952246565,-0.0380060666
2.792,1.48355401,1.86877535,-1.90739212,-0.857709957,13.8108685,-0.328256729,0.857709957,-0.384988042,5.45270756e-05,-5.4364551e-05,5.48055212e-05,0.00698633963,0.626114296,-0.735666371,0.00131186753,2,-0.0872423171,0.0996359467,-0.0397318557
2.794,1.47977413,1.86707761,-1.87932047,-0.843503472,14.4088755,-0.319032693,0.843503472,-0.377854253,5.39653299e-05,-5.37949008e-05,5.42272467e-05,0.0067685247,0.599564669,-0.711498107,0.00135151608,2,-0.091022199,0.103986699,-0.041429592
2.796,1.47605188,1.86540888,-1.85005964,-0.82882646,14.9976837,-0.309677677,0.82882646,-0.370541117,5.33698599e-05,-5.31917165e-05,5.36151337e-05,0.00654626864,0.572922172,-0.686953301,0.00138658765,2,-0.0947444483,0.108274032,-0.0430983252
2.798,1.47238962,1.86377007,-1.81962832,-0.8136914,15.5769171,-0.300199621,0.8136914,-0.363055879,5.2741193e-05,-5.25555645e-05,5.29697627e-05,0.0063201324,0.546251734,-0.662093694,0.0014170473,2,-0.0984067098,0.112495097,-0.0447371299
2.8,1.46878966,1.8621621,-1.78804594,-0.798110889,16.146206,-0.29060634,0.798110889,-0.355405725,5.20798799e-05,-5.18870338e-05,5.22917371e-05,0.00609068263,0.519617486,-0.636980992,0.00144287418,2,-0.102006667,0.116647087,-0.0463451056
2.802,1.46525428,1.86058582,-1.75533265,-0.782097627,16.7051872,-0.280905508,0.782097627,-0.347597767,5.1386494e-05,-5.11867354e-05,5.15816821e-05,0.00585849013,0.493082611,-0.611676698,0.00146406123,2,-0.105542042,0.120727235,-0.0479213775
2.804,1.46178573,1.85904211,-1.72150935,-0.765664391,17.2535046,-0.27110465,0.765664391,-0.339639028,5.06616303e-05,-5.04553009e-05,5.08402443e-05,0.00562412839,0.466709189,-0.586241959,0.00148061481,2,-0.1090106,0.124732817,-0.0494650958
2.806,1.45838618,1.85753177,-1.68659761,-0.748824017,17.7908092,-0.261211129,0.748824017,-0.331536432,4.99059049e-05,-4.96933815e-05,5.00680897e-05,0.00538817219,0.440558067,-0.560737408,0.00149255431,2,-0.112410147,0.128661154,-0.0509754367
2.808,1.45505779,1.8560556,-1.65061973,-0.731589383,18.3167592,-0.251232137,0.731589383,-0.323296789,4.91199536e-05,-4.8901647e-05,4.92659033e-05,0.00515119614,0.414688723,-0.535223026,0.0014999116,2,-0.115738535,0.132509613,-0.052451602
2.81,1.45180267,1.85461438,-1.61359867,-0.713973389,18.8310205,-0.241174683,0.713973389,-0.314926788,4.83044315e-05,-4.80807846e-05,4.84343873e-05,0.00491377334,0.389159147,-0.509758,0.00150273058,2,-0.118993659,0.136275613,-0.0538928194
2.812,1.44862286,1.85320886,-1.57555804,-0.695988935,19.3332667,-0.231045589,0.695988935,-0.306432979,4.74600115e-05,-4.72314977e-05,4.75742607e-05,0.00467647397,0.364025735,-0.484400598,0.0015010666,2,-0.122173463,0.13995662,-0.0552983422
2.814,1.44552039,1.85183975,-1.53652212,-0.677648913,19.8231797,-0.220851479,0.677648913,-0.297821771,4.65873836e-05,-4.63545048e-05,4.66862573e-05,0.00443986405,0.339343182,-0.459208049,0.00149498586,2,-0.125275938,0.143550157,-0.0566674496
2.816,1.4424972,1.85050776,-1.49651581,-0.65896618,20.3004493,-0.210598774,0.65896618,-0.289099418,4.56872538e-05,-4.54505382e-05,4.57711252e-05,0.00420450408,0.315164394,-0.434236426,0.00148456481,2,-0.128299124,0.1470538,-0.0579994465
2.818,1.43955521,1.84921354,-1.45556462,-0.639953551,20.7647739,-0.200293688,0.639953551,-0.280272014,4.47603431e-05,-4.45203432e-05,4.4829625e-05,0.0039709479,0.291540406,-0.409540548,0.00146988946,2,-0.131241112,0.150465183,-0.0592936636
2.82,1.43669628,1.84795774,-1.41369467,-0.620623781,21.2158604,-0.189942222,0.620623781,-0.271345482,4.38073863e-05,-4.35646764e-05,4.38625292e-05,0.0037397414,0.268520305,-0.385173877,0.00145105475,2,-0.134100046,0.153781998,-0.0605494571
2.822,1.43392221,1.84674099,-1.37093264,-0.600989551,21.6534246,-0.17955016,0.600989551,-0.262325573,4.28291311e-05,-4.25843046e-05,4.28706204e-05,0.00351142146,0.246151174,-0.36118844,0.00142816386,2,-0.13687412,0.157002,-0.0617662085
2.824,1.43123474,1.84556388,-1.32730579,-0.581063456,22.0771913,-0.16912307,0.581063456,-0.253217856,4.18263371e-05,-4.15800041e-05,4.18546907e-05,0.0032865148,0.224478029,-0.33763474,0.00140132753,2,-0.139561584,0.160123003,-0.0629433246
2.826,1.42863558,1.84442696,-1.28284191,-0.560857997,22.4868944,-0.1586663,0.560857997,-0.244027716,4.07997742e-05,-4.05525591e-05,4.081554e-05,0.00306553693,0.203543778,-0.314561693,0.00137066332,2,-0.142160745,0.163142891,-0.0640802373
2.828,1.42612636,1.8433308,-1.23756932,-0.540385565,22.882277,-0.148184977,0.540385565,-0.234760352,3.97502224e-05,-3.95027604e-05,3.97539753e-05,0.00284899118,0.183389181,-0.292016559,0.00133629497,2,-0.144669962,0.166059608,-0.0651764035
2.83,1.42370867,1.8422759,-1.19151686,-0.519658437,23.2630919,-0.13768401,0.519658437,-0.225420771,3.86784697e-05,-3.84314048e-05,3.86708094e-05,0.0026373677,0.16405282,-0.270044891,0.0012983517,2,-0.147087655,0.168871171,-0.0662313046
2.832,1.42138403,1.84126276,-1.14471384,-0.498688765,23.6291013,-0.127168092,0.498688765,-0.216013789,3.7585312e-05,-3.73392936e-05,3.75668596e-05,0.00243114261,0.145571075,-0.248690484,0.00125696749,2,-0.1494123,0.171575663,-0.0672444463
2.834,1.41915389,1.84029184,-1.09719004,-0.477488571,23.9800773,-0.1166417,0.477488571,-0.206544032,3.64715513e-05,-3.62272316e-05,3.6442947e-05,0.00223077708,0.127978112,-0.227995336,0.00121228048,2,-0.151642433,0.17417124,-0.0682153587
2.836,1.41701968,1.83936361,-1.04897569,-0.456069741,24.3158017,-0.106109101,0.456069741,-0.197015932,3.53379951e-05,-3.5096026e-05,3.52998952e-05,0.00203671658,0.111305868,-0.207999609,0.00116443227,2,-0.15377665,0.176656131,-0.0691435956
2.838,1.41498272,1.83847847,-1.00010146,-0.434444021,24.6360665,-0.0955743546,0.434444021,-0.187433734,3.41854551e-05,-3.39464856e-05,3.41385294e-05,0.00184939008,0.0955840516,-0.188741608,0.00111356735,2,-0.15581361,0.179028638,-0.0700287343
2.84,1.4130443,1.83763683,-0.95059841,-0.412623014,24.9406737,-0.08504132,0.412623014,-0.177801493,3.30147465e-05,-3.27794194e-05,3.29596757e-05,0.00166920935,0.0808401436,-0.170257751,0.00105983247,2,-0.15775203,0.181287138,-0.0708703757
2.842,1.41120563,1.83683906,-0.900498001,-0.390618176,25.2294357,-0.0745136615,0.390618176,-0.168123081,3.18266866e-05,-3.15956363e-05,3.17641599e-05,0.00149656833,0.0670994033,-0.152582559,0.00100337609,2,-0.159590692,0.183430089,-0.0716681435
2.844,1.40946789,1.83608552,-0.849832059,-0.36844082,25.502175,-0.0639948556,0.36844082,-0.15840219,3.06220943e-05,-3.03959433e-05,3.05528069e-05,0.00133184244,0.0543848799,-0.135748638,0.000944347839,2,-0.161328441,0.185456021,-0.0724216843
2.846,1.40783214,1.83537654,-0.798632754,-0.346102112,25.7587245,-0.0534881988,0.346102112,-0.148642337,2.94017889e-05,-2.91811456e-05,2.932644e-05,0.00117538809,0.0427174275,-0.119786672,0.000882898055,2,-0.162964187,0.187363549,-0.0731306669
2.848,1.40629942,1.83471242,-0.746932587,-0.323613076,25.998928,-0.0429968158,0.323613076,-0.13884687,2.81665894e-05,-2.79520451e-05,2.80858803e-05,0.00102754208,0.0321157229,-0.104725423,0.000819177288,2,-0.164496903,0.189151365,-0.0737947824
2.85,1.4048707,1.83409346,-0.69476436,-0.300984594,26.2226395,-0.0325236693,0.300984594,-0.129018974,2.69173134e-05,-2.67094401e-05,2.68319459e-05,0.000888621177,0.0225962863,-0.0905917256,0.000753335905,2,-0.165925628,0.190818246,-0.0744137439
2.852,1.40354686,1.83351992,-0.642161159,-0.27822741,26.4297238,-0.0220715695,0.27822741,-0.11916168,2.56547767e-05,-2.54541242e-05,2.55654521e-05,0.000758921608,0.0141735046,-0.0774104919,0.000685523708,2,-0.167249469,0.192363049,-0.0749872859
2.854,1.40232873,1.83299204,-0.589156336,-0.25535214,26.6200563,-0.0116431842,0.25535214,-0.10927787,2.43797921e-05,-2.41868859e-05,2.42872109e-05,0.0006387187,0.00685965571,-0.0652047155,0.000615889606,2,-0.168467595,0.193784716,-0.0755151643
2.856,1.40121708,1.83251005,-0.535783479,-0.23236927,26.7935235,-0.00124105015,0.23236927,-0.0993702886,2.3093169e-05,-2.29085081e-05,2.29980308e-05,0.000528266499,0.000664934169,-0.0539954778,0.000544581317,2,-0.169579246,0.195082274,-0.075997156
2.858,1.4002126,1.83207414,-0.482076399,-0.209289169,26.9500223,0.00913241553,0.209289169,-0.0894415522,2.17957126e-05,-2.16197674e-05,2.16987177e-05,0.000427797437,-0.004402522,-0.0438019563,0.000471745128,2,-0.170583729,0.196254835,-0.0764330588
2.86,1.39931591,1.83168451,-0.428069104,-0.186122093,27.0894609,0.0194749038,0.186122093,-0.079494157,2.04882234e-05,-2.03214336e-05,2.03900751e-05,0.000337522046,-0.00833660463,-0.0346414334,0.000397525686,2,-0.171480417,0.197301597,-0.076822691
2.862,1.39852757,1.83134131,-0.373795775,-0.162878194,27.211758,0.0297842015,0.162878194,-0.069530491,1.91714965e-05,-1.90142695e-05,1.90729057e-05,0.000257628692,-0.0111332087,-0.0265293062,0.000322065833,2,-0.172268752,0.198221845,-0.0771658916
2.864,1.39784808,1.83104468,-0.31929075,-0.139567533,27.3168435,0.0400581784,0.139567533,-0.0595528447,1.78463213e-05,-1.76990301e-05,1.77480136e-05,0.000188283359,-0.0127902059,-0.0194790964,0.000245506489,2,-0.172948246,0.199014953,-0.0774625193
2.866,1.39727785,1.83079475,-0.2645885,-0.116200085,27.4046581,0.0502947751,0.116200085,-0.049563422,1.65134807e-05,-1.63764631e-05,1.64162076e-05,0.000129629447,-0.0133074191,-0.0135024598,0.000167986569,2,-0.173518478,0.199680382,-0.0777124531
2.868,1.39681723,1.83059161,-0.209723603,-0.0927857508,27.4751537,0.0604919893,0.0927857508,-0.0395643525,1.51737511e-05,-1.50473077e-05,1.50783067e-05,8.17876151e-05,-0.0126865979,-0.00860919555,8.96429358e-05,2,-0.173979097,0.200217681,-0.0779155919
2.87,1.39646651,1.83043535,-0.154730727,-0.0693343691,27.5282927,0.0706478634,0.0693343691,-0.0295577034,1.38279017e-05,-1.37122953e-05,1.37351497e-05,4.48556491e-05,-0.0109313952,-0.00480725474,1.06103945e-05,2,-0.17432982,0.200626488,-0.0780718542
2.872,1.39622589,1.83032602,-0.0996446063,-0.0458557274,27.564049,0.0807604708,0.0458557274,-0.0195454915,1.24766944e-05,-1.23721487e-05,1.23876097e-05,1.89083587e-05,-0.00804734532,-0.00210274774,-6.89782819e-05,2,-0.174570436,0.200906531,-0.0781811782
2.874,1.39609553,1.83026368,-0.0445000205,-0.0223595734,27.5824072,0.0908279031,0.0223595734,-0.00952969629,1.11208835e-05,-1.10275826e-05,1.10366214e-05,3.9975038e-06,-0.00404184355,-0.000499950522,-0.000148992296,2,-0.174700801,0.201057627,-0.0782435214
2.876,1.39607549,1.83024834,0.0106682295,0.00114437294,27.5833627,0.100848256,-0.00114437294,0.000487727638,9.76121573e-06,-9.6793031e-06,9.68322944e-06,1.51748707e-07,0.00107587235,-1.30958943e-06,-0.000229302741,2,-0.174720841,0.201079682,-0.0782588611
2.878,1.39616577,1.83028001,0.0658253415,0.024646407,27.5669221,0.110819619,-0.024646407,0.0105048378,8.39842958e-06,-8.32800804e-06,8.32868601e-06,7.37664429e-06,0.00729473926,-0.00060744538,-0.000309782491,2,-0.174630554,0.200972692,-0.0782271937
2.88,1.39636632,1.83035867,0.120936535,0.0481368276,27.5331027,0.120740057,-0.0481368276,0.0205196909,7.03325572e-06,-6.97438708e-06,6.97465982e-06,2.56546369e-05,0.0146018841,-0.00231715417,-0.000390306069,2,-0.174430004,0.200736743,-0.0781485353
2.882,1.396677,1.83048428,0.175967071,0.0716059245,27.4819327,0.130607604,-0.0716059245,0.0305303299,5.66641676e-06,-5.61912172e-06,5.62374597e-06,5.49451047e-05,0.0229826375,-0.00512740842,-0.000470749495,2,-0.174119328,0.20037201,-0.0780229212
2.884,1.3970976,1.8306568,0.230882277,0.0950439663,27.4134513,0.140420245,-0.0950439663,0.0405347715,4.29862723e-06,-4.2628856e-06,4.28092824e-06,9.51844209e-05,0.0324205459,-0.00903335553,-0.000550990122,2,-0.173698729,0.199878756,-0.0778504062
2.886,1.39762785,1.83087614,0.285647565,0.118441189,27.3277082,0.150175909,-0.118441189,0.0505309933,2.93059369e-06,-2.90634467e-06,2.95893913e-06,0.000146286045,0.0428973826,-0.0140283152,-0.000630906463,2,-0.173168482,0.199257334,-0.0776310646
2.888,1.3982674,1.83114221,0.340228455,0.141787783,27.2247639,0.159872452,-0.141787783,0.0605169213,1.56301482e-06,-1.5501575e-06,1.70764268e-06,0.000208140639,0.0543931574,-0.0201037753,-0.000710378002,2,-0.172528929,0.198508187,-0.0773649903
2.89,1.39901584,1.83145491,0.394590598,0.165073883,27.1046896,0.16950765,-0.165073883,0.0704904179,1.96581496e-07,-1.94975551e-07,8.96588925e-07,0.000280616217,0.0668861249,-0.0272493867,-0.000789285012,2,-0.171780483,0.197631844,-0.0770522969
2.892,1.3998727,1.83181408,0.448699792,0.188289557,26.9675671,0.179079185,-0.188289557,0.0804492697,-1.16802296e-06,1.15855645e-06,1.55146075e-06,0.000363558317,0.0803527932,-0.0354529572,-0.000867508365,2,-0.170923623,0.196628923,-0.0766931177
2.894,1.40083743,1.8322196,0.502522009,0.211424795,26.8134887,0.188584637,-0.211424795,0.0903911761,-2.53012264e-06,2.50980016e-06,2.77609967e-06,0.000456790206,0.0947679308,-0.0447004441,-0.000944929355,2,-0.169958898,0.195500128,-0.0762876062
2.896,1.4019094,1.83267127,0.556023412,0.234469501,26.642557,0.198021473,-0.234469501,0.100313738,-3.88904878e-06,3.85812321e-06,4.08378258e-06,0.000560113113,0.110104575,-0.0549759471,-0.00102142952,2,-0.168886924,0.194246251,-0.0758359358
2.898,1.40308794,1.8331689,0.609170379,0.257413482,26.4548853,0.207387036,-0.257413482,0.110214447,-5.24413949e-06,5.20289879e-06,5.41167403e-06,0.000673306495,0.126334039,-0.0662617009,-0.00109689048,2,-0.167708386,0.192868167,-0.0753383003
2.9,1.40437229,1.83371229,0.661929519,0.28024644,26.2505968,0.21667854,-0.28024644,0.120090675,-6.59473949e-06,6.54350523e-06,6.74495437e-06,0.000796128333,0.143425922,-0.078538067,-0.0011711938,2,-0.166424033,0.19136684,-0.074794914
2.902,1.40576164,1.83430119,0.714267698,0.302957964,26.029825,0.225893061,-0.302957964,0.129939666,-7.94019979e-06,7.87932551e-06,8.07813057e-06,0.000928315465,0.161348117,-0.0917835277,-0.00124422085,2,-0.165034683,0.189743315,-0.0742060119
2.904,1.40725511,1.83493535,0.766152056,0.325537524,25.7927135,0.235027528,-0.325537524,0.139758524,-9.27987734e-06,9.20974684e-06,9.40847907e-06,0.00106958394,0.180066823,-0.10597468,-0.00131585269,2,-0.163541218,0.18799872,-0.0735718501
2.906,1.40885174,1.8356145,0.817550027,0.347974468,25.539416,0.244078717,-0.347974468,0.149544207,-1.06131347e-05,1.05341602e-05,1.07343314e-05,0.00121962944,0.199546562,-0.12108623,-0.00138597004,2,-0.161944588,0.186134267,-0.0728927057
2.908,1.41055052,1.83633832,0.868429359,0.37025801,25.2700957,0.253043249,-0.37025801,0.159293518,-1.19393398e-05,1.18519597e-05,1.20544925e-05,0.00137812768,0.219750187,-0.137090994,-0.00145445317,2,-0.160245806,0.184151249,-0.0721688775
2.91,1.41235038,1.83710652,0.918758135,0.392377232,24.984926,0.261917582,-0.392377232,0.1690031,-1.32578652e-05,1.31625425e-05,1.33680059e-05,0.00154473492,0.240638909,-0.153959892,-0.0015211819,2,-0.158445947,0.182051036,-0.071400686
2.912,1.41425017,1.83791873,0.968504793,0.414321081,24.6840894,0.270698006,-0.414321081,0.178669424,-1.45680882e-05,1.44653078e-05,1.46740466e-05,0.00171908845,0.262172316,-0.171661958,-0.00158603562,2,-0.156546154,0.179835079,-0.0705884734
2.914,1.4162487,1.8387746,1.01763814,0.436078363,24.3677783,0.279380644,-0.436078363,0.188288792,-1.58693902e-05,1.57596571e-05,1.59718668e-05,0.00190080716,0.284308399,-0.190164339,-0.00164889333,2,-0.15454763,0.177504908,-0.0697326046
2.916,1.41834469,1.83967374,1.06612738,0.457637748,24.0361944,0.287961447,-0.457637748,0.197857325,-1.71611565e-05,1.70449929e-05,1.72607666e-05,0.00208949211,0.307003583,-0.209432308,-0.00170963374,2,-0.152451639,0.175062126,-0.0688334668
2.918,1.42053682,1.84061573,1.11394212,0.478987764,23.6895484,0.296436193,-0.478987764,0.207370961,-1.84427757e-05,1.83207191e-05,1.85400772e-05,0.00228472721,0.330212761,-0.229429278,-0.00176813534,2,-0.150259508,0.172508411,-0.0678914702
2.92,1.4228237,1.84160015,1.1610524,0.500116807,23.3280605,0.304800489,-0.500116807,0.216825455,-1.97136395e-05,1.95862399e-05,1.98091509e-05,0.00248607985,0.35388934,-0.25011682,-0.00182427665,2,-0.147972624,0.169845518,-0.0669070479
2.922,1.4252039,1.84262655,1.20742871,0.521013135,22.9519594,0.313049769,-0.521013135,0.226216374,-2.09731425e-05,2.084096e-05,2.10673537e-05,0.00269310165,0.37798528,-0.271454687,-0.00187793632,2,-0.145592431,0.167075268,-0.0658806566
2.924,1.42767589,1.84369443,1.253042,0.54166488,22.5614829,0.321179298,-0.54166488,0.235539094,-2.22206814e-05,2.2084284e-05,2.2314062e-05,0.00290532925,0.402451151,-0.293400842,-0.00192899344,2,-0.143120436,0.164199558,-0.0648127765
2.926,1.43023813,1.84480329,1.2978637,0.562060046,22.1568774,0.329184173,-0.562060046,0.244788804,-2.34556556e-05,2.3315616e-05,2.35486586e-05,0.00312228505,0.427236189,-0.315911495,-0.00197732781,2,-0.140558199,0.161220349,-0.0637039118
2.928,1.43288899,1.84595261,1.34186574,0.582186522,21.7383978,0.337059326,-0.582186522,0.253960506,-2.46774658e-05,2.45343594e-05,2.47705313e-05,0.00334347817,0.452288363,-0.338941147,-0.00202282021,2,-0.137907339,0.158139672,-0.0625545907
2.93,1.4356268,1.84714184,1.38502058,0.602032085,21.3063072,0.344799532,-0.602032085,0.26304901,-2.58855147e-05,2.57399166e-05,2.59790712e-05,0.00356840528,0.477554447,-0.362442632,-0.00206535284,2,-0.135169529,0.154959623,-0.0613653658
2.932,1.43844983,1.84837039,1.42730118,0.621584411,20.8608772,0.352399412,-0.621584411,0.272048948,-2.70792062e-05,2.6931689e-05,2.71736713e-05,0.00379655156,0.502980097,-0.38636718,-0.00210480965,2,-0.132346499,0.15168236,-0.0601368144
2.934,1.4413563,1.84963766,1.46868109,0.640831082,20.4023871,0.359853437,-0.640831082,0.280954766,-2.82579456e-05,2.81090766e-05,2.83537259e-05,0.00402739173,0.528509937,-0.410664476,-0.00214107676,2,-0.129440029,0.148310105,-0.0588695385
2.936,1.44434437,1.85094304,1.50913439,0.659759601,19.9311243,0.367155941,-0.659759601,0.289760737,-2.9421139e-05,2.92714781e-05,2.95186301e-05,0.00426039109,0.554087656,-0.435282732,-0.00217404299,2,-0.126451953,0.144845138,-0.057564165
2.938,1.44741217,1.85228586,1.54863576,0.678357402,19.4473836,0.374301124,-0.678357402,0.298460959,-3.05681937e-05,3.04182904e-05,3.06677788e-05,0.00449500655,0.579656104,-0.460168765,-0.0022036003,2,-0.123384157,0.141289799,-0.0562213459
2.94,1.45055775,1.85366544,1.58716047,0.69661186,18.9514677,0.381283065,-0.69661186,0.30704937,-3.16985176e-05,3.15489091e-05,3.18005671e-05,0.00473068783,0.605157407,-0.485268084,-0.00222964429,2,-0.120238575,0.137646483,-0.0548417584
2.942,1.45377914,1.8550811,1.62468439,0.714510311,18.4436862,0.388095729,-0.714510311,0.315519746,-3.28115195e-05,3.26627282e-05,3.29163895e-05,0.00496687859,0.630533073,-0.510524984,-0.00225207482,2,-0.117017191,0.133917641,-0.053426105
2.944,1.45707429,1.85653209,1.66118405,0.732040061,17.9243561,0.394732978,-0.732040061,0.323865715,-3.39066089e-05,3.37591404e-05,3.40146403e-05,0.00520301765,0.655724126,-0.535882651,-0.0022707965,2,-0.113722036,0.130105774,-0.0519751136
2.946,1.46044114,1.85801766,1.69663657,0.749188406,17.3938014,0.401188584,-0.749188406,0.332080764,-3.49831963e-05,3.48375368e-05,3.5094713e-05,0.00543854025,0.680671225,-0.561283268,-0.0022857193,2,-0.110355187,0.126213437,-0.0504895375
2.948,1.46387756,1.85953705,1.73101976,0.765942646,16.8523527,0.407456242,-0.765942646,0.340158248,-3.60406929e-05,3.58973075e-05,3.61560008e-05,0.0056728793,0.705314808,-0.586668136,-0.00229675915,2,-0.106918766,0.12224323,-0.0489701553
2.95,1.46738139,1.86108943,1.76431209,0.782290102,16.3003474,0.413529577,-0.782290102,0.348091402,-3.70785109e-05,3.69378418e-05,3.71978965e-05,0.00590546677,0.729595232,-0.611977804,-0.00230383852,2,-0.103414939,0.118197803,-0.0474177711
2.952,1.47095041,1.86267399,1.79649269,0.798218138,15.7381291,0.419402165,-0.798218138,0.355873352,-3.80960637e-05,3.79585282e-05,3.82197928e-05,0.00613573496,0.753452923,-0.637152196,-0.00230688708,2,-0.0998459134,0.114079847,-0.0458332143
2.954,1.47458239,1.86428986,1.8275414,0.813714173,15.1660477,0.425067542,-0.813714173,0.363497126,-3.9092766e-05,3.8958755e-05,3.92210825e-05,0.00636311794,0.776828531,-0.662130756,-0.00230584222,2,-0.0962139387,0.109892098,-0.0442173395
2.956,1.47827502,1.86593618,1.85743876,0.828765707,14.5844591,0.43051922,-0.828765707,0.370955666,-4.00680343e-05,3.99379103e-05,4.02011589e-05,0.00658705292,0.799663087,-0.686852597,-0.00230064972,2,-0.0925213028,0.105637333,-0.0425710264
2.958,1.48202599,1.86761202,1.88616603,0.843360335,13.993725,0.435750703,-0.843360335,0.378241846,-4.10212867e-05,4.08953831e-05,4.11594159e-05,0.00680698167,0.821898174,-0.711256654,-0.00229126433,2,-0.088770332,0.101318365,-0.0408951793
2.96,1.48583294,1.86931647,1.91370519,0.85748577,13.3942127,0.440755501,-0.85748577,0.38534848,-4.19519437e-05,4.18305632e-05,4.20952488e-05,0.007022352,0.843476088,-0.735281847,-0.0022776503,2,-0.084963389,0.0969380448,-0.0391907276
2.962,1.48969346,1.87104858,1.94003896,0.871129865,12.7862948,0.445527144,-0.871129865,0.392268339,-4.28594283e-05,4.27428418e-05,4.30080546e-05,0.00723261917,0.864340017,-0.758867242,-0.00225978198,2,-0.0811028717,0.092499257,-0.0374586248
2.964,1.49360511,1.87280735,1.96515081,0.88428063,12.1703492,0.450059204,-0.88428063,0.398994166,-4.37431666e-05,4.36316125e-05,4.38972326e-05,0.00743724736,0.884434211,-0.781952232,-0.00223764434,2,-0.0771912118,0.0880049184,-0.0356998486
2.966,1.49756545,1.8745918,1.98902498,0.896926253,11.5467588,0.454345305,-0.896926253,0.405518692,-4.46025879e-05,4.44962712e-05,4.47621847e-05,0.00763571115,0.903704163,-0.804476703,-0.00221123345,2,-0.0732308729,0.0834579759,-0.0339154004
2.968,1.50157198,1.8764009,2.01164647,0.909055125,10.9159112,0.458379143,-0.909055125,0.411834652,-4.54371258e-05,4.53362176e-05,4.56023165e-05,0.00782749699,0.922096783,-0.82638122,-0.00218055696,2,-0.0692243492,0.0788614041,-0.0321063052
2.97,1.50562216,1.87823359,2.03300105,0.920655858,10.2781984,0.4621545,-0.920655858,0.417934797,-4.62462181e-05,4.61508553e-05,4.64170376e-05,0.00801210462,0.939560582,-0.847607209,-0.00214563452,2,-0.065174164,0.0742182034,-0.0302736106
2.972,1.50971346,1.88008882,2.05307529,0.931717306,9.63401686,0.465665264,-0.931717306,0.423811917,-4.70293078e-05,4.69395927e-05,4.72057626e-05,0.00818904856,0.956045845,-0.868097139,-0.00210649815,2,-0.0610828681,0.0695313979,-0.028418387
2.974,1.51384329,1.88196548,2.07185655,0.942228588,8.98376719,0.468905442,-0.942228588,0.42945885,-4.77858436e-05,4.7701844e-05,4.79679114e-05,0.00835785953,0.971504812,-0.887794712,-0.00206319259,2,-0.0569530379,0.0648040333,-0.0265417265
2.976,1.51800905,1.88386246,2.089333,0.952179105,8.32785373,0.47186918,-0.952179105,0.434868507,-4.85152802e-05,4.84370297e-05,4.87029106e-05,0.00851808583,0.985891851,-0.906645049,-0.00201577558,2,-0.0527872745,0.0600391746,-0.0246447427
2.978,1.52220813,1.88577863,2.10549362,0.961558566,7.66668451,0.474550776,-0.961558566,0.440033881,-4.92170797e-05,4.91445777e-05,4.94101939e-05,0.00866929475,0.999163634,-0.924594876,-0.00196431805,2,-0.0485882013,0.0552399042,-0.0227285702
2.98,1.52643786,1.88771284,2.12032821,0.970357003,7.00067095,0.476944699,-0.970357003,0.444948068,-4.98907114e-05,4.98239239e-05,5.0089203e-05,0.00881107392,1.0112793,-0.941592713,-0.00190890434,2,-0.0443584629,0.0504093197,-0.0207943634
2.982,1.5306956,1.88966391,2.13382738,0.978564793,6.33022764,0.479045601,-0.978564793,0.449604284,-5.05356533e-05,5.04745135e-05,5.07393885e-05,0.00894303261,1.02220062,-0.957589054,-0.00184963225,2,-0.0401007231,0.0455505319,-0.0188432967
2.984,1.53497866,1.89163064,2.14598258,0.98617268,5.6557721,0.480848337,-0.98617268,0.453995878,-5.11513925e-05,5.10958015e-05,5.1360211e-05,0.00906480301,1.03189216,-0.972536555,-0.00178661313,2,-0.0358176638,0.0406666624,-0.0168765628
2.986,1.53928434,1.89361183,2.15678612,0.993171789,4.97772454,0.482347979,-0.993171789,0.458116352,-5.17374257e-05,5.1687254e-05,5.19511416e-05,0.00917604141,1.04032143,-0.986390203,-0.00171997183,2,-0.0315119824,0.0357608422,-0.0148953728
2.988,1.54360994,1.89560625,2.16623112,0.999553649,4.29650759,0.483539827,-0.999553649,0.461959376,-5.22932607e-05,5.22483487e-05,5.25116632e-05,0.00927642944,1.04745902,-0.999107496,-0.00164984659,2,-0.0271863912,0.0308362088,-0.0129009548
2.99,1.54795271,1.89761265,2.17431156,1.00531021,3.61254611,0.484419428,-1.00531021,0.465518804,-5.28184165e-05,5.27785765e-05,5.30412714e-05,0.00936567509,1.05327876,-1.01064861,-0.00157638893,2,-0.0228436147,0.0258959047,-0.0108945535
2.992,1.55230994,1.89962977,2.18102227,1.01043385,2.92626687,0.484982588,-1.01043385,0.468788687,-5.33124245e-05,5.32774419e-05,5.35394753e-05,0.00944351381,1.05775782,-1.02097656,-0.00149976336,2,-0.0184863888,0.0209430754,-0.00887742903
2.994,1.55667887,1.90165635,2.18635894,1.01491741,2.23809837,0.485225384,-1.01491741,0.471763293,-5.37748294e-05,5.37444641e-05,5.40057984e-05,0.00950970946,1.06087685,-1.03005734,-0.00142014711,2,-0.0141174585,0.015980867,-0.00685085634
2.996,1.56105675,1.90369108,2.19031811,1.0187542,1.54847051,0.485144176,-1.0187542,0.474437117,-5.42051896e-05,5.41791783e-05,5.44397797e-05,0.00956405522,1.06262008,-1.03786011,-0.00133772979,2,-0.00973957618,0.0110124245,-0.00481612398
2.998,1.56544083,1.90573267,2.19289719,1.021938,0.857814426,0.484735624,-1.021938,0.476804898,-5.46030785e-05,5.45811363e-05,5.48409749e-05,0.00960637438,1.06297539,-1.04435728,-0.00125271288,2,-0.00535550032,0.0060408896,-0.00277453334
3,1.56982833,1.9077798,2.19409443,1.02446312,0.16656213,0.483996691,-1.02446312,0.478861633,-5.49680853e-05,5.49499075e-05,5.52089567e-05,0.00963652114,1.06193445,-1.04952468,-0.00116530928,2,-0.000967993382,0.001069399,-0.000727397605
