time,input_angle,output_angle,input_velocity,output_velocity,input_acceleration,input_torque,output_torque,static_reference_torque,deflection_m,span_error_m,closure_m,kinetic_J,input_power_W,output_power_W,equality_power_W,rows,q0,q1,q2
0,1.57079633,1.9085072,0,0,-7.47678367e-12,0,0,-0,0,0,6.28190294e-17,0,0,0,0,2,0,0,0
0.002,1.57079633,1.9085072,-2.25462463e-15,8.50518089e-15,-1.60226874e-13,1.30599511e-14,0,-0,0,0,6.28190294e-17,1.95730606e-31,-2.94452874e-29,0,2.70387024e-28,2,-3.57365591e-18,1.4901462e-17,9.74987346e-18
0.004,1.57079633,1.9085072,-1.91386108e-15,1.89597968e-14,4.51412106e-12,1.34757293e-14,0,-0,0,0,3.23682852e-17,9.61592618e-31,-2.57906739e-29,0,3.79509909e-28,2,-7.81284782e-18,4.60458543e-17,3.99225766e-17
0.006,1.57079633,1.9085072,-1.84261231e-16,2.43748118e-14,1.3149759e-12,5.49860804e-15,0,-0,0,0,3.23682852e-17,1.58567844e-30,-1.01318029e-30,0,2.18475612e-28,2,-9.15460376e-18,7.27357808e-17,8.52777852e-17
0.008,1.57079633,1.9085072,1.50439113e-15,2.37359887e-14,1.00215429e-12,-3.81574147e-15,0,-0,4.4408921e-17,-2.77555756e-17,1.66533454e-17,1.50469882e-30,-5.74036764e-30,0,-2.37544077e-28,2,-7.4124284e-18,8.89589787e-17,1.34558495e-16
0.01,1.57079633,1.9085072,1.62505281e-15,1.94913845e-14,-5.88809643e-13,-6.08225454e-15,0,-0,4.4408921e-17,-2.77555756e-17,1.66533454e-17,1.01522041e-30,-9.88398483e-30,0,-2.19958558e-28,2,-4.08601903e-18,1.00309851e-16,1.76846725e-16
0.012,1.57079633,1.9085072,1.22015169e-15,1.53068849e-14,-7.72323081e-13,-5.44093695e-15,0,-0,4.4408921e-17,-2.77555756e-17,1.66533454e-17,6.26041229e-31,-6.63876842e-30,0,-1.4702389e-28,2,-1.31964299e-18,1.09503217e-16,2.10501887e-16
0.014,1.57079633,1.9085072,8.02625118e-16,1.18714799e-14,-6.31765201e-13,-4.30669752e-15,0,-0,4.4408921e-17,-2.77555756e-17,1.66533454e-17,3.7644151e-31,-3.4566636e-30,0,-9.02823182e-29,2,5.87143855e-19,1.17336967e-16,2.36695508e-16
0.016,1.57079633,1.9085072,4.79066443e-16,9.19538766e-15,-4.55520448e-13,-3.28129201e-15,0,-0,4.4408921e-17,-2.77555756e-17,9.71445147e-18,2.25777508e-31,-1.57195689e-30,0,-5.41776694e-29,2,1.77191959e-18,1.24087265e-16,2.56984181e-16
0.018,1.57079633,1.9085072,2.50961929e-16,7.14323484e-15,3.94009636e-12,-2.47053283e-15,0,-0,4.4408921e-17,-5.55111512e-17,2.94065051e-17,1.36211602e-31,-6.20009685e-31,0,-9.65774977e-29,2,2.43144636e-18,1.29895271e-16,2.7272386e-16
0.02,1.57079633,1.9085072,1.37957877e-15,7.38376115e-16,-1.11373008e-13,-9.27964523e-15,0,-0,4.4408921e-17,-5.55111512e-17,2.94065051e-17,2.46174394e-33,-1.28020016e-29,0,-1.81466363e-30,2,4.76350274e-18,1.35696428e-16,2.79439782e-16
0.022,1.57079633,1.9085072,1.08738182e-15,-6.40756314e-15,-8.58288825e-13,-9.05637269e-15,0,-0,4.4408921e-17,-5.55111512e-17,2.94065051e-17,1.1023143e-31,-9.84773499e-30,-0,1.2120716e-28,2,7.23892721e-18,1.44153998e-16,2.71880986e-16
0.024,1.57079633,1.9085072,-5.82845692e-16,-9.16953137e-15,-1.4547617e-12,-7.95457859e-16,0,-0,4.4408921e-17,-2.77555756e-17,1.66533454e-17,2.60149545e-31,4.63629186e-31,-0,-2.05229277e-29,2,7.41937264e-18,2.84555885e-16,2.54335007e-16
0.026,1.57079633,1.9085072,-2.41587978e-16,-9.58190783e-15,1.18697629e-12,-1.88834224e-15,0,-0,4.4408921e-17,-2.77555756e-17,5.79553434e-17,2.65407822e-31,4.56200784e-31,-0,5.54160931e-29,2,6.19256426e-18,5.09544177e-16,2.36096064e-16
0.028,1.57079633,1.9085072,1.00887323e-15,-1.4905784e-14,4.82261106e-13,-8.70571503e-15,0,-0,4.4408921e-17,-2.77555756e-17,1.11446499e-16,6.00860769e-31,-8.78296281e-30,-0,2.97420256e-28,2,7.32269782e-18,6.5805962e-16,2.11206431e-16
0.03,1.57079633,1.9085072,9.34600101e-16,-2.22378247e-14,-7.13902304e-13,-9.36050052e-15,0,-0,4.4408921e-17,-2.77555756e-17,1.12264356e-16,1.3214308e-30,-8.74832473e-30,-0,4.17289742e-28,2,9.37500004e-18,7.3146766e-16,1.72189992e-16
0.032,1.57079633,1.9085072,4.9514437e-16,-2.87021164e-14,-7.52626222e-13,-7.82720045e-15,0,-0,4.4408921e-17,-2.77555756e-17,1.12264356e-16,2.19844281e-30,-3.87559423e-30,-0,4.37369521e-28,2,1.07029572e-17,7.46061791e-16,1.19439259e-16
0.034,1.57079633,1.9085072,-8.78674519e-16,-3.18752373e-14,-2.00021708e-12,-8.02056777e-16,0,-0,0,0,1.15644531e-16,2.71294926e-30,7.04746853e-31,-0,-8.03477602e-29,2,1.03908587e-17,7.13636911e-16,5.67873895e-17
0.036,1.57079633,1.9085072,-1.42410361e-15,-3.01039038e-14,1.5829878e-13,3.25628324e-15,0,-0,0,0,1.14850747e-16,2.42348638e-30,-4.63728472e-30,-0,-1.93584366e-28,2,7.72846961e-18,6.41279728e-16,-5.0359241e-18
0.038,1.57079633,1.9085072,-1.210182e-15,-2.76153679e-14,5.62897466e-13,3.49910516e-15,0,-0,0,0,1.14850747e-16,2.04333072e-30,-4.23455409e-30,-0,-1.68133775e-28,2,5.10360969e-18,5.34829385e-16,-6.21237081e-17
0.04,1.57079633,1.9085072,-1.79077617e-15,-2.286642e-14,3.80796239e-14,7.93763492e-15,0,-0,-4.4408921e-17,0,6.54613942e-17,1.40555342e-30,-1.42145274e-29,-0,-3.72048601e-28,2,2.03249183e-18,4.10236687e-16,-1.12177958e-16
0.042,1.57079633,1.9085072,-2.25491011e-15,-1.50814639e-14,-1.96896114e-13,1.22217684e-14,0,-0,-4.4408921e-17,0,3.92523115e-17,6.16851594e-31,-2.75589891e-29,-0,-3.73757868e-28,2,-1.8944357e-18,2.8951816e-16,-1.48950004e-16
0.044,1.57079633,1.9085072,-1.93854224e-15,-5.22709023e-15,1.2437604e-12,1.27745469e-14,0,-0,-4.4408921e-17,0,3.46944695e-17,7.99794919e-32,-2.47639987e-29,-0,-1.07347682e-28,2,-6.16367139e-18,1.88094996e-16,-1.667188e-16
0.046,1.57079633,1.9085072,-1.20432028e-15,3.37311248e-15,1.2157469e-12,1.05846886e-14,0,-0,-4.4408921e-17,0,3.92523115e-17,3.47792808e-32,-1.27473552e-29,0,7.82137378e-29,2,-9.12617432e-18,1.01952755e-16,-1.6615396e-16
0.048,1.57079633,1.9085072,-5.72366412e-16,1.02393634e-14,-2.32618447e-12,8.22035972e-15,0,-0,-4.4408921e-17,0,6.54613942e-17,2.82607068e-31,-4.7050578e-30,0,2.35876465e-28,2,-1.07170553e-17,2.781559e-17,-1.50562875e-16
0.05,1.57079633,1.9085072,-1.09688106e-15,1.92468471e-14,5.29208679e-13,1.18922125e-14,0,-0,-4.4408921e-17,0,6.54613942e-17,9.89937493e-31,-1.30443427e-29,0,4.79381823e-28,2,-1.28156145e-17,-2.08455268e-17,-1.18991117e-16
0.052,1.57079633,1.9085072,-6.59736791e-16,2.78811915e-14,9.23178258e-13,1.05530497e-14,0,-0,0,0,6.42588033e-17,2.0746788e-30,-6.96223517e-30,0,5.79999976e-28,2,-1.45087316e-17,-4.18740435e-17,-6.94975934e-17
0.054,1.57079633,1.9085072,-1.60213207e-16,3.49891229e-14,7.4248064e-13,8.39578313e-15,0,-0,0,0,6.42588033e-17,3.26688021e-30,-1.34511534e-30,0,5.73585082e-28,2,-1.51894342e-17,-4.13459689e-17,-4.59954413e-18
0.056,1.57079633,1.9085072,2.10353512e-16,4.05904492e-14,4.90344067e-13,6.46010585e-15,0,-0,0,0,6.28190294e-17,4.3968487e-30,1.35890596e-30,0,5.16824434e-28,2,-1.50237468e-17,-2.35071297e-17,7.25966905e-17
0.058,1.57079633,1.9085072,1.42668704e-15,4.29313631e-14,1.73006608e-12,-3.85608086e-16,0,-0,4.4408921e-17,-2.77555756e-17,5.63547556e-17,4.92012845e-30,-5.50142058e-31,0,-1.91706199e-28,2,-1.34956542e-17,8.47180519e-18,1.57962754e-16
0.06,1.57079633,1.9085072,2.29019322e-15,3.98439421e-14,1.60139203e-12,-6.60544997e-15,0,-0,4.4408921e-17,-2.77555756e-17,1.66533454e-17,4.24020649e-30,-1.51277568e-29,0,-6.81260238e-28,2,-9.6910323e-18,5.24008638e-17,2.40712841e-16
0.062,1.57079633,1.9085072,4.68464049e-15,2.89551622e-14,5.72002564e-12,-2.18244997e-14,0,-0,4.4408921e-17,-1.11022302e-16,8.4915733e-17,2.24937449e-30,-1.02239935e-28,0,-1.57789828e-27,2,-3.19740552e-18,8.99975375e-17,3.09342293e-16
0.064,1.57079633,1.9085072,5.68573255e-15,5.16768631e-15,-2.287394e-12,-3.25593739e-14,0,-0,8.8817842e-17,-1.11022302e-16,8.38314879e-17,8.88620776e-32,-1.85123892e-28,0,-1.62283714e-28,2,8.26142219e-18,1.25655893e-16,3.38043813e-16
0.066,1.57079633,1.9085072,4.02075685e-15,-1.78500722e-14,-3.28511495e-12,-2.89391728e-14,0,-0,4.4408921e-17,-1.11022302e-16,8.38314879e-17,8.59870071e-31,-1.16357377e-28,-0,1.08186683e-27,2,1.76707772e-17,1.67183516e-16,3.19058387e-16
0.068,1.57079633,1.9085072,1.02800739e-15,-3.50472366e-14,-1.21211573e-11,-1.65571286e-14,0,-0,4.4408921e-17,-2.77555756e-17,9.71445147e-18,3.27967325e-30,-1.70208505e-29,-0,3.32374511e-28,2,2.28341834e-17,2.15139314e-16,2.59898379e-16
0.07,1.57079633,1.9085072,-2.97351378e-15,-3.40573429e-14,-1.39167038e-12,5.4739249e-15,0,-0,4.4408921e-17,-2.77555756e-17,9.71445147e-18,3.10043608e-30,-1.62767911e-29,-0,-4.80318319e-28,2,1.87872879e-17,2.64320575e-16,1.89389113e-16
0.072,1.57079633,1.9085072,-3.06731192e-15,-2.79202401e-14,1.07046193e-12,9.10429748e-15,0,-0,4.4408921e-17,-2.77555756e-17,1.66533454e-17,2.08541667e-30,-2.79257202e-29,-0,-4.54917773e-28,2,1.24645243e-17,3.06430537e-16,1.28740696e-16
0.074,1.57079633,1.9085072,-2.96237432e-15,-2.09382141e-14,-1.26942202e-12,1.13694139e-14,0,-0,0,0,3.23682852e-17,1.17457543e-30,-3.36804597e-29,-0,-5.28893948e-28,2,6.88491551e-18,3.40122863e-16,8.11259864e-17
0.076,1.57079633,1.9085072,-2.46379436e-15,-1.10770293e-14,3.34955612e-12,1.18402468e-14,0,-0,0,0,6.28190294e-17,3.30506862e-31,-2.91719333e-29,-0,-1.80079159e-28,2,9.57449939e-19,3.63232193e-16,5.19679476e-17
0.078,1.57079633,1.9085072,-1.06730244e-15,-5.52093785e-15,-1.8688695e-12,6.3490428e-15,0,-0,0,0,3.23682852e-17,8.21082076e-32,-6.77634891e-30,-0,-8.83337545e-29,2,-2.02506116e-18,3.57281241e-16,3.72381631e-17
0.08,1.57079633,1.9085072,-1.44401632e-15,1.59612865e-15,5.79574171e-13,9.66330552e-15,0,-0,0,0,3.23682852e-17,8.06160513e-33,-1.39539708e-29,0,4.41139061e-29,2,-4.88644789e-18,3.40613731e-16,3.49284602e-17
0.082,1.57079633,1.9085072,-9.99348209e-16,8.51083168e-15,9.05746362e-13,8.62519497e-15,0,-0,0,0,3.23682852e-17,1.94010708e-31,-8.61957314e-30,0,1.48134909e-28,2,-7.25690785e-18,3.22966792e-16,4.69258161e-17
0.084,1.57079633,1.9085072,-5.08551712e-16,1.42054717e-14,7.36946459e-13,6.85703296e-15,0,-0,0,0,3.23682852e-17,5.38835979e-31,-3.48715585e-30,0,1.8892924e-28,2,-8.6285488e-18,3.04013356e-16,7.12685436e-17
0.086,1.57079633,1.9085072,-1.36223204e-16,1.86786481e-14,4.75749894e-12,5.26081277e-15,0,-0,0,-2.77555756e-17,1.66533454e-17,9.31237281e-31,-7.16644771e-31,0,1.92292737e-29,2,-9.15939351e-18,2.84031249e-16,1.05446607e-16
0.088,1.57079633,1.9085072,1.39317999e-15,1.73099105e-14,4.09108594e-13,-3.42933167e-15,0,-0,4.4408921e-17,-2.77555756e-17,9.71445147e-18,8.00662717e-31,-4.77767627e-30,0,-1.36850095e-28,2,-7.07313658e-18,2.64186344e-16,1.41733071e-16
0.09,1.57079633,1.9085072,1.35009042e-15,1.40489722e-14,-5.51060514e-13,-4.63085787e-15,0,-0,4.4408921e-17,-2.77555756e-17,9.71445147e-18,5.27678627e-31,-6.25207683e-30,0,-1.17018302e-28,2,-4.23918844e-18,2.47318237e-16,1.72330191e-16
0.092,1.57079633,1.9085072,1.00176916e-15,1.09658596e-14,-6.21333159e-13,-4.02662671e-15,0,-0,4.4408921e-17,-2.77555756e-17,9.71445147e-18,3.21436633e-31,-4.03375047e-30,0,-7.63971581e-29,2,-1.96443822e-18,2.33937873e-16,1.96493195e-16
0.094,1.57079633,1.9085072,6.69839086e-16,8.46778466e-15,-4.95846571e-13,-3.15592454e-15,0,-0,4.4408921e-17,-2.77555756e-17,9.71445147e-18,1.91594691e-31,-2.11396161e-30,0,-4.63585641e-29,2,-3.86541783e-19,2.23572102e-16,2.15207579e-16
0.096,1.57079633,1.9085072,4.16263217e-16,6.53402986e-15,-3.57027559e-13,-2.39306047e-15,0,-0,4.4408921e-17,-2.77555756e-17,9.71445147e-18,1.14033186e-31,-9.96143051e-31,0,-2.75863151e-29,2,6.23488778e-19,2.15612153e-16,2.2964563e-16
0.098,1.57079633,1.9085072,2.37055591e-16,5.05730986e-15,-2.45050314e-13,-1.79609156e-15,0,-0,4.4408921e-17,-2.77555756e-17,9.71445147e-18,6.82905377e-32,-4.25773547e-31,0,-1.6399098e-29,2,1.2216272e-18,2.09522022e-16,2.40805121e-16
0.1,1.57079633,1.9085072,1.15510226e-16,3.93208562e-15,-1.62652218e-13,-1.34561505e-15,0,-0,4.4408921e-17,-2.77555756e-17,9.71445147e-18,4.12726215e-32,-1.55432299e-31,0,-9.80697328e-30,2,1.53612784e-18,2.04871616e-16,2.49465592e-16
0.102,1.57079633,1.9085072,3.57455086e-17,3.07282444e-15,-1.04292018e-13,-1.00972194e-15,0,-0,4.4408921e-17,-2.77555756e-17,9.71445147e-18,2.52019966e-32,-3.60930241e-32,0,-5.91589682e-30,2,1.66198878e-18,2.01326048e-16,2.56219774e-16
0.104,1.57079633,1.9085072,-1.60798166e-16,2.90210211e-15,-2.83637496e-12,6.68453023e-17,0,-0,4.4408921e-17,-2.77555756e-17,5.79553434e-17,1.41302957e-31,-1.0748602e-32,0,-1.29389016e-29,2,1.47429105e-18,-4.54546973e-17,2.61943291e-16
0.106,1.57079633,1.9085072,5.93795623e-17,4.71257913e-15,2.39289613e-12,-4.69448169e-16,0,-0,4.4408921e-17,-2.77555756e-17,1.24506265e-16,1.18971964e-31,-2.78756268e-32,0,-5.20615099e-29,2,3.45100716e-19,-4.36071722e-16,2.71015091e-16
0.108,1.57079633,1.9085072,5.92703612e-16,1.45044979e-15,-1.81223432e-12,-3.81364706e-15,0,-0,4.4408921e-17,-5.55111512e-17,2.37727761e-16,2.48709805e-32,-2.26036239e-30,0,-2.01176013e-29,2,1.70025801e-18,-6.86645913e-16,2.76416298e-16
0.11,1.57079633,1.9085072,-6.21587895e-17,5.11046881e-16,-3.97788065e-13,-6.50649532e-16,0,-0,4.4408921e-17,-5.55111512e-17,2.37342632e-16,2.09773553e-33,4.04435873e-32,0,-3.57870247e-30,2,1.92288696e-18,-7.88671374e-16,2.77893049e-16
0.112,1.57079633,1.9085072,-1.875242e-16,4.65629465e-16,-2.48222609e-14,1.35850202e-16,0,-0,4.4408921e-17,-5.55111512e-17,2.37342632e-16,2.48135282e-33,-2.54752005e-32,0,3.23226215e-30,2,1.6035416e-18,-7.68189686e-16,2.78797945e-16
0.114,1.57079633,1.9085072,-1.77820144e-16,6.14778401e-16,5.80558966e-14,2.73164881e-16,0,-0,4.4408921e-17,-5.55111512e-17,2.37342632e-16,1.2729583e-32,-4.85742185e-32,0,6.40141085e-30,2,1.23187168e-18,-6.49955439e-16,2.79906505e-16
0.116,1.57079633,1.9085072,6.04125508e-16,-7.58234603e-16,1.16240323e-12,-3.78294512e-15,0,-0,4.4408921e-17,-5.55111512e-17,1.86443315e-16,2.47921109e-32,-2.28537365e-30,-0,1.55460367e-29,2,1.52463517e-18,-4.58533954e-16,2.80248374e-16
0.118,1.57079633,1.9085072,1.74908833e-15,-7.61431903e-15,-4.09867866e-12,-1.08690846e-14,0,-0,4.4408921e-17,-2.77555756e-17,1.24506265e-16,1.84204887e-31,-1.90109891e-29,-0,1.2254467e-28,2,4.24728594e-18,-2.3549775e-16,2.71093883e-16
0.12,1.57079633,1.9085072,-1.43401307e-15,-6.26825986e-15,-1.31160606e-12,5.50509854e-15,0,-0,4.4408921e-17,-2.77555756e-17,5.63547556e-17,1.30801752e-31,-7.89438326e-30,-0,-8.44054135e-29,2,3.32993362e-18,-7.16180699e-18,2.55602935e-16
0.122,1.57079633,1.9085072,-7.23479079e-16,-2.94652328e-15,1.13632822e-12,3.0817735e-15,0,-0,4.4408921e-17,-2.77555756e-17,9.71445147e-18,4.03935342e-32,-2.22959865e-30,-0,-1.44848782e-29,2,1.07124379e-18,1.91890615e-16,2.47920542e-16
0.124,1.57079633,1.9085072,-2.73634769e-16,-1.78939799e-15,3.81766356e-13,1.23676221e-15,0,-0,4.4408921e-17,-2.77555756e-17,1.66533454e-17,1.94837224e-32,-3.38421141e-31,-0,-5.39084412e-30,2,2.62823268e-19,3.50330268e-16,2.43626296e-16
0.126,1.57079633,1.9085072,7.86389692e-16,-3.80294353e-15,6.33975751e-13,-4.427389e-15,0,-0,4.4408921e-17,-2.77555756e-17,5.79553434e-17,4.40365564e-32,-3.48165308e-30,-0,4.27973806e-29,2,9.90881082e-19,4.6719149e-16,2.38413728e-16
0.128,1.57079633,1.9085072,1.30634397e-15,-8.65581954e-15,1.54732814e-12,-8.02113381e-15,0,-0,4.4408921e-17,-2.77555756e-17,1.11446499e-16,2.02175528e-31,-1.04783598e-29,-0,1.88085412e-28,2,2.97882795e-18,5.35736835e-16,2.25266006e-16
0.13,1.57079633,1.9085072,1.54027872e-15,-1.6712661e-14,-7.38013285e-13,-1.07632784e-14,0,-0,4.4408921e-17,-2.77555756e-17,1.11446499e-16,7.46533298e-31,-1.65784486e-29,-0,3.73550792e-28,2,6.12376965e-18,5.48627243e-16,1.97993077e-16
0.132,1.57079633,1.9085072,1.02258818e-15,-2.4298022e-14,-4.21871059e-12,-9.40718781e-15,0,-0,4.4408921e-17,-2.77555756e-17,5.79553434e-17,1.57711623e-30,-9.61967903e-30,-0,2.74204834e-28,2,8.58849384e-18,5.14536843e-16,1.54892169e-16
0.134,1.57079633,1.9085072,-4.81556331e-16,-2.682412e-14,-8.54409775e-13,-1.79737718e-15,0,-0,0,-2.77555756e-17,5.79553434e-17,1.92207937e-30,8.65538358e-31,-0,5.37272649e-29,2,8.41031766e-18,4.5901128e-16,1.02533518e-16
0.136,1.57079633,1.9085072,-1.91889813e-15,-2.37932816e-14,-6.1903109e-13,6.7660933e-15,0,-0,0,0,6.28190294e-17,1.51545653e-30,-1.29834438e-29,-0,-3.61277009e-28,2,5.65679472e-18,3.92943586e-16,5.14294181e-17
0.138,1.57079633,1.9085072,-2.58957268e-15,-1.61413011e-14,-2.35688364e-13,1.2371899e-14,0,-0,0,0,3.23682852e-17,7.01597859e-31,-3.20379316e-29,-0,-4.02983467e-28,2,1.15192891e-18,3.19923105e-16,1.25354441e-17
0.14,1.57079633,1.9085072,-2.25565254e-15,-6.086485e-15,1.34289008e-12,1.31678865e-14,0,-0,0,0,2.94065051e-17,1.03624844e-31,-2.97021766e-29,-0,-1.27484617e-28,2,-3.77924768e-18,2.5690682e-16,-7.11918167e-18
0.142,1.57079633,1.9085072,-1.45982045e-15,2.74118782e-15,1.32545614e-12,1.09493226e-14,0,-0,0,0,2.94065051e-17,2.2783714e-32,-1.59840449e-29,0,7.0191774e-29,2,-7.30044065e-18,2.01561954e-16,-7.98454605e-18
0.144,1.57079633,1.9085072,-7.68467961e-16,9.79329386e-15,9.91988066e-13,8.50560117e-15,0,-0,0,0,2.94065051e-17,2.57496722e-31,-6.53628199e-30,0,1.62864913e-28,2,-9.32652274e-18,1.52086342e-16,6.58272154e-18
0.146,1.57079633,1.9085072,-2.72099938e-16,1.52697282e-14,6.69011556e-13,6.46714821e-15,0,-0,0,0,3.23682852e-17,6.23223255e-31,-1.75971063e-30,0,1.90686625e-28,2,-1.0213297e-17,1.07436872e-16,3.32358975e-17
0.148,1.57079633,1.9085072,5.45532832e-17,1.94925741e-14,4.20782899e-13,4.89027228e-15,0,-0,0,0,3.23682852e-17,1.01470917e-30,2.66780409e-31,0,1.85892769e-28,2,-1.03260774e-17,6.68453859e-17,6.92255367e-17
0.15,1.57079633,1.9085072,4.01677579e-16,2.25443922e-14,8.71748908e-13,2.92990349e-15,0,-0,4.4408921e-17,-2.77555756e-17,5.63547556e-17,1.35674033e-30,1.17687654e-30,0,9.76400573e-29,2,-9.87658278e-18,3.14065706e-17,1.12311383e-16
0.152,1.57079633,1.9085072,6.79012795e-16,2.37448398e-14,5.80790345e-14,9.26578359e-16,0,-0,4.4408921e-17,-2.77555756e-17,5.63547556e-17,1.50475956e-30,6.29158561e-31,0,4.33950938e-29,2,-8.64328467e-18,1.98747718e-17,1.5906834e-16
0.154,1.57079633,1.9085072,6.56802189e-16,2.43038591e-14,-1.38477252e-13,3.62252371e-16,0,-0,4.4408921e-17,-2.77555756e-17,5.63547556e-17,1.57668259e-30,2.3792815e-31,0,2.58712829e-29,2,-7.29252664e-18,3.26619996e-17,2.07308166e-16
0.156,1.57079633,1.9085072,1.31394384e-15,2.31244703e-14,9.32711219e-13,-3.828481e-15,0,-0,4.4408921e-17,-2.77555756e-17,1.66533454e-17,1.42824625e-30,-5.03040903e-30,0,-2.29458759e-28,2,-5.48247641e-18,6.01655317e-17,2.5528501e-16
0.158,1.57079633,1.9085072,2.41113119e-15,1.69520971e-14,9.40821691e-12,-1.11751291e-14,0,-0,4.4408921e-17,-1.11022302e-16,8.4915733e-17,7.70131823e-31,-2.69447024e-29,0,-6.97875498e-28,2,-1.76105364e-18,8.23700343e-17,2.95011378e-16
0.16,1.57079633,1.9085072,4.87657116e-15,-2.60158967e-15,-1.03582884e-12,-2.79964359e-14,0,-0,4.4408921e-17,-1.11022302e-16,8.4915733e-17,3.06745052e-32,-1.36526612e-28,-0,2.81550755e-28,2,7.22716017e-18,1.04219532e-16,3.05507037e-16
0.162,1.57079633,1.9085072,2.50844353e-15,-2.17406232e-14,-8.01048897e-12,-2.01071791e-14,0,-0,4.4408921e-17,-5.55111512e-17,2.94065051e-17,1.26520337e-30,-5.04377232e-29,-0,5.90840697e-28,2,1.51299229e-17,1.3353902e-16,2.74734401e-16
0.164,1.57079633,1.9085072,-1.61858266e-15,-2.49508611e-14,-2.53503059e-12,8.61817829e-16,0,-0,4.4408921e-17,-2.77555756e-17,9.71445147e-18,1.66302763e-30,-1.39492339e-30,-0,-1.76494002e-28,2,1.44621909e-17,1.67833492e-16,2.24986313e-16
0.166,1.57079633,1.9085072,-2.23939913e-15,-2.12092105e-14,4.36063842e-13,6.126654e-15,0,-0,4.4408921e-17,-2.77555756e-17,9.71445147e-18,1.20316219e-30,-1.37200237e-29,-0,-2.45360628e-28,2,1.01406833e-17,1.98779134e-16,1.79406174e-16
0.168,1.57079633,1.9085072,-1.83055081e-15,-1.67415421e-14,9.40694818e-13,6.09430554e-15,0,-0,4.4408921e-17,-2.77555756e-17,9.71445147e-18,7.49778291e-31,-1.11559359e-29,-0,-1.74983353e-28,2,6.11689701e-18,2.23932915e-16,1.42625273e-16
0.17,1.57079633,1.9085072,-1.30285501e-15,-1.29226722e-14,8.37137866e-13,4.95303e-15,0,-0,4.4408921e-17,-2.77555756e-17,9.71445147e-18,4.46588513e-31,-6.45307995e-30,-0,-1.08314475e-28,2,3.12249012e-18,2.43705518e-16,1.14045504e-16
0.172,1.57079633,1.9085072,-8.66922445e-16,-9.92410874e-15,-3.61913721e-12,3.79451779e-15,0,-0,0,0,2.94065051e-17,2.63262044e-31,-3.28955264e-30,-0,-1.51311459e-28,2,1.08018887e-18,2.59068013e-16,9.20704154e-17
0.174,1.57079633,1.9085072,-1.82822283e-15,-2.79545745e-15,3.55915335e-13,1.02749696e-14,0,-0,0,0,2.94065051e-17,2.25420869e-32,-1.8784934e-29,-0,-4.1172886e-29,2,-2.26771081e-18,2.70127288e-16,8.07299112e-17
0.176,1.57079633,1.9085072,-1.41041781e-15,4.88915246e-15,1.03822352e-12,9.79081478e-15,0,-0,0,0,2.94065051e-17,6.47859651e-32,-1.38091396e-29,0,1.03807665e-28,2,-5.47745142e-18,2.75091176e-16,8.48732704e-17
0.178,1.57079633,1.9085072,-2.18997291e-16,1.05203797e-14,5.21953178e-12,4.72373986e-15,0,-0,0,-2.77555756e-17,9.71445147e-18,2.95371384e-31,-1.03448623e-30,0,2.87546126e-29,2,-7.25750682e-18,2.74258598e-16,1.02551529e-16
0.18,1.57079633,1.9085072,9.317853e-16,1.02004337e-14,3.94115131e-13,-1.68377007e-15,0,-0,4.4408921e-17,-2.77555756e-17,1.66533454e-17,2.80337278e-31,-1.5689122e-30,0,-4.38778503e-29,2,-5.95031286e-18,3.44019316e-16,1.23687242e-16
0.182,1.57079633,1.9085072,1.6948607e-15,6.81725101e-15,7.63483021e-13,-6.78206599e-15,0,-0,4.4408921e-17,-2.77555756e-17,5.63547556e-17,1.26356217e-31,-1.14946571e-29,0,-9.79241481e-29,2,-3.38447503e-18,3.94077553e-16,1.40744255e-16
0.184,1.57079633,1.9085072,1.68099406e-15,5.51812732e-16,-7.98433778e-13,-8.48143209e-15,0,-0,4.4408921e-17,-2.77555756e-17,5.63547556e-17,2.29793803e-33,-1.4257237e-29,0,3.69389557e-30,2,1.52923552e-19,4.11907543e-16,1.46601214e-16
0.186,1.57079633,1.9085072,1.17015725e-15,-5.23632919e-15,-9.15176221e-13,-7.29717121e-15,0,-0,4.4408921e-17,-2.77555756e-17,5.63547556e-17,7.39459912e-32,-8.5388378e-30,-0,7.90093666e-29,2,2.89276994e-18,4.04129738e-16,1.40311648e-16
0.188,1.57079633,1.9085072,6.83983319e-16,-9.92304798e-15,-7.16161007e-13,-5.72409022e-15,0,-0,4.4408921e-17,-2.77555756e-17,5.63547556e-17,2.63555794e-31,-3.91518223e-30,-0,1.09889401e-28,2,4.60834724e-18,3.761654e-16,1.23805694e-16
0.19,1.57079633,1.9085072,-4.2392761e-16,-1.20398555e-14,-1.59544636e-12,-3.30143823e-16,0,-0,0,-2.77555756e-17,1.66533454e-17,3.87635745e-31,1.39957082e-31,-0,-3.23536283e-29,2,4.89956374e-18,3.36999218e-16,1.00341154e-16
0.192,1.57079633,1.9085072,-2.06597146e-15,-7.05085758e-15,-5.75616237e-13,9.3678805e-15,0,-0,0,0,3.23682852e-17,1.35417539e-31,-1.93537738e-29,-0,-1.29459043e-28,2,1.92395363e-18,3.05649287e-16,8.11921102e-17
0.194,1.57079633,1.9085072,-1.92445137e-15,1.02758815e-15,1.03731136e-12,1.07235478e-14,0,-0,0,0,2.94065051e-17,5.21094127e-33,-2.06369463e-29,0,3.98688806e-29,2,-2.20258201e-18,2.77800941e-16,7.71820758e-17
0.196,1.57079633,1.9085072,-1.28630201e-15,8.29164047e-15,1.10233646e-12,9.06443785e-15,0,-0,0,0,2.94065051e-17,1.84755253e-31,-1.16596046e-29,0,1.51296019e-28,2,-5.26585563e-18,2.50900371e-16,8.85292134e-17
0.198,1.57079633,1.9085072,2.76189459e-16,1.211336e-14,2.28925888e-12,1.76656897e-15,0,-0,4.4408921e-17,-2.77555756e-17,9.71445147e-18,3.91923444e-31,4.87907728e-31,0,-1.37556974e-29,2,-6.29503253e-18,2.24547858e-16,1.11197755e-16
0.2,1.57079633,1.9085072,9.72507446e-16,1.08272944e-14,6.34459365e-14,-2.54110072e-15,0,-0,4.4408921e-17,-2.77555756e-17,9.71445147e-18,3.13503275e-31,-2.47123937e-30,0,-5.78346834e-29,2,-4.64287303e-18,2.0088874e-16,1.34127411e-16
0.202,1.57079633,1.9085072,8.73097469e-16,8.69086573e-15,-3.96975311e-13,-2.97903063e-15,0,-0,4.4408921e-17,-2.77555756e-17,9.71445147e-18,2.02063279e-31,-2.60098411e-30,0,-4.57363254e-29,2,-2.77291343e-18,1.81503407e-16,1.53120212e-16
0.204,1.57079633,1.9085072,6.35844891e-16,6.75516537e-15,-4.01878863e-13,-2.51871085e-15,0,-0,4.4408921e-17,-2.77555756e-17,9.71445147e-18,1.22052772e-31,-1.60150942e-30,0,-2.92298466e-29,2,-1.32102722e-18,1.66103298e-16,1.68025366e-16
0.206,1.57079633,1.9085072,4.23489078e-16,5.20642308e-15,-3.1298632e-13,-1.95616545e-15,0,-0,4.4408921e-17,-2.77555756e-17,9.71445147e-18,7.24758486e-32,-8.28414702e-31,0,-1.75975401e-29,2,-3.22559874e-19,1.53997609e-16,1.79539347e-16
0.208,1.57079633,1.9085072,2.63945696e-16,4.01314416e-15,-2.23708561e-13,-1.47813033e-15,0,-0,4.4408921e-17,-2.77555756e-17,9.71445147e-18,4.30447692e-32,-3.90146137e-31,0,-1.0434658e-29,2,3.16803695e-19,1.44515592e-16,1.88410499e-16
0.21,1.57079633,1.9085072,1.51745963e-16,3.10374545e-15,-1.53313103e-13,-1.10768646e-15,0,-0,4.4408921e-17,-2.77555756e-17,9.71445147e-18,2.57387535e-32,-1.68086949e-31,0,-6.19066195e-30,2,6.97913292e-19,1.37097113e-16,1.95261251e-16
0.212,1.57079633,1.9085072,7.56819454e-17,2.41156235e-15,-1.01888047e-13,-8.29175252e-16,0,-0,4.4408921e-17,-2.77555756e-17,9.71445147e-18,1.5535226e-32,-6.27535961e-32,0,-3.69680191e-30,2,9.0153105e-19,1.31295041e-16,2.00574128e-16
0.214,1.57079633,1.9085072,-5.71104569e-16,2.98621054e-15,-4.85202586e-12,2.56607606e-15,0,-0,4.4408921e-17,-2.77555756e-17,1.12264356e-16,1.60506221e-31,-1.46549776e-30,0,9.74658651e-30,2,5.78893565e-19,-1.35452327e-16,2.05438552e-16
0.216,1.57079633,1.9085072,-3.05968348e-17,4.42901526e-15,-5.09792619e-13,2.80621964e-16,0,-0,4.4408921e-17,-2.77555756e-17,1.76329842e-16,1.17177252e-31,-8.58614385e-33,0,-2.15606463e-29,2,-2.5527558e-19,-5.47457797e-16,2.14359153e-16
0.218,1.57079633,1.9085072,-1.08066012e-15,7.7792406e-15,-4.75175758e-13,6.20816953e-15,0,-0,4.4408921e-17,-2.77555756e-17,2.29084406e-16,1.81029534e-31,-6.70892125e-30,0,1.03670508e-28,2,-1.60973783e-18,-7.96756144e-16,2.26517695e-16
0.22,1.57079633,1.9085072,1.39812249e-15,9.77366274e-15,1.10240105e-11,-5.68332422e-15,0,-0,4.4408921e-17,-2.77555756e-17,2.77725707e-16,2.57162339e-31,-7.9459834e-30,0,-3.3062757e-28,2,-2.61457646e-18,-8.97909578e-16,2.47132497e-16
0.222,1.57079633,1.9085072,4.51959525e-15,-7.29815857e-15,-4.40579075e-13,-2.52331094e-14,0,-0,4.4408921e-17,-2.77555756e-17,2.77725707e-16,1.55466615e-31,-1.14043442e-28,-0,5.03427633e-28,2,5.27026642e-18,-8.75546135e-16,2.46608516e-16
0.224,1.57079633,1.9085072,-1.1369174e-15,-1.31708257e-14,-5.11415727e-12,1.75703103e-15,0,-0,4.4408921e-17,-2.77555756e-17,2.29483395e-16,4.7696739e-31,-1.99759916e-30,-0,-1.80389459e-28,2,7.85511194e-18,-7.46132296e-16,2.20033426e-16
0.226,1.57079633,1.9085072,-2.09742967e-15,-6.52200714e-15,2.27123882e-12,8.75017093e-15,0,-0,4.4408921e-17,-2.77555756e-17,1.76329842e-16,1.40753768e-31,-1.83528681e-29,-0,-7.26624737e-29,2,3.4739548e-18,-5.4048461e-16,2.01865261e-16
0.228,1.57079633,1.9085072,-3.58936096e-16,-3.68643903e-15,2.173501e-12,1.1733047e-15,0,-0,4.4408921e-17,-2.77555756e-17,1.25238866e-16,6.62606261e-32,-4.21141409e-31,-0,8.39243678e-30,2,1.24275156e-18,-3.02408791e-16,1.93508802e-16
0.23,1.57079633,1.9085072,-1.62078809e-15,-1.1767794e-15,5.39380689e-13,8.09669183e-15,0,-0,4.4408921e-17,-2.77555756e-17,5.79553434e-17,3.4956386e-32,-1.31230217e-29,-0,-1.02396229e-29,2,1.44972205e-20,-5.97331134e-17,1.87357442e-16
0.232,1.57079633,1.9085072,-4.53183831e-16,3.0745173e-15,1.97154467e-12,3.3331076e-15,0,-0,4.4408921e-17,-2.77555756e-17,9.71445147e-18,4.67757912e-32,-1.51051047e-30,0,4.95599447e-30,2,-2.13437689e-18,1.61914589e-16,1.91267254e-16
0.234,1.57079633,1.9085072,2.30837e-16,3.44116847e-15,3.38032488e-13,-1.44875429e-16,0,-0,4.4408921e-17,-2.77555756e-17,1.66533454e-17,4.54397411e-32,-3.34426095e-32,0,-6.40120815e-30,2,-2.01861914e-18,3.38962016e-16,1.98141331e-16
0.236,1.57079633,1.9085072,1.21517148e-15,3.58359788e-16,4.23160108e-13,-5.89681225e-15,0,-0,4.4408921e-17,-2.77555756e-17,5.79553434e-17,7.84093492e-33,-7.16563805e-30,0,-2.93716684e-32,2,-3.58090268e-19,4.7058677e-16,2.02047806e-16
0.238,1.57079633,1.9085072,1.61372666e-15,-5.431715e-15,1.349299e-12,-9.23623991e-15,0,-0,4.4408921e-17,-2.77555756e-17,1.11446499e-16,8.21278006e-32,-1.49047666e-29,-0,1.38041237e-28,2,2.33521324e-18,5.51036949e-16,1.96021261e-16
0.24,1.57079633,1.9085072,1.7439131e-15,-1.42308396e-14,-8.89267879e-13,-1.17001063e-14,0,-0,4.4408921e-17,-2.77555756e-17,1.11446499e-16,5.41959269e-31,-2.04039686e-29,-0,3.47431943e-28,2,5.9610816e-18,5.73577608e-16,1.74239084e-16
0.242,1.57079633,1.9085072,1.14933968e-15,-2.23860371e-14,-1.09940668e-12,-1.01131669e-14,0,-0,4.4408921e-17,-2.77555756e-17,1.11446499e-16,1.33873061e-30,-1.1623464e-29,-0,4.42290077e-28,2,8.73293704e-18,5.47320498e-16,1.35365415e-16
0.244,1.57079633,1.9085072,1.01962428e-16,-2.83663463e-14,-7.08616849e-12,-5.5342559e-15,0,-0,0,0,6.42588033e-17,2.14977108e-30,-5.64286171e-31,-0,-9.57420832e-29,2,1.00488875e-17,4.84150782e-16,8.23881704e-17
0.246,1.57079633,1.9085072,-2.13125666e-15,-2.45528738e-14,-4.63569437e-13,7.26647517e-15,0,-0,0,0,6.28190294e-17,1.61465026e-30,-1.54867236e-29,-0,-3.89067057e-28,2,6.77961622e-18,4.08639649e-16,2.95017699e-17
0.248,1.57079633,1.9085072,-2.44664077e-15,-1.75529134e-14,-1.02737988e-12,1.10734595e-14,0,-0,0,0,3.23682852e-17,8.29263769e-31,-2.70927774e-29,-0,-4.25373892e-28,2,2.31948874e-18,3.24687624e-16,-1.13707475e-17
0.25,1.57079633,1.9085072,-2.38362075e-15,-7.60903986e-15,-42.2043765,1.32845631e-14,-0.2,0.0935229795,0,0,2.94065051e-17,1.60336156e-31,-3.16653603e-29,1.52180797e-15,-5.88174914e-16,2,-2.7329187e-18,2.504441e-16,-3.40954025e-17
0.252,1.57077472,1.90847142,-0.0143329874,-0.023341464,-6.20760979,0.0824660411,-0.2,0.0935221415,-5.1368237e-06,5.13521491e-06,5.32910575e-06,1.55708993e-06,-0.00118198473,0.0046682928,-0.00315629055,2,-2.16022083e-05,1.82543462e-05,-3.57855877e-05
0.254,1.57074379,1.90842396,-0.0154126101,-0.0225857734,2.69829195,0.103332077,-0.2,0.0935209412,-1.17352688e-05,1.17315833e-05,1.24059494e-05,1.48065016e-06,-0.00159261701,0.00451715468,-0.00330924175,2,-5.25380536e-05,4.21893247e-05,-8.32436531e-05
0.256,1.57071536,1.90838675,-0.0133451454,-0.0159456496,4.43202482,0.107208871,-0.2,0.0935198382,-1.65180557e-05,1.65128561e-05,1.7953162e-05,7.68055516e-07,-0.00143071798,0.00318912991,-0.00213277731,2,-8.09662879e-05,6.18614482e-05,-0.000120450685
0.258,1.57069186,1.908364,-0.0107939788,-0.00870735186,4.30735545,0.106202123,-0.2,0.0935189264,-1.88716751e-05,1.88657253e-05,2.1352291e-05,2.60927827e-07,-0.00114634347,0.00174147037,-0.000797418489,2,-0.000104464458,7.64199453e-05,-0.000143206454
0.26,1.57067327,1.90835451,-0.00844025132,-0.0025467817,3.73253312,0.103731473,-0.2,0.0935182048,-1.90294889e-05,1.90234838e-05,2.28102694e-05,5.31492689e-08,-0.000875519702,0.00050935634,0.000299308097,2,-0.000123060433,8.71210132e-05,-0.000152690867
0.262,1.57065894,1.90835535,-0.00644065285,0.00198114609,3.07943456,0.100894718,-0.2,0.093517649,-1.75223308e-05,1.75167992e-05,2.28042011e-05,3.13408249e-08,-0.000649827853,-0.000396229219,0.00104426033,2,-0.000137382907,9.54345678e-05,-0.000151852118
0.264,1.57064815,1.90836306,-0.00481272413,0.00476534912,2.44967794,0.0981497974,-0.2,0.0935172303,-1.49712489e-05,1.49665225e-05,2.1867148e-05,7.22425011e-08,-0.000472367898,-0.000953069824,0.00143569437,2,-0.000148172353,0.000102543986,-0.000144141715
0.266,1.57064018,1.90837428,-0.00353459763,0.00593201489,1.87635424,0.0957470066,-0.2,0.0935169208,-1.19806491e-05,1.19768676e-05,2.04708359e-05,1.00176917e-07,-0.000338427143,-0.00118640298,0.00152251249,2,-0.000156148037,0.00010924314,-0.000132918029
0.268,1.57063436,1.90838611,-0.00257020429,0.00575435019,1.37491765,0.0938339962,-0.2,0.093516695,-9.07143829e-06,9.06857587e-06,1.89533867e-05,9.1677748e-08,-0.00024117254,-0.00115087004,0.00137537077,2,-0.00016196595,0.000115958339,-0.000121092338
0.27,1.57063013,1.90839629,-0.00187616018,0.00458953763,0.954456202,0.0924808986,-0.2,0.0935165307,-6.64009818e-06,6.63800352e-06,1.74968312e-05,5.79790041e-08,-0.000173508979,-0.000917907527,0.0010700208,2,-0.000166200195,0.000122815337,-0.000110915499
0.272,1.57062699,1.90840332,-0.00140490687,0.00282431783,0.619249457,0.091690766,-0.2,0.0935164091,-4.93989971e-06,4.93834167e-06,1.61642902e-05,2.22833757e-08,-0.000128816987,-0.000564863566,0.000678010435,2,-0.000169332463,0.000129722768,-0.0001038791
0.274,1.57062458,1.90840649,-0.0011074974,0.000828384222,0.368582199,0.091411059,-0.2,0.0935163154,-4.0814691e-06,4.08018188e-06,1.49794089e-05,2.45522142e-09,-0.00010123751,-0.000165676844,0.000262115337,2,-0.000171747144,0.000136457567,-0.000100716007
0.276,1.57062259,1.90840572,-0.000936469991,-0.00108187554,0.196815906,0.0915484221,-0.2,0.0935162383,-4.04895657e-06,4.04767948e-06,1.40023142e-05,3.57124723e-09,-8.573235e-05,0.000216375108,-0.000125814196,2,-0.000173732144,0.000142742968,-0.000101481594
0.278,1.57062084,1.90840151,-0.000848550653,-0.00266732908,0.0940692987,0.0919853989,-0.2,0.0935161703,-4.72714826e-06,4.72565695e-06,1.33554603e-05,1.93521437e-08,-7.80542703e-05,0.000533465816,-0.000446212382,2,-0.000175485291,0.0001483127,-0.000105692291
0.28,1.5706192,1.90839471,-0.000806849603,-0.00377727108,0.0473966446,0.092597025,-0.2,0.0935161066,-5.93450301e-06,5.93263022e-06,1.31755688e-05,3.84028325e-08,-7.47118728e-05,0.000755454216,-0.000672960167,2,-0.000177125554,0.000152957668,-0.00011249602
0.282,1.57061762,1.90838635,-0.000782313582,-0.00434883271,0.0422343753,0.093265446,-0.2,0.0935160452,-7.45733881e-06,7.45498456e-06,1.35167614e-05,5.07752229e-08,-7.29628252e-05,0.000869766543,-0.000794098153,2,-0.000178707756,0.000156553898,-0.000120850005
0.284,1.57061609,1.90837752,-0.000754331806,-0.00439679341,0.0638812533,0.0938912288,-0.2,0.0935159858,-9.08112911e-06,9.07826112e-06,1.42917752e-05,5.18720796e-08,-7.08251401e-05,0.000879358682,-0.000811492835,2,-0.000180239139,0.000159072728,-0.000129685001
0.286,1.57061463,1.90836916,-0.000710520696,-0.00399666277,0.0988161696,0.0944006541,-0.2,0.0935159293,-1.06159293e-05,1.06125753e-05,1.53109806e-05,4.28779853e-08,-6.70736184e-05,0.000799332554,-0.000739029563,2,-0.000181696101,0.000160575925,-0.000138040248
0.288,1.57061329,1.90836204,-0.000645813044,-0.0032641495,0.135715172,0.0947488675,-0.2,0.0935158771,-1.19141594e-05,1.19103941e-05,1.63685313e-05,2.86419089e-08,-6.11900545e-05,0.0006528299,-0.000599371822,2,-0.000183039604,0.00016119952,-0.000145159593
0.29,1.5706121,1.90835666,-0.000561043022,-0.00233398129,0.166092295,0.0949192675,-0.2,0.093515831,-1.28801579e-05,1.28760863e-05,1.73023618e-05,1.46958911e-08,-5.32537927e-05,0.000466796258,-0.000419799847,2,-0.000184228105,0.000161130652,-0.000150545303
0.292,1.5706111,1.90835323,-0.000461248623,-0.00134057612,0.184548317,0.0949198713,-0.2,0.0935157922,-1.34719584e-05,1.34676991e-05,1.80135904e-05,4.90416407e-09,-4.378166e-05,0.000268115224,-0.000227907944,2,-0.000185227256,0.000160581653,-0.000153971489
0.294,1.57061031,1.90835174,-0.000353910932,-0.00040240103,0.188661435,0.0947776118,-0.2,0.0935157616,-1.36965393e-05,1.36922086e-05,1.84623561e-05,4.96566716e-10,-3.3542833e-05,8.04802059e-05,-4.7925851e-05,2,-0.000186016114,0.000159765073,-0.000155463246
0.296,1.57060974,1.90835195,-0.000247321666,0.000388898125,0.178590317,0.0945315809,-0.2,0.0935157393,-1.36003041e-05,1.35960038e-05,1.86546431e-05,4.35453271e-10,-2.33797081e-05,-7.7779625e-05,0.000101808787,2,-0.000186589945,0.000158872508,-0.000155250382
0.298,1.57060937,1.9083535,-0.000149224744,0.000974251019,0.156481307,0.0942261739,-0.2,0.093515725,-1.32567677e-05,1.32525763e-05,1.86270936e-05,2.54465131e-09,-1.40608767e-05,-0.000194850204,0.000210036037,2,-0.0001869601,0.000158059096,-0.000153705776
0.3,1.57060918,1.90835592,-6.5822987e-05,0.00132809922,0.125778279,0.0939049235,-0.2,0.0935157175,-1.27533762e-05,1.27493442e-05,1.84329107e-05,4.70919737e-09,-6.18110255e-06,-0.000265619844,0.000272533417,2,-0.000187151617,0.000157434531,-0.000151278368
0.302,1.57060913,1.90835877,-1.18536027e-06,0.00145530399,0.0905276408,0.0936055927,-0.2,0.0935157157,-1.21791282e-05,1.21752782e-05,1.81304282e-05,5.65161197e-09,-1.10956351e-07,-0.000291060798,0.000291162073,2,-0.000187199332,0.00015706051,-0.000148429438
0.304,1.57060918,1.90836162,4.29598557e-05,0.00138512656,0.0547553251,0.0933568494,-0.2,0.0935157178,-1.16142684e-05,1.16105974e-05,1.77750874e-05,5.12058668e-09,4.01059678e-06,-0.000277025312,0.000272377662,2,-0.000187143297,0.000156953797,-0.000145578939
0.306,1.5706093,1.90836414,6.71001425e-05,0.00116351123,0.0219709519,0.0931766055,-0.2,0.0935157225,-1.11228502e-05,1.11193348e-05,1.74147836e-05,3.6147981e-09,6.2521635e-06,-0.000232702247,0.000225547971,2,-0.000187024212,0.000157093588,-0.000143066166
0.308,1.57060945,1.90836608,7.35627355e-05,0.000844867451,-0.00516979784,0.0930718996,-0.2,0.0935157281,-1.07484924e-05,1.07450956e-05,1.70878253e-05,1.90764584e-09,6.84662353e-06,-0.00016897349,0.000161330473,2,-0.000186879426,0.000157431598,-0.000141126678
0.31,1.57060959,1.90836732,6.59808759e-05,0.000484382894,-0.0250368791,0.0930400513,-0.2,0.0935157335,-1.05132285e-05,1.05099063e-05,1.68223566e-05,6.28511799e-10,6.13886408e-06,-9.68765788e-05,9.02673792e-05,2,-0.000186739911,0.000157903261,-0.000139885124
0.312,1.5706097,1.90836784,4.86955947e-05,0.000131648616,-0.0370439316,0.0930707187,-0.2,0.0935157378,-1.04190141e-05,1.04157218e-05,1.66362308e-05,4.7667696e-11,4.532134e-06,-2.63297232e-05,2.16804133e-05,2,-0.000186628393,0.00015843859,-0.000139361909
0.314,1.57060977,1.90836771,2.61757972e-05,-0.000173916548,-0.0415399435,0.0931484565,-0.2,0.0935157405,-1.04512343e-05,1.04479318e-05,1.65369185e-05,8.12340114e-11,2.43823511e-06,3.47833097e-05,-3.71008961e-05,2,-0.000186558671,0.000158971562,-0.00013949041
0.316,1.57060979,1.90836706,2.52154203e-06,-0.00040565011,-0.039610962,0.0932553913,-0.2,0.0935157414,-1.0583445e-05,1.05801006e-05,1.65217116e-05,4.39210511e-10,2.35147389e-07,8.11300221e-05,-8.11723737e-05,2,-0.000186535998,0.000159447235,-0.000140140862
0.318,1.57060977,1.90836606,-1.89064422e-05,-0.000550308927,-0.0328316534,0.0933736846,-0.2,0.0935157405,-1.07825839e-05,1.07791764e-05,1.65787908e-05,8.08341839e-10,-1.76536417e-06,0.000110061785,-0.000108165309,2,-0.000186558305,0.000159826235,-0.000141146986
0.32,1.57060971,1.90836487,-3.57106153e-05,-0.000607087573,-0.0230047657,0.0934875437,-0.2,0.0935157382,-1.10139715e-05,1.10104907e-05,1.66894834e-05,9.84126499e-10,-3.33849771e-06,0.000121417515,-0.00011806924,2,-0.000186617981,0.000160086588,-0.000142331827
0.322,1.57060962,1.90836367,-4.65341971e-05,-0.000585405266,-0.0119208167,0.093584632,-0.2,0.0935157349,-1.1245573e-05,1.12420188e-05,1.6831484e-05,9.15569567e-10,-4.35488571e-06,0.000117081053,-0.000112824579,2,-0.000186703922,0.000160223192,-0.000143530019
0.324,1.57060952,1.9083626,-5.10096146e-05,-0.000501938962,-0.00116199169,0.0936568286,-0.2,0.093515731,-1.14511719e-05,1.14475527e-05,1.69823628e-05,6.73617904e-10,-4.77739873e-06,0.000100387792,-9.57610805e-05,2,-0.000186803561,0.000160245434,-0.000144604603
0.326,1.57060942,1.90836174,-4.96067141e-05,-0.00037737842,0.0080352757,0.0937003708,-0.2,0.0935157271,-1.16122953e-05,1.1608625e-05,1.71226057e-05,3.81289895e-10,-4.6481675e-06,7.54756841e-05,-7.09689325e-05,2,-0.000186904674,0.000160173561,-0.000145457498
0.328,1.57060933,1.90836117,-4.34158718e-05,-0.000233323317,0.0148539653,0.0937154744,-0.2,0.0935157235,-1.17189009e-05,1.17151967e-05,1.72376677e-05,1.46253536e-10,-4.06873902e-06,4.66646635e-05,-4.26878745e-05,2,-0.00018699679,0.000160034464,-0.000146033597
0.33,1.57060925,1.90836088,-3.39022043e-05,-8.9649173e-05,0.0189095354,0.0937055734,-0.2,0.0935157206,-1.17689762e-05,1.17652561e-05,1.73188751e-05,2.20608457e-11,-3.17682549e-06,1.79298346e-05,-1.4786056e-05,2,-0.000187072125,0.000159857466,-0.000146319199
0.332,1.5706092,1.90836087,-2.26638088e-05,3.74445284e-05,0.0202119052,0.0936763325,-0.2,0.0935157185,-1.17672962e-05,1.17635767e-05,1.73633043e-05,4.02942692e-12,-2.12306249e-06,-7.48890568e-06,9.62258868e-06,2,-0.000187126027,0.00015967059,-0.000146336002
0.334,1.57060917,1.90836107,-1.12205209e-05,0.000136607503,0.0190899642,0.0936345895,-0.2,0.0935157173,-1.17236353e-05,1.17199297e-05,1.73729208e-05,4.98800462e-11,-1.05062887e-06,-2.73215006e-05,2.8400485e-05,2,-0.000187156974,0.000159497649,-0.000146132168
0.336,1.57060916,1.90836143,-8.51393436e-07,0.000201742966,0.0160940049,0.0935873578,-0.2,0.093515717,-1.16507378e-05,1.16470552e-05,1.73533049e-05,1.08616182e-10,-7.96796621e-08,-4.03485931e-05,4.04513749e-05,2,-0.000187166202,0.000159356349,-0.000145771995
0.338,1.57060917,1.90836188,7.50974843e-06,0.000231738608,0.0118911763,0.0935409939,-0.2,0.0935157173,-1.15623231e-05,1.15586685e-05,1.73122449e-05,1.43334514e-10,7.02469333e-07,-4.63477216e-05,4.56510109e-05,2,-0.000187157085,0.000159257419,-0.000145325659
0.34,1.57060919,1.90836234,1.3319616e-05,0.000229678867,0.00716709037,0.0935005928,-0.2,0.0935157182,-1.14713461e-05,1.14677204e-05,1.72584093e-05,1.40857084e-10,1.24539199e-06,-4.59357734e-05,4.46785838e-05,2,-0.000187134382,0.000159204699,-0.000144860158
0.342,1.57060922,1.90836277,1.64174686e-05,0.000201723702,0.0025436068,0.0934696383,-0.2,0.0935157194,-1.13886644e-05,1.13850648e-05,1.72002234e-05,1.08722947e-10,1.53453485e-06,-4.03447404e-05,3.87884529e-05,2,-0.000187103451,0.000159195989,-0.000144432287
0.344,1.57060926,1.90836312,1.69746384e-05,0.000155842992,-0.00148085226,0.0934499019,-0.2,0.0935157207,-1.13221887e-05,1.13186102e-05,1.71450118e-05,6.49573332e-11,1.58627829e-06,-3.11685984e-05,2.9560228e-05,2,-0.00018706955,0.000159224421,-0.000144084058
0.346,1.57060929,1.90836336,1.54152081e-05,0.000100577293,-0.0045658349,0.0934415549,-0.2,0.093515722,-1.12765253e-05,1.12729613e-05,1.70984243e-05,2.7118307e-11,1.44042102e-06,-2.01154585e-05,1.86595971e-05,2,-0.000187037262,0.000159280114,-0.000143840643
0.348,1.57060932,1.90836349,1.2322244e-05,4.39612907e-05,-0.00653895629,0.0934434428,-0.2,0.093515723,-1.12530598e-05,1.12495032e-05,1.70641342e-05,5.23909221e-12,1.1514329e-06,-8.79225815e-06,7.63439012e-06,2,-0.000187010108,0.000159351862,-0.000143710619
0.35,1.57060934,1.90836351,8.34296788e-06,-7.29733231e-06,-0.00738492395,0.09345346,-0.2,0.0935157238,-1.12503927e-05,1.12468369e-05,1.70437886e-05,1.81931013e-13,7.79679216e-07,1.45946646e-06,-2.23832325e-06,2,-0.00018699035,0.000159428663,-0.000143688045
0.352,1.57060935,1.90836345,4.10390336e-06,-4.83370594e-05,-0.00721863142,0.0934689642,-0.2,0.0935157242,-1.12650111e-05,1.12614507e-05,1.70371762e-05,6.24648663e-12,3.83587596e-07,9.66741188e-06,-1.00467532e-05,2,-0.000186978967,0.000159500938,-0.000143755815
0.354,1.57060935,1.90836331,1.43855444e-07,-7.63561067e-05,-0.00624832693,0.0934871754,-0.2,0.0935157243,-1.12920782e-05,1.12885093e-05,1.70425683e-05,1.55594352e-11,1.34486391e-08,1.52712213e-05,-1.52807306e-05,2,-0.000186975789,0.000159561366,-0.000143889665
0.356,1.57060935,1.90836314,-3.13089783e-06,-9.05522632e-05,-0.00473488669,0.0935055177,-0.2,0.0935157242,-1.13262279e-05,1.13226482e-05,1.70571743e-05,2.18860379e-11,-2.92756222e-07,1.81104526e-05,-1.78162661e-05,2,-0.000186979726,0.000159605306,-0.000144062254
0.358,1.57060934,1.90836296,-5.46816433e-06,-9.18461747e-05,-0.00295255418,0.0935218749,-0.2,0.0935157238,-1.13622733e-05,1.13586822e-05,1.70776473e-05,2.25254697e-11,-5.1139298e-07,1.83692349e-05,-1.78592511e-05,2,-0.000186989068,0.000159630835,-0.000144246849
0.36,1.57060932,1.90836278,-6.76995166e-06,-8.24593958e-05,-0.00115535296,0.0935347468,-0.2,0.0935157233,-1.13957646e-05,1.13921629e-05,1.71005695e-05,1.81675155e-11,-6.33225715e-07,1.64918792e-05,-1.58618765e-05,2,-0.000187001794,0.000159638473,-0.000144420256
0.362,1.57060931,1.90836264,-7.07505387e-06,-6.54219555e-05,0.000448040517,0.0935433064,-0.2,0.0935157228,-1.14233607e-05,1.14197502e-05,1.71228643e-05,1.14467334e-11,-6.61823932e-07,1.30843911e-05,-1.24261058e-05,2,-0.000187015862,0.000159630672,-0.000144564814
0.364,1.5706093,1.90836253,-6.52930681e-06,-4.40784655e-05,0.00170965551,0.0935473704,-0.2,0.0935157223,-1.14430056e-05,1.14393888e-05,1.71420929e-05,5.20678875e-12,-6.10799482e-07,8.8156931e-06,-8.20755038e-06,2,-0.000187029448,0.000159611184,-0.000144669391
0.366,1.57060929,1.90836247,-5.34915877e-06,-2.16492721e-05,0.00254786075,0.0935473014,-0.2,0.0935157218,-1.14539264e-05,1.14503062e-05,1.71566207e-05,1.26595552e-12,-5.00399367e-07,4.32985441e-06,-3.83072592e-06,2,-0.000187041111,0.000159584399,-0.000144729449
0.368,1.57060928,1.90836246,-3.78392727e-06,-8.8649494e-07,0.00294441811,0.0935438663,-0.2,0.0935157215,-1.14564855e-05,1.14528645e-05,1.71656573e-05,1.00821274e-14,-3.53963187e-07,1.77298988e-07,1.76608693e-07,2,-0.000187049893,0.000159554725,-0.00014474635
0.37,1.57060927,1.90836248,-2.08127617e-06,1.61533348e-05,0.00293486766,0.0935380744,-0.2,0.0935157213,-1.14519305e-05,1.14483109e-05,1.71691883e-05,6.9901158e-13,-1.94678565e-07,-3.23066695e-06,3.42594499e-06,2,-0.000187055336,0.000159526086,-0.00014472612
0.372,1.57060927,1.90836252,-4.59247737e-07,2.82155957e-05,0.00259456366,0.0935310181,-0.2,0.0935157212,-1.14420894e-05,1.14384729e-05,1.71678306e-05,2.1248147e-12,-4.29539084e-08,-5.64311914e-06,5.68672459e-06,2,-0.000187057444,0.000159501563,-0.0001446779
0.374,1.57060927,1.90836259,9.13174529e-07,3.48430137e-05,0.00202275007,0.0935237328,-0.2,0.0935157212,-1.14290558e-05,1.14254434e-05,1.71626433e-05,3.24012809e-12,8.54034907e-08,-6.96860273e-06,6.88350713e-06,2,-0.000187056597,0.000159483201,-0.000144612336
0.376,1.57060927,1.90836266,1.9263306e-06,3.62811307e-05,0.00132684895,0.0935170898,-0.2,0.0935157213,-1.14149016e-05,1.14112937e-05,1.71549234e-05,3.51442864e-12,1.80144832e-07,-7.25622614e-06,7.07594138e-06,2,-0.000187053443,0.000159471963,-0.000144540091
0.378,1.57060928,1.90836273,2.53149658e-06,3.33211191e-05,0.000608709998,0.0935117271,-0.2,0.0935157215,-1.14014452e-05,1.13978416e-05,1.71460151e-05,2.96601987e-12,2.36724618e-07,-6.66422383e-06,6.42703918e-06,2,-0.000187048769,0.000159467824,-0.000144470623
0.38,1.57060928,1.90836279,2.73525448e-06,2.7109365e-05,-4.59731716e-05,0.0935080195,-0.2,0.0935157217,-1.1390091e-05,1.1386491e-05,1.71371491e-05,1.96492223e-12,2.5576823e-07,-5.421873e-06,5.16555232e-06,2,-0.000187043392,0.000159469955,-0.000144411338
0.382,1.57060929,1.90836283,2.58859399e-06,1.89516169e-05,-0.000574458683,0.0935060847,-0.2,0.0935157219,-1.13817456e-05,1.13781482e-05,1.71293245e-05,9.61895581e-13,2.42049289e-07,-3.79032339e-06,3.54782961e-06,2,-0.000187038055,0.000159476964,-0.000144367116
0.384,1.57060929,1.90836286,2.17295708e-06,1.01350041e-05,-0.00093988669,0.0935058167,-0.2,0.0935157221,-1.13768062e-05,1.13732104e-05,1.71232394e-05,2.76609861e-13,2.03184126e-07,-2.02700081e-06,1.82357988e-06,2,-0.000187033363,0.000159487157,-0.000144340224
0.386,1.5706093,1.90836287,1.58537791e-06,1.78490392e-06,-0.0011307224,0.0935069394,-0.2,0.0935157222,-1.1375209e-05,1.13716137e-05,1.71192663e-05,9.89149643e-15,1.48243836e-07,-3.56980784e-07,2.08698808e-07,2,-0.000187029733,0.00015949879,-0.000144330541
0.388,1.5706093,1.90836287,9.24577279e-07,-5.23344835e-06,-0.00115741598,0.093509069,-0.2,0.0935157223,-1.13765214e-05,1.13729257e-05,1.71174698e-05,7.36090521e-14,8.64563605e-08,1.04668967e-06,-1.13306476e-06,2,-0.000187027384,0.000159510276,-0.000144336005
0.39,1.5706093,1.90836285,2.79420073e-07,-1.03656345e-05,-0.001047173,0.0935117777,-0.2,0.0935157224,-1.1380059e-05,1.13764622e-05,1.71176552e-05,2.86808186e-13,2.61290678e-08,2.07312689e-06,-2.09915074e-06,2,-0.00018702635,0.000159520335,-0.000144353209
0.392,1.5706093,1.90836282,-2.79383906e-07,-1.33740153e-05,-0.000837777574,0.0935146505,-0.2,0.0935157224,-1.13850097e-05,1.13814113e-05,1.71194378e-05,4.77351838e-13,-2.61264883e-08,2.67480307e-06,-2.64861635e-06,2,-0.000187026507,0.000159528085,-0.000144378037
0.394,1.5706093,1.9083628,-7.03986923e-07,-1.43065256e-05,-0.000571346436,0.09351733,-0.2,0.0935157223,-1.139055e-05,1.13869499e-05,1.71223212e-05,5.46424329e-13,-6.58349774e-08,2.86130513e-06,-2.79547936e-06,2,-0.00018702762,0.000159533069,-0.000144406259
0.396,1.5706093,1.90836277,-9.70642406e-07,-1.34386892e-05,-0.000288738031,0.0935195466,-0.2,0.0935157223,-1.13959407e-05,1.13923388e-05,1.71257746e-05,4.82394685e-13,-9.07740378e-08,2.68773783e-06,-2.59702808e-06,2,-0.000187029387,0.000159535229,-0.000144434038
0.398,1.5706093,1.90836274,-1.0779726e-06,-1.12003831e-05,-2.51325118e-05,0.093521133,-0.2,0.0935157222,-1.14005954e-05,1.13969921e-05,1.71292996e-05,3.35346761e-13,-1.00813219e-07,2.24007662e-06,-2.13934884e-06,2,-0.000187031486,0.000159534839,-0.000144458293
0.4,1.57060929,1.90836273,-1.04300843e-06,-8.09849559e-06,0.000192928551,0.0935220244,-0.2,0.0935157221,-1.14041195e-05,1.1400515e-05,1.71324812e-05,1.75575698e-13,-9.75442595e-08,1.61969912e-06,-1.5222285e-06,2,-0.000187033619,0.000159532413,-0.000144476911
0.402,1.57060929,1.90836271,-8.95862001e-07,-4.64503854e-06,0.000348975243,0.0935222471,-0.2,0.093515722,-1.14063196e-05,1.14027145e-05,1.71350199e-05,5.79999793e-14,-8.37830274e-08,9.29007708e-07,-8.4526777e-07,2,-0.000187035536,0.000159528601,-0.000144488808
0.404,1.57060929,1.90836271,-6.73889842e-07,-1.29789886e-06,0.000436631343,0.0935218987,-0.2,0.093515722,-1.14071888e-05,1.14035834e-05,1.71367449e-05,4.74362872e-15,-6.30234575e-08,2.59579771e-07,-1.96567351e-07,2,-0.000187037058,0.000159524094,-0.000144493866
0.406,1.57060929,1.90836271,-4.16105024e-07,1.5813499e-06,0.0004584837,0.0935211238,-0.2,0.0935157219,-1.14068729e-05,1.14032676e-05,1.71376093e-05,6.77547972e-15,-3.89146095e-08,-3.16269981e-07,3.55194786e-07,2,-0.000187038087,0.000159519532,-0.000144492767
0.408,1.57060929,1.90836272,-1.58428681e-07,3.75090886e-06,0.000424138543,0.0935200893,-0.2,0.0935157219,-1.14056258e-05,1.14020209e-05,1.71376732e-05,3.75652969e-14,-1.48162644e-08,-7.50181773e-07,7.65014589e-07,2,-0.000187038594,0.000159515445,-0.000144486769
0.41,1.57060929,1.90836272,6.98328161e-08,5.09426089e-06,0.000347836369,0.0935189605,-0.2,0.0935157219,-1.14037608e-05,1.14001565e-05,1.71370767e-05,6.92569058e-14,6.53069237e-09,-1.01885218e-06,1.01233262e-06,2,-0.000187038619,0.000159512212,-0.000144477455
0.412,1.57060929,1.90836274,2.48109332e-07,5.61039826e-06,0.000245977656,0.0935178834,-0.2,0.0935157219,-1.14016039e-05,1.13980003e-05,1.71360092e-05,8.40257766e-14,2.32026596e-08,-1.12207965e-06,1.09887759e-06,2,-0.000187038248,0.000159510044,-0.000144466497
0.414,1.57060929,1.90836275,3.65303277e-07,5.39269411e-06,0.000134857692,0.0935169711,-0.2,0.0935157219,-1.13994545e-05,1.13958516e-05,1.71346789e-05,7.76691335e-14,3.4162056e-08,-1.07853882e-06,1.0443681e-06,2,-0.000187037595,0.000159508991,-0.000144455445
0.416,1.57060929,1.90836276,4.19311708e-07,4.60091202e-06,2.88302781e-05,0.0935162971,-0.2,0.093515722,-1.13975559e-05,1.13939536e-05,1.71332856e-05,5.65763989e-14,3.92124783e-08,-9.20182403e-07,8.8095692e-07,2,-0.000187036787,0.000159508969,-0.000144445574
0.418,1.57060929,1.90836276,4.15611944e-07,3.4308033e-06,-6.09699498e-05,0.0935158945,-0.2,0.093515722,-1.13960782e-05,1.13924763e-05,1.71319994e-05,3.14979924e-14,3.88663227e-08,-6.8616066e-07,6.47282313e-07,2,-0.000187035945,0.000159509791,-0.000144437792
0.42,1.57060929,1.90836277,3.65244052e-07,2.08519772e-06,-0.000127303578,0.0935157591,-0.2,0.093515722,-1.13951123e-05,1.13915107e-05,1.71309471e-05,1.16727982e-14,3.41560747e-08,-4.17039545e-07,3.82875824e-07,2,-0.000187035171,0.000159511207,-0.0001444326
0.422,1.57060929,1.90836277,2.8253088e-07,7.49604914e-07,-0.000166934441,0.0935158572,-0.2,0.0935157221,-1.1394674e-05,1.13910726e-05,1.71302055e-05,1.54275275e-15,2.64211175e-08,-1.49920983e-07,1.23497307e-07,2,-0.00018703454,0.000159512948,-0.000144430114
0.424,1.57060929,1.90836277,1.82843475e-07,-4.25724606e-07,-0.000180261968,0.0935161347,-0.2,0.0935157221,-1.13947163e-05,1.13911148e-05,1.71298019e-05,5.03006701e-16,1.7098815e-08,8.51449212e-08,-1.02242609e-07,2,-0.000187034098,0.000159514756,-0.000144430119
0.426,1.57060929,1.90836277,8.06581661e-08,-1.33642415e-06,-0.00017060713,0.0935165269,-0.2,0.0935157221,-1.13951458e-05,1.13915442e-05,1.712972e-05,4.77083282e-15,7.54287156e-09,2.6728483e-07,-2.74825165e-07,2,-0.00018703386,0.000159516412,-0.000144432155
0.428,1.57060929,1.90836277,-1.19272476e-08,-1.92745659e-06,-0.00014329703,0.0935169682,-0.2,0.0935157221,-1.13958426e-05,1.13922408e-05,1.71299101e-05,9.91437819e-15,-1.11540004e-09,3.85491318e-07,-3.84373944e-07,2,-0.000187033817,0.000159517755,-0.000144435619
0.43,1.57060929,1.90836276,-8.61335538e-08,-2.19030906e-06,-0.000104689284,0.0935173992,-0.2,0.0935157221,-1.1396678e-05,1.1393076e-05,1.71303006e-05,1.28057368e-14,-8.05498594e-09,4.38061812e-07,-4.30006413e-07,2,-0.000187033937,0.000159518691,-0.000144439852
0.432,1.57060929,1.90836276,-1.36889423e-07,-2.1554057e-06,-6.12586226e-05,0.0935177728,-0.2,0.0935157221,-1.13975315e-05,1.13939292e-05,1.713081e-05,1.2406504e-14,-1.2801594e-08,4.3108114e-07,-4.18280661e-07,2,-0.000187034177,0.000159519187,-0.000144444232
0.434,1.57060929,1.90836275,-1.6272688e-07,-1.88148199e-06,-1.88381139e-05,0.093518057,-0.2,0.0935157221,-1.13983026e-05,1.13947e-05,1.71313586e-05,9.45971235e-15,-1.52179016e-08,3.76296398e-07,-3.61080445e-07,2,-0.000187034487,0.000159519269,-0.000144448232
0.436,1.57060929,1.90836275,-1.65285712e-07,-1.44368935e-06,1.79271328e-05,0.0935182358,-0.2,0.0935157221,-1.13989186e-05,1.13953158e-05,1.71318766e-05,5.5757594e-15,-1.54572282e-08,2.8873787e-07,-2.7328258e-07,2,-0.000187034819,0.000159519002,-0.000144451467
0.438,1.57060929,1.90836275,-1.48555122e-07,-9.22018202e-07,4.58903189e-05,0.0935183082,-0.2,0.093515722,-1.13993378e-05,1.13957349e-05,1.71323107e-05,2.28006751e-15,-1.38926237e-08,1.8440364e-07,-1.70512347e-07,2,-0.000187035131,0.000159518482,-0.000144453709
0.44,1.57060929,1.90836275,-1.17987335e-07,-3.91299166e-07,6.34857923e-05,0.0935182857,-0.2,0.093515722,-1.13995488e-05,1.13959458e-05,1.71326268e-05,4.16081221e-16,-1.10339733e-08,7.82598333e-08,-6.72263957e-08,2,-0.000187035392,0.000159517814,-0.000144454886
0.442,1.57060929,1.90836275,-7.96076378e-08,8.63692519e-08,7.06165408e-05,0.0935181882,-0.2,0.093515722,-1.13995658e-05,1.13959628e-05,1.71328107e-05,2.35122011e-17,-7.44476205e-09,-1.72738504e-08,2.4718704e-08,2,-0.00018703558,0.000159517101,-0.000144455059
0.444,1.57060929,1.90836275,-3.92228281e-08,4.66350399e-07,6.83950286e-05,0.0935180406,-0.2,0.093515722,-1.13994225e-05,1.13958196e-05,1.71328657e-05,5.81395271e-16,-3.66804203e-09,-9.32700798e-08,9.6938499e-08,2,-0.000187035689,0.000159516433,-0.000144454394
0.446,1.57060929,1.90836275,-1.80014966e-09,7.2334094e-07,5.87941626e-05,0.0935178689,-0.2,0.093515722,-1.13991648e-05,1.13955619e-05,1.71328093e-05,1.39633584e-15,-1.6834616e-10,-1.44668188e-07,1.44836873e-07,2,-0.00018703572,0.000159515878,-0.00014445312
0.448,1.57060929,1.90836275,2.89439621e-08,8.50696543e-07,4.42642544e-05,0.0935176971,-0.2,0.093515722,-1.1398843e-05,1.13952402e-05,1.71326684e-05,1.93158592e-15,2.70677269e-09,-1.70139309e-07,1.6743265e-07,2,-0.000187035684,0.000159515479,-0.000144451494
0.45,1.57060929,1.90836275,5.07370407e-08,8.57756839e-07,2.73664065e-05,0.0935175448,-0.2,0.093515722,-1.13985056e-05,1.13949029e-05,1.71324746e-05,1.96460956e-15,4.74480348e-09,-1.71551368e-07,1.66806431e-07,2,-0.000187035597,0.000159515251,-0.000144449766
0.452,1.57060929,1.90836275,6.27438178e-08,7.65842178e-07,1.04602377e-05,0.0935174258,-0.2,0.093515722,-1.13981938e-05,1.13945913e-05,1.71322597e-05,1.56708256e-15,5.86764032e-09,-1.53168436e-07,1.47300508e-07,2,-0.000187035479,0.000159515189,-0.000144448152
0.454,1.57060929,1.90836276,6.53970078e-08,6.03622382e-07,-4.52755854e-06,0.0935173475,-0.2,0.093515722,-1.13979385e-05,1.1394336e-05,1.7132052e-05,9.7447324e-16,6.1157547e-09,-1.20724476e-07,1.14608413e-07,2,-0.000187035349,0.000159515271,-0.000144446815
0.456,1.57060929,1.90836276,6.0114859e-08,4.02500301e-07,-1.62431798e-05,0.0935173112,-0.2,0.093515722,-1.13977583e-05,1.13941559e-05,1.71318738e-05,4.34193731e-16,5.62177997e-09,-8.05000602e-08,7.48780526e-08,2,-0.000187035224,0.00015951546,-0.000144445855
0.458,1.57060929,1.90836276,4.89583692e-08,1.92533256e-07,-2.39542966e-05,0.0935173135,-0.2,0.093515722,-1.139766e-05,1.13940576e-05,1.71317401e-05,1.00200281e-16,4.57845516e-09,-3.85066513e-08,3.39280906e-08,2,-0.000187035117,0.000159515714,-0.000144445314
0.46,1.57060929,1.90836276,3.42784187e-08,-7.42261557e-10,-2.75194011e-05,0.0935173469,-0.2,0.093515722,-1.13976396e-05,1.13940372e-05,1.71316578e-05,6.60543684e-19,3.20562678e-09,1.48452311e-10,-3.3540797e-09,2,-0.000187035037,0.000159515994,-0.000144445174
0.462,1.57060929,1.90836276,1.83947351e-08,-1.58387041e-07,-2.72949935e-05,0.093517402,-0.2,0.093515722,-1.13976852e-05,1.13940828e-05,1.7131627e-05,6.71596957e-17,1.72022784e-09,3.16774082e-08,-3.33975818e-08,2,-0.000187034988,0.000159516262,-0.00014444538
0.464,1.57060929,1.90836276,3.33747621e-09,-2.69002522e-07,-2.40036197e-05,0.0935174684,-0.2,0.093515722,-1.13977795e-05,1.1394177e-05,1.71316415e-05,1.93126555e-16,3.12112326e-10,5.38005043e-08,-5.41125602e-08,2,-0.00018703497,0.00015951649,-0.000144445842
0.466,1.57060929,1.90836276,-9.33069327e-09,-3.28641915e-07,-1.85841901e-05,0.0935175366,-0.2,0.093515722,-1.13979027e-05,1.13943002e-05,1.71316915e-05,2.88260639e-16,-8.72583449e-10,6.57283831e-08,-6.48557745e-08,2,-0.00018703498,0.00015951666,-0.000144446463
0.468,1.57060929,1.90836275,-1.86065733e-08,-3.39889127e-07,-1.20451284e-05,0.0935175984,-0.2,0.093515722,-1.13980355e-05,1.1394433e-05,1.71317647e-05,3.08448002e-16,-1.74004205e-09,6.79778254e-08,-6.62377974e-08,2,-0.000187035011,0.000159516762,-0.000144447141
0.47,1.57060929,1.90836275,-2.40577558e-08,-3.10363469e-07,-5.33708028e-06,0.0935176479,-0.2,0.093515722,-1.1398161e-05,1.13945584e-05,1.71318485e-05,2.57333132e-16,-2.24982474e-09,6.20726939e-08,-5.98229105e-08,2,-0.000187035055,0.000159516798,-0.00014444779
0.472,1.57060929,1.90836275,-2.57668962e-08,-2.5092589e-07,7.45015333e-07,0.0935176819,-0.2,0.093515722,-1.13982663e-05,1.13946637e-05,1.71319314e-05,1.6835591e-16,-2.4096604e-09,5.01851779e-08,-4.7775566e-08,2,-0.000187035106,0.000159516776,-0.00014444834
0.474,1.57060929,1.90836275,-2.42275873e-08,-1.73846019e-07,5.6237227e-06,0.0935176992,-0.2,0.093515722,-1.1398343e-05,1.13947404e-05,1.71320042e-05,8.09525395e-17,-2.26570822e-09,3.47692039e-08,-3.2503534e-08,2,-0.000187035156,0.000159516709,-0.000144448747
0.476,1.57060929,1.90836275,-2.02125357e-08,-9.11459063e-08,8.96476812e-06,0.093517701,-0.2,0.093515722,-1.13983878e-05,1.13947852e-05,1.71320604e-05,2.23858464e-17,-1.89022987e-09,1.82291813e-08,-1.63389713e-08,2,-0.0001870352,0.000159516612,-0.000144448992
0.478,1.57060929,1.90836275,-1.46342758e-08,-1.32765596e-08,1.06705006e-05,0.09351769,-0.2,0.093515722,-1.13984014e-05,1.13947987e-05,1.71320966e-05,5.89049964e-19,-1.36856367e-09,2.65531192e-09,-1.28675092e-09,2,-0.000187035234,0.000159516503,-0.000144449075
0.48,1.57060929,1.90836275,-8.4155125e-09,5.17832227e-08,1.0847475e-05,0.0935176696,-0.2,0.093515722,-1.13983879e-05,1.13947853e-05,1.71321125e-05,7.19908486e-18,-7.86999118e-10,-1.03566445e-08,1.11436511e-08,2,-0.000187035255,0.000159516396,-0.000144449018
0.482,1.57060929,1.90836275,-2.3821937e-09,9.89807223e-08,9.75661037e-06,0.0935176441,-0.2,0.093515722,-1.13983539e-05,1.13947513e-05,1.71321099e-05,2.6150707e-17,-2.22777143e-10,-1.97961445e-08,2.00189308e-08,2,-0.000187035264,0.000159516302,-0.000144448852
0.484,1.57060929,1.90836275,2.81275071e-09,1.26226568e-07,7.75541903e-06,0.0935176171,-0.2,0.093515722,-1.13983071e-05,1.13947045e-05,1.71320926e-05,4.25226313e-17,2.63041744e-10,-2.52453136e-08,2.49822769e-08,2,-0.000187035262,0.000159516231,-0.000144448617
0.486,1.57060929,1.90836275,6.73195788e-09,1.3408758e-07,5.23911362e-06,0.0935175922,-0.2,0.093515722,-1.1398255e-05,1.13946525e-05,1.71320651e-05,4.80005898e-17,6.29556492e-10,-2.6817516e-08,2.61879584e-08,2,-0.000187035252,0.000159516186,-0.000144448352
0.488,1.57060929,1.90836275,9.16375861e-09,1.25233774e-07,2.58900793e-06,0.0935175716,-0.2,0.093515722,-1.13982047e-05,1.13946022e-05,1.71320326e-05,4.18931536e-17,8.56972452e-10,-2.50467548e-08,2.41897766e-08,2,-0.000187035235,0.000159516167,-0.000144448093
0.49,1.57060929,1.90836275,1.01047915e-08,1.03747483e-07,1.31464448e-07,0.0935175571,-0.2,0.093515722,-1.13981615e-05,1.1394559e-05,1.71319997e-05,2.8774153e-17,9.44975413e-10,-2.07494965e-08,1.98045136e-08,2,-0.000187035215,0.000159516171,-0.000144447867
0.492,1.57060929,1.90836275,9.72207521e-09,7.43987587e-08,-1.88902503e-06,0.093517549,-0.2,0.093515722,-1.1398129e-05,1.13945265e-05,1.71319701e-05,1.4819362e-17,9.09184645e-10,-1.48797517e-08,1.39705607e-08,2,-0.000187035195,0.000159516195,-0.000144447696
0.494,1.57060929,1.90836275,8.30265702e-09,4.19756489e-08,-3.32283377e-06,0.0935175472,-0.2,0.093515722,-1.1398109e-05,1.13945065e-05,1.71319466e-05,4.73819831e-18,7.76444119e-10,-8.39512978e-09,7.61868202e-09,2,-0.000187035177,0.000159516231,-0.000144447587
0.496,1.57060929,1.90836275,6.19883105e-09,1.07357369e-08,-4.11454949e-06,0.0935175507,-0.2,0.093515722,-1.13981015e-05,1.13944989e-05,1.71319308e-05,3.28636439e-19,5.79699497e-10,-2.14714737e-09,1.56744702e-09,2,-0.000187035163,0.000159516274,-0.000144447543
0.498,1.57060929,1.90836275,3.77604338e-09,-1.5981186e-08,-4.29211154e-06,0.0935175581,-0.2,0.093515722,-1.13981049e-05,1.13945024e-05,1.71319231e-05,6.90026347e-19,3.53126356e-10,3.19623721e-09,-3.54936261e-09,2,-0.000187035154,0.000159516316,-0.000144447556
0.5,1.57060929,1.90836275,1.36885463e-09,-3.59646195e-08,-3.94828153e-06,0.0935175679,-0.2,0.093515722,-1.13981169e-05,1.13945144e-05,1.71319228e-05,3.45326085e-18,1.28011956e-10,7.1929239e-09,-7.3209344e-09,2,-0.000187035149,0.000159516354,-0.000144447614
0.502,1.57060929,1.90836275,-7.51496123e-10,-4.81773672e-08,-3.21805724e-06,0.0935175785,-0.2,0.093515722,-1.13981346e-05,1.13945321e-05,1.71319287e-05,6.19426367e-18,-7.02780977e-11,9.63547343e-09,-9.5651944e-09,2,-0.000187035149,0.000159516384,-0.000144447702
0.504,1.57060929,1.90836275,-2.39630965e-09,-5.26578694e-08,-2.25567248e-06,0.0935175885,-0.2,0.093515722,-1.13981549e-05,1.13945524e-05,1.71319388e-05,7.40219796e-18,-2.240971e-10,1.05315739e-08,-1.03074768e-08,2,-0.000187035153,0.000159516404,-0.000144447805
0.506,1.57060929,1.90836275,-3.46574093e-09,-5.03179934e-08,-1.21344899e-06,0.093517597,-0.2,0.093515722,-1.1398175e-05,1.13945725e-05,1.71319514e-05,6.76232896e-18,-3.24107764e-10,1.00635987e-08,-9.73949172e-09,2,-0.000187035159,0.000159516414,-0.000144447909
0.508,1.57060929,1.90836275,-3.94382822e-09,-4.26785639e-08,-2.24710572e-07,0.0935176032,-0.2,0.093515722,-1.13981927e-05,1.13945901e-05,1.71319644e-05,4.86840548e-18,-3.68817363e-10,8.53571278e-09,-8.16689657e-09,2,-0.000187035167,0.000159516413,-0.000144448
0.51,1.57060929,1.90836275,-3.88489308e-09,-3.15841814e-08,6.0777589e-07,0.0935176068,-0.2,0.093515722,-1.13982063e-05,1.13946037e-05,1.71319764e-05,2.66974344e-18,-3.63305904e-10,6.31683628e-09,-5.95353142e-09,2,-0.000187035175,0.000159516405,-0.000144448072
0.512,1.57060929,1.90836275,-3.39440665e-09,-1.89336325e-08,1.21791402e-06,0.093517608,-0.2,0.093515722,-1.13982151e-05,1.13946125e-05,1.71319862e-05,9.62666264e-19,-3.1743679e-10,3.7867265e-09,-3.46929036e-09,2,-0.000187035182,0.000159516392,-0.00014444812
0.514,1.57060929,1.90836275,-2.60760286e-09,-6.45367128e-09,1.57719092e-06,0.093517607,-0.2,0.093515722,-1.1398219e-05,1.13946164e-05,1.7131993e-05,1.14838898e-19,-2.43856779e-10,1.29073426e-09,-1.04687768e-09,2,-0.000187035188,0.000159516375,-0.000144448142
0.516,1.57060929,1.90836275,-1.66856217e-09,4.46593216e-09,1.69075749e-06,0.0935176043,-0.2,0.093515722,-1.13982184e-05,1.13946158e-05,1.71319966e-05,5.48426765e-20,-1.56039936e-10,-8.93186431e-10,1.04922648e-09,2,-0.000187035192,0.000159516358,-0.000144448141
0.518,1.57060929,1.90836275,-7.1222518e-10,1.28687016e-08,1.59093051e-06,0.0935176006,-0.2,0.093515722,-1.13982142e-05,1.13946117e-05,1.71319972e-05,4.42299095e-19,-6.66055899e-11,-2.57374032e-09,2.64034613e-09,2,-0.000187035194,0.000159516343,-0.000144448121
0.52,1.57060929,1.90836275,1.49332303e-10,1.82606695e-08,1.32829546e-06,0.0935175965,-0.2,0.093515722,-1.13982076e-05,1.1394605e-05,1.71319953e-05,8.898767e-19,1.3965198e-11,-3.65213391e-09,3.63816888e-09,2,-0.000187035194,0.000159516331,-0.000144448088
0.522,1.57060929,1.90836275,8.35434287e-10,2.05815568e-08,9.6267381e-07,0.0935175924,-0.2,0.093515722,-1.13981997e-05,1.13945972e-05,1.71319916e-05,1.13072738e-18,7.81278031e-11,-4.11631137e-09,4.03818359e-09,2,-0.000187035193,0.000159516322,-0.000144448048
0.524,1.57060929,1.90836275,1.30021269e-09,2.01318971e-08,5.54705212e-07,0.093517589,-0.2,0.093515722,-1.13981917e-05,1.13945892e-05,1.71319868e-05,1.08236073e-18,1.21592756e-10,-4.02637942e-09,3.90478656e-09,2,-0.000187035191,0.000159516318,-0.000144448007
0.526,1.57060929,1.90836275,1.53144909e-09,1.74724512e-08,1.58611285e-07,0.0935175863,-0.2,0.093515722,-1.13981846e-05,1.1394582e-05,1.71319816e-05,8.1583531e-19,1.43217422e-10,-3.49449023e-09,3.35127264e-09,2,-0.000187035188,0.000159516317,-0.00014444797
0.528,1.57060929,1.90836275,1.54577219e-09,1.33124615e-08,-1.82727507e-07,0.0935175847,-0.2,0.093515722,-1.13981789e-05,1.13945763e-05,1.71319768e-05,4.74138751e-19,1.44556882e-10,-2.6624923e-09,2.51793525e-09,2,-0.000187035185,0.00015951632,-0.00014444794
0.53,1.57060929,1.90836275,1.38143702e-09,8.40161279e-09,-4.40487123e-07,0.0935175841,-0.2,0.093515722,-1.1398175e-05,1.13945725e-05,1.71319728e-05,1.89359822e-19,1.29188653e-10,-1.68032256e-09,1.55113379e-09,2,-0.000187035182,0.000159516325,-0.000144447919
0.532,1.57060929,1.90836275,1.0900109e-09,3.43723122e-09,-6.0065481e-07,0.0935175843,-0.2,0.093515722,-1.13981731e-05,1.13945706e-05,1.71319699e-05,3.21679352e-20,1.01935186e-10,-6.87446243e-10,5.85511013e-10,2,-0.00018703518,0.000159516331,-0.000144447909
0.534,1.57060929,1.90836275,7.28060773e-10,-1.00552774e-09,-6.62965085e-07,0.0935175853,-0.2,0.093515722,-1.13981731e-05,1.13945705e-05,1.71319682e-05,3.00097331e-21,6.80864854e-11,2.01105548e-10,-2.69192023e-10,2,-0.000187035178,0.000159516338,-0.000144447908
0.536,1.57060929,1.90836275,3.49775692e-10,-4.51668932e-09,-6.38316326e-07,0.0935175867,-0.2,0.093515722,-1.13981745e-05,1.13945719e-05,1.71319678e-05,5.45231794e-20,3.27101786e-11,9.03337863e-10,-9.36048008e-10,2,-0.000187035177,0.000159516344,-0.000144447914
0.538,1.57060929,1.90836275,1.22784618e-12,-6.86776609e-09,-5.45538563e-07,0.0935175883,-0.2,0.093515722,-1.13981769e-05,1.13945744e-05,1.71319683e-05,1.2587267e-19,1.14825213e-13,1.37355322e-09,-1.37366801e-09,2,-0.000187035177,0.000159516349,-0.000144447926
0.54,1.57060929,1.90836275,-2.83352817e-10,-8.00437567e-09,-4.07695676e-07,0.0935175899,-0.2,0.093515722,-1.139818e-05,1.13945774e-05,1.71319697e-05,1.71012035e-19,-2.64984726e-11,1.60087513e-09,-1.57437665e-09,2,-0.000187035177,0.000159516353,-0.000144447942
0.542,1.57060929,1.90836275,-4.83327407e-10,-8.02046205e-09,-2.48763031e-07,0.0935175913,-0.2,0.093515722,-1.13981831e-05,1.13945806e-05,1.71319715e-05,1.71773991e-19,-4.51996149e-11,1.60409241e-09,-1.55889281e-09,2,-0.000187035178,0.000159516355,-0.000144447958
0.544,1.57060929,1.90836275,-5.91485352e-10,-7.1202784e-09,-9.07622539e-08,0.0935175924,-0.2,0.093515722,-1.1398186e-05,1.13945835e-05,1.71319735e-05,1.35463742e-19,-5.53142861e-11,1.42405568e-09,-1.36874142e-09,2,-0.000187035179,0.000159516355,-0.000144447973
0.546,1.57060929,1.90836275,-6.12399867e-10,-5.57483311e-09,4.85627562e-08,0.0935175931,-0.2,0.093515722,-1.13981884e-05,1.13945858e-05,1.71319755e-05,8.31249064e-20,-5.72701616e-11,1.11496662e-09,-1.05769649e-09,2,-0.00018703518,0.000159516354,-0.000144447985
0.548,1.57060929,1.90836275,-5.59727616e-10,-3.67880788e-09,1.56669475e-07,0.0935175935,-0.2,0.093515722,-1.139819e-05,1.13945875e-05,1.71319771e-05,3.62776025e-20,-5.23443796e-11,7.35761575e-10,-6.83417215e-10,2,-0.000187035181,0.000159516353,-0.000144447994
0.55,1.57060929,1.90836275,-4.53008336e-10,-1.71256036e-09,2.27114865e-07,0.0935175934,-0.2,0.093515722,-1.13981909e-05,1.13945884e-05,1.71319784e-05,7.93624809e-21,-4.23642494e-11,3.42512071e-10,-3.00147831e-10,2,-0.000187035182,0.00015951635,-0.000144447999
0.552,1.57060929,1.90836275,-3.14329851e-10,8.70697355e-11,2.58694004e-07,0.0935175931,-0.2,0.093515722,-1.13981911e-05,1.13945885e-05,1.71319791e-05,7.58400815e-23,-2.93953711e-11,-1.74139471e-11,4.68093185e-11,2,-0.000187035183,0.000159516348,-0.000144448
0.554,1.57060929,1.90836275,-1.65362956e-10,1.54581406e-09,2.55051346e-07,0.0935175926,-0.2,0.093515722,-1.13981906e-05,1.13945881e-05,1.71319794e-05,6.39421018e-21,-1.54643456e-11,-3.09162812e-10,3.24627162e-10,2,-0.000187035183,0.000159516345,-0.000144447998
0.556,1.57060929,1.90836275,-2.4959958e-11,2.56024187e-09,2.23006042e-07,0.0935175919,-0.2,0.093515722,-1.13981897e-05,1.13945872e-05,1.71319792e-05,1.74937414e-20,-2.33419516e-12,-5.12048374e-10,5.14382574e-10,2,-0.000187035184,0.000159516343,-0.000144447994
0.558,1.57060929,1.90836275,9.24609046e-11,3.09655047e-09,1.71474597e-07,0.0935175913,-0.2,0.093515722,-1.13981886e-05,1.1394586e-05,1.71319787e-05,2.55918563e-20,8.64672109e-12,-6.19310093e-10,6.10663374e-10,2,-0.000187035184,0.000159516341,-0.000144447988
0.56,1.57060929,1.90836275,1.77755395e-10,3.18160475e-09,1.09889935e-07,0.0935175907,-0.2,0.093515722,-1.13981873e-05,1.13945848e-05,1.7131978e-05,2.70277488e-20,1.66232563e-11,-6.36320949e-10,6.19697692e-10,2,-0.000187035183,0.00015951634,-0.000144447981
0.562,1.57060929,1.90836275,2.27123071e-10,2.88872131e-09,4.70963274e-08,0.0935175903,-0.2,0.093515722,-1.13981862e-05,1.13945836e-05,1.71319773e-05,2.22936024e-20,2.12400023e-11,-5.77744263e-10,5.56504257e-10,2,-0.000187035183,0.00015951634,-0.000144447975
0.564,1.57060929,1.90836275,2.41546752e-10,2.32076183e-09,-9.48628256e-09,0.09351759,-0.2,0.093515722,-1.13981852e-05,1.13945826e-05,1.71319765e-05,1.44020109e-20,2.25888701e-11,-4.64152366e-10,4.41563491e-10,2,-0.000187035182,0.00015951634,-0.00014444797
0.566,1.57060929,1.90836275,2.2581416e-10,1.5929838e-09,-5.45959545e-08,0.0935175898,-0.2,0.093515722,-1.13981845e-05,1.13945819e-05,1.71319758e-05,6.798013e-21,2.1117596e-11,-3.18596759e-10,2.9747916e-10,2,-0.000187035182,0.000159516341,-0.000144447967
0.568,1.57060929,1.90836275,1.87259828e-10,8.17659396e-10,-8.51735135e-08,0.0935175898,-0.2,0.093515722,-1.13981841e-05,1.13945815e-05,1.71319753e-05,1.80273168e-21,1.75120878e-11,-1.63531879e-10,1.4601979e-10,2,-0.000187035181,0.000159516342,-0.000144447964
0.57,1.57060929,1.90836275,1.34470624e-10,9.18203278e-11,-1.00428711e-07,0.0935175899,-0.2,0.093515722,-1.1398184e-05,1.13945814e-05,1.7131975e-05,3.25479179e-23,1.25753686e-11,-1.83640656e-11,5.78869673e-12,2,-0.000187035181,0.000159516343,-0.000144447964
0.572,1.57060929,1.90836275,7.60832787e-11,-5.10993884e-10,-1.01478674e-07,0.0935175901,-0.2,0.093515722,-1.13981841e-05,1.13945815e-05,1.71319748e-05,7.0037287e-22,7.11512487e-12,1.02198777e-10,-1.09313901e-10,2,-0.000187035181,0.000159516344,-0.000144447964
0.574,1.57060929,1.90836275,1.9764089e-11,-9.44744832e-10,-9.0735976e-08,0.0935175903,-0.2,0.093515722,-1.13981844e-05,1.13945819e-05,1.71319748e-05,2.38228951e-21,1.84828998e-12,1.88948966e-10,-1.90797256e-10,2,-0.000187035181,0.000159516345,-0.000144447966
0.576,1.57060929,1.90836275,-2.84442459e-11,-1.19114875e-09,-7.16451964e-08,0.0935175906,-0.2,0.093515722,-1.13981849e-05,1.13945823e-05,1.7131975e-05,3.78665181e-21,-2.66003734e-12,2.3822975e-10,-2.35569712e-10,2,-0.000187035181,0.000159516345,-0.000144447968
0.578,1.57060929,1.90836275,-6.45501987e-11,-1.2565971e-09,-4.79227316e-08,0.0935175908,-0.2,0.093515722,-1.13981854e-05,1.13945828e-05,1.71319753e-05,4.21571213e-21,-6.03657907e-12,2.5131942e-10,-2.45282841e-10,2,-0.000187035181,0.000159516346,-0.000144447971
0.58,1.57060929,1.90836275,-8.66627725e-11,-1.16691384e-09,-2.31036752e-08,0.093517591,-0.2,0.093515722,-1.13981858e-05,1.13945833e-05,1.71319756e-05,3.63740012e-21,-8.10449372e-12,2.33382768e-10,-2.25278275e-10,2,-0.000187035181,0.000159516346,-0.000144447973
0.582,1.57060929,1.90836275,-9.48433037e-11,-9.60837937e-10,-1.97877022e-10,0.0935175911,-0.2,0.093515722,-1.13981862e-05,1.13945837e-05,1.71319759e-05,2.46813855e-21,-8.8695173e-12,1.92167587e-10,-1.83298071e-10,2,-0.000187035181,0.000159516346,-0.000144447975
0.584,1.57060929,1.90836275,-9.07170989e-11,-6.8324777e-10,1.85023955e-08,0.0935175912,-0.2,0.093515722,-1.13981865e-05,1.1394584e-05,1.71319762e-05,1.24997786e-21,-8.48364457e-12,1.36649554e-10,-1.2816591e-10,2,-0.000187035182,0.000159516346,-0.000144447977
0.586,1.57060929,1.90836275,-7.70211525e-11,-3.78902295e-10,3.16588761e-08,0.0935175912,-0.2,0.093515722,-1.13981867e-05,1.13945842e-05,1.71319764e-05,3.86247074e-22,-7.20283266e-12,7.5780459e-11,-6.85776266e-11,2,-0.000187035182,0.000159516345,-0.000144447978
0.588,1.57060929,1.90836275,-5.70712162e-11,-8.73793489e-11,3.87790725e-08,0.0935175912,-0.2,0.093515722,-1.13981868e-05,1.13945842e-05,1.71319765e-05,2.21653103e-23,-5.33716267e-12,1.74758698e-11,-1.21387072e-11,2,-0.000187035182,0.000159516345,-0.000144447978
0.59,1.57060929,1.90836275,-3.42914746e-11,1.60483869e-10,4.01992748e-08,0.0935175911,-0.2,0.093515722,-1.13981867e-05,1.13945842e-05,1.71319766e-05,6.94329392e-23,-3.2068561e-12,-3.20967738e-11,3.530363e-11,2,-0.000187035182,0.000159516345,-0.000144447978
0.592,1.57060929,1.90836275,-1.17946547e-11,3.44473835e-10,3.67548478e-08,0.093517591,-0.2,0.093515722,-1.13981866e-05,1.13945841e-05,1.71319766e-05,3.16782446e-22,-1.10300769e-12,-6.8894767e-11,6.99977748e-11,2,-0.000187035182,0.000159516344,-0.000144447977
0.594,1.57060929,1.90836275,7.90468277e-12,4.55401988e-10,2.97789713e-08,0.0935175909,-0.2,0.093515722,-1.13981864e-05,1.13945839e-05,1.71319765e-05,5.53473173e-22,7.3922689e-13,-9.10803976e-11,9.03411708e-11,2,-0.000187035182,0.000159516344,-0.000144447976
0.596,1.57060929,1.90836275,2.30845312e-11,4.94064477e-10,2.06789535e-08,0.0935175908,-0.2,0.093515722,-1.13981863e-05,1.13945837e-05,1.71319764e-05,6.51643634e-22,2.15880974e-12,-9.88128954e-11,9.66540857e-11,2,-0.000187035182,0.000159516344,-0.000144447975
0.598,1.57060929,1.90836275,3.28428249e-11,4.69348385e-10,1.091108e-08,0.0935175908,-0.2,0.093515722,-1.13981861e-05,1.13945835e-05,1.71319763e-05,5.88373222e-22,3.07138186e-12,-9.38696769e-11,9.0798295e-11,2,-0.000187035182,0.000159516344,-0.000144447975
0.6,1.57060929,1.90836275,3.70647029e-11,3.95726251e-10,1.67580705e-09,0.0935175907,-0.2,0.093515722,-1.13981859e-05,1.13945834e-05,1.71319762e-05,4.18578212e-22,3.46620171e-12,-7.91452501e-11,7.56790483e-11,2,-0.000187035182,0.000159516344,-0.000144447974
0.602,1.57060929,1.90836275,3.6288987e-11,2.90583738e-10,-6.03893136e-09,0.0935175907,-0.2,0.093515722,-1.13981858e-05,1.13945832e-05,1.71319761e-05,2.26002402e-22,3.39365863e-12,-5.81167476e-11,5.47230889e-11,2,-0.000187035182,0.000159516344,-0.000144447973
0.604,1.57060929,1.90836275,3.15214244e-11,1.71694204e-10,-1.16378579e-08,0.0935175907,-0.2,0.093515722,-1.13981857e-05,1.13945832e-05,1.7131976e-05,7.91873533e-23,2.94780766e-12,-3.43388408e-11,3.13910331e-11,2,-0.000187035182,0.000159516344,-0.000144447973
0.606,1.57060929,1.90836275,2.40407136e-11,5.51303061e-11,-1.48813712e-08,0.0935175907,-0.2,0.093515722,-1.13981857e-05,1.13945831e-05,1.71319759e-05,8.42537481e-24,2.24822961e-12,-1.10260612e-11,8.77783159e-12,2,-0.000187035182,0.000159516344,-0.000144447972
0.608,1.57060929,1.90836275,1.52002154e-11,-4.62681213e-11,-1.58509176e-08,0.0935175907,-0.2,0.093515722,-1.13981857e-05,1.13945831e-05,1.71319759e-05,5.84779993e-24,1.42148753e-12,9.25362427e-12,-1.06751118e-11,2,-0.000187035182,0.000159516344,-0.000144447972
0.61,1.57060929,1.90836275,6.25751164e-12,-1.23745923e-10,-1.4823995e-08,0.0935175907,-0.2,0.093515722,-1.13981857e-05,1.13945832e-05,1.71319759e-05,4.08937117e-23,5.85187412e-13,2.47491847e-11,-2.53343721e-11,2,-0.000187035182,0.000159516344,-0.000144447973
0.612,1.57060929,1.90836275,-1.75713091e-12,-1.72874137e-10,-1.22807205e-08,0.0935175908,-0.2,0.093515722,-1.13981858e-05,1.13945832e-05,1.71319759e-05,7.97549123e-23,-1.6432265e-13,3.45748275e-11,-3.44105048e-11,2,-0.000187035182,0.000159516344,-0.000144447973
0.614,1.57060929,1.90836275,-8.09318443e-12,-1.93288865e-10,-8.8402954e-09,0.0935175908,-0.2,0.093515722,-1.13981858e-05,1.13945833e-05,1.7131976e-05,9.9729403e-23,-7.5685511e-13,3.8657773e-11,-3.79009179e-11,2,-0.000187035182,0.000159516345,-0.000144447973
0.616,1.57060929,1.90836275,-1.23434207e-11,-1.87935093e-10,-4.99803353e-09,0.0935175908,-0.2,0.093515722,-1.13981859e-05,1.13945834e-05,1.7131976e-05,9.43257057e-23,-1.15432697e-12,3.75870185e-11,-3.64326916e-11,2,-0.000187035182,0.000159516345,-0.000144447974
0.618,1.57060929,1.90836275,-1.44064326e-11,-1.62169725e-10,-1.31667541e-09,0.0935175909,-0.2,0.093515722,-1.1398186e-05,1.13945834e-05,1.71319761e-05,7.02832824e-23,-1.34725487e-12,3.24339451e-11,-3.10866902e-11,2,-0.000187035182,0.000159516345,-0.000144447974
0.62,1.57060929,1.90836275,-1.44512043e-11,-1.22676587e-10,1.84556334e-09,0.0935175909,-0.2,0.093515722,-1.1398186e-05,1.13945835e-05,1.71319761e-05,4.02666884e-23,-1.35144181e-12,2.45353174e-11,-2.31838756e-11,2,-0.000187035182,0.000159516345,-0.000144447974
0.622,1.57060929,1.90836275,-1.28401723e-11,-7.64755464e-11,4.21481767e-09,0.0935175909,-0.2,0.093515722,-1.13981861e-05,1.13945835e-05,1.71319761e-05,1.56930835e-23,-1.20078198e-12,1.52951093e-11,-1.40943273e-11,2,-0.000187035182,0.000159516345,-0.000144447974
0.624,1.57060929,1.90836275,-1.00648023e-11,-3.00642898e-11,5.68848327e-09,0.0935175909,-0.2,0.093515722,-1.13981861e-05,1.13945835e-05,1.71319762e-05,2.46669224e-24,-9.41236064e-13,6.01285796e-12,-5.0716219e-12,2,-0.000187035182,0.000159516344,-0.000144447975
0.626,1.57060929,1.90836275,-6.65282243e-12,1.1227073e-11,6.24352927e-09,0.0935175909,-0.2,0.093515722,-1.13981861e-05,1.13945835e-05,1.71319762e-05,3.61758056e-25,-6.22155927e-13,-2.2454146e-12,2.86757053e-12,2,-0.000187035182,0.000159516344,-0.000144447975
0.628,1.57060929,1.90836275,-3.11142089e-12,4.36405296e-11,5.96524129e-09,0.0935175909,-0.2,0.093515722,-1.13981861e-05,1.13945835e-05,1.71319762e-05,5.08897141e-24,-2.90972586e-13,-8.72810592e-12,9.01907851e-12,2,-0.000187035182,0.000159516344,-0.000144447974
0.63,1.57060929,1.90836275,1.29210501e-13,6.51320983e-11,5.05521863e-09,0.0935175908,-0.2,0.093515722,-1.13981861e-05,1.13945835e-05,1.71319762e-05,1.13210911e-23,1.20834548e-14,-1.30264197e-11,1.30143362e-11,2,-0.000187035182,0.000159516344,-0.000144447974
0.632,1.57060929,1.90836275,2.76451508e-12,7.52609687e-11,3.76809524e-09,0.0935175908,-0.2,0.093515722,-1.1398186e-05,1.13945835e-05,1.71319762e-05,1.51188414e-23,2.5853079e-13,-1.50521937e-11,1.4793663e-11,2,-0.000187035182,0.000159516344,-0.000144447974
0.634,1.57060929,1.90836275,4.59555379e-12,7.49533029e-11,2.26285787e-09,0.0935175908,-0.2,0.093515722,-1.1398186e-05,1.13945835e-05,1.71319761e-05,1.50020481e-23,4.29765119e-13,-1.49906606e-11,1.45608955e-11,2,-0.000187035182,0.000159516344,-0.000144447974
0.636,1.57060929,1.90836275,5.57162148e-12,6.61659271e-11,7.84231721e-10,0.0935175908,-0.2,0.093515722,-1.1398186e-05,1.13945834e-05,1.71319761e-05,1.16980608e-23,5.21044618e-13,-1.32331854e-11,1.27121408e-11,2,-0.000187035182,0.000159516344,-0.000144447974
0.638,1.57060929,1.90836275,5.73264018e-12,5.14547734e-11,-5.06323309e-10,0.0935175908,-0.2,0.093515722,-1.1398186e-05,1.13945834e-05,1.71319761e-05,7.08187556e-24,5.36102698e-13,-1.02909547e-11,9.75485199e-12,2,-0.000187035182,0.000159516344,-0.000144447974
0.64,1.57060929,1.90836275,5.20933598e-12,3.35882545e-11,-1.50997504e-09,0.0935175908,-0.2,0.093515722,-1.13981859e-05,1.13945834e-05,1.71319761e-05,3.0246686e-24,4.87164551e-13,-6.7176509e-12,6.23048635e-12,2,-0.000187035182,0.000159516344,-0.000144447974
0.642,1.57060929,1.90836275,4.18713853e-12,1.51924046e-11,-2.15541359e-09,0.0935175908,-0.2,0.093515722,-1.13981859e-05,1.13945834e-05,1.71319761e-05,6.25320328e-25,3.91571108e-13,-3.03848092e-12,2.64690982e-12,2,-0.000187035182,0.000159516344,-0.000144447974
0.644,1.57060929,1.90836275,2.87781557e-12,-1.54399009e-12,-2.42525797e-09,0.0935175908,-0.2,0.093515722,-1.13981859e-05,1.13945834e-05,1.71319761e-05,1.10401877e-26,2.69126379e-13,3.08798018e-13,-5.77924396e-13,2,-0.000187035182,0.000159516344,-0.000144447974
0.646,1.57060929,1.90836275,1.483253e-12,-1.50282509e-11,-2.37156755e-09,0.0935175908,-0.2,0.093515722,-1.13981859e-05,1.13945834e-05,1.71319761e-05,6.04122128e-25,1.38710247e-13,3.00565018e-12,-3.14436042e-12,2,-0.000187035182,0.000159516344,-0.000144447974
0.648,1.57060929,1.90836275,1.76145196e-13,-2.43258088e-11,-2.06311549e-09,0.0935175908,-0.2,0.093515722,-1.13981859e-05,1.13945834e-05,1.71319761e-05,1.57924097e-24,1.64726744e-14,4.86516176e-12,-4.88163443e-12,2,-0.000187035182,0.000159516344,-0.000144447974
0.65,1.57060929,1.90836275,-9.10063554e-13,-2.91484796e-11,-1.58600488e-09,0.0935175908,-0.2,0.093515722,-1.1398186e-05,1.13945834e-05,1.71319761e-05,2.26768729e-24,-8.5106951e-14,5.82969592e-12,-5.74458897e-12,2,-0.000187035182,0.000159516344,-0.000144447974
0.652,1.57060929,1.90836275,-1.6951071e-12,-2.97637749e-11,-1.00334131e-09,0.0935175908,-0.2,0.093515722,-1.1398186e-05,1.13945834e-05,1.71319761e-05,2.36539274e-24,-1.58522332e-13,5.95275498e-12,-5.79423264e-12,2,-0.000187035182,0.000159516344,-0.000144447974
0.654,1.57060929,1.90836275,-2.14023104e-12,-2.68775932e-11,-4.18214939e-10,0.0935175908,-0.2,0.093515722,-1.1398186e-05,1.13945834e-05,1.71319761e-05,1.93002552e-24,-2.00149251e-13,5.37551864e-12,-5.17536939e-12,2,-0.000187035182,0.000159516344,-0.000144447974
0.656,1.57060929,1.90836275,-2.26392727e-12,-2.14625776e-11,1.14231497e-10,0.0935175908,-0.2,0.093515722,-1.1398186e-05,1.13945834e-05,1.71319761e-05,1.23183026e-24,-2.11717024e-13,4.29251553e-12,-4.0807985e-12,2,-0.000187035182,0.000159516344,-0.000144447974
0.658,1.57060929,1.90836275,-2.10525573e-12,-1.45981537e-11,5.34833923e-10,0.0935175908,-0.2,0.093515722,-1.1398186e-05,1.13945834e-05,1.71319761e-05,5.7097344e-25,-1.96878444e-13,2.91963074e-12,-2.7227523e-12,2,-0.000187035182,0.000159516344,-0.000144447974
0.66,1.57060929,1.90836275,-1.73689887e-12,-7.33022098e-12,7.99442281e-10,0.0935175908,-0.2,0.093515722,-1.1398186e-05,1.13945834e-05,1.71319761e-05,1.44991745e-25,-1.62430598e-13,1.4660442e-12,-1.3036136e-12,2,-0.000187035182,0.000159516344,-0.000144447974
0.662,1.57060929,1.90836275,-1.23627539e-12,-5.59094302e-13,9.50562163e-10,0.0935175908,-0.2,0.093515722,-1.1398186e-05,1.13945834e-05,1.71319761e-05,1.68575949e-27,-1.15613496e-13,1.1181886e-13,3.79463544e-15,2,-0.000187035182,0.000159516344,-0.000144447974
0.664,1.57060929,1.90836275,-6.88468275e-13,5.02750146e-12,9.39920583e-10,0.0935175908,-0.2,0.093515722,-1.1398186e-05,1.13945834e-05,1.71319761e-05,6.77445448e-26,-6.43838944e-14,-1.00550029e-12,1.06988419e-12,2,-0.000187035182,0.000159516344,-0.000144447974
0.666,1.57060929,1.90836275,-1.61718799e-13,9.01890658e-12,8.48022649e-10,0.0935175908,-0.2,0.093515722,-1.1398186e-05,1.13945834e-05,1.71319761e-05,2.17099302e-25,-1.51235525e-14,-1.80378132e-12,1.81890487e-12,2,-0.000187035182,0.000159516344,-0.000144447974
0.668,1.57060929,1.90836275,2.86879733e-13,1.12420145e-11,6.61231027e-10,0.0935175908,-0.2,0.093515722,-1.1398186e-05,1.13945834e-05,1.71319761e-05,3.37300489e-25,2.68283015e-14,-2.2484029e-12,2.2215746e-12,2,-0.000187035182,0.000159516344,-0.000144447974
0.67,1.57060929,1.90836275,6.183867e-13,1.17777085e-11,4.33197999e-10,0.0935175908,-0.2,0.093515722,-1.1398186e-05,1.13945834e-05,1.71319761e-05,3.70347807e-25,5.78300344e-14,-2.3555417e-12,2.29771166e-12,2,-0.000187035182,0.000159516344,-0.000144447974
0.672,1.57060929,1.90836275,8.18749768e-13,1.08766759e-11,2.03126444e-10,0.0935175908,-0.2,0.093515722,-1.1398186e-05,1.13945834e-05,1.71319761e-05,3.16022861e-25,7.65675058e-14,-2.17533519e-12,2.09876768e-12,2,-0.000187035182,0.000159516344,-0.000144447974
0.674,1.57060929,1.90836275,8.89203444e-13,8.90592744e-12,2.13233216e-12,0.0935175908,-0.2,0.093515722,-1.1398186e-05,1.13945834e-05,1.71319761e-05,2.12054206e-25,8.31561638e-14,-1.78118549e-12,1.69802932e-12,2,-0.000187035182,0.000159516344,-0.000144447974
0.676,1.57060929,1.90836275,8.47120224e-13,6.27703023e-12,-1.83408781e-10,0.0935175908,-0.2,0.093515722,-1.1398186e-05,1.13945834e-05,1.71319761e-05,1.05512566e-25,7.92206425e-14,-1.25540605e-12,1.1761854e-12,2,-0.000187035182,0.000159516344,-0.000144447974
0.678,1.57060929,1.90836275,7.14240918e-13,3.42282742e-12,-2.96850055e-10,0.0935175908,-0.2,0.093515722,-1.1398186e-05,1.13945834e-05,1.71319761e-05,3.15335313e-26,6.67940899e-14,-6.84565484e-13,6.17771394e-13,2,-0.000187035182,0.000159516344,-0.000144447974
0.68,1.57060929,1.90836275,5.25711093e-13,7.02835441e-13,-3.59373919e-10,0.0935175908,-0.2,0.093515722,-1.1398186e-05,1.13945834e-05,1.71319761e-05,1.47034175e-27,4.91632349e-14,-1.40567088e-13,9.14038534e-14,2,-0.000187035182,0.000159516344,-0.000144447974
0.682,1.57060929,1.90836275,3.13753984e-13,-1.60426834e-12,-3.6537048e-10,0.0935175908,-0.2,0.093515722,-1.1398186e-05,1.13945834e-05,1.71319761e-05,6.92697746e-27,2.93415167e-14,3.20853668e-13,-3.50195184e-13,2,-0.000187035182,0.000159516344,-0.000144447974
0.684,1.57060929,1.90836275,1.02664464e-13,-3.30901608e-12,-3.31880537e-10,0.0935175908,-0.2,0.093515722,-1.1398186e-05,1.13945834e-05,1.71319761e-05,2.92294386e-26,9.60093336e-15,6.61803215e-13,-6.71404149e-13,2,-0.000187035182,0.000159516344,-0.000144447974
0.686,1.57060929,1.90836275,-8.13294145e-14,-4.32213585e-12,-2.68271815e-10,0.0935175908,-0.2,0.093515722,-1.1398186e-05,1.13945834e-05,1.71319761e-05,4.98546801e-26,-7.6057309e-15,8.64427169e-13,-8.56821438e-13,2,-0.000187035182,0.000159516344,-0.000144447974
0.688,1.57060929,1.90836275,-2.22032438e-13,-4.66039197e-12,-2.00059366e-10,0.0935175908,-0.2,0.093515722,-1.1398186e-05,1.13945834e-05,1.71319761e-05,5.79821645e-26,-2.07639387e-14,9.32078394e-13,-9.11314456e-13,2,-0.000187035182,0.000159516344,-0.000144447974
0.69,1.57060929,1.90836275,-3.11863044e-13,-4.40414245e-12,-9.45835506e-11,0.0935175908,-0.2,0.093515722,-1.1398186e-05,1.13945834e-05,1.71319761e-05,5.18077437e-26,-2.91646806e-14,8.8082849e-13,-8.5166381e-13,2,-0.000187035182,0.000159516344,-0.000144447974
0.692,1.57060929,1.90836275,-3.50607073e-13,-3.6937479e-12,-1.67130883e-11,0.0935175908,-0.2,0.093515722,-1.1398186e-05,1.13945834e-05,1.71319761e-05,3.64704352e-26,-3.27879288e-14,7.3874958e-13,-7.05961651e-13,2,-0.000187035182,0.000159516344,-0.000144447974
0.694,1.57060929,1.90836275,-3.42676984e-13,-2.68966168e-12,6.05724775e-11,0.0935175908,-0.2,0.093515722,-1.1398186e-05,1.13945834e-05,1.71319761e-05,1.93650335e-26,-3.2046326e-14,5.37932336e-13,-5.0588601e-13,2,-0.000187035182,0.000159516344,-0.000144447974
0.696,1.57060929,1.90836275,-2.9627357e-13,-1.55839852e-12,1.05978604e-10,0.0935175908,-0.2,0.093515722,-1.1398186e-05,1.13945834e-05,1.71319761e-05,6.52684206e-27,-2.77067905e-14,3.11679703e-13,-2.83972913e-13,2,-0.000187035182,0.000159516344,-0.000144447974
0.698,1.57060929,1.90836275,-2.2410726e-13,-4.49173153e-13,1.41394079e-10,0.0935175908,-0.2,0.093515722,-1.1398186e-05,1.13945834e-05,1.71319761e-05,5.65717462e-28,-2.09579711e-14,8.98346305e-14,-6.88766594e-14,2,-0.000187035182,0.000159516344,-0.000144447974
0.7,1.57060929,1.90836275,-1.39984272e-13,4.99962896e-13,1.66845228e-10,0.0935175908,-0.2,0.093515722,-1.1398186e-05,1.13945834e-05,1.71319761e-05,6.78508069e-28,-1.30909919e-14,-9.99925792e-14,1.13083571e-13,2,-0.000187035182,0.000159516344,-0.000144447974
0.702,1.57060929,1.90836275,-5.55084912e-14,1.21818704e-12,1.29671687e-10,0.0935175908,-0.2,0.093515722,-1.1398186e-05,1.13945834e-05,1.71319761e-05,3.96252598e-27,-5.19102037e-15,-2.43637408e-13,2.48828429e-13,2,-0.000187035182,0.000159516344,-0.000144447974
0.704,1.57060929,1.90836275,2.34270992e-14,1.66408123e-12,1.20365358e-10,0.0935175908,-0.2,0.093515722,-1.1398186e-05,1.13945834e-05,1.71319761e-05,7.39014806e-27,2.19084588e-15,-3.32816245e-13,3.306254e-13,2,-0.000187035182,0.000159516344,-0.000144447974
0.706,1.57060929,1.90836275,7.80831408e-14,1.8404148e-12,8.60160292e-11,0.0935175908,-0.2,0.093515722,-1.1398186e-05,1.13945834e-05,1.71319761e-05,9.04158709e-27,7.30214721e-15,-3.68082961e-13,3.60780814e-13,2,-0.000187035182,0.000159516344,-0.000144447974
0.708,1.57060929,1.90836275,1.19809792e-13,1.77354992e-12,4.84006585e-11,0.0935175908,-0.2,0.093515722,-1.1398186e-05,1.13945834e-05,1.71319761e-05,8.40081706e-27,1.12043231e-14,-3.54709984e-13,3.43505661e-13,2,-0.000187035182,0.000159516344,-0.000144447974
0.71,1.57060929,1.90836275,1.39178237e-13,1.50851388e-12,2.13689857e-12,0.0935175908,-0.2,0.093515722,-1.1398186e-05,1.13945834e-05,1.71319761e-05,6.08222387e-27,1.30156134e-14,-3.01702777e-13,2.88687164e-13,2,-0.000187035182,0.000159516344,-0.000144447974
0.712,1.57060929,1.90836275,1.38060292e-13,1.12271853e-12,-1.16659508e-11,0.0935175908,-0.2,0.093515722,-1.1398186e-05,1.13945834e-05,1.71319761e-05,3.37341398e-27,1.29110659e-14,-2.24543705e-13,2.11632639e-13,2,-0.000187035182,0.000159516344,-0.000144447974
0.714,1.57060929,1.90836275,1.17413732e-13,6.8028538e-13,-5.01047146e-11,0.0935175908,-0.2,0.093515722,-1.1398186e-05,1.13945834e-05,1.71319761e-05,1.24218984e-27,1.09802493e-14,-1.36057076e-13,1.25076827e-13,2,-0.000187035182,0.000159516344,-0.000144447974
0.716,1.57060929,1.90836275,9.38142072e-14,2.49863158e-13,-6.01248317e-11,0.0935175908,-0.2,0.093515722,-1.1398186e-05,1.13945834e-05,1.71319761e-05,1.71350234e-28,8.77327864e-15,-4.99726315e-14,4.11993529e-14,2,-0.000187035182,0.000159516344,-0.000144447974
0.718,1.57060929,1.90836275,6.06528161e-14,-1.36301448e-13,-5.70567588e-11,0.0935175908,-0.2,0.093515722,-1.1398186e-05,1.13945834e-05,1.71319761e-05,5.17101396e-29,5.67210524e-15,2.72602896e-14,-3.29323948e-14,2,-0.000187035182,0.000159516344,-0.000144447974
0.72,1.57060929,1.90836275,2.75168724e-14,-4.40558259e-13,-5.96551458e-11,0.0935175908,-0.2,0.093515722,-1.1398186e-05,1.13945834e-05,1.71319761e-05,5.18490395e-28,2.57331161e-15,8.81116519e-14,-9.06849635e-14,2,-0.000187035182,0.000159516344,-0.000144447974
0.722,1.57060929,1.90836275,-3.31392616e-15,-6.36581535e-13,-5.51695286e-11,0.0935175908,-0.2,0.093515722,-1.1398186e-05,1.13945834e-05,1.71319761e-05,1.08144269e-27,-3.0991039e-16,1.27316307e-13,-1.27006397e-13,2,-0.000187035182,0.000159516344,-0.000144447974
0.724,1.57060929,1.90836275,-2.83072422e-14,-7.19318835e-13,-2.92410696e-11,0.0935175908,-0.2,0.093515722,-1.1398186e-05,1.13945834e-05,1.71319761e-05,1.38113816e-27,-2.64722509e-15,1.43863767e-13,-1.41216542e-13,2,-0.000187035182,0.000159516344,-0.000144447974
0.726,1.57060929,1.90836275,-4.35825576e-14,-7.12404558e-13,-1.92105548e-11,0.0935175908,-0.2,0.093515722,-1.1398186e-05,1.13945834e-05,1.71319761e-05,1.3552549e-27,-4.07573579e-15,1.42480912e-13,-1.38405176e-13,2,-0.000187035182,0.000159516344,-0.000144447974
0.728,1.57060929,1.90836275,-5.52281503e-14,-6.19723596e-13,-1.30695197e-11,0.0935175908,-0.2,0.093515722,-1.1398186e-05,1.13945834e-05,1.71319761e-05,1.02638818e-27,-5.16480357e-15,1.23944719e-13,-1.18779916e-13,2,-0.000187035182,0.000159516344,-0.000144447974
0.73,1.57060929,1.90836275,-5.11815188e-14,-4.80522731e-13,7.70173076e-12,0.0935175908,-0.2,0.093515722,-1.1398186e-05,1.13945834e-05,1.71319761e-05,6.17503532e-28,-4.78637233e-15,9.61045462e-14,-9.13181739e-14,2,-0.000187035182,0.000159516344,-0.000144447974
0.732,1.57060929,1.90836275,-5.11325839e-14,-3.13883184e-13,1.19364651e-11,0.0935175908,-0.2,0.093515722,-1.1398186e-05,1.13945834e-05,1.71319761e-05,2.64267555e-28,-4.78179606e-15,6.27766368e-14,-5.79948407e-14,2,-0.000187035182,0.000159516344,-0.000144447974
0.734,1.57060929,1.90836275,-4.22518099e-14,-1.28362641e-13,1.86151681e-11,0.0935175908,-0.2,0.093515722,-1.1398186e-05,1.13945834e-05,1.71319761e-05,4.49262987e-29,-3.95128747e-15,2.56725281e-14,-2.17212407e-14,2,-0.000187035182,0.000159516344,-0.000144447974
0.736,1.57060929,1.90836275,-3.1551945e-14,4.89408599e-14,2.45923061e-11,0.0935175908,-0.2,0.093515722,-1.1398186e-05,1.13945834e-05,1.71319761e-05,6.94910192e-30,-2.95066188e-15,-9.78817197e-15,1.27388339e-14,2,-0.000187035182,0.000159516344,-0.000144447974
0.738,1.57060929,1.90836275,-1.61377324e-14,1.97133666e-13,2.55245277e-11,0.0935175908,-0.2,0.093515722,-1.1398186e-05,1.13945834e-05,1.71319761e-05,1.0388035e-28,-1.50916185e-15,-3.94267332e-14,4.09358951e-14,2,-0.000187035182,0.000159516344,-0.000144447974
0.74,1.57060929,1.90836275,-2.76931712e-16,2.96167234e-13,2.90736477e-11,0.0935175908,-0.2,0.093515722,-1.1398186e-05,1.13945834e-05,1.71319761e-05,2.3408957e-28,-2.58979865e-17,-5.92334468e-14,5.92593447e-14,2,-0.000187035182,0.000159516344,-0.000144447974
0.742,1.57060929,1.90836275,1.37291482e-14,3.32317021e-13,1.66426517e-11,0.0935175908,-0.2,0.093515722,-1.1398186e-05,1.13945834e-05,1.71319761e-05,2.94791836e-28,1.28391686e-15,-6.64634043e-14,6.51794874e-14,2,-0.000187035182,0.000159516344,-0.000144447974
0.744,1.57060929,1.90836275,2.37014511e-14,3.14803799e-13,9.62529198e-12,0.0935175908,-0.2,0.093515722,-1.1398186e-05,1.13945834e-05,1.71319761e-05,2.64731406e-28,2.2165026e-15,-6.29607598e-14,6.07442572e-14,2,-0.000187035182,0.000159516344,-0.000144447974
0.746,1.57060929,1.90836275,2.66560054e-14,2.58797891e-13,-4.78496375e-12,0.0935175908,-0.2,0.093515722,-1.1398186e-05,1.13945834e-05,1.71319761e-05,1.79082566e-28,2.49280541e-15,-5.17595783e-14,4.92667729e-14,2,-0.000187035182,0.000159516344,-0.000144447974
0.748,1.57060929,1.90836275,2.58034294e-14,1.83832978e-13,-7.01304377e-12,0.0935175908,-0.2,0.093515722,-1.1398186e-05,1.13945834e-05,1.71319761e-05,9.05214696e-29,2.41307455e-15,-3.67665956e-14,3.43535211e-14,2,-0.000187035182,0.000159516344,-0.000144447974
0.75,1.57060929,1.90836275,2.04152327e-14,1.04312287e-13,-9.96801555e-12,0.0935175908,-0.2,0.093515722,-1.1398186e-05,1.13945834e-05,1.71319761e-05,2.92572469e-29,1.90918338e-15,-2.08624573e-14,1.8953274e-14,2,-0.000187035182,0.000159516344,-0.000144447974
0.752,1.57060929,1.90836275,1.57670194e-14,3.00754658e-14,-4.06266054e-12,0.0935175908,-0.2,0.093515722,-1.1398186e-05,1.13945834e-05,1.71319761e-05,2.55798802e-30,1.47449367e-15,-6.01509316e-15,4.54059948e-15,2,-0.000187035182,0.000159516344,-0.000144447974
0.754,1.57060929,1.90836275,1.2598851e-14,-4.57423558e-14,-2.60161281e-11,0.0935175908,-0.2,0.093515722,-1.1398186e-05,1.13945834e-05,1.71319761e-05,5.68314332e-30,1.1782142e-15,9.14847115e-15,-1.03266854e-14,2,-0.000187035182,0.000159516344,-0.000144447974
0.756,1.57060929,1.90836275,-3.18169192e-16,-8.40270142e-14,-7.47468536e-12,0.0935175908,-0.2,0.093515722,-1.1398186e-05,1.13945834e-05,1.71319761e-05,1.88580647e-29,-2.97544163e-17,1.68054028e-14,-1.67756484e-14,2,-0.000187035182,0.000159516344,-0.000144447974
0.758,1.57060929,1.90836275,-5.59384393e-15,-9.8240418e-14,-5.56514806e-12,0.0935175908,-0.2,0.093515722,-1.1398186e-05,1.13945834e-05,1.71319761e-05,2.57777625e-29,-5.23122808e-16,1.96480836e-14,-1.91249608e-14,2,-0.000187035182,0.000159516344,-0.000144447974
0.76,1.57060929,1.90836275,-6.47123223e-15,-9.69142497e-14,3.06507822e-12,0.0935175908,-0.2,0.093515722,-1.1398186e-05,1.13945834e-05,1.71319761e-05,2.50893e-29,-6.05174047e-16,1.93828499e-14,-1.87776759e-14,2,-0.000187035182,0.000159516344,-0.000144447974
0.762,1.57060929,1.90836275,-8.10765486e-15,-8.88116214e-14,-1.47942627e-12,0.0935175908,-0.2,0.093515722,-1.1398186e-05,1.13945834e-05,1.71319761e-05,2.10826878e-29,-7.5820835e-16,1.77623243e-14,-1.70041159e-14,2,-0.000187035182,0.000159516344,-0.000144447974
0.764,1.57060929,1.90836275,-7.82695888e-15,-7.06639184e-14,2.86948104e-12,0.0935175908,-0.2,0.093515722,-1.1398186e-05,1.13945834e-05,1.71319761e-05,1.3355582e-29,-7.31958338e-16,1.41327837e-14,-1.34008253e-14,2,-0.000187035182,0.000159516344,-0.000144447974
0.766,1.57060929,1.90836275,-5.91074075e-15,-5.2820454e-14,3.56454357e-12,0.0935175908,-0.2,0.093515722,-1.1398186e-05,1.13945834e-05,1.71319761e-05,7.46348461e-30,-5.52758235e-16,1.05640908e-14,-1.00113326e-14,2,-0.000187035182,0.000159516344,-0.000144447974
0.768,1.57060929,1.90836275,-4.7352716e-15,-3.67010084e-14,1.80091266e-12,0.0935175908,-0.2,0.093515722,-1.1398186e-05,1.13945834e-05,1.71319761e-05,3.60783986e-30,-4.42831192e-16,7.34020168e-15,-6.89737049e-15,2,-0.000187035182,0.000159516344,-0.000144447974
0.77,1.57060929,1.90836275,-3.45332661e-15,-2.09352077e-14,2.5022774e-12,0.0935175908,-0.2,0.093515722,-1.1398186e-05,1.13945834e-05,1.71319761e-05,1.17826642e-30,-3.22946785e-16,4.18704153e-15,-3.86409475e-15,2,-0.000187035182,0.000159516344,-0.000144447974
0.772,1.57060929,1.90836275,-2.10684041e-15,-7.97256265e-15,-8.65242408e-12,0.0935175908,-0.2,0.093515722,-1.1398186e-05,1.13945834e-05,1.71319761e-05,1.76496736e-31,-1.97026639e-16,1.59451253e-15,-1.39748589e-15,2,-0.000187035182,0.000159516344,-0.000144447974
0.774,1.57060929,1.90836275,-3.22202812e-15,1.28352779e-14,5.78799144e-12,0.0935175908,-0.2,0.093515722,-1.1398186e-05,1.13945834e-05,1.71319761e-05,4.4732302e-31,-3.01316307e-16,-2.56705559e-15,2.8683719e-15,2,-0.000187035182,0.000159516344,-0.000144447974
0.776,1.57060929,1.90836275,-8.12608213e-16,2.59461418e-14,2.29096568e-12,0.0935175908,-0.2,0.093515722,-1.1398186e-05,1.13945834e-05,1.71319761e-05,1.79866522e-30,-7.59931623e-17,-5.18922835e-15,5.26522151e-15,2,-0.000187035182,0.000159516344,-0.000144447974
0.778,1.57060929,1.90836275,1.77661911e-16,3.47066535e-14,1.02408043e-12,0.0935175908,-0.2,0.093515722,-1.1398186e-05,1.13945834e-05,1.71319761e-05,3.21662691e-30,1.66145139e-17,-6.9413307e-15,6.92471619e-15,2,-0.000187035182,0.000159516344,-0.000144447974
0.78,1.57060929,1.90836275,6.41927184e-16,4.1069661e-14,4.55599672e-13,0.0935175908,-0.2,0.093515722,-1.1398186e-05,1.13945834e-05,1.71319761e-05,4.5031796e-30,6.00314837e-17,-8.2139322e-15,8.15390071e-15,2,-0.000187035182,0.000159516344,-0.000144447974
0.782,1.57060929,1.90836275,8.39914751e-16,4.59036744e-14,-3.03261296e-12,0.0935175908,-0.2,0.093515722,-1.1398186e-05,1.13945834e-05,1.71319761e-05,5.62430192e-30,7.8546804e-17,-9.18073489e-15,9.10218808e-15,2,-0.000187035182,0.000159516344,-0.000144447974
0.784,1.57060929,1.90836275,-5.926668e-17,5.33198156e-14,-2.86763298e-14,0.0935175908,-0.2,0.093515722,-1.1398186e-05,1.13945834e-05,1.71319761e-05,7.58662914e-30,-5.54247713e-18,-1.06639631e-14,1.06695056e-14,2,-0.000187035182,0.000159516344,-0.000144447974
0.786,1.57060929,1.90836275,1.28733278e-15,5.73867317e-14,1.12922362e-12,0.0935175908,-0.2,0.093515722,-1.1398186e-05,1.13945834e-05,1.71319761e-05,8.78873642e-30,1.2038826e-16,-1.14773463e-14,1.13569581e-14,2,-0.000187035182,0.000159516344,-0.000144447974
0.788,1.57060929,1.90836275,4.13799109e-15,5.27451426e-14,5.28255398e-12,0.0935175908,-0.2,0.093515722,-1.1398186e-05,1.13945834e-05,1.71319761e-05,7.43284855e-30,3.86974957e-16,-1.05490285e-14,1.01620536e-14,2,-0.000187035182,0.000159516344,-0.000144447974
0.79,1.57060929,1.90836275,5.17109412e-15,3.51435089e-14,1.46186489e-12,0.0935175908,-0.2,0.093515722,-1.1398186e-05,1.13945834e-05,1.71319761e-05,3.3113912e-30,4.83588264e-16,-7.02870179e-15,6.54511352e-15,2,-0.000187035182,0.000159516344,-0.000144447974
0.792,1.57060929,1.90836275,4.80417219e-15,1.38884116e-14,-2.67991119e-12,0.0935175908,-0.2,0.093515722,-1.1398186e-05,1.13945834e-05,1.71319761e-05,5.27899066e-31,4.49274609e-16,-2.77768232e-15,2.32840771e-15,2,-0.000187035182,0.000159516344,-0.000144447974
0.794,1.57060929,1.90836275,3.16334657e-15,-5.16940692e-15,-2.80933493e-12,0.0935175908,-0.2,0.093515722,-1.1398186e-05,1.13945834e-05,1.71319761e-05,7.75843389e-32,2.9582855e-16,1.03388138e-15,-1.32970993e-15,2,-0.000187035182,0.000159516344,-0.000144447974
0.796,1.57060929,1.90836275,1.68238705e-15,-2.04879509e-14,-2.15045544e-12,0.0935175908,-0.2,0.093515722,-1.1398186e-05,1.13945834e-05,1.71319761e-05,1.1227713e-30,1.57332784e-16,4.09759018e-15,-4.25492296e-15,2,-0.000187035182,0.000159516344,-0.000144447974
0.798,1.57060929,1.90836275,6.06718134e-16,-3.24078636e-14,-1.45152268e-12,0.0935175908,-0.2,0.093515722,-1.1398186e-05,1.13945834e-05,1.71319761e-05,2.80380874e-30,5.67388182e-17,6.48157272e-15,-6.53831153e-15,2,-0.000187035182,0.000159516344,-0.000144447974
0.8,1.57060929,1.90836275,-1.0094224e-16,-4.16182324e-14,-5.18767372e-12,0.0935175908,-0.2,0.093515722,-1.1398186e-05,1.13945834e-05,1.71319761e-05,4.62306186e-30,-9.4398751e-18,8.32364648e-15,-8.31420661e-15,2,-0.000187035182,0.000159516344,-0.000144447974
0.802,1.57060929,1.90836275,-3.03961895e-15,-4.21773034e-14,-5.84950921e-12,0.0935175908,-0.2,0.093515722,-1.1398186e-05,1.13945834e-05,1.71319761e-05,4.75193735e-30,-2.84257841e-16,8.43546067e-15,-8.15120283e-15,2,-0.000187035182,0.000159516344,-0.000144447974
0.804,1.57060929,1.90836275,-4.46957096e-15,-3.07462527e-14,1.00824998e-12,0.0935175908,-0.2,0.093515722,-1.1398186e-05,1.13945834e-05,1.71319761e-05,2.53272396e-30,-4.17983508e-16,6.14925054e-15,-5.73126703e-15,2,-0.000187035182,0.000159516344,-0.000144447974
0.806,1.57060929,1.90836275,-4.13884508e-15,-1.73389513e-14,-4.6895146e-13,0.0935175908,-0.2,0.093515722,-1.1398186e-05,1.13945834e-05,1.71319761e-05,8.1105088e-31,-3.87054821e-16,3.46779026e-15,-3.08073543e-15,2,-0.000187035182,0.000159516344,-0.000144447974
0.808,1.57060929,1.90836275,-3.63237676e-15,-1.27151226e-15,2.14651724e-12,0.0935175908,-0.2,0.093515722,-1.1398186e-05,1.13945834e-05,1.71319761e-05,1.10803755e-32,-3.39691123e-16,2.54302453e-16,8.53886709e-17,2,-0.000187035182,0.000159516344,-0.000144447974
0.81,1.57060929,1.90836275,-2.3629874e-15,1.28690822e-14,2.13131324e-12,0.0935175908,-0.2,0.093515722,-1.1398186e-05,1.13945834e-05,1.71319761e-05,4.44838721e-31,-2.20980888e-16,-2.57381645e-15,2.79479733e-15,2,-0.000187035182,0.000159516344,-0.000144447974
0.812,1.57060929,1.90836275,-2.67178724e-16,2.21548606e-14,3.0392001e-12,0.0935175908,-0.2,0.093515722,-1.1398186e-05,1.13945834e-05,1.71319761e-05,1.30994171e-30,-2.49859106e-17,-4.43097213e-15,4.45595804e-15,2,-0.000187035182,0.000159516344,-0.000144447974
0.814,1.57060929,1.90836275,8.05361734e-16,2.51036348e-14,5.72275562e-13,0.0935175908,-0.2,0.093515722,-1.1398186e-05,1.13945834e-05,1.71319761e-05,1.68212682e-30,7.53154891e-17,-5.02072697e-15,4.94541148e-15,2,-0.000187035182,0.000159516344,-0.000144447974
0.816,1.57060929,1.90836275,9.50406387e-16,2.6239979e-14,-9.37972844e-14,0.0935175908,-0.2,0.093515722,-1.1398186e-05,1.13945834e-05,1.71319761e-05,1.8378701e-30,8.88797156e-17,-5.24799581e-15,5.15911609e-15,2,-0.000187035182,0.000159516344,-0.000144447974
0.818,1.57060929,1.90836275,2.83675535e-15,2.27685385e-14,2.65208678e-12,0.0935175908,-0.2,0.093515722,-1.1398186e-05,1.13945834e-05,1.71319761e-05,1.38757262e-30,2.65286526e-16,-4.5537077e-15,4.28842118e-15,2,-0.000187035182,0.000159516344,-0.000144447974
0.82,1.57060929,1.90836275,4.22826913e-15,9.47565159e-15,1.9265235e-13,0.0935175908,-0.2,0.093515722,-1.1398186e-05,1.13945834e-05,1.71319761e-05,2.48893531e-31,3.95417542e-16,-1.89513032e-15,1.49971278e-15,2,-0.000187035182,0.000159516344,-0.000144447974
0.822,1.57060929,1.90836275,3.61415245e-15,-7.31727949e-15,-2.24629984e-12,0.0935175908,-0.2,0.093515722,-1.1398186e-05,1.13945834e-05,1.71319761e-05,1.50116978e-31,3.3798683e-16,1.4634559e-15,-1.80144273e-15,2,-0.000187035182,0.000159516344,-0.000144447974
0.824,1.57060929,1.90836275,1.68946431e-15,-2.11016288e-14,-4.77193184e-12,0.0935175908,-0.2,0.093515722,-1.1398186e-05,1.13945834e-05,1.71319761e-05,1.19043999e-30,1.57994632e-16,4.22032576e-15,-4.37832039e-15,2,-0.000187035182,0.000159516344,-0.000144447974
0.826,1.57060929,1.90836275,-1.33982634e-15,-2.55559941e-14,-6.54027869e-12,0.0935175908,-0.2,0.093515722,-1.1398186e-05,1.13945834e-05,1.71319761e-05,1.74396364e-30,-1.25297331e-16,5.11119881e-15,-4.98590148e-15,2,-0.000187035182,0.000159516344,-0.000144447974
0.828,1.57060929,1.90836275,-3.20352339e-15,-1.7833014e-14,2.38990033e-13,0.0935175908,-0.2,0.093515722,-1.1398186e-05,1.13945834e-05,1.71319761e-05,8.53988411e-31,-2.99585789e-16,3.5666028e-15,-3.26701701e-15,2,-0.000187035182,0.000159516344,-0.000144447974
0.83,1.57060929,1.90836275,-1.77354979e-15,-1.08303253e-14,2.01264303e-12,0.0935175908,-0.2,0.093515722,-1.1398186e-05,1.13945834e-05,1.71319761e-05,3.14586159e-31,-1.65858103e-16,2.16606506e-15,-2.00020696e-15,2,-0.000187035182,0.000159516344,-0.000144447974
0.832,1.57060929,1.90836275,-9.06527898e-16,-7.04164451e-15,-2.30112932e-12,0.0935175908,-0.2,0.093515722,-1.1398186e-05,1.13945834e-05,1.71319761e-05,1.33261383e-31,-8.47763051e-17,1.4083289e-15,-1.3235526e-15,2,-0.000187035182,0.000159516344,-0.000144447974
0.834,1.57060929,1.90836275,-1.451723e-15,-9.20467714e-16,4.22151935e-13,0.0935175908,-0.2,0.093515722,-1.1398186e-05,1.13945834e-05,1.71319761e-05,3.52878595e-33,-1.35761638e-16,1.84093543e-16,-4.83319052e-17,2,-0.000187035182,0.000159516344,-0.000144447974
0.836,1.57060929,1.90836275,-1.06934929e-15,5.33852657e-15,8.44665756e-13,0.0935175908,-0.2,0.093515722,-1.1398186e-05,1.13945834e-05,1.71319761e-05,7.67872035e-32,-1.0000297e-16,-1.06770531e-15,1.16770828e-15,2,-0.000187035182,0.000159516344,-0.000144447974
0.838,1.57060929,1.90836275,-6.01170947e-16,1.05703905e-14,7.18041354e-13,0.0935175908,-0.2,0.093515722,-1.1398186e-05,1.13945834e-05,1.71319761e-05,2.98523405e-31,-5.62200586e-17,-2.1140781e-15,2.17029816e-15,2,-0.000187035182,0.000159516344,-0.000144447974
0.84,1.57060929,1.90836275,-2.38149894e-16,1.46763116e-14,5.01847639e-13,0.0935175908,-0.2,0.093515722,-1.1398186e-05,1.13945834e-05,1.71319761e-05,5.74952517e-31,-2.22712043e-17,-2.93526231e-15,2.95753352e-15,2,-0.000187035182,0.000159516344,-0.000144447974
0.842,1.57060929,1.90836275,1.05372163e-17,1.78669165e-14,3.30451926e-13,0.0935175908,-0.2,0.093515722,-1.1398186e-05,1.13945834e-05,1.71319761e-05,8.52224653e-31,9.85415084e-19,-3.57338329e-15,3.57239788e-15,2,-0.000187035182,0.000159516344,-0.000144447974
0.844,1.57060929,1.90836275,1.67029374e-16,2.03346296e-14,8.69388762e-12,0.0935175908,-0.2,0.093515722,-1.1398186e-05,1.13945834e-05,1.71319761e-05,1.10379903e-30,1.56201847e-17,-4.06692593e-15,4.05130574e-15,2,-0.000187035182,0.000159516344,-0.000144447974
0.846,1.57060929,1.90836275,2.81777125e-15,1.25752449e-14,2.96759641e-13,0.0935175908,-0.2,0.093515722,-1.1398186e-05,1.13945834e-05,1.71319761e-05,4.25972101e-31,2.63511179e-16,-2.51504899e-15,2.25153781e-15,2,-0.000187035182,0.000159516344,-0.000144447974
0.848,1.57060929,1.90836275,3.46451805e-15,1.56068902e-16,2.53099186e-14,0.0935175908,-0.2,0.093515722,-1.1398186e-05,1.13945834e-05,1.71319761e-05,6.22255034e-33,3.23993381e-16,-3.12137805e-17,-2.92779601e-16,2,-0.000187035182,0.000159516344,-0.000144447974
0.85,1.57060929,1.90836275,2.28352114e-15,-1.40027279e-14,-4.54903447e-12,0.0935175908,-0.2,0.093515722,-1.1398186e-05,1.13945834e-05,1.71319761e-05,5.2604579e-31,2.13549395e-16,2.80054558e-15,-3.01409498e-15,2,-0.000187035182,0.000159516344,-0.000144447974
0.852,1.57060929,1.90836275,4.70383603e-16,-2.14760763e-14,-1.0058684e-11,0.0935175908,-0.2,0.093515722,-1.1398186e-05,1.13945834e-05,1.71319761e-05,1.23100435e-30,4.39891413e-17,4.29521526e-15,-4.3392044e-15,2,-0.000187035182,0.000159516344,-0.000144447974
0.854,1.57060929,1.90836275,-2.7307824e-15,-1.63040199e-14,-7.62134139e-13,0.0935175908,-0.2,0.093515722,-1.1398186e-05,1.13945834e-05,1.71319761e-05,7.13123076e-31,-2.55376191e-16,3.26080399e-15,-3.0054278e-15,2,-0.000187035182,0.000159516344,-0.000144447974
0.856,1.57060929,1.90836275,-2.58174237e-15,-7.53830754e-15,1.23188621e-12,0.0935175908,-0.2,0.093515722,-1.1398186e-05,1.13945834e-05,1.71319761e-05,1.55156377e-31,-2.41438327e-16,1.50766151e-15,-1.26622318e-15,2,-0.000187035182,0.000159516344,-0.000144447974
0.858,1.57060929,1.90836275,-1.81073138e-15,4.75909491e-16,1.34040489e-12,0.0935175908,-0.2,0.093515722,-1.1398186e-05,1.13945834e-05,1.71319761e-05,2.56807793e-33,-1.69335236e-16,-9.51818982e-17,2.64517135e-16,2,-0.000187035182,0.000159516344,-0.000144447974
0.86,1.57060929,1.90836275,-1.09693279e-15,6.91692688e-15,1.0386471e-12,0.0935175908,-0.2,0.093515722,-1.1398186e-05,1.13945834e-05,1.71319761e-05,1.28706238e-31,-1.02582512e-16,-1.38338538e-15,1.48596789e-15,2,-0.000187035182,0.000159516344,-0.000144447974
0.862,1.57060929,1.90836275,-5.681924e-16,1.19277628e-14,7.17325596e-13,0.0935175908,-0.2,0.093515722,-1.1398186e-05,1.13945834e-05,1.71319761e-05,3.80031764e-31,-5.31359843e-17,-2.38555255e-15,2.43868854e-15,2,-0.000187035182,0.000159516344,-0.000144447974
0.864,1.57060929,1.90836275,-2.08313828e-16,1.57788515e-14,4.76979815e-13,0.0935175908,-0.2,0.093515722,-1.1398186e-05,1.13945834e-05,1.71319761e-05,6.64604391e-31,-1.94810073e-17,-3.1557703e-15,3.17525131e-15,2,-0.000187035182,0.000159516344,-0.000144447974
0.866,1.57060929,1.90836275,1.99174571e-15,1.46945139e-14,3.1844233e-12,0.0935175908,-0.2,0.093515722,-1.1398186e-05,1.13945834e-05,1.71319761e-05,5.78408331e-31,1.8626326e-16,-2.93890278e-15,2.75263952e-15,2,-0.000187035182,0.000159516344,-0.000144447974
0.868,1.57060929,1.90836275,2.67877474e-15,5.3151236e-15,-8.46236527e-13,0.0935175908,-0.2,0.093515722,-1.1398186e-05,1.13945834e-05,1.71319761e-05,7.89904319e-32,2.5051256e-16,-1.06302472e-15,8.12512161e-16,2,-0.000187035182,0.000159516344,-0.000144447974
0.87,1.57060929,1.90836275,1.9987291e-15,-4.18908251e-15,-1.42315246e-12,0.0935175908,-0.2,0.093515722,-1.1398186e-05,1.13945834e-05,1.71319761e-05,4.8868345e-32,1.86916331e-16,8.37816503e-16,-1.02473283e-15,2,-0.000187035182,0.000159516344,-0.000144447974
0.872,1.57060929,1.90836275,1.21488088e-15,-1.20836844e-14,-1.20616017e-12,0.0935175908,-0.2,0.093515722,-1.1398186e-05,1.13945834e-05,1.71319761e-05,3.90479922e-31,1.13612733e-16,2.41673687e-15,-2.53034961e-15,2,-0.000187035182,0.000159516344,-0.000144447974
0.874,1.57060929,1.90836275,-6.19361609e-16,-1.65952569e-14,-6.07447995e-12,0.0935175908,-0.2,0.093515722,-1.1398186e-05,1.13945834e-05,1.71319761e-05,7.35106412e-31,-5.79212055e-17,3.31905138e-15,-3.26113017e-15,2,-0.000187035182,0.000159516344,-0.000144447974
0.876,1.57060929,1.90836275,-2.41855438e-15,-1.04194732e-14,-2.44913375e-14,0.0935175908,-0.2,0.093515722,-1.1398186e-05,1.13945834e-05,1.71319761e-05,2.92656837e-31,-2.26177378e-16,2.08389463e-15,-1.85771726e-15,2,-0.000187035182,0.000159516344,-0.000144447974
0.878,1.57060929,1.90836275,-2.07167159e-15,-2.4624634e-15,1.17732041e-12,0.0935175908,-0.2,0.093515722,-1.1398186e-05,1.13945834e-05,1.71319761e-05,1.8405569e-32,-1.93737736e-16,4.9249268e-16,-2.98754943e-16,2,-0.000187035182,0.000159516344,-0.000144447974
0.88,1.57060929,1.90836275,-1.38660295e-15,4.50382065e-15,1.1586196e-12,0.0935175908,-0.2,0.093515722,-1.1398186e-05,1.13945834e-05,1.71319761e-05,5.51997598e-32,-1.29671767e-16,-9.0076413e-16,1.0304359e-15,2,-0.000187035182,0.000159516344,-0.000144447974
0.882,1.57060929,1.90836275,-7.93950762e-16,1.00659265e-14,8.70240152e-13,0.0935175908,-0.2,0.093515722,-1.1398186e-05,1.13945834e-05,1.71319761e-05,2.70718116e-31,-7.42483625e-17,-2.0131853e-15,2.08743366e-15,2,-0.000187035182,0.000159516344,-0.000144447974
0.884,1.57060929,1.90836275,-3.6393319e-16,1.43668723e-14,6.02388129e-13,0.0935175908,-0.2,0.093515722,-1.1398186e-05,1.13945834e-05,1.71319761e-05,5.50984104e-31,-3.40341552e-17,-2.87337446e-15,2.90740862e-15,2,-0.000187035182,0.000159516344,-0.000144447974
0.886,1.57060929,1.90836275,1.56260036e-15,1.24478288e-14,5.60129615e-13,0.0935175908,-0.2,0.093515722,-1.1398186e-05,1.13945834e-05,1.71319761e-05,4.14743944e-31,1.46130622e-16,-2.48956575e-15,2.34343513e-15,2,-0.000187035182,0.000159516344,-0.000144447974
0.888,1.57060929,1.90836275,2.41579915e-15,4.92767444e-15,-1.80575915e-13,0.0935175908,-0.2,0.093515722,-1.1398186e-05,1.13945834e-05,1.71319761e-05,6.82363396e-32,2.25919716e-16,-9.85534887e-16,7.59615171e-16,2,-0.000187035182,0.000159516344,-0.000144447974
0.89,1.57060929,1.90836275,1.96910105e-15,-4.17608086e-15,-1.24896858e-12,0.0935175908,-0.2,0.093515722,-1.1398186e-05,1.13945834e-05,1.71319761e-05,4.94893687e-32,1.84145586e-16,8.35216173e-16,-1.01936176e-15,2,-0.000187035182,0.000159516344,-0.000144447974
0.892,1.57060929,1.90836275,1.2412917e-15,-1.19900725e-14,-1.16721034e-12,0.0935175908,-0.2,0.093515722,-1.1398186e-05,1.13945834e-05,1.71319761e-05,3.85610982e-31,1.16082609e-16,2.3980145e-15,-2.51409711e-15,2,-0.000187035182,0.000159516344,-0.000144447974
0.894,1.57060929,1.90836275,-5.81568188e-16,-1.64964444e-14,-6.06324075e-12,0.0935175908,-0.2,0.093515722,-1.1398186e-05,1.13945834e-05,1.71319761e-05,7.27256534e-31,-5.43868558e-17,3.29928887e-15,-3.24490202e-15,2,-0.000187035182,0.000159516344,-0.000144447974
0.896,1.57060929,1.90836275,-2.38679525e-15,-1.03362626e-14,-1.48989976e-14,0.0935175908,-0.2,0.093515722,-1.1398186e-05,1.13945834e-05,1.71319761e-05,2.88614949e-31,-2.23207341e-16,2.06725252e-15,-1.84404518e-15,2,-0.000187035182,0.000159516344,-0.000144447974
0.898,1.57060929,1.90836275,-2.04381054e-15,-2.38705383e-15,1.17346785e-12,0.0935175908,-0.2,0.093515722,-1.1398186e-05,1.13945834e-05,1.71319761e-05,1.76023679e-32,-1.91132238e-16,4.77410766e-16,-2.86278528e-16,2,-0.000187035182,0.000159516344,-0.000144447974
0.9,1.57060929,1.90836275,-1.35707812e-15,4.54022527e-15,1.12044525e-12,0.0935175908,-0.2,0.093515722,-1.1398186e-05,1.13945834e-05,1.71319761e-05,5.63162765e-32,-1.26910676e-16,-9.08045053e-16,1.03495573e-15,2,-0.000187035182,0.000159516344,-0.000144447974
0.902,1.57060929,1.90836275,-7.72269253e-16,1.00711272e-14,8.44624997e-13,0.0935175908,-0.2,0.093515722,-1.1398186e-05,1.13945834e-05,1.71319761e-05,2.711787e-31,-7.222076e-17,-2.01422543e-15,2.08644619e-15,2,-0.000187035182,0.000159516344,-0.000144447974
0.904,1.57060929,1.90836275,-3.45793912e-16,1.43460697e-14,9.07870806e-12,0.0935175908,-0.2,0.093515722,-1.1398186e-05,1.13945834e-05,1.71319761e-05,5.49360287e-31,-3.23378135e-17,-2.86921393e-15,2.90155175e-15,2,-0.000187035182,0.000159516344,-0.000144447974
0.906,1.57060929,1.90836275,2.50008805e-15,7.95965921e-15,5.308033e-13,0.0935175908,-0.2,0.093515722,-1.1398186e-05,1.13945834e-05,1.71319761e-05,1.72336212e-31,2.33802212e-16,-1.59193184e-15,1.35812963e-15,2,-0.000187035182,0.000159516344,-0.000144447974
0.908,1.57060929,1.90836275,2.74818853e-15,-2.03860961e-15,7.48597208e-13,0.0935175908,-0.2,0.093515722,-1.1398186e-05,1.13945834e-05,1.71319761e-05,1.50500348e-32,2.57003971e-16,4.07721922e-16,-6.64725893e-16,2,-0.000187035182,0.000159516344,-0.000144447974
0.91,1.57060929,1.90836275,2.50895838e-15,-1.45539979e-14,-1.48733656e-12,0.0935175908,-0.2,0.093515722,-1.1398186e-05,1.13945834e-05,1.71319761e-05,5.68403981e-31,2.34631743e-16,2.91079957e-15,-3.14543131e-15,2,-0.000187035182,0.000159516344,-0.000144447974
0.912,1.57060929,1.90836275,-1.68951828e-15,-1.63768292e-14,-3.33155646e-12,0.0935175908,-0.2,0.093515722,-1.1398186e-05,1.13945834e-05,1.71319761e-05,7.17224177e-31,-1.5799968e-16,3.27536584e-15,-3.11736616e-15,2,-0.000187035182,0.000159516344,-0.000144447974
0.914,1.57060929,1.90836275,-2.48882745e-15,-8.8696765e-15,6.50456584e-13,0.0935175908,-0.2,0.093515722,-1.1398186e-05,1.13945834e-05,1.71319761e-05,2.13326802e-31,-2.32749147e-16,1.7739353e-15,-1.54118615e-15,2,-0.000187035182,0.000159516344,-0.000144447974
0.916,1.57060929,1.90836275,-1.92118137e-15,-8.86663424e-16,1.26324707e-12,0.0935175908,-0.2,0.093515722,-1.1398186e-05,1.13945834e-05,1.71319761e-05,4.36025553e-33,-1.79664253e-16,1.77332685e-16,2.33156842e-18,2,-0.000187035182,0.000159516344,-0.000144447974
0.918,1.57060929,1.90836275,-1.22097039e-15,5.79878498e-15,1.0908628e-12,0.0935175908,-0.2,0.093515722,-1.1398186e-05,1.13945834e-05,1.71319761e-05,9.08589168e-32,-1.1418221e-16,-1.159757e-15,1.27393921e-15,2,-0.000187035182,0.000159516344,-0.000144447974
0.92,1.57060929,1.90836275,-6.62130295e-16,1.10592526e-14,7.94030703e-13,0.0935175908,-0.2,0.093515722,-1.1398186e-05,1.13945834e-05,1.71319761e-05,3.27075331e-31,-6.192083e-17,-2.21185051e-15,2.27377134e-15,2,-0.000187035182,0.000159516344,-0.000144447974
0.922,1.57060929,1.90836275,-2.73017296e-16,1.51105667e-14,5.25220292e-13,0.0935175908,-0.2,0.093515722,-1.1398186e-05,1.13945834e-05,1.71319761e-05,6.09450026e-31,-2.55319198e-17,-3.02211334e-15,3.04764526e-15,2,-0.000187035182,0.000159516344,-0.000144447974
0.924,1.57060929,1.90836275,2.37087215e-15,1.1472705e-14,1.5937663e-12,0.0935175908,-0.2,0.093515722,-1.1398186e-05,1.13945834e-05,1.71319761e-05,3.54071705e-31,2.21718251e-16,-2.294541e-15,2.07282275e-15,2,-0.000187035182,0.000159516344,-0.000144447974
0.926,1.57060929,1.90836275,2.51063258e-15,1.94769627e-15,-1.10499459e-12,0.0935175908,-0.2,0.093515722,-1.1398186e-05,1.13945834e-05,1.71319761e-05,1.33367234e-32,2.3478831e-16,-3.89539253e-16,1.54750943e-16,2,-0.000187035182,0.000159516344,-0.000144447974
0.928,1.57060929,1.90836275,1.7689598e-15,-7.03384352e-15,-1.38409157e-12,0.0935175908,-0.2,0.093515722,-1.1398186e-05,1.13945834e-05,1.71319761e-05,1.33739077e-31,1.65428859e-16,1.4067687e-15,-1.57219756e-15,2,-0.000187035182,0.000159516344,-0.000144447974
0.93,1.57060929,1.90836275,1.02945929e-15,-1.43433711e-14,-1.0967388e-12,0.0935175908,-0.2,0.093515722,-1.1398186e-05,1.13945834e-05,1.71319761e-05,5.49810223e-31,9.62725531e-17,2.86867423e-15,-2.96494678e-15,2,-0.000187035182,0.000159516344,-0.000144447974
0.932,1.57060929,1.90836275,-1.90124026e-15,-1.33110401e-14,-2.06323849e-12,0.0935175908,-0.2,0.093515722,-1.1398186e-05,1.13945834e-05,1.71319761e-05,4.75076282e-31,-1.77799409e-16,2.66220802e-15,-2.48440862e-15,2,-0.000187035182,0.000159516344,-0.000144447974
0.934,1.57060929,1.90836275,-2.26680425e-15,-5.79348612e-15,8.18146265e-13,0.0935175908,-0.2,0.093515722,-1.1398186e-05,1.13945834e-05,1.71319761e-05,9.21537112e-32,-2.11986072e-16,1.15869722e-15,-9.46711151e-16,2,-0.000187035182,0.000159516344,-0.000144447974
0.936,1.57060929,1.90836275,-1.67007237e-15,1.64605799e-15,1.18377187e-12,0.0935175908,-0.2,0.093515722,-1.1398186e-05,1.13945834e-05,1.71319761e-05,8.64640119e-33,-1.56181145e-16,-3.29211597e-16,4.85392742e-16,2,-0.000187035182,0.000159516344,-0.000144447974
0.938,1.57060929,1.90836275,-1.02329551e-15,7.78803743e-15,9.76122195e-13,0.0935175908,-0.2,0.093515722,-1.1398186e-05,1.13945834e-05,1.71319761e-05,1.62384664e-31,-9.56961309e-17,-1.55760749e-15,1.65330362e-15,2,-0.000187035182,0.000159516344,-0.000144447974
0.94,1.57060929,1.90836275,-5.27034067e-16,1.25856463e-14,6.81596431e-13,0.0935175908,-0.2,0.093515722,-1.1398186e-05,1.13945834e-05,1.71319761e-05,4.22848793e-31,-4.92869562e-17,-2.51712925e-15,2.56641621e-15,2,-0.000187035182,0.000159516344,-0.000144447974
0.942,1.57060929,1.90836275,1.03182085e-15,1.45722984e-14,5.66736215e-12,0.0935175908,-0.2,0.093515722,-1.1398186e-05,1.13945834e-05,1.71319761e-05,5.67233354e-31,9.64934005e-17,-2.91445967e-15,2.81796627e-15,2,-0.000187035182,0.000159516344,-0.000144447974
0.944,1.57060929,1.90836275,3.3733659e-15,4.91467279e-15,-2.38641812e-12,0.0935175908,-0.2,0.093515722,-1.1398186e-05,1.13945834e-05,1.71319761e-05,7.01698408e-32,3.15469052e-16,-9.82934557e-16,6.67465505e-16,2,-0.000187035182,0.000159516344,-0.000144447974
0.946,1.57060929,1.90836275,2.10940497e-15,-5.28382144e-15,-1.7938547e-12,0.0935175908,-0.2,0.093515722,-1.1398186e-05,1.13945834e-05,1.71319761e-05,7.67402143e-32,1.97266471e-16,1.05676429e-15,-1.25403076e-15,2,-0.000187035182,0.000159516344,-0.000144447974
0.948,1.57060929,1.90836275,1.20039968e-15,-1.315242e-14,-1.27706714e-12,0.0935175908,-0.2,0.093515722,-1.1398186e-05,1.13945834e-05,1.71319761e-05,4.6234376e-31,1.12258486e-16,2.630484e-15,-2.74274248e-15,2,-0.000187035182,0.000159516344,-0.000144447974
0.95,1.57060929,1.90836275,-1.40125772e-15,-1.51416724e-14,-3.73174912e-12,0.0935175908,-0.2,0.093515722,-1.1398186e-05,1.13945834e-05,1.71319761e-05,6.12798786e-31,-1.31042247e-16,3.02833449e-15,-2.89729224e-15,2,-0.000187035182,0.000159516344,-0.000144447974
0.952,1.57060929,1.90836275,-2.36748874e-15,-8.07397552e-15,4.96835466e-13,0.0935175908,-0.2,0.093515722,-1.1398186e-05,1.13945834e-05,1.71319761e-05,1.77073552e-31,-2.21401843e-16,1.6147951e-15,-1.39339326e-15,2,-0.000187035182,0.000159516344,-0.000144447974
0.954,1.57060929,1.90836275,-1.86487687e-15,-3.27592476e-16,1.21173321e-12,0.0935175908,-0.2,0.093515722,-1.1398186e-05,1.13945834e-05,1.71319761e-05,2.76334616e-33,-1.74398792e-16,6.55184952e-17,1.08880297e-16,2,-0.000187035182,0.000159516344,-0.000144447974
0.956,1.57060929,1.90836275,-1.19023134e-15,6.2252391e-15,1.04439094e-12,0.0935175908,-0.2,0.093515722,-1.1398186e-05,1.13945834e-05,1.71319761e-05,1.04826039e-31,-1.11307568e-16,-1.24504782e-15,1.35635539e-15,2,-0.000187035182,0.000159516344,-0.000144447974
0.958,1.57060929,1.90836275,-6.45465842e-16,1.13764928e-14,7.68006766e-13,0.0935175908,-0.2,0.093515722,-1.1398186e-05,1.13945834e-05,1.71319761e-05,3.45929215e-31,-6.03624105e-17,-2.27529856e-15,2.33566097e-15,2,-0.000187035182,0.000159516344,-0.000144447974
0.96,1.57060929,1.90836275,-2.6106823e-16,1.53445964e-14,9.00127265e-12,0.0935175908,-0.2,0.093515722,-1.1398186e-05,1.13945834e-05,1.71319761e-05,6.28572014e-31,-2.44144719e-17,-3.06891928e-15,3.09333375e-15,2,-0.000187035182,0.000159516344,-0.000144447974
0.962,1.57060929,1.90836275,2.55557097e-15,8.7137549e-15,4.80032259e-13,0.0935175908,-0.2,0.093515722,-1.1398186e-05,1.13945834e-05,1.71319761e-05,2.05952291e-31,2.38990841e-16,-1.74275098e-15,1.50376014e-15,2,-0.000187035182,0.000159516344,-0.000144447974
0.964,1.57060929,1.90836275,2.31641952e-15,-8.11253854e-16,-1.28357314e-12,0.0935175908,-0.2,0.093515722,-1.1398186e-05,1.13945834e-05,1.71319761e-05,4.62139211e-33,2.16625973e-16,1.62250771e-16,-3.78876744e-16,2,-0.000187035182,0.000159516344,-0.000144447974
0.966,1.57060929,1.90836275,1.54976963e-15,-9.3117326e-15,-1.31680619e-12,0.0935175908,-0.2,0.093515722,-1.1398186e-05,1.13945834e-05,1.71319761e-05,2.33041167e-31,1.44930722e-16,1.86234652e-15,-2.00727724e-15,2,-0.000187035182,0.000159516344,-0.000144447974
0.968,1.57060929,1.90836275,8.56277663e-16,-1.61375988e-14,-9.5109746e-12,0.0935175908,-0.2,0.093515722,-1.1398186e-05,1.13945834e-05,1.71319761e-05,6.95691159e-31,8.00770242e-17,3.22751976e-15,-3.30759679e-15,2,-0.000187035182,0.000159516344,-0.000144447974
0.97,1.57060929,1.90836275,-2.21428938e-15,-1.17768454e-14,-8.72604119e-13,0.0935175908,-0.2,0.093515722,-1.1398186e-05,1.13945834e-05,1.71319761e-05,3.7286948e-31,-2.07075009e-16,2.35536909e-15,-2.14829408e-15,2,-0.000187035182,0.000159516344,-0.000144447974
0.972,1.57060929,1.90836275,-2.16181433e-15,-3.96545413e-15,1.03526154e-12,0.0935175908,-0.2,0.093515722,-1.1398186e-05,1.13945834e-05,1.71319761e-05,4.4329763e-32,-2.02167668e-16,7.93090827e-16,-5.90923159e-16,2,-0.000187035182,0.000159516344,-0.000144447974
0.974,1.57060929,1.90836275,-1.50380413e-15,3.22185796e-15,1.15423289e-12,0.0935175908,-0.2,0.093515722,-1.1398186e-05,1.13945834e-05,1.71319761e-05,2.88511777e-32,-1.4063214e-16,-6.44371592e-16,7.85003732e-16,2,-0.000187035182,0.000159516344,-0.000144447974
0.976,1.57060929,1.90836275,-8.91904267e-16,9.03359549e-15,9.06476443e-13,0.0935175908,-0.2,0.093515722,-1.1398186e-05,1.13945834e-05,1.71319761e-05,2.18162032e-31,-8.34087383e-17,-1.8067191e-15,1.89012784e-15,2,-0.000187035182,0.000159516344,-0.000144447974
0.978,1.57060929,1.90836275,-4.3305528e-16,1.35477684e-14,6.14506312e-13,0.0935175908,-0.2,0.093515722,-1.1398186e-05,1.13945834e-05,1.71319761e-05,4.89882478e-31,-4.04982864e-17,-2.70955367e-15,2.75005196e-15,2,-0.000187035182,0.000159516344,-0.000144447974
0.98,1.57060929,1.90836275,1.83473454e-15,1.29938981e-14,3.31592703e-12,0.0935175908,-0.2,0.093515722,-1.1398186e-05,1.13945834e-05,1.71319761e-05,4.52342027e-31,1.71579954e-16,-2.59877961e-15,2.42719966e-15,2,-0.000187035182,0.000159516344,-0.000144447974
0.982,1.57060929,1.90836275,2.58955921e-15,4.01235828e-15,-7.80171325e-13,0.0935175908,-0.2,0.093515722,-1.1398186e-05,1.13945834e-05,1.71319761e-05,4.63282553e-32,2.42169339e-16,-8.02471656e-16,5.60302317e-16,2,-0.000187035182,0.000159516344,-0.000144447974
0.984,1.57060929,1.90836275,1.93831928e-15,-5.20581154e-15,-1.37141638e-12,0.0935175908,-0.2,0.093515722,-1.1398186e-05,1.13945834e-05,1.71319761e-05,7.42291499e-32,1.81266949e-16,1.04116231e-15,-1.22242926e-15,2,-0.000187035182,0.000159516344,-0.000144447974
0.986,1.57060929,1.90836275,1.1797021e-15,-1.2876785e-14,-1.16374728e-12,0.0935175908,-0.2,0.093515722,-1.1398186e-05,1.13945834e-05,1.71319761e-05,4.43190037e-31,1.10322899e-16,2.575357e-15,-2.6856799e-15,2,-0.000187035182,0.000159516344,-0.000144447974
0.988,1.57060929,1.90836275,-1.38037553e-15,-1.48712381e-14,-3.73961907e-12,0.0935175908,-0.2,0.093515722,-1.1398186e-05,1.13945834e-05,1.71319761e-05,5.91126184e-31,-1.29089394e-16,2.97424762e-15,-2.84515823e-15,2,-0.000187035182,0.000159516344,-0.000144447974
0.99,1.57060929,1.90836275,-2.34716314e-15,-7.88415143e-15,4.76228321e-13,0.0935175908,-0.2,0.093515722,-1.1398186e-05,1.13945834e-05,1.71319761e-05,1.68827662e-31,-2.19501042e-16,1.57683029e-15,-1.35732924e-15,2,-0.000187035182,0.000159516344,-0.000144447974
0.992,1.57060929,1.90836275,-1.85169763e-15,-1.89774987e-16,1.19061306e-12,0.0935175908,-0.2,0.093515722,-1.1398186e-05,1.13945834e-05,1.71319761e-05,1.94601575e-33,-1.73166302e-16,3.79549973e-17,1.35211304e-16,2,-0.000187035182,0.000159516344,-0.000144447974
0.994,1.57060929,1.90836275,-1.18004903e-15,6.31625065e-15,1.05208885e-12,0.0935175908,-0.2,0.093515722,-1.1398186e-05,1.13945834e-05,1.71319761e-05,1.07166616e-31,-1.10355342e-16,-1.26325013e-15,1.37360547e-15,2,-0.000187035182,0.000159516344,-0.000144447974
0.996,1.57060929,1.90836275,-4.87800704e-16,1.04273724e-14,1.58960975e-13,0.0935175908,-0.2,0.093515722,-1.1398186e-05,1.13945834e-05,1.71319761e-05,2.90365677e-31,-4.56179466e-17,-2.08547447e-15,2.13109242e-15,2,-0.000187035182,0.000159516344,-0.000144447974
0.998,1.57060929,1.90836275,-3.17001845e-16,1.42914627e-14,8.90072262e-12,0.0935175908,-0.2,0.093515722,-1.1398186e-05,1.13945834e-05,1.71319761e-05,5.45288724e-31,-2.96452489e-17,-2.85829255e-15,2.8879378e-15,2,-0.000187035182,0.000159516344,-0.000144447974
1,1.57060929,1.90836275,2.4741012e-15,7.82444205e-15,5.13118091e-13,0.0935175908,-0.2,0.093515722,-1.1398186e-05,1.13945834e-05,1.71319761e-05,1.66442988e-31,2.31371983e-16,-1.56488841e-15,1.33351643e-15,2,-0.000187035182,0.000159516344,-0.000144447974
1.002,1.57060929,1.90836275,2.25160351e-15,-1.51334295e-15,-1.22739925e-12,0.0935175908,-0.2,0.093515722,-1.1398186e-05,1.13945834e-05,1.71319761e-05,8.66447088e-33,2.10564536e-16,3.0266859e-16,-5.13233126e-16,2,-0.000187035182,0.000159516344,-0.000144447974
1.004,1.57060929,1.90836275,1.502821e-15,-9.86300255e-15,-1.28886936e-12,0.0935175908,-0.2,0.093515722,-1.1398186e-05,1.13945834e-05,1.71319761e-05,2.60728387e-31,1.40540199e-16,1.97260051e-15,-2.11314071e-15,2,-0.000187035182,0.000159516344,-0.000144447974
1.006,1.57060929,1.90836275,-3.90631825e-16,-1.48452348e-14,-6.18572431e-12,0.0935175908,-0.2,0.093515722,-1.1398186e-05,1.13945834e-05,1.71319761e-05,5.88156159e-31,-3.65309472e-17,2.96904696e-15,-2.93251602e-15,2,-0.000187035182,0.000159516344,-0.000144447974
1.008,1.57060929,1.90836275,-2.25045273e-15,-9.09590521e-15,-1.2210435e-13,0.0935175908,-0.2,0.093515722,-1.1398186e-05,1.13945834e-05,1.71319761e-05,2.2357803e-31,-2.10456918e-16,1.81918104e-15,-1.60872412e-15,2,-0.000187035182,0.000159516344,-0.000144447974
1.01,1.57060929,1.90836275,-1.9535529e-15,-1.45353536e-15,1.09172964e-12,0.0935175908,-0.2,0.093515722,-1.1398186e-05,1.13945834e-05,1.71319761e-05,7.75519979e-33,-1.82691561e-16,2.90707072e-16,-1.08015512e-16,2,-0.000187035182,0.000159516344,-0.000144447974
1.012,1.57060929,1.90836275,-4.01872701e-16,2.70439229e-15,1.56496127e-12,0.0935175908,-0.2,0.093515722,-1.1398186e-05,1.13945834e-05,1.71319761e-05,1.96782699e-32,-3.75821669e-17,-5.40878459e-16,5.78460626e-16,2,-0.000187035182,0.000159516344,-0.000144447974
1.014,1.57060929,1.90836275,-7.48159818e-16,6.10562392e-15,-1.6194879e-13,0.0935175908,-0.2,0.093515722,-1.1398186e-05,1.13945834e-05,1.71319761e-05,9.98828377e-32,-6.99661037e-17,-1.22112478e-15,1.29109089e-15,2,-0.000187035182,0.000159516344,-0.000144447974
1.016,1.57060929,1.90836275,-6.51191146e-16,1.0677004e-14,4.91971863e-13,0.0935175908,-0.2,0.093515722,-1.1398186e-05,1.13945834e-05,1.71319761e-05,3.04585715e-31,-6.08978272e-17,-2.13540081e-15,2.19629864e-15,2,-0.000187035182,0.000159516344,-0.000144447974
1.018,1.57060929,1.90836275,8.58690668e-16,1.29574934e-14,5.70783134e-12,0.0935175908,-0.2,0.093515722,-1.1398186e-05,1.13945834e-05,1.71319761e-05,4.48465682e-31,8.03026825e-17,-2.59149869e-15,2.51119601e-15,2,-0.000187035182,0.000159516344,-0.000144447974
1.02,1.57060929,1.90836275,2.48850308e-15,5.16170414e-15,-2.02642609e-13,0.0935175908,-0.2,0.093515722,-1.1398186e-05,1.13945834e-05,1.71319761e-05,7.42347979e-32,2.32718813e-16,-1.03234083e-15,7.99622014e-16,2,-0.000187035182,0.000159516344,-0.000144447974
1.022,1.57060929,1.90836275,2.03671901e-15,-3.98625677e-15,-1.28220933e-12,0.0935175908,-0.2,0.093515722,-1.1398186e-05,1.13945834e-05,1.71319761e-05,4.4544174e-32,1.90469055e-16,7.97251355e-16,-9.87720409e-16,2,-0.000187035182,0.000159516344,-0.000144447974
1.024,1.57060929,1.90836275,1.29105357e-15,-1.18574557e-14,-1.19028235e-12,0.0935175908,-0.2,0.093515722,-1.1398186e-05,1.13945834e-05,1.71319761e-05,3.7606828e-31,1.2073622e-16,2.37149113e-15,-2.49222735e-15,2,-0.000187035182,0.000159516344,-0.000144447974
1.026,1.57060929,1.90836275,-1.29113815e-15,-1.40755371e-14,-3.77700625e-12,0.0935175908,-0.2,0.093515722,-1.1398186e-05,1.13945834e-05,1.71319761e-05,5.29566562e-31,-1.2074413e-16,2.81510743e-15,-2.6943633e-15,2,-0.000187035182,0.000159516344,-0.000144447974
1.028,1.57060929,1.90836275,-2.28562661e-15,-7.25227124e-15,4.47394636e-13,0.0935175908,-0.2,0.093515722,-1.1398186e-05,1.13945834e-05,1.71319761e-05,1.43040208e-31,-2.13746294e-16,1.45045425e-15,-1.23670795e-15,2,-0.000187035182,0.000159516344,-0.000144447974
1.03,1.57060929,1.90836275,-1.80758847e-15,3.04287712e-16,1.16512429e-12,0.0935175908,-0.2,0.093515722,-1.1398186e-05,1.13945834e-05,1.71319761e-05,2.11323721e-33,-1.69041319e-16,-6.08575424e-17,2.29898861e-16,2,-0.000187035182,0.000159516344,-0.000144447974
1.032,1.57060929,1.90836275,-1.15334954e-15,6.71410114e-15,1.02762548e-12,0.0935175908,-0.2,0.093515722,-1.1398186e-05,1.13945834e-05,1.71319761e-05,1.21152571e-31,-1.07858471e-16,-1.34282023e-15,1.4506787e-15,2,-0.000187035182,0.000159516344,-0.000144447974
1.034,1.57060929,1.90836275,-6.26585379e-16,1.17613417e-14,7.5435596e-13,0.0935175908,-0.2,0.093515722,-1.1398186e-05,1.13945834e-05,1.71319761e-05,3.69467239e-31,-5.85967551e-17,-2.35226833e-15,2.41086509e-15,2,-0.000187035182,0.000159516344,-0.000144447974
1.036,1.57060929,1.90836275,9.67505836e-16,1.39404182e-14,5.71365622e-12,0.0935175908,-0.2,0.093515722,-1.1398186e-05,1.13945834e-05,1.71319761e-05,5.19065331e-31,9.04788149e-17,-2.78808364e-15,2.69760482e-15,2,-0.000187035182,0.000159516344,-0.000144447974
1.038,1.57060929,1.90836275,2.58660445e-15,5.94960412e-15,-2.58806778e-13,0.0935175908,-0.2,0.093515722,-1.1398186e-05,1.13945834e-05,1.71319761e-05,9.79655139e-32,2.41893017e-16,-1.18992082e-15,9.48027808e-16,2,-0.000187035182,0.000159516344,-0.000144447974
1.04,1.57060929,1.90836275,2.11130779e-15,-3.39598187e-15,-1.32841366e-12,0.0935175908,-0.2,0.093515722,-1.1398186e-05,1.13945834e-05,1.71319761e-05,3.30819467e-32,1.97444418e-16,6.79196373e-16,-8.76640791e-16,2,-0.000187035182,0.000159516344,-0.000144447974
1.042,1.57060929,1.90836275,1.34372444e-15,-1.14075986e-14,-1.22922428e-12,0.0935175908,-0.2,0.093515722,-1.1398186e-05,1.13945834e-05,1.71319761e-05,3.48221354e-31,1.25661872e-16,2.28151971e-15,-2.40718159e-15,2,-0.000187035182,0.000159516344,-0.000144447974
1.044,1.57060929,1.90836275,-5.0934767e-16,-1.60491876e-14,-6.1219733e-12,0.0935175908,-0.2,0.093515722,-1.1398186e-05,1.13945834e-05,1.71319761e-05,6.8751952e-31,-4.7632967e-17,3.20983752e-15,-3.16220455e-15,2,-0.000187035182,0.000159516344,-0.000144447974
1.046,1.57060929,1.90836275,-2.33013117e-15,-1.00268233e-14,-6.90831332e-14,0.0935175908,-0.2,0.093515722,-1.1398186e-05,1.13945834e-05,1.71319761e-05,2.71007586e-31,-2.17908253e-16,2.00536467e-15,-1.78745642e-15,2,-0.000187035182,0.000159516344,-0.000144447974
1.048,1.57060929,1.90836275,-2.00711387e-15,-2.18422809e-15,1.13849909e-12,0.0935175908,-0.2,0.093515722,-1.1398186e-05,1.13945834e-05,1.71319761e-05,1.47731792e-32,-1.87700453e-16,4.36845618e-16,-2.49145165e-16,2,-0.000187035182,0.000159516344,-0.000144447974
1.05,1.57060929,1.90836275,-1.33407417e-15,4.69104441e-15,1.11078988e-12,0.0935175908,-0.2,0.093515722,-1.1398186e-05,1.13945834e-05,1.71319761e-05,5.96362648e-32,-1.24759402e-16,-9.38208881e-16,1.06296828e-15,2,-0.000187035182,0.000159516344,-0.000144447974
1.052,1.57060929,1.90836275,-7.59902967e-16,1.01829413e-14,8.42629437e-13,0.0935175908,-0.2,0.093515722,-1.1398186e-05,1.13945834e-05,1.71319761e-05,2.77031974e-31,-7.10642947e-17,-2.03658827e-15,2.10765256e-15,2,-0.000187035182,0.000159516344,-0.000144447974
1.054,1.57060929,1.90836275,-3.40413999e-16,1.44422819e-14,5.76597797e-13,0.0935175908,-0.2,0.093515722,-1.1398186e-05,1.13945834e-05,1.71319761e-05,5.56668776e-31,-3.18346971e-17,-2.88845637e-15,2.92029107e-15,2,-0.000187035182,0.000159516344,-0.000144447974
1.056,1.57060929,1.90836275,2.32603676e-15,1.09708413e-14,1.64268274e-12,0.0935175908,-0.2,0.093515722,-1.1398186e-05,1.13945834e-05,1.71319761e-05,3.23980081e-31,2.17525354e-16,-2.19416827e-15,1.97664291e-15,2,-0.000187035182,0.000159516344,-0.000144447974
1.058,1.57060929,1.90836275,2.48370797e-15,1.58104974e-15,2.13790507e-12,0.0935175908,-0.2,0.093515722,-1.1398186e-05,1.13945834e-05,1.71319761e-05,9.87062133e-33,2.32270385e-16,-3.16209947e-16,8.39395623e-17,2,-0.000187035182,0.000159516344,-0.000144447974
1.06,1.57060929,1.90836275,2.73206346e-15,-1.09889454e-14,-4.54642933e-12,0.0935175908,-0.2,0.093515722,-1.1398186e-05,1.13945834e-05,1.71319761e-05,3.25995582e-31,2.55495992e-16,2.19778909e-15,-2.45328508e-15,2,-0.000187035182,0.000159516344,-0.000144447974
1.062,1.57060929,1.90836275,-3.461636e-16,-1.73623542e-14,-6.91679657e-12,0.0935175908,-0.2,0.093515722,-1.1398186e-05,1.13945834e-05,1.71319761e-05,8.0450103e-31,-3.23723859e-17,3.47247085e-15,-3.44009846e-15,2,-0.000187035182,0.000159516344,-0.000144447974
1.064,1.57060929,1.90836275,-2.45302433e-15,-1.14336019e-14,-1.69635041e-13,0.0935175908,-0.2,0.093515722,-1.1398186e-05,1.13945834e-05,1.71319761e-05,3.52304055e-31,-2.29400926e-16,2.28672037e-15,-2.05731945e-15,2,-0.000187035182,0.000159516344,-0.000144447974
1.066,1.57060929,1.90836275,-2.14764895e-15,-3.35957725e-15,1.17888205e-12,0.0935175908,-0.2,0.093515722,-1.1398186e-05,1.13945834e-05,1.71319761e-05,3.27405919e-32,-2.00842955e-16,6.71915449e-16,-4.71072494e-16,2,-0.000187035182,0.000159516344,-0.000144447974
1.068,1.57060929,1.90836275,-1.4535997e-15,3.78092891e-15,1.18016574e-12,0.0935175908,-0.2,0.093515722,-1.1398186e-05,1.13945834e-05,1.71319761e-05,3.94205002e-32,-1.35937142e-16,-7.56185782e-16,8.92122924e-16,2,-0.000187035182,0.000159516344,-0.000144447974
1.07,1.57060929,1.90836275,-8.3260622e-16,9.46525027e-15,8.71052338e-13,0.0935175908,-0.2,0.093515722,-1.1398186e-05,1.13945834e-05,1.71319761e-05,2.39669318e-31,-7.78633278e-17,-1.89305005e-15,1.97091338e-15,2,-0.000187035182,0.000159516344,-0.000144447974
1.072,1.57060929,1.90836275,-3.9272539e-16,1.38832109e-14,6.0193845e-13,0.0935175908,-0.2,0.093515722,-1.1398186e-05,1.13945834e-05,1.71319761e-05,5.14555844e-31,-3.67267323e-17,-2.77664219e-15,2.81336892e-15,2,-0.000187035182,0.000159516344,-0.000144447974
1.074,1.57060929,1.90836275,1.87301126e-15,1.32383291e-14,3.26843163e-12,0.0935175908,-0.2,0.093515722,-1.1398186e-05,1.13945834e-05,1.71319761e-05,4.69428237e-31,1.75159501e-16,-2.64766582e-15,2.47250632e-15,2,-0.000187035182,0.000159516344,-0.000144447974
1.076,1.57060929,1.90836275,2.60478857e-15,4.19438138e-15,-7.88884156e-13,0.0935175908,-0.2,0.093515722,-1.1398186e-05,1.13945834e-05,1.71319761e-05,5.03903645e-32,2.43593551e-16,-8.38876276e-16,5.95282724e-16,2,-0.000187035182,0.000159516344,-0.000144447974
1.078,1.57060929,1.90836275,1.95627356e-15,-5.06799405e-15,-1.40332213e-12,0.0935175908,-0.2,0.093515722,-1.1398186e-05,1.13945834e-05,1.71319761e-05,7.04855287e-32,1.8294599e-16,1.01359881e-15,-1.1965448e-15,2,-0.000187035182,0.000159516344,-0.000144447974
1.08,1.57060929,1.90836275,1.18633192e-15,-1.27805728e-14,-1.17025808e-12,0.0935175908,-0.2,0.093515722,-1.1398186e-05,1.13945834e-05,1.71319761e-05,4.36626082e-31,1.10942903e-16,2.55611456e-15,-2.66705746e-15,2,-0.000187035182,0.000159516344,-0.000144447974
1.082,1.57060929,1.90836275,-1.38238489e-15,-1.47958285e-14,-3.7191157e-12,0.0935175908,-0.2,0.093515722,-1.1398186e-05,1.13945834e-05,1.71319761e-05,5.85142345e-31,-1.29277305e-16,2.95916571e-15,-2.8298884e-15,2,-0.000187035182,0.000159516344,-0.000144447974
1.084,1.57060929,1.90836275,-2.33785557e-15,-7.83734549e-15,4.66693542e-13,0.0935175908,-0.2,0.093515722,-1.1398186e-05,1.13945834e-05,1.71319761e-05,1.66723575e-31,-2.1863062e-16,1.5674691e-15,-1.34883848e-15,2,-0.000187035182,0.000159516344,-0.000144447974
1.086,1.57060929,1.90836275,-1.84472966e-15,-1.53370367e-16,1.1979862e-12,0.0935175908,-0.2,0.093515722,-1.1398186e-05,1.13945834e-05,1.71319761e-05,1.79071935e-33,-1.72514674e-16,3.06740733e-17,1.418406e-16,2,-0.000187035182,0.000159516344,-0.000144447974
1.088,1.57060929,1.90836275,-1.17476709e-15,6.33965362e-15,1.03321393e-12,0.0935175908,-0.2,0.093515722,-1.1398186e-05,1.13945834e-05,1.71319761e-05,1.07973254e-31,-1.09861388e-16,-1.26793072e-15,1.37779211e-15,2,-0.000187035182,0.000159516344,-0.000144447974
1.09,1.57060929,1.90836275,-6.37626786e-16,1.14545027e-14,7.58042698e-13,0.0935175908,-0.2,0.093515722,-1.1398186e-05,1.13945834e-05,1.71319761e-05,3.50322907e-31,-5.96293209e-17,-2.29090054e-15,2.35052986e-15,2,-0.000187035182,0.000159516344,-0.000144447974
1.092,1.57060929,1.90836275,9.59745136e-16,1.36933868e-14,5.70562167e-12,0.0935175908,-0.2,0.093515722,-1.1398186e-05,1.13945834e-05,1.71319761e-05,5.00836125e-31,8.97530529e-17,-2.73867737e-15,2.64892431e-15,2,-0.000187035182,0.000159516344,-0.000144447974
1.094,1.57060929,1.90836275,2.57849166e-15,5.76238036e-15,-2.47210629e-13,0.0935175908,-0.2,0.093515722,-1.1398186e-05,1.13945834e-05,1.71319761e-05,9.20529375e-32,2.41134328e-16,-1.15247607e-15,9.11341744e-16,2,-0.000187035182,0.000159516344,-0.000144447974
1.096,1.57060929,1.90836275,2.10583231e-15,-3.54680101e-15,-1.34408741e-12,0.0935175908,-0.2,0.093515722,-1.1398186e-05,1.13945834e-05,1.71319761e-05,3.59852184e-32,1.96932365e-16,7.09360201e-16,-9.06292566e-16,2,-0.000187035182,0.000159516344,-0.000144447974
1.098,1.57060929,1.90836275,1.34205648e-15,-1.15272137e-14,-1.23527551e-12,0.0935175908,-0.2,0.093515722,-1.1398186e-05,1.13945834e-05,1.71319761e-05,3.55567877e-31,1.25505889e-16,2.30544275e-15,-2.43094864e-15,2,-0.000187035182,0.000159516344,-0.000144447974
1.1,1.57060929,1.90836275,-1.26460336e-15,-1.38233051e-14,-3.78767552e-12,0.0935175908,-0.2,0.093515722,-1.1398186e-05,1.13945834e-05,1.71319761e-05,5.10722727e-31,-1.1826266e-16,2.76466103e-15,-2.64639837e-15,2,-0.000187035182,0.000159516344,-0.000144447974
1.102,1.57060929,1.90836275,-2.26277554e-15,-7.04684517e-15,4.26046348e-13,0.0935175908,-0.2,0.093515722,-1.1398186e-05,1.13945834e-05,1.71319761e-05,1.35313882e-31,-2.11609317e-16,1.40936903e-15,-1.19775972e-15,2,-0.000187035182,0.000159516344,-0.000144447974
1.104,1.57060929,1.90836275,-1.78454154e-15,4.52506521e-16,1.14120731e-12,0.0935175908,-0.2,0.093515722,-1.1398186e-05,1.13945834e-05,1.71319761e-05,2.29738069e-33,-1.66886025e-16,-9.05013043e-17,2.57387329e-16,2,-0.000187035182,0.000159516344,-0.000144447974
1.106,1.57060929,1.90836275,-1.13718368e-15,6.80511269e-15,1.00099917e-12,0.0935175908,-0.2,0.093515722,-1.1398186e-05,1.13945834e-05,1.71319761e-05,1.24264285e-31,-1.06346678e-16,-1.36102254e-15,1.46736922e-15,2,-0.000187035182,0.000159516344,-0.000144447974
1.108,1.57060929,1.90836275,-6.19214919e-16,1.18185489e-14,7.3776148e-13,0.0935175908,-0.2,0.093515722,-1.1398186e-05,1.13945834e-05,1.71319761e-05,3.72974554e-31,-5.79074874e-17,-2.36370978e-15,2.42161727e-15,2,-0.000187035182,0.000159516344,-0.000144447974
1.11,1.57060929,1.90836275,9.68889167e-16,1.39924248e-14,5.71971095e-12,0.0935175908,-0.2,0.093515722,-1.1398186e-05,1.13945834e-05,1.71319761e-05,5.22927891e-31,9.06081806e-17,-2.79848496e-15,2.70787678e-15,2,-0.000187035182,0.000159516344,-0.000144447974
1.112,1.57060929,1.90836275,2.58547722e-15,5.99901039e-15,-2.42270857e-13,0.0935175908,-0.2,0.093515722,-1.1398186e-05,1.13945834e-05,1.71319761e-05,9.9759584e-32,2.41787601e-16,-1.19980208e-15,9.58014478e-16,2,-0.000187035182,0.000159516344,-0.000144447974
1.114,1.57060929,1.90836275,2.11225111e-15,-3.36477791e-15,-1.34749587e-12,0.0935175908,-0.2,0.093515722,-1.1398186e-05,1.13945834e-05,1.71319761e-05,3.2989933e-32,1.97532635e-16,6.72955581e-16,-8.70488216e-16,2,-0.000187035182,0.000159516344,-0.000144447974
1.116,1.57060929,1.90836275,1.34988851e-15,-1.13997976e-14,-1.24710677e-12,0.0935175908,-0.2,0.093515722,-1.1398186e-05,1.13945834e-05,1.71319761e-05,3.48068777e-31,1.26238321e-16,2.27995952e-15,-2.40619784e-15,2,-0.000187035182,0.000159516344,-0.000144447974
1.118,1.57060929,1.90836275,-5.13646545e-16,-1.60647896e-14,-6.13541163e-12,0.0935175908,-0.2,0.093515722,-1.1398186e-05,1.13945834e-05,1.71319761e-05,6.89049764e-31,-4.80349875e-17,3.21295792e-15,-3.16492293e-15,2,-0.000187035182,0.000159516344,-0.000144447974
1.12,1.57060929,1.90836275,-2.33801567e-15,-1.00424253e-14,-7.39769421e-14,0.0935175908,-0.2,0.093515722,-1.1398186e-05,1.13945834e-05,1.71319761e-05,2.71882332e-31,-2.18645593e-16,2.00848506e-15,-1.78983947e-15,2,-0.000187035182,0.000159516344,-0.000144447974
1.122,1.57060929,1.90836275,-1.11222416e-15,-4.74815346e-15,-1.59181675e-12,0.0935175908,-0.2,0.093515722,-1.1398186e-05,1.13945834e-05,1.71319761e-05,6.08118739e-32,-1.04012524e-16,9.49630692e-16,-8.45618168e-16,2,-0.000187035182,0.000159516344,-0.000144447974
1.124,1.57060929,1.90836275,-6.64070974e-16,-2.46982246e-16,1.62186723e-12,0.0935175908,-0.2,0.093515722,-1.1398186e-05,1.13945834e-05,1.71319761e-05,3.8909943e-34,-6.21023177e-17,4.93964493e-17,1.27058684e-17,2,-0.000187035182,0.000159516344,-0.000144447974
1.126,1.57060929,1.90836275,-7.97198657e-16,2.72779526e-15,-6.71394709e-13,0.0935175908,-0.2,0.093515722,-1.1398186e-05,1.13945834e-05,1.71319761e-05,2.01778933e-32,-7.45520978e-17,-5.45559053e-16,6.20111151e-16,2,-0.000187035182,0.000159516344,-0.000144447974
1.128,1.57060929,1.90836275,-8.51697308e-16,7.72302918e-15,4.8828334e-13,0.0935175908,-0.2,0.093515722,-1.1398186e-05,1.13945834e-05,1.71319761e-05,1.59569514e-31,-7.96486803e-17,-1.54460584e-15,1.62425452e-15,2,-0.000187035182,0.000159516344,-0.000144447974
1.13,1.57060929,1.90836275,-5.3243928e-16,1.23022103e-14,5.73289851e-13,0.0935175908,-0.2,0.093515722,-1.1398186e-05,1.13945834e-05,1.71319761e-05,4.04170332e-31,-4.97924387e-17,-2.46044206e-15,2.5102345e-15,2,-0.000187035182,0.000159516344,-0.000144447974
1.132,1.57060929,1.90836275,-2.26224112e-16,1.59972792e-14,8.9483644e-12,0.0935175908,-0.2,0.093515722,-1.1398186e-05,1.13945834e-05,1.71319761e-05,6.82940654e-31,-2.1155934e-17,-3.19945584e-15,3.22061178e-15,2,-0.000187035182,0.000159516344,-0.000144447974
1.134,1.57060929,1.90836275,2.56018894e-15,9.22862024e-15,4.7330132e-13,0.0935175908,-0.2,0.093515722,-1.1398186e-05,1.13945834e-05,1.71319761e-05,2.30582423e-31,2.39422702e-16,-1.84572405e-15,1.60630135e-15,2,-0.000187035182,0.000159516344,-0.000144447974
1.136,1.57060929,1.90836275,2.32074699e-15,-4.16003696e-16,-1.29442597e-12,0.0935175908,-0.2,0.093515722,-1.1398186e-05,1.13945834e-05,1.71319761e-05,3.21222478e-33,2.17030668e-16,8.32007392e-17,-3.00231407e-16,2,-0.000187035182,0.000159516344,-0.000144447974
1.138,1.57060929,1.90836275,1.54453155e-15,-9.01269465e-15,-1.32310521e-12,0.0935175908,-0.2,0.093515722,-1.1398186e-05,1.13945834e-05,1.71319761e-05,2.18069847e-31,1.4444087e-16,1.80253893e-15,-1.9469798e-15,2,-0.000187035182,0.000159516344,-0.000144447974
1.14,1.57060929,1.90836275,8.48758126e-16,-1.58931678e-14,-9.51316035e-12,0.0935175908,-0.2,0.093515722,-1.1398186e-05,1.13945834e-05,1.71319761e-05,6.74454866e-31,7.93738152e-17,3.17863356e-15,-3.25800738e-15,2,-0.000187035182,0.000159516344,-0.000144447974
1.142,1.57060929,1.90836275,-2.22034853e-15,-1.15818207e-14,-8.66640366e-13,0.0935175908,-0.2,0.093515722,-1.1398186e-05,1.13945834e-05,1.71319761e-05,3.60479913e-31,-2.07641645e-16,2.31636414e-15,-2.10872249e-15,2,-0.000187035182,0.000159516344,-0.000144447974
1.144,1.57060929,1.90836275,-1.422802e-15,-5.35403035e-15,2.13794602e-12,0.0935175908,-0.2,0.093515722,-1.1398186e-05,1.13945834e-05,1.71319761e-05,7.7611772e-32,-1.33057015e-16,1.07080607e-15,-9.37749055e-16,2,-0.000187035182,0.000159516344,-0.000144447974
1.146,1.57060929,1.90836275,-5.64346653e-16,-2.61068221e-15,7.68786128e-13,0.0935175908,-0.2,0.093515722,-1.1398186e-05,1.13945834e-05,1.71319761e-05,1.85119513e-32,-5.27763394e-17,5.22136442e-16,-4.69360102e-16,2,-0.000187035182,0.000159516344,-0.000144447974
1.148,1.57060929,1.90836275,-9.8305392e-16,4.23902891e-16,-7.88541689e-13,0.0935175908,-0.2,0.093515722,-1.1398186e-05,1.13945834e-05,1.71319761e-05,1.35794913e-33,-9.19328343e-17,-8.47805783e-17,1.76713413e-16,2,-0.000187035182,0.000159516344,-0.000144447974
1.15,1.57060929,1.90836275,-1.05017387e-15,5.82218795e-15,5.54258838e-13,0.0935175908,-0.2,0.093515722,-1.1398186e-05,1.13945834e-05,1.71319761e-05,9.14102918e-32,-9.82097299e-17,-1.16443759e-15,1.26264732e-15,2,-0.000187035182,0.000159516344,-0.000144447974
1.152,1.57060929,1.90836275,-6.91541582e-16,1.08174219e-14,6.75404807e-13,0.0935175908,-0.2,0.093515722,-1.1398186e-05,1.13945834e-05,1.71319761e-05,3.12906416e-31,-6.46713027e-17,-2.16348437e-15,2.22815568e-15,2,-0.000187035182,0.000159516344,-0.000144447974
1.154,1.57060929,1.90836275,-3.34823868e-16,1.4876537e-14,9.03892625e-12,0.0935175908,-0.2,0.093515722,-1.1398186e-05,1.13945834e-05,1.71319761e-05,5.90895072e-31,-3.13119215e-17,-2.9753074e-15,3.00661932e-15,2,-0.000187035182,0.000159516344,-0.000144447974
1.156,1.57060929,1.90836275,2.49480012e-15,8.37051134e-15,5.30982083e-13,0.0935175908,-0.2,0.093515722,-1.1398186e-05,1.13945834e-05,1.71319761e-05,1.901417e-31,2.33307697e-16,-1.67410227e-15,1.44079457e-15,2,-0.000187035182,0.000159516344,-0.000144447974
1.158,1.57060929,1.90836275,2.27799907e-15,-1.07128685e-15,-1.25121196e-12,0.0935175908,-0.2,0.093515722,-1.1398186e-05,1.13945834e-05,1.71319761e-05,5.70443139e-33,2.13032985e-16,2.14257371e-16,-4.27290356e-16,2,-0.000187035182,0.000159516344,-0.000144447974
1.16,1.57060929,1.90836275,1.5232653e-15,-9.51715867e-15,-1.31353448e-12,0.0935175908,-0.2,0.093515722,-1.1398186e-05,1.13945834e-05,1.71319761e-05,2.42904694e-31,1.42452101e-16,1.90343173e-15,-2.04588383e-15,2,-0.000187035182,0.000159516344,-0.000144447974
1.162,1.57060929,1.90836275,-3.89061351e-16,-1.45800012e-14,-6.17923589e-12,0.0935175908,-0.2,0.093515722,-1.1398186e-05,1.13945834e-05,1.71319761e-05,5.67521301e-31,-3.63840803e-17,2.91600023e-15,-2.87961615e-15,2,-0.000187035182,0.000159516344,-0.000144447974
1.164,1.57060929,1.90836275,-2.25037803e-15,-8.8696765e-15,-1.13276183e-13,0.0935175908,-0.2,0.093515722,-1.1398186e-05,1.13945834e-05,1.71319761e-05,2.12474909e-31,-2.10449931e-16,1.7739353e-15,-1.56348537e-15,2,-0.000187035182,0.000159516344,-0.000144447974
1.166,1.57060929,1.90836275,-1.95915664e-15,-1.2663116e-15,1.10386315e-12,0.0935175908,-0.2,0.093515722,-1.1398186e-05,1.13945834e-05,1.71319761e-05,6.20681332e-33,-1.83215609e-16,2.53262321e-16,-7.00467119e-17,2,-0.000187035182,0.000159516344,-0.000144447974
1.168,1.57060929,1.90836275,-1.30764953e-15,5.4191368e-15,1.07693121e-12,0.0935175908,-0.2,0.093515722,-1.1398186e-05,1.13945834e-05,1.71319761e-05,7.9260761e-32,-1.22288234e-16,-1.08382736e-15,1.20611559e-15,2,-0.000187035182,0.000159516344,-0.000144447974
1.17,1.57060929,1.90836275,-7.45452901e-16,1.07446126e-14,8.18099397e-13,0.0935175908,-0.2,0.093515722,-1.1398186e-05,1.13945834e-05,1.71319761e-05,3.08348644e-31,-6.97129593e-17,-2.14892253e-15,2.21863548e-15,2,-0.000187035182,0.000159516344,-0.000144447974
1.172,1.57060929,1.90836275,8.84739889e-16,1.31707205e-14,5.77036448e-12,0.0935175908,-0.2,0.093515722,-1.1398186e-05,1.13945834e-05,1.71319761e-05,4.63293465e-31,8.2738743e-17,-2.6341441e-15,2.55140536e-15,2,-0.000187035182,0.000159516344,-0.000144447974
1.174,1.57060929,1.90836275,2.52768661e-15,5.40353482e-15,-1.89839253e-13,0.0935175908,-0.2,0.093515722,-1.1398186e-05,1.13945834e-05,1.71319761e-05,8.14497273e-32,2.36383162e-16,-1.08070696e-15,8.44323803e-16,2,-0.000187035182,0.000159516344,-0.000144447974
1.176,1.57060929,1.90836275,2.07709764e-15,-3.79903301e-15,-1.30230438e-12,0.0935175908,-0.2,0.093515722,-1.1398186e-05,1.13945834e-05,1.71319761e-05,4.08006863e-32,1.94245167e-16,7.59806603e-16,-9.5405177e-16,2,-0.000187035182,0.000159516344,-0.000144447974
1.178,1.57060929,1.90836275,1.32985146e-15,-1.17170378e-14,-1.22538357e-12,0.0935175908,-0.2,0.093515722,-1.1398186e-05,1.13945834e-05,1.71319761e-05,3.67239381e-31,1.24364505e-16,2.34340757e-15,-2.46777207e-15,2,-0.000187035182,0.000159516344,-0.000144447974
1.18,1.57060929,1.90836275,-1.67751527e-15,-1.12645804e-14,-2.19219503e-12,0.0935175908,-0.2,0.093515722,-1.1398186e-05,1.13945834e-05,1.71319761e-05,3.40019286e-31,-1.56877187e-16,2.25291608e-15,-2.0960389e-15,2,-0.000187035182,0.000159516344,-0.000144447974
1.182,1.57060929,1.90836275,-2.11119487e-15,-4.2228868e-15,7.08892244e-13,0.0935175908,-0.2,0.093515722,-1.1398186e-05,1.13945834e-05,1.71319761e-05,4.98443928e-32,-1.97433858e-16,8.44577361e-16,-6.47143503e-16,2,-0.000187035182,0.000159516344,-0.000144447974
1.184,1.57060929,1.90836275,-1.57006249e-15,2.86041209e-15,1.10360005e-12,0.0935175908,-0.2,0.093515722,-1.1398186e-05,1.13945834e-05,1.71319761e-05,2.3080645e-32,-1.46828461e-16,-5.72082419e-16,7.1891088e-16,2,-0.000187035182,0.000159516344,-0.000144447974
1.186,1.57060929,1.90836275,-9.65766366e-16,8.7137549e-15,9.14520302e-13,0.0935175908,-0.2,0.093515722,-1.1398186e-05,1.13945834e-05,1.71319761e-05,2.0309571e-31,-9.03161438e-17,-1.74275098e-15,1.83306712e-15,2,-0.000187035182,0.000159516344,-0.000144447974
1.188,1.57060929,1.90836275,-4.99894817e-16,1.3300737e-14,9.16473226e-12,0.0935175908,-0.2,0.093515722,-1.1398186e-05,1.13945834e-05,1.71319761e-05,4.72238871e-31,-4.67489589e-17,-2.6601474e-15,2.70689636e-15,2,-0.000187035182,0.000159516344,-0.000144447974
1.19,1.57060929,1.90836275,2.39191203e-15,7.18996153e-15,6.21278305e-13,0.0935175908,-0.2,0.093515722,-1.1398186e-05,1.13945834e-05,1.71319761e-05,1.4087067e-31,2.23685851e-16,-1.43799231e-15,1.21430646e-15,2,-0.000187035182,0.000159516344,-0.000144447974
1.192,1.57060929,1.90836275,2.2143472e-15,-1.9684007e-15,-1.17563123e-12,0.0935175908,-0.2,0.093515722,-1.1398186e-05,1.13945834e-05,1.71319761e-05,1.28020435e-32,2.07080416e-16,3.9368014e-16,-6.00760556e-16,2,-0.000187035182,0.000159516344,-0.000144447974
1.194,1.57060929,1.90836275,1.48607659e-15,-1.02036458e-14,-1.24764733e-12,0.0935175908,-0.2,0.093515722,-1.1398186e-05,1.13945834e-05,1.71319761e-05,2.78938519e-31,1.38974302e-16,2.04072916e-15,-2.17970346e-15,2,-0.000187035182,0.000159516344,-0.000144447974
1.196,1.57060929,1.90836275,-1.1469403e-15,-1.27727718e-14,-3.85159835e-12,0.0935175908,-0.2,0.093515722,-1.1398186e-05,1.13945834e-05,1.71319761e-05,4.36209714e-31,-1.07259093e-16,2.55455436e-15,-2.44729527e-15,2,-0.000187035182,0.000159516344,-0.000144447974
1.198,1.57060929,1.90836275,-2.17329409e-15,-6.24334321e-15,3.70924294e-13,0.0935175908,-0.2,0.093515722,-1.1398186e-05,1.13945834e-05,1.71319761e-05,1.06851299e-31,-2.03241228e-16,1.24866864e-15,-1.04542741e-15,2,-0.000187035182,0.000159516344,-0.000144447974
1.2,1.57060929,1.90836275,-1.7342092e-15,1.07398539e-15,1.12178496e-12,0.0935175908,-0.2,0.093515722,-1.1398186e-05,1.13945834e-05,1.71319761e-05,5.11969632e-33,-1.62179066e-16,-2.14797078e-16,3.76976144e-16,2,-0.000187035182,0.000159516344,-0.000144447974
1.202,1.57060929,1.90836275,-1.10515039e-15,7.2913744e-15,9.81060854e-13,0.0935175908,-0.2,0.093515722,-1.1398186e-05,1.13945834e-05,1.71319761e-05,1.43287566e-31,-1.03351002e-16,-1.45827488e-15,1.56162588e-15,2,-0.000187035182,0.000159516344,-0.000144447974
1.204,1.57060929,1.90836275,-6.00100759e-16,1.22059981e-14,7.27726455e-13,0.0935175908,-0.2,0.093515722,-1.1398186e-05,1.13945834e-05,1.71319761e-05,3.98351466e-31,-5.61199773e-17,-2.44119962e-15,2.49731959e-15,2,-0.000187035182,0.000159516344,-0.000144447974
1.206,1.57060929,1.90836275,1.39138347e-15,1.07862179e-14,6.67310519e-13,0.0935175908,-0.2,0.093515722,-1.1398186e-05,1.13945834e-05,1.71319761e-05,3.11434292e-31,1.3011883e-16,-2.15724358e-15,2.02712475e-15,2,-0.000187035182,0.000159516344,-0.000144447974
1.208,1.57060929,1.90836275,1.40697013e-15,6.22003844e-15,-6.05821389e-13,0.0935175908,-0.2,0.093515722,-1.1398186e-05,1.13945834e-05,1.71319761e-05,1.04371094e-31,1.31576457e-16,-1.24400769e-15,1.11243123e-15,2,-0.000187035182,0.000159516344,-0.000144447974
1.21,1.57060929,1.90836275,1.9179761e-15,-6.42232405e-16,-2.40169359e-13,0.0935175908,-0.2,0.093515722,-1.1398186e-05,1.13945834e-05,1.71319761e-05,3.32677326e-33,1.79364504e-16,1.28446481e-16,-3.07810985e-16,2,-0.000187035182,0.000159516344,-0.000144447974
1.212,1.57060929,1.90836275,1.52525033e-15,-8.65904977e-15,-1.08484626e-12,0.0935175908,-0.2,0.093515722,-1.1398186e-05,1.13945834e-05,1.71319761e-05,2.01397075e-31,1.42637737e-16,1.73180995e-15,-1.87444769e-15,2,-0.000187035182,0.000159516344,-0.000144447974
1.214,1.57060929,1.90836275,9.12203965e-16,-1.54901167e-14,-9.72713372e-13,0.0935175908,-0.2,0.093515722,-1.1398186e-05,1.13945834e-05,1.71319761e-05,6.40880613e-31,8.53071171e-17,3.09802333e-15,-3.18333045e-15,2,-0.000187035182,0.000159516344,-0.000144447974
1.216,1.57060929,1.90836275,-1.96604925e-15,-1.4145746e-14,-1.98076348e-12,0.0935175908,-0.2,0.093515722,-1.1398186e-05,1.13945834e-05,1.71319761e-05,5.35985314e-31,-1.83860189e-16,2.82914921e-15,-2.64528902e-15,2,-0.000187035182,0.000159516344,-0.000144447974
1.218,1.57060929,1.90836275,-2.29488036e-15,-6.42796664e-15,8.44329512e-13,0.0935175908,-0.2,0.093515722,-1.1398186e-05,1.13945834e-05,1.71319761e-05,1.12912101e-31,-2.14611682e-16,1.28559333e-15,-1.07098164e-15,2,-0.000187035182,0.000159516344,-0.000144447974
1.22,1.57060929,1.90836275,-1.68045583e-15,1.15199529e-15,1.18922185e-12,0.0935175908,-0.2,0.093515722,-1.1398186e-05,1.13945834e-05,1.71319761e-05,5.00031921e-33,-1.5715218e-16,-2.30399058e-16,3.87551238e-16,2,-0.000187035182,0.000159516344,-0.000144447974
1.222,1.57060929,1.90836275,-1.03065978e-15,7.39018694e-15,9.78789184e-13,0.0935175908,-0.2,0.093515722,-1.1398186e-05,1.13945834e-05,1.71319761e-05,1.46271473e-31,-9.638482e-17,-1.47803739e-15,1.57442221e-15,2,-0.000187035182,0.000159516344,-0.000144447974
1.224,1.57060929,1.90836275,-5.33718758e-16,1.22788073e-14,7.20333865e-13,0.0935175908,-0.2,0.093515722,-1.1398186e-05,1.13945834e-05,1.71319761e-05,4.02480254e-31,-4.99120924e-17,-2.45576146e-15,2.50567356e-15,2,-0.000187035182,0.000159516344,-0.000144447974
1.226,1.57060929,1.90836275,1.03487267e-15,1.43512703e-14,5.67824924e-12,0.0935175908,-0.2,0.093515722,-1.1398186e-05,1.13945834e-05,1.71319761e-05,5.50150943e-31,9.67787991e-17,-2.87025406e-15,2.77347527e-15,2,-0.000187035182,0.000159516344,-0.000144447974
1.228,1.57060929,1.90836275,2.62942734e-15,6.29284768e-15,-2.57012887e-13,0.0935175908,-0.2,0.093515722,-1.1398186e-05,1.13945834e-05,1.71319761e-05,1.09191773e-31,2.4589771e-16,-1.25856954e-15,1.01267183e-15,2,-0.000187035182,0.000159516344,-0.000144447974
1.23,1.57060929,1.90836275,2.14293002e-15,-3.11774656e-15,-1.36491887e-12,0.0935175908,-0.2,0.093515722,-1.1398186e-05,1.13945834e-05,1.71319761e-05,2.83013714e-32,2.00401653e-16,6.23549311e-16,-8.23950964e-16,2,-0.000187035182,0.000159516344,-0.000144447974
1.232,1.57060929,1.90836275,1.36752825e-15,-1.11969718e-14,-1.24490247e-12,0.0935175908,-0.2,0.093515722,-1.1398186e-05,1.13945834e-05,1.71319761e-05,3.35496187e-31,1.27887947e-16,2.23939437e-15,-2.36728232e-15,2,-0.000187035182,0.000159516344,-0.000144447974
1.234,1.57060929,1.90836275,-1.24330248e-15,-1.35762738e-14,-3.81552274e-12,0.0935175908,-0.2,0.093515722,-1.1398186e-05,1.13945834e-05,1.71319761e-05,4.92616641e-31,-1.16270652e-16,2.71525476e-15,-2.5989841e-15,2,-0.000187035182,0.000159516344,-0.000144447974
1.236,1.57060929,1.90836275,-2.24906102e-15,-6.87262306e-15,4.01440253e-13,0.0935175908,-0.2,0.093515722,-1.1398186e-05,1.13945834e-05,1.71319761e-05,1.28581531e-31,-2.10326769e-16,1.37452461e-15,-1.16419784e-15,2,-0.000187035182,0.000159516344,-0.000144447974
1.238,1.57060929,1.90836275,-1.78253976e-15,5.85123351e-16,1.11906976e-12,0.0935175908,-0.2,0.093515722,-1.1398186e-05,1.13945834e-05,1.71319761e-05,2.50968753e-33,-1.66698824e-16,-1.1702467e-16,2.83723494e-16,2,-0.000187035182,0.000159516344,-0.000144447974
1.24,1.57060929,1.90836275,-1.14595729e-15,6.91432655e-15,1.02396925e-12,0.0935175908,-0.2,0.093515722,-1.1398186e-05,1.13945834e-05,1.71319761e-05,1.2823971e-31,-1.07167165e-16,-1.38286531e-15,1.49003247e-15,2,-0.000187035182,0.000159516344,-0.000144447974
1.242,1.57060929,1.90836275,-6.23781765e-16,1.19121608e-14,7.54141401e-13,0.0935175908,-0.2,0.093515722,-1.1398186e-05,1.13945834e-05,1.71319761e-05,3.78930716e-31,-5.83345679e-17,-2.38243216e-15,2.44076673e-15,2,-0.000187035182,0.000159516344,-0.000144447974
1.244,1.57060929,1.90836275,1.7070626e-15,1.17509403e-14,3.42723559e-12,0.0935175908,-0.2,0.093515722,-1.1398186e-05,1.13945834e-05,1.71319761e-05,3.69939454e-31,1.59640382e-16,-2.35018807e-15,2.19054769e-15,2,-0.000187035182,0.000159516344,-0.000144447974
1.246,1.57060929,1.90836275,2.50393633e-15,3.08404047e-15,-6.80173869e-13,0.0935175908,-0.2,0.093515722,-1.1398186e-05,1.13945834e-05,1.71319761e-05,2.86767265e-32,2.34162093e-16,-6.16808094e-16,3.82646001e-16,2,-0.000187035182,0.000159516344,-0.000144447974
1.248,1.57060929,1.90836275,1.89643415e-15,-5.91050097e-15,-1.33710769e-12,0.0935175908,-0.2,0.093515722,-1.1398186e-05,1.13945834e-05,1.71319761e-05,9.50693936e-32,1.77349953e-16,1.18210019e-15,-1.35945015e-15,2,-0.000187035182,0.000159516344,-0.000144447974
1.25,1.57060929,1.90836275,1.15929864e-15,-1.3428055e-14,42.2046079,0.0935175908,0,-0,-1.1398186e-05,1.13945834e-05,1.71319761e-05,4.81837203e-31,1.08414816e-16,-0,-1.52732782e-15,2,-0.000187035182,0.000159516344,-0.000144447974
1.252,1.57063089,1.90839854,0.0143325588,0.0233394991,6.20655934,0.0110538756,0,-0,-6.26170834e-06,6.25973326e-06,1.29780223e-05,1.55683903e-06,0.000158430322,0,0.00017148842,2,-0.000165433339,0.000141265242,-0.000108664981
1.254,1.57066183,1.90844599,0.0154117998,0.0225835159,-2.69836998,-0.00980953922,0,-0,3.36092545e-07,-3.35986827e-07,8.76468276e-06,1.48036551e-06,-0.000151182655,0,-0.000233449691,2,-0.00013449892,0.000117332371,-6.12114813e-05
1.256,1.57069025,1.90848319,0.0133444099,0.0159442614,-4.43166231,-0.0136859207,0,-0,5.11838019e-06,-5.11677389e-06,7.69488189e-06,7.67927485e-07,-0.000182630537,0,-0.000191650888,2,-0.000106072258,9.76597042e-05,-2.40079757e-05
1.258,1.57071375,1.90850595,0.0107934752,0.00870711458,-4.30692519,-0.0126797378,0,-0,7.47184469e-06,-7.46950353e-06,7.97454644e-06,2.60911306e-07,-0.000136858436,0,-6.53965261e-05,2,-8.25752767e-05,8.30998318e-05,-1.25354473e-06
1.26,1.57073235,1.90851543,0.00843998512,0.00254755136,-3.73215717,-0.0102099215,0,-0,7.62986018e-06,-7.62747171e-06,7.63028041e-06,5.31574614e-08,-8.61715857e-05,0,1.93154914e-05,2,-6.39800082e-05,7.23979593e-05,8.23169291e-06
1.262,1.57074667,1.9085146,0.00644058494,-0.00197968007,-3.07914045,-0.00737401921,0,-0,6.1231801e-06,-6.12126404e-06,6.38257928e-06,3.13248917e-08,-4.74929971e-05,-0,4.5682438e-05,2,-4.9657811e-05,6.40845373e-05,7.39540745e-06
1.264,1.57075746,1.90850689,0.00481280667,-0.00476353845,-2.4494673,-0.00462988077,0,-0,3.57273471e-06,-3.57161676e-06,4.76174461e-06,7.21968642e-08,-2.22827211e-05,-0,3.2530079e-05,2,-3.88683052e-05,5.69759021e-05,-3.11578454e-07
1.266,1.57076543,1.90849567,0.00353478399,-0.00593018145,-1.87622013,-0.00222776002,0,-0,5.82809451e-07,-5.82627046e-07,3.85218728e-06,1.00119546e-07,-7.87465046e-06,-0,5.55813613e-06,2,-3.08923198e-05,5.02777231e-05,-1.15315692e-05
1.268,1.57077125,1.90848385,0.00257045304,-0.0057527455,-1.37484775,-0.000315289837,0,-0,-2.32579088e-06,2.32506275e-06,4.4971872e-06,9.16291158e-08,-8.1043772e-07,-0,-1.58525636e-05,2,-2.50739507e-05,4.35633583e-05,-2.33538463e-05
1.27,1.57077549,1.90847367,0.00187643776,-0.00458832689,-0.954435001,0.00103739453,0,-0,-4.75665731e-06,4.75516775e-06,5.84292571e-06,5.7949873e-08,1.94660627e-06,-0,-2.33317721e-05,2,-2.08391667e-05,3.67069232e-05,-3.35279492e-05
1.272,1.57077862,1.90846664,0.00140518879,-0.00282358304,-0.619261496,0.00182722356,0,-0,-6.45655986e-06,6.45453759e-06,6.95782509e-06,2.22726968e-08,2.56759405e-06,-0,-1.82303378e-05,2,-1.7706335e-05,2.97997948e-05,-4.05625149e-05
1.274,1.57078104,1.90846348,0.00110776746,-0.000828138331,-0.368615011,0.00210671439,0,-0,-7.31488524e-06,7.31259402e-06,7.48984232e-06,2.45443285e-09,2.33374966e-06,-0,-7.13055879e-06,2,-1.52911034e-05,2.30650885e-05,-4.37247513e-05
1.276,1.57078302,1.90846424,0.000936718253,0.00108167132,-0.196861294,0.00196920326,0,-0,-7.34747408e-06,7.34517286e-06,7.37057402e-06,3.57030069e-09,1.84458864e-06,0,2.98175877e-06,2,-1.33055891e-05,1.67795862e-05,-4.29592449e-05
1.278,1.57078477,1.90846845,0.000848771016,0.00266674985,-0.0941227299,0.00153213477,0,-0,-6.66951489e-06,6.66742646e-06,6.67424435e-06,1.9344087e-08,1.30043159e-06,0,7.89440348e-06,2,-1.15519797e-05,1.12095263e-05,-3.87494393e-05
1.28,1.57078642,1.90847525,0.00080703806,0.00377641613,-0.0474555141,0.000920467479,0,-0,-5.46251221e-06,5.46080227e-06,5.55684635e-06,3.83857533e-08,7.42852289e-07,0,7.03541982e-06,2,-9.91131556e-06,6.56395782e-06,-3.19472304e-05
1.282,1.570788,1.90848361,0.000782467528,0.00434781573,-0.04229619,0.000252052049,0,-0,-3.9401042e-06,3.93887128e-06,4.22125266e-06,5.0751744e-08,1.97222544e-07,0,2.5066278e-06,2,-8.32877938e-06,2.96683981e-06,-2.35951756e-05
1.284,1.57078953,1.90849244,0.000754450238,0.00439573304,-0.063942576,-0.000373684926,0,-0,-2.31677009e-06,2.31604542e-06,2.90581694e-06,5.18472908e-08,-2.81926682e-07,0,-2.67637574e-06,2,-6.79713253e-06,4.46881446e-07,-1.47622864e-05
1.286,1.57079099,1.90850079,0.00071060481,0.00399567256,-0.0988726112,-0.00088303542,0,-0,-7.82407882e-07,7.82163241e-07,1.92306066e-06,4.28569261e-08,-6.27489217e-07,0,-6.14009172e-06,2,-5.33997726e-06,-1.0575722e-06,-6.40908956e-06
1.288,1.57079233,1.90850791,0.000645866627,0.00326332729,-0.135762202,-0.0012311608,0,-0,5.15444074e-07,-5.15282958e-07,1.6476695e-06,2.86276206e-08,-7.95165672e-07,0,-6.93302527e-06,2,-3.99634468e-06,-1.68240081e-06,7.08471609e-07
1.29,1.57079352,1.90851329,0.0005610723,0.00233339961,-0.166126356,-0.00140147709,0,-0,1.48115662e-06,-1.48069376e-06,1.92855874e-06,1.46886613e-08,-7.86329976e-07,0,-5.46785167e-06,2,-2.80776881e-06,-1.61459419e-06,6.09282935e-06
1.292,1.57079452,1.90851672,0.000461261488,0.00134027541,-0.184567718,-0.00140201727,0,-0,2.0727835e-06,-2.07213587e-06,2.23236598e-06,4.9020175e-09,-6.46696574e-07,0,-2.92587559e-06,2,-1.80858034e-06,-1.06637181e-06,9.51819873e-06
1.294,1.57079531,1.90851821,0.000353915773,0.000402387013,-0.188666709,-0.0012597248,0,-0,2.29730919e-06,-2.29659146e-06,2.33267401e-06,4.96537701e-10,-4.45836474e-07,0,-5.42317045e-07,2,-1.01970814e-06,-2.50227954e-07,1.10097153e-05
1.296,1.57079588,1.908518,0.000247326116,-0.000388652255,-0.178583981,-0.00101369602,0,-0,2.20112974e-06,-2.20044206e-06,2.20053945e-06,4.34944206e-10,-2.507135e-07,-0,8.99490609e-07,2,-4.45869121e-07,6.4223656e-07,1.07971537e-05
1.298,1.57079625,1.90851646,0.000149234676,-0.000973798302,-0.156467195,-0.000708323981,0,-0,1.85774132e-06,-1.8571609e-06,1.88061536e-06,2.54229975e-09,-1.057065e-07,-0,1.22970164e-06,2,-7.5698798e-08,1.45582836e-06,9.25330872e-06
1.3,1.57079644,1.90851403,6.58419369e-05,-0.00132750981,-0.125760701,-0.000387133998,0,-0,1.35456314e-06,-1.35413988e-06,1.45023937e-06,4.70502214e-09,-2.54896523e-08,-0,7.57315924e-07,2,1.15848627e-07,2.08077021e-06,6.82698822e-06
1.302,1.57079649,1.90851118,1.21442651e-06,-0.0014546549,-0.0905106101,-8.78790366e-05,0,-0,7.80563173e-07,-7.80319248e-07,1.00960716e-06,5.64657193e-09,-1.06722632e-10,-0,-9.62036336e-09,2,1.63613808e-07,2.45527489e-06,3.97932412e-06
1.304,1.57079643,1.90850833,-4.29217122e-05,-0.00138449196,-0.0547420114,0.000160783914,0,-0,2.15955415e-07,-2.15887921e-07,6.99836071e-07,5.1158949e-09,-6.9011209e-09,-0,-6.29653701e-07,2,1.07649293e-07,2.56249489e-06,1.13011549e-06
1.306,1.57079632,1.90850582,-6.70555437e-05,-0.00116295442,-0.0219634052,0.000340953139,0,-0,-2.75233734e-07,2.75147705e-07,6.68690147e-07,3.6113381e-09,-2.28627981e-08,-0,-8.78477063e-07,2,-1.13508418e-08,2.42316614e-06,-1.38147649e-06
1.308,1.57079617,1.90850388,-7.35152272e-05,-0.000844435252,0.00517068673,0.000445597815,0,-0,-6.4940648e-07,6.49203481e-07,8.15440926e-07,1.90569376e-09,-3.27582247e-08,-0,-7.62901648e-07,2,-1.56043358e-07,2.08552556e-06,-3.32000059e-06
1.31,1.57079603,1.90850264,-6.59342842e-05,-0.000484102788,0.0250312547,0.000477403448,0,-0,-8.84542781e-07,8.84266267e-07,9.48093361e-07,6.27784586e-10,-3.14772546e-08,-0,-4.38379087e-07,2,-2.95464054e-07,1.61411233e-06,-4.56087729e-06
1.312,1.57079592,1.90850212,-4.86534762e-05,-0.000131528351,0.0370327596,0.000446714381,0,-0,-9.78692516e-07,9.78386562e-07,9.94623739e-07,4.75810523e-11,-2.17342075e-08,-0,-9.52794645e-08,2,-4.06894001e-07,1.0789017e-06,-5.08373226e-06
1.314,1.57079585,1.90850225,-2.61410208e-05,0.000173887154,0.0415247612,0.000368975492,0,-0,-9.46468758e-07,9.46172879e-07,9.46508816e-07,8.12057939e-11,-9.645396e-09,0,1.30212217e-07,2,-4.76540776e-07,5.45922385e-07,-4.95518133e-06
1.316,1.57079583,1.9085029,-2.4960167e-06,0.000405495711,0.0395936231,0.000262057897,0,-0,-8.14307309e-07,8.14052752e-07,8.20598405e-07,4.38876289e-10,-6.54100887e-10,0,1.9326444e-07,2,-4.99155627e-07,7.01321469e-08,-4.30494913e-06
1.318,1.57079585,1.9085039,1.89218959e-05,0.000550064121,0.0328140833,0.0001437957,0,-0,-6.15257756e-07,6.1506543e-07,6.45810632e-07,8.07623366e-10,2.72088727e-09,0,1.28237015e-07,2,-4.76810359e-07,-3.09068929e-07,-3.29925239e-06
1.32,1.57079591,1.90850509,3.57162571e-05,0.000606791898,0.0229887392,2.99763801e-05,0,-0,-3.83984231e-07,3.83864205e-07,4.58599773e-07,9.83168987e-10,1.0706441e-09,0,8.65952163e-09,2,-4.17115331e-07,-5.69675382e-07,-2.11497048e-06
1.322,1.570796,1.90850628,4.65312388e-05,0.000585098286,0.0119077707,-6.70690184e-05,0,-0,-1.52505665e-07,1.52457997e-07,3.07109841e-07,9.14610586e-10,-3.12080451e-09,0,-9.52210185e-08,2,-3.31174351e-07,-7.06552445e-07,-9.17390372e-07
1.324,1.5707961,1.90850736,5.09999945e-05,0.00050165597,0.00115288957,-0.000139225072,0,-0,5.29761485e-08,-5.29595909e-08,2.5471595e-07,6.72859502e-10,-7.10047789e-09,0,-1.43444689e-07,2,-2.31549801e-07,-7.29053691e-07,1.56604612e-07
1.326,1.5707962,1.90850821,4.95928077e-05,0.000377147146,-0.00804001374,-0.000182733298,0,-0,2.14000162e-07,-2.13933279e-07,2.97434321e-07,3.80823492e-10,-9.06225731e-09,0,-1.32202291e-07,2,-1.3046148e-07,-6.57400089e-07,1.00899508e-06
1.328,1.57079629,1.90850879,4.34001776e-05,0.000233161894,-0.014854459,-0.000197812796,0,-0,3.20532402e-07,-3.20432226e-07,3.53168088e-07,1.46051861e-10,-8.58511049e-09,0,-8.32540066e-08,2,-3.83761834e-08,-5.18465917e-07,1.58471674e-06
1.33,1.57079636,1.90850907,3.38870473e-05,8.95654458e-05,-0.0189063726,-0.000187898888,0,-0,3.70564824e-07,-3.70449013e-07,3.79897321e-07,2.20202574e-11,-6.3673385e-09,0,-2.6630228e-08,2,3.69273026e-08,-3.4156472e-07,1.87009188e-06
1.332,1.57079642,1.90850909,2.26510968e-05,-3.74524423e-05,-0.020206017,-0.000158656499,0,-0,3.68872732e-07,-3.6875745e-07,3.69424557e-07,4.03070897e-12,-3.59374371e-09,-0,1.42099409e-08,2,9.0802029e-08,-1.54718578e-07,1.88682404e-06
1.334,1.57079645,1.90850889,1.12115806e-05,-0.00013654963,-0.0190824694,-0.000116921882,0,-0,3.25227278e-07,-3.25125636e-07,3.2659058e-07,4.98377658e-11,-1.3108791e-09,-0,2.96339517e-08,2,1.21727958e-07,1.82506298e-08,1.6830582e-06
1.336,1.57079646,1.90850853,8.46897279e-07,-0.000201635187,-0.0160860497,-6.97062251e-05,0,-0,2.52367034e-07,-2.52288162e-07,2.62000014e-07,1.08500175e-10,-5.90340123e-11,-0,2.31283088e-08,2,1.30943477e-07,1.59625663e-07,1.32306629e-06
1.338,1.57079645,1.90850808,-7.50976604e-06,-0.000231600035,-0.0118837929,-2.33631023e-05,0,-0,1.64004104e-07,-1.63952847e-07,1.89516928e-07,1.43163189e-10,1.75451432e-10,-0,5.56839686e-09,2,1.21823865e-07,2.58660095e-07,8.76987176e-07
1.34,1.57079643,1.90850761,-1.33156685e-05,-0.000229529231,-0.00716108955,1.70156584e-05,0,-0,7.30856057e-08,-7.30627634e-08,1.27192186e-07,1.4067367e-10,-2.26574867e-10,-0,-1.15630031e-08,2,9.91253682e-08,3.11497094e-07,4.11780529e-07
1.342,1.57079639,1.90850719,-1.64104749e-05,-0.000201581055,-0.00253951448,4.79489895e-05,0,-0,-9.53836192e-09,9.53538071e-09,1.00086787e-07,1.08569308e-10,-7.86865689e-10,-0,-2.09414613e-08,2,6.82067704e-08,3.20323145e-07,-1.57973071e-08
1.344,1.57079636,1.90850684,-1.69657535e-05,-0.000155721939,0.00148281406,6.76677238e-05,0,-0,-7.59632712e-08,7.59395287e-08,1.13695105e-07,6.48565285e-11,-1.14803392e-09,-0,-2.09150914e-08,2,3.43220877e-08,2.91992888e-07,-3.63766837e-07
1.346,1.57079633,1.9085066,-1.54056517e-05,-0.000100487874,0.00456572779,7.60019861e-05,0,-0,-1.21587465e-07,1.21549462e-07,1.36775364e-07,2.7070173e-11,-1.17086013e-09,-0,-1.4246294e-08,2,2.05254503e-09,2.36378225e-07,-6.06977524e-07
1.348,1.5707963,1.90850647,-1.23131475e-05,-4.39085422e-05,0.00653707535,7.41070142e-05,0,-0,-1.45027822e-07,1.44982492e-07,1.49802346e-07,5.22660435e-12,-9.12490595e-10,-0,-5.51053462e-09,2,-2.50825537e-08,1.64679826e-07,-7.36868086e-07
1.35,1.57079628,1.90850644,-8.33525501e-06,7.31319253e-06,0.00738172814,6.40883815e-05,0,-0,-1.47684584e-07,1.47638424e-07,1.48207511e-07,1.82481657e-13,-5.34193002e-10,0,1.35794886e-09,2,-4.48242128e-08,8.78997737e-08,-7.59383389e-07
1.352,1.57079627,1.90850651,-4.09821281e-06,4.83199323e-05,0.00721466576,4.85878293e-05,0,-0,-1.33069396e-07,1.33027804e-07,1.33310635e-07,6.24204566e-12,-1.99123264e-10,0,4.44016572e-09,2,-5.61935304e-08,1.5619257e-08,-6.91623911e-07
1.354,1.57079627,1.90850664,-1.40508049e-07,7.63129585e-05,0.00624414692,3.03841393e-05,0,-0,-1.06016611e-07,1.05983474e-07,1.08976935e-07,1.5541858e-11,-4.26921613e-12,0,3.93726966e-09,2,-5.9363198e-08,-4.48359081e-08,-5.57842169e-07
1.356,1.57079627,1.90850682,3.13189039e-06,9.04918869e-05,0.00473099253,1.2051747e-05,0,-0,-7.18891216e-08,7.18666524e-08,8.04239732e-08,2.1856874e-11,3.77447504e-11,0,1.38891074e-09,2,-5.54223978e-08,-8.88184876e-08,-3.85361947e-07
1.358,1.57079628,1.908507,5.46705635e-06,9.17779325e-05,0.00294934124,-4.29463306e-06,0,-0,-3.58701521e-08,3.58589409e-08,5.42815209e-08,2.24920256e-11,-2.3479001e-11,0,-1.38512257e-09,2,-4.60812974e-08,-1.14399416e-07,-2.00899062e-07
1.36,1.57079629,1.90850717,6.76719593e-06,8.23920876e-05,0.00115308139,-1.71560993e-05,0,-0,-2.40582612e-09,2.40507414e-09,3.9980342e-08,1.81378869e-11,-1.16098685e-10,0,-3.10311065e-09,2,-3.33597608e-08,-1.22089972e-07,-2.76286515e-08
1.362,1.57079631,1.90850732,7.07122105e-06,6.53629213e-05,-0.000449256058,-2.57068497e-05,0,-0,2.51657454e-08,-2.515788e-08,4.284217e-08,1.14261017e-11,-1.81778817e-10,0,-3.35157618e-09,2,-1.92985111e-08,-1.14336678e-07,1.16804456e-07
1.364,1.57079632,1.90850742,6.52500302e-06,4.40329877e-05,-0.00170983792,-2.97643069e-05,0,-0,4.47909393e-08,-4.477694e-08,5.20115655e-08,5.19606579e-12,-1.94212193e-10,0,-2.45795866e-09,2,-5.72141643e-09,-9.48883454e-08,2.21279277e-07
1.366,1.57079633,1.90850748,5.34495114e-06,2.16203005e-05,-0.00254714738,-2.96915099e-05,0,-0,5.56983315e-08,-5.56809233e-08,5.81443484e-08,1.26258629e-12,-1.5869967e-10,0,-1.10948378e-09,2,5.93350835e-09,-6.813093e-08,2.81266255e-07
1.368,1.57079634,1.9085075,3.780285e-06,8.74676604e-07,-0.0029430281,-2.62553439e-05,0,-0,5.82507933e-08,-5.82325874e-08,5.86411102e-08,1.0011959e-14,-9.92526824e-11,0,4.43914875e-11,2,1.47078378e-08,-3.84719207e-08,2.98131571e-07
1.37,1.57079635,1.90850748,2.07853165e-06,-1.61493712e-05,-0.00293306431,-2.0464871e-05,0,-0,5.36956014e-08,-5.36788191e-08,5.37125248e-08,6.98664014e-13,-4.2536882e-11,-0,6.41263698e-10,2,2.01444254e-08,-9.83530121e-09,2.77897841e-07
1.372,1.57079635,1.90850743,4.57579363e-07,-2.81987718e-05,-0.00259261727,-1.34118307e-05,0,-0,4.38597848e-08,-4.38460766e-08,4.4735617e-08,2.12228144e-12,-6.13697697e-12,-0,6.56504886e-10,2,2.22478678e-08,1.46957013e-08,2.29702359e-07
1.374,1.57079635,1.90850737,-9.13739173e-07,-3.48172312e-05,-0.00202090582,-6.13107228e-06,0,-0,3.08354751e-08,-3.08258375e-08,3.3675234e-08,3.23533625e-12,5.60220092e-12,-0,3.01471745e-10,2,2.13995363e-08,3.30745505e-08,1.64184117e-07
1.376,1.57079635,1.90850729,-1.92589468e-06,-3.625068e-05,-0.00132530227,5.06856234e-07,0,-0,1.66929336e-08,-1.66877163e-08,2.30028908e-08,3.50853421e-12,-9.76151725e-13,-0,-1.39033424e-10,2,1.82452343e-08,4.43333498e-08,9.19964116e-08
1.378,1.57079634,1.90850722,-2.53026191e-06,-3.32901362e-05,-0.000607591995,5.86464565e-06,0,-0,3.24884759e-09,-3.24783214e-09,1.62141706e-08,2.96050939e-12,-1.48390895e-11,-0,-4.44604903e-10,2,1.35733278e-08,4.84943316e-08,2.25913281e-08
1.38,1.57079633,1.90850717,-2.73348309e-06,-2.70813912e-05,4.6600996e-05,9.567918e-06,0,-0,-8.09388596e-09,8.09135614e-09,1.6274105e-08,1.96087189e-12,-2.61537421e-11,-0,-5.25374579e-10,2,8.19899489e-09,4.63849431e-08,-3.66354575e-08
1.382,1.57079633,1.90850712,-2.58656868e-06,-1.89292951e-05,0.000574600523,1.14995119e-05,0,-0,-1.64297882e-08,1.6424653e-08,1.98076187e-08,9.59633592e-13,-2.97442774e-11,-0,-4.13879581e-10,2,2.8666629e-09,3.93953055e-08,-8.08084464e-08
1.384,1.57079632,1.90850709,-2.1709458e-06,-1.0119924e-05,0.000939601908,1.17655249e-05,0,-0,-2.13624043e-08,2.13557275e-08,2.25761813e-08,2.75790108e-13,-2.55423168e-11,-0,-2.10704184e-10,2,-1.82159179e-09,2.92162538e-08,-1.07663825e-07
1.386,1.57079632,1.90850708,-1.58360538e-06,-1.77759086e-06,0.00113010976,1.06421747e-05,0,-0,-2.29558107e-08,2.29486359e-08,2.32034161e-08,9.81897462e-15,-1.68530051e-11,-0,-2.10981078e-11,2,-5.44829551e-09,1.75913499e-08,-1.17326758e-07
1.388,1.57079632,1.90850709,-9.2320604e-07,5.23342327e-06,0.00115659635,8.51306064e-06,0,-0,-2.16425993e-08,2.16358349e-08,2.1636279e-08,7.36070139e-14,-7.85930901e-12,0,8.90357522e-11,2,-7.79406088e-09,6.10853324e-09,-1.11857616e-07
1.39,1.57079632,1.90850711,-2.78541651e-07,1.0359454e-05,0.00104627191,5.80573469e-06,0,-0,-1.8106824e-08,1.81011647e-08,1.83537404e-08,2.86466147e-13,-1.61713893e-12,0,1.06633331e-10,2,-8.82605288e-09,-3.95216419e-09,-9.46613136e-08
1.392,1.57079632,1.90850713,2.7974832e-07,1.33633628e-05,0.00083691017,2.93493275e-06,0,-0,-1.3159842e-08,1.31557288e-08,1.40924265e-08,4.7659194e-13,8.21042505e-13,0,5.92409158e-11,2,-8.66734869e-09,-1.17078124e-08,-6.98521912e-08
1.394,1.57079632,1.90850716,7.03877833e-07,1.42933152e-05,0.000570605868,2.57706562e-07,0,-0,-7.62449788e-09,7.62211483e-09,9.77711241e-09,5.45416084e-13,1.81393936e-13,0,-9.43434376e-12,2,-7.55419145e-09,-1.67001392e-08,-4.16549418e-08
1.396,1.57079632,1.90850719,9.7014765e-07,1.34248139e-05,0.000288188248,-1.95662325e-06,0,-0,-2.23930257e-09,2.23860264e-09,6.68621509e-09,4.81399548e-13,-1.89821345e-12,0,-6.23101023e-11,2,-5.78822999e-09,-1.88696504e-08,-1.39031751e-08
1.398,1.57079632,1.90850721,1.07720988e-06,1.11875051e-05,2.48056594e-05,-3.54099761e-06,0,-0,2.4101583e-09,-2.40940506e-09,6.21351924e-09,3.34576541e-13,-3.8143976e-12,0,-8.14718856e-11,2,-3.69010357e-09,-1.84890909e-08,1.03252442e-08
1.4,1.57079633,1.90850723,1.04210713e-06,8.08789631e-06,-0.000193030952,-4.43083158e-06,0,-0,5.92978324e-09,-5.9279299e-09,7.50802175e-09,1.75116881e-13,-4.61740119e-12,0,-6.88652316e-11,2,-1.55940817e-09,-1.60713048e-08,2.89197135e-08
1.402,1.57079633,1.90850724,8.94946615e-07,4.63753593e-06,-0.000348877389,-4.65251898e-06,0,-0,8.12661565e-09,-8.12407569e-09,8.72033215e-09,5.7813259e-14,-4.16375612e-12,0,-3.88147972e-11,2,3.55571814e-10,-1.22666976e-08,4.0799349e-08
1.404,1.57079633,1.90850725,6.73066535e-07,1.2938302e-06,-0.000436376477,-4.30369108e-06,0,-0,8.99382124e-09,-8.99101027e-09,9.13836166e-09,4.71489512e-15,-2.89667045e-12,0,-8.09497085e-12,2,1.87671682e-09,-7.76388885e-09,4.58466874e-08
1.406,1.57079633,1.90850725,4.15452464e-07,-1.58208804e-06,-0.000458125979,-3.52899428e-06,0,-0,8.67723284e-09,-8.67452082e-09,8.67673275e-09,6.78142065e-15,-1.46612937e-12,-0,1.16541488e-11,2,2.90346391e-09,-3.20428295e-09,4.47438674e-08
1.408,1.57079633,1.90850724,1.57993483e-07,-3.74877748e-06,-0.000423735238,-2.49496953e-06,0,-0,7.43066293e-09,-7.42834047e-09,7.49539085e-09,3.75225712e-14,-3.94188924e-13,-0,1.69121412e-11,2,3.41000423e-09,8.82272451e-10,3.87478833e-08
1.41,1.57079633,1.90850723,-7.00362659e-08,-5.08996843e-06,-0.000347440674,-1.36705908e-06,0,-0,5.56713955e-09,-5.56539956e-09,5.86881001e-09,6.91402723e-14,9.57437134e-14,-0,1.10065392e-11,2,3.43448082e-09,4.11729302e-09,2.94417122e-08
1.412,1.57079633,1.90850722,-2.48095319e-07,-5.6047805e-06,-0.000245633333,-2.90967898e-07,0,-0,3.41236834e-09,-3.41130182e-09,4.14475818e-09,8.38576526e-14,7.21877737e-14,-0,5.16771524e-13,2,3.06288899e-09,6.28890806e-09,1.84940944e-08
1.414,1.57079633,1.90850721,-3.65108513e-07,-5.38659916e-06,-0.000134595588,6.20298991e-07,0,-0,1.26531017e-09,-1.26491476e-09,2.7903839e-09,7.74937444e-14,-2.26476442e-13,-0,-8.42804505e-12,2,2.41048715e-09,7.34533441e-09,7.45373072e-09
1.416,1.57079633,1.9085072,-4.18987516e-07,-4.59510271e-06,-2.86669304e-05,1.29329087e-06,0,-0,-6.30944053e-10,6.30746788e-10,2.39704026e-09,5.64336996e-14,-5.41872728e-13,-0,-1.24379001e-11,2,1.60329342e-09,7.37132243e-09,-2.40499619e-09
1.418,1.57079633,1.90850719,-4.15216048e-07,-3.42588517e-06,6.10320199e-05,1.69520051e-06,0,-0,-2.10657913e-09,2.10592072e-09,2.84084516e-09,3.14078308e-14,-7.03874457e-13,-0,-1.12917222e-11,2,7.61759457e-10,6.55338787e-09,-1.01766856e-08
1.42,1.57079633,1.90850719,-3.64832967e-07,-2.08157648e-06,0.00012727379,1.83012463e-06,0,-0,-3.0709157e-09,3.06995579e-09,3.35704817e-09,1.16323732e-14,-6.676898e-13,-0,-6.95646311e-12,2,-1.19195947e-11,5.13985122e-09,-1.5360152e-08
1.422,1.57079633,1.90850718,-2.82153643e-07,-7.47473564e-07,0.000166831103,1.73180946e-06,0,-0,-3.50817979e-09,3.50708335e-09,3.58768354e-09,1.53412361e-15,-4.88636349e-13,-0,-2.05922826e-12,2,-6.42082488e-10,3.40119019e-09,-1.78411464e-08
1.424,1.57079633,1.90850718,-1.82537307e-07,4.26372598e-07,0.000180108814,1.45435435e-06,0,-0,-3.465522e-09,3.46443885e-09,3.46904398e-09,5.04419802e-16,-2.65473926e-13,0,1.39306811e-12,2,-1.08333562e-09,1.59516202e-09,-1.78341938e-08
1.426,1.57079633,1.90850719,-8.04461462e-08,1.33576127e-06,0.000170429698,1.06230751e-06,0,-0,-3.0360729e-09,3.03512399e-09,3.05121469e-09,4.76608778e-15,-8.54585453e-14,0,2.61653755e-12,2,-1.32015356e-09,-6.02098091e-11,-1.57976882e-08
1.428,1.57079633,1.90850719,1.20365108e-08,1.92577446e-06,0.000143119414,6.21393451e-07,0,-0,-2.33988078e-09,2.33914937e-09,2.43556863e-09,9.89708397e-15,7.47940897e-15,0,1.96068008e-12,2,-1.36315201e-09,-1.4041553e-09,-1.23368339e-08
1.43,1.57079633,1.90850719,8.61445289e-08,2.18796587e-06,0.000104531701,1.90812173e-07,0,-0,-1.50528878e-09,1.50481827e-09,1.75319745e-09,1.27783623e-14,1.64374248e-14,0,3.93703817e-13,2,-1.24306964e-09,-2.3409353e-09,-8.1077216e-09
1.432,1.57079633,1.9085072,1.36817009e-07,2.15277479e-06,6.11357051e-05,-1.82302295e-07,0,-0,-6.52794263e-10,6.52590204e-10,1.1753451e-09,1.23762484e-14,-2.49420548e-14,0,-1.08884395e-12,2,-1.00356551e-09,-2.83878267e-09,-3.7332535e-09
1.434,1.57079633,1.9085072,1.62592999e-07,1.87890721e-06,1.87581135e-05,-4.6602993e-07,0,-0,1.17230314e-10,-1.17193727e-10,9.37190046e-10,9.43385291e-15,-7.57732041e-14,0,-1.86945038e-12,2,-6.93870131e-10,-2.92175352e-09,2.61687752e-10
1.436,1.57079633,1.90850721,1.65115668e-07,1.44145113e-06,-1.79621693e-05,-6.44501378e-07,0,-0,7.32266203e-10,-7.32037375e-10,1.07338155e-09,5.55849775e-15,-1.06417276e-13,0,-1.8276233e-12,2,-3.62153924e-10,-2.65672029e-09,3.49198258e-09
1.438,1.57079633,1.90850721,1.48374159e-07,9.20312433e-07,-4.58838518e-05,-7.16752681e-07,0,-0,1.15078298e-09,-1.15042334e-09,1.28722132e-09,2.27165283e-15,-1.06347576e-13,0,-1.22039223e-12,2,-5.02362314e-11,-2.13788166e-09,5.73042393e-09
1.44,1.57079633,1.90850721,1.17817779e-07,3.902291e-07,-6.34454228e-05,-6.94093428e-07,0,-0,1.36126848e-09,-1.36084299e-09,1.40323827e-09,4.13828081e-16,-8.1776546e-14,0,-4.51794835e-13,2,2.10009068e-10,-1.47100976e-09,6.90454557e-09
1.442,1.57079633,1.90850721,7.94668239e-08,-8.67892163e-08,-7.05524298e-05,-5.96561228e-07,0,-0,1.37801779e-09,-1.37758707e-09,1.38208797e-09,2.36941181e-17,-4.74068261e-14,-0,1.39273066e-13,2,3.98454218e-10,-7.59277035e-10,7.07641213e-09
1.444,1.57079633,1.90850721,3.912197e-08,-4.66181581e-07,-6.83183832e-05,-4.49034529e-07,0,-0,1.23475918e-09,-1.2343733e-09,1.23762416e-09,5.80970874e-16,-1.75671154e-14,-0,3.94027307e-13,2,5.06849357e-10,-9.19860354e-11,6.41080634e-09
1.446,1.57079633,1.90850721,1.74406228e-09,-7.22700834e-07,-5.87157327e-05,-2.77508997e-07,0,-0,9.77238201e-10,-9.76932812e-10,1.006832e-09,1.39386577e-15,-4.83992975e-16,-0,3.38023984e-13,2,5.37577372e-10,4.63048394e-10,5.13757035e-09
1.448,1.57079633,1.90850721,-2.89563439e-08,-8.49736165e-07,-4.41933024e-05,-1.05931732e-07,0,-0,6.55798038e-10,-6.55593108e-10,7.39158199e-10,1.92722863e-15,3.06739566e-15,-0,1.09976663e-13,2,5.01426903e-10,8.63268889e-10,3.51346517e-09
1.45,1.57079633,1.9085072,-5.07115714e-08,-8.56638074e-07,-2.73097103e-05,4.61489822e-08,0,-0,3.1880103e-10,-3.18701371e-10,4.97777618e-10,1.95949016e-15,-2.3402874e-15,-0,-1.31101332e-13,2,4.1481775e-10,1.09157575e-09,1.78797991e-09
1.452,1.57079633,1.9085072,-6.26896786e-08,-7.64717672e-07,-1.04219111e-05,1.65000739e-07,0,-0,7.48507922e-12,-7.48273665e-12,3.72349823e-10,1.56248626e-15,-1.03438433e-14,-0,-2.75964957e-13,2,2.96895309e-10,1.15359139e-09,1.76258142e-10
1.454,1.57079633,1.9085072,-6.5325115e-08,-6.02619824e-07,4.54628133e-06,2.43201043e-07,0,-0,-2.47421195e-10,2.47343812e-10,4.05746001e-10,9.71241213e-16,-1.58871361e-14,-0,-2.91937286e-13,2,1.66849063e-10,1.07284052e-09,-1.15908477e-09
1.456,1.57079633,1.9085072,-6.00363163e-08,-4.01712218e-07,1.6243389e-05,2.79321942e-07,0,-0,-4.27265334e-10,4.27131774e-10,4.9175779e-10,4.32497448e-16,-1.67694604e-14,-0,-2.10143953e-13,2,4.17192796e-11,8.847783e-10,-2.11681807e-09
1.458,1.57079633,1.9085072,-4.88831965e-08,-1.92012419e-07,2.39390937e-05,2.76990061e-07,0,-0,-5.25373656e-10,5.25209432e-10,5.46853383e-10,9.96618618e-17,-1.35401596e-14,-0,-9.15004432e-14,2,-6.51481567e-11,6.30558384e-10,-2.65733264e-09
1.46,1.57079633,1.9085072,-3.42145773e-08,9.82119381e-10,2.7493029e-05,2.43543873e-07,0,-0,-5.45608048e-10,5.45437473e-10,5.48774385e-10,6.59271953e-19,-8.33275068e-15,0,7.83183418e-15,2,-1.44941974e-10,3.5129836e-10,-2.79581707e-09
1.462,1.57079633,1.9085072,-1.83475697e-08,1.58366231e-07,2.72623754e-05,1.88515255e-07,0,-0,-4.99987962e-10,4.99831621e-10,5.00291743e-10,6.71411529e-17,-3.45879678e-15,0,5.75113502e-14,2,-1.93554812e-10,8.34041357e-11,-2.59044873e-09
1.464,1.57079633,1.9085072,-3.30954102e-09,2.68767343e-07,2.39694534e-05,1.22140562e-07,0,-0,-4.05821599e-10,4.05694756e-10,4.14674128e-10,1.92788962e-16,-4.04229201e-16,0,5.66725425e-14,2,-2.11185714e-10,-1.44709087e-10,-2.12786136e-09
1.466,1.57079633,1.9085072,9.33945095e-09,3.2825508e-07,1.85526107e-05,5.40654213e-08,0,-0,-2.8276177e-10,2.82673385e-10,3.10546209e-10,2.87582649e-16,5.0494135e-16,0,2.45280863e-14,2,-2.01525352e-10,-3.14382784e-10,-1.50804524e-09
1.468,1.57079633,1.9085072,1.85983722e-08,3.39419907e-07,1.20193506e-05,-7.64512612e-09,0,-0,-1.5013697e-10,1.50090051e-10,2.11376411e-10,3.07597295e-16,-1.42186901e-16,0,-1.39526231e-14,2,-1.7069347e-10,-4.17045215e-10,-8.30503704e-10
1.47,1.57079633,1.9085072,2.40363792e-08,3.09878723e-07,5.31901729e-06,-5.71343061e-08,0,-0,-2.48095322e-11,2.48017162e-11,1.50473841e-10,2.56530298e-16,-1.37330184e-15,0,-3.99027912e-14,2,-1.2609518e-10,-4.53332141e-10,-1.83011489e-10
1.472,1.57079633,1.9085072,2.57369817e-08,2.5048294e-07,-7.54622703e-07,-9.10142826e-08,0,-0,8.02907962e-11,-8.02657663e-11,1.5377945e-10,1.67762433e-16,-2.34243293e-15,0,-4.60234002e-14,2,-7.5341252e-11,-4.31320813e-10,3.66223584e-10
1.474,1.57079633,1.9085072,2.41939611e-08,1.73487775e-07,-5.62516483e-06,-1.08298016e-07,0,-0,1.56916036e-10,-1.56866964e-10,1.87199792e-10,8.06196323e-17,-2.62015799e-15,0,-3.55984584e-14,2,-2.53435791e-11,-3.64241385e-10,7.72728935e-10
1.476,1.57079633,1.9085072,2.01796381e-08,9.08984409e-08,-8.95928332e-06,-1.10069891e-07,0,-0,2.01577599e-10,-2.01514666e-10,2.12314081e-10,2.22649175e-17,-2.22117057e-15,0,-1.76071959e-14,2,1.8343401e-11,-2.68022521e-10,1.01646586e-09
1.478,1.57079633,1.9085072,1.46057109e-08,1.31490208e-08,-1.06598747e-05,-9.89813239e-08,0,-0,2.15069074e-10,-2.15001877e-10,2.17144018e-10,5.79602259e-19,-1.4456926e-15,0,-1.19414627e-15,2,5.19055387e-11,-1.58981153e-10,1.09961723e-09
1.48,1.57079633,1.9085072,8.39379524e-09,-5.17967882e-08,-1.08337727e-05,-7.8660594e-08,0,-0,2.0158728e-10,-2.01524269e-10,2.01543206e-10,7.20263262e-18,-6.6026092e-16,-0,8.07439321e-15,2,7.33832357e-11,-5.18929816e-11,1.0422516e-09
1.482,1.57079633,1.9085072,2.36863194e-09,-9.88981446e-08,-9.74194742e-06,-5.31198964e-08,0,-0,1.67628933e-10,-1.67576564e-10,1.70159421e-10,2.61070656e-17,-1.25821483e-16,-0,9.26521843e-15,2,8.25534735e-11,4.14065716e-11,8.76747903e-10
1.484,1.57079633,1.9085072,-2.81800291e-09,-1.26073495e-07,-7.74155285e-06,-2.6227883e-08,0,-0,1.20827437e-10,-1.20789712e-10,1.29984252e-10,4.24195901e-17,7.39102504e-17,-0,4.92078045e-15,2,8.0635795e-11,1.12829314e-10,6.41843972e-10
1.486,1.57079633,1.9085072,-6.72970197e-09,-1.33893297e-07,-5.22753885e-06,-1.29553421e-09,0,-0,6.88749502e-11,-6.88533952e-11,8.97905313e-11,4.78616448e-17,8.71855915e-18,-0,-1.10714058e-15,2,6.98880882e-11,1.58266044e-10,3.77055463e-10
1.488,1.57079633,1.9085072,-9.15552303e-09,-1.25027233e-07,-2.58062793e-06,1.91983828e-08,0,-0,1.86350491e-11,-1.8629237e-11,6.17912321e-11,4.17551452e-17,-1.75771236e-16,-0,-5.62714329e-15,2,5.31584647e-11,1.77322578e-10,1.18032858e-10
1.49,1.57079633,1.9085072,-1.00925223e-08,-1.035541e-07,-1.2672103e-07,3.37364242e-08,0,-0,-2.44860576e-11,2.44783638e-11,5.86106408e-11,2.86670481e-17,-3.40485614e-16,-0,-7.15739122e-15,2,3.34523747e-11,1.72681282e-10,-1.06787398e-10
1.492,1.57079633,1.9085072,-9.70785034e-09,-7.42381228e-08,1.89027354e-06,4.17585483e-08,0,-0,-5.68871616e-11,5.68693426e-11,7.10371756e-11,1.47555016e-17,-4.05385737e-16,-0,-5.94100211e-15,2,1.35614068e-11,1.49229715e-10,-2.78094273e-10
1.494,1.57079633,1.9085072,-8.28841616e-09,-4.18603439e-08,3.32097391e-06,4.35497172e-08,0,-0,-7.68503483e-11,7.68263231e-11,8.2118299e-11,4.71227604e-18,-3.6095818e-16,-0,-3.26654384e-15,2,-4.21527281e-12,1.13098403e-10,-3.86222757e-10
1.496,1.57079633,1.9085072,-6.1861966e-09,-1.06710432e-08,4.11035383e-06,4.00520752e-08,0,-0,-8.43900061e-11,8.43636272e-11,8.56223843e-11,3.24855854e-19,-2.47770011e-16,-0,-5.97702389e-16,2,-1.82421844e-11,7.07341766e-11,-4.30480205e-10
1.498,1.57079633,1.9085072,-3.76617515e-09,1.5996593e-08,4.2864462e-06,3.2636714e-08,0,-0,-8.09326384e-11,8.09073364e-11,8.09166869e-11,6.9129985e-19,-1.22915581e-16,0,1.07555564e-15,2,-2.76116765e-11,2.81077565e-11,-4.17574895e-10
1.5,1.57079633,1.9085072,-1.36239946e-09,3.59374121e-08,3.94201922e-06,2.28687155e-08,0,-0,-6.88948454e-11,6.88732404e-11,6.95726122e-11,3.44803031e-18,-3.11563257e-17,0,1.47859561e-15,2,-3.21134365e-11,-9.87853773e-12,-3.5949079e-10
1.502,1.57079633,1.9085072,7.54383903e-10,4.81179043e-08,3.21203145e-06,1.22931627e-08,0,-0,-5.12256015e-11,5.12095366e-11,5.4200139e-11,6.17898619e-18,9.27376408e-18,0,9.25812106e-16,2,-3.21301645e-11,-3.97525238e-11,-2.71152427e-10
1.504,1.57079633,1.9085072,2.39590703e-09,5.25783903e-08,2.25052653e-06,2.26292206e-09,0,-0,-3.09729131e-11,3.09631765e-11,3.80948258e-11,7.379878e-18,5.42175086e-18,0,4.64239375e-20,2,-2.84849144e-11,-5.96045e-11,-1.68184463e-10
1.506,1.57079633,1.9085072,3.46265291e-09,5.0230914e-08,1.20961521e-06,-6.18007968e-09,0,-0,-1.09183329e-11,1.09148801e-11,2.57171249e-11,6.73895367e-18,-2.13994709e-17,0,-7.68861356e-16,2,-2.22663697e-11,-6.90172962e-11,-6.50035934e-11
1.508,1.57079633,1.9085072,3.93886935e-09,4.25950273e-08,2.2238594e-07,-1.2366345e-08,0,-0,6.69087008e-12,-6.68876066e-12,2.25421167e-11,4.84937632e-18,-4.87094173e-17,0,-1.09721612e-15,2,-1.46560035e-11,-6.88392591e-11,2.66009932e-11
1.51,1.57079633,1.9085072,3.87894286e-09,3.15130209e-08,-6.0856882e-07,-1.60064779e-08,0,-0,2.02990957e-11,-2.02927952e-11,2.68879695e-11,2.65773745e-18,-6.20882132e-17,0,-9.77756276e-16,2,-6.77647281e-12,-6.08548144e-11,9.83268509e-11
1.512,1.57079633,1.9085072,3.38830888e-09,1.88807696e-08,-1.21735078e-06,-1.71542469e-08,0,-0,2.90926394e-11,-2.90836244e-11,3.16400393e-11,9.57309872e-19,-5.81238869e-17,0,-5.89267186e-16,2,4.25404963e-13,-4.74091436e-11,1.4566241e-10
1.514,1.57079633,1.9085072,2.60206892e-09,6.42195088e-09,-1.57555612e-06,-1.61374159e-08,0,-0,3.29557714e-11,-3.29455074e-11,3.36424876e-11,1.13733389e-19,-4.19906683e-17,0,-1.6203264e-16,2,6.25414259e-12,-3.10379464e-11,1.67703473e-10
1.516,1.57079633,1.9085072,1.66413456e-09,-4.47655902e-09,-1.68847059e-06,-1.34699482e-08,0,-0,3.23553184e-11,-3.23452376e-11,3.23767191e-11,5.5088098e-20,-2.24158062e-17,-0,1.32261559e-16,2,1.02985507e-11,-1.41436308e-11,1.66592635e-10
1.518,1.57079633,1.9085072,7.09207531e-10,-1.28606445e-08,-1.58830232e-06,-9.75916756e-09,0,-0,2.8180791e-11,-2.81720203e-11,2.83450496e-11,4.41743417e-19,-6.92127512e-18,-0,2.30256892e-16,2,1.24262598e-11,1.25371912e-12,1.46714878e-10
1.52,1.57079633,1.9085072,-1.50833426e-10,-1.82380465e-08,-1.32569937e-06,-5.6195957e-09,0,-0,2.1564972e-11,-2.15581997e-11,2.25137054e-11,8.87673481e-19,8.4762287e-19,-0,1.66541041e-16,2,1.27475257e-11,1.36760685e-11,1.13785771e-10
1.522,1.57079633,1.9085072,-8.35505272e-10,-2.05494365e-08,-9.60418548e-07,-1.60149129e-09,0,-0,1.37101885e-11,-1.37059808e-11,1.61244815e-11,1.12720206e-18,1.33805442e-18,-0,2.74151694e-17,2,1.15580353e-11,2.2256045e-11,7.39558324e-11
1.524,1.57079633,1.9085072,-1.29909714e-09,-2.00955529e-08,-5.52959031e-07,1.85992046e-09,0,-0,5.73896486e-12,-5.7371885e-12,1.08104829e-11,1.07845788e-18,-2.41621736e-18,-0,-1.0067814e-16,2,9.27113051e-12,2.67233856e-11,3.30301198e-11
1.526,1.57079633,1.9085072,-1.52947709e-09,-1.74367098e-08,-1.57483932e-07,4.47284063e-09,0,-0,-1.41970879e-12,1.41914258e-12,8.78001954e-12,8.12502718e-19,-6.84110726e-18,-0,-1.65604585e-16,2,6.34908964e-12,2.73258474e-11,-4.12926763e-12
1.528,1.57079633,1.9085072,-1.54330859e-09,-1.32812645e-08,1.83181124e-07,6.09579537e-09,0,-0,-7.09987624e-12,7.09760029e-12,1.01613194e-11,4.71920855e-19,-9.40769335e-18,-0,-1.58780648e-16,2,3.24149516e-12,2.47057473e-11,-3.39834536e-11
1.53,1.57079633,1.9085072,-1.37884697e-09,-8.37770976e-09,4.40335838e-07,6.72605303e-09,0,-0,-1.09267262e-11,1.09233178e-11,1.21441941e-11,1.88285738e-19,-9.27419783e-18,-0,-1.03911665e-16,2,3.36363616e-13,1.97542273e-11,-5.44763885e-11
1.532,1.57079633,1.9085072,-1.08761391e-09,-3.42206246e-09,6.00030217e-07,6.47442562e-09,0,-0,-1.28054012e-11,1.28014266e-11,1.31712531e-11,3.18874602e-20,-7.04167537e-18,-0,-3.65855624e-17,2,-2.07271213e-12,1.3463999e-11,-6.49962526e-11
1.534,1.57079633,1.9085072,-7.26094122e-10,1.01175503e-09,6.62041035e-07,5.53178722e-09,0,-0,-1.28802746e-11,1.28762001e-11,1.2910801e-11,3.03291538e-21,-4.01659819e-18,0,1.40573775e-17,2,-3.80263322e-12,6.7976107e-12,-6.61794815e-11
1.536,1.57079633,1.9085072,-3.48386367e-10,4.51481496e-09,6.37248442e-07,4.13259313e-09,0,-0,-1.14746435e-11,1.14709353e-11,1.15078684e-11,5.4477447e-20,-1.4397391e-18,0,3.49279181e-17,2,-4.78132259e-12,5.83395721e-13,-5.96086854e-11
1.538,1.57079633,1.9085072,-4.78631652e-13,6.85939622e-09,5.44447458e-07,2.5201473e-09,0,-0,-9.02078412e-12,9.01789754e-12,9.31623966e-12,1.25566057e-19,-1.20622226e-21,0,2.89381054e-17,2,-5.03550827e-12,-4.55416856e-12,-4.74583795e-11
1.54,1.57079633,1.9085072,2.83491178e-10,7.99158425e-09,4.06718872e-07,9.17296317e-10,0,-0,-5.99102989e-12,5.9890426e-12,6.80426141e-12,1.70466081e-19,2.60045413e-19,0,8.54436848e-18,2,-4.66950441e-12,-8.22807756e-12,-3.21384981e-11
1.542,1.57079633,1.9085072,4.82947009e-10,8.00545088e-09,2.47979283e-07,-4.9520167e-10,0,-0,-2.83630897e-12,2.83539858e-12,4.57346315e-12,1.71131861e-19,-2.39156165e-19,0,-1.23857835e-17,2,-3.83906675e-12,-1.02891823e-11,-1.59766474e-11
1.544,1.57079633,1.9085072,5.90710898e-10,7.10513479e-09,9.02355703e-08,-1.59145595e-09,0,-0,6.10622664e-14,-6.11455331e-14,3.47330433e-12,1.34888417e-19,-9.40090372e-19,0,-2.45656099e-17,2,-2.72419709e-12,-1.07994405e-11,-9.68168658e-13
1.546,1.57079633,1.9085072,6.11390969e-10,5.56130371e-09,-4.8773412e-08,-2.30487049e-09,0,-0,2.41859865e-12,-2.41792697e-12,3.83981943e-12,8.27222115e-20,-1.409177e-18,0,-2.54493358e-17,2,-1.50416871e-12,-9.98601974e-12,1.13899693e-11
1.548,1.57079633,1.9085072,5.58641602e-10,3.66811898e-09,-1.5667946e-07,-2.62458261e-09,0,-0,4.0670578e-12,-4.06585876e-12,4.64370191e-12,3.60673988e-20,-1.46620103e-18,0,-1.79747534e-17,2,-3.37250793e-13,-8.18503302e-12,2.01779224e-11
1.55,1.57079633,1.9085072,4.51977517e-10,1.70544852e-09,-2.26875318e-07,-2.58660273e-09,0,-0,4.94919661e-12,-4.94768115e-12,5.1377715e-12,7.87087789e-21,-1.16908628e-18,0,-7.5365624e-18,2,6.5343029e-13,-5.7832253e-12,2.50516288e-11
1.552,1.57079633,1.9085072,3.13462181e-10,-9.04280726e-11,-2.5833854e-07,-2.26104976e-09,0,-0,5.10538278e-12,-5.10386178e-12,5.13084841e-12,7.71307611e-23,-7.08753589e-19,-0,1.01360553e-18,2,1.38747772e-12,-3.16461821e-12,2.61760561e-11
1.554,1.57079633,1.9085072,1.64731039e-10,-1.54568056e-09,-2.54593212e-07,-1.73790721e-09,0,-0,4.65152361e-12,-4.65008587e-12,4.65598018e-12,6.3929892e-21,-2.8628726e-19,-0,5.14210408e-18,2,1.82850403e-12,-6.67300228e-13,2.41127896e-11
1.556,1.57079633,1.9085072,2.45942108e-11,-2.55723811e-09,-2.22530368e-07,-1.1130625e-09,0,-0,3.75139919e-12,-3.75027787e-12,3.84068782e-12,1.74527081e-20,-2.73748936e-20,-0,4.88512731e-18,2,1.98018289e-12,1.44665497e-12,1.96831187e-11
1.558,1.57079633,1.9085072,-9.25641252e-11,-3.0915258e-09,-1.71037036e-07,-4.76412106e-10,0,-0,2.58961741e-12,-2.58887356e-12,2.86145265e-12,2.5508895e-20,4.40986698e-20,-0,1.98463229e-18,2,1.87846546e-12,3.00703759e-12,1.38267514e-11
1.56,1.57079633,1.9085072,-1.77633968e-10,-3.17548301e-09,-1.09546776e-07,9.73986617e-11,0,-0,1.34665612e-12,-1.3462842e-12,1.94129531e-12,2.69238804e-20,-1.73013108e-20,-0,-1.37238145e-18,2,1.58154236e-12,3.93798807e-12,7.47301223e-12
1.562,1.57079633,1.9085072,-2.26826488e-10,-2.88237347e-09,-4.68699499e-08,5.5456849e-10,0,-0,1.78967952e-13,-1.78967952e-13,1.39754989e-12,2.21957765e-20,-1.25790823e-19,-0,-3.57226237e-18,2,1.1591279e-12,4.24926517e-12,1.43694914e-12
1.564,1.57079633,1.9085072,-2.41139505e-10,-2.3149452e-09,9.6023478e-09,8.6449008e-10,0,-0,-7.94297961e-13,7.94087018e-13,1.4538529e-12,1.43299548e-20,-2.0846271e-19,-0,-4.02576104e-18,2,6.8241489e-13,4.01940227e-12,-3.65250307e-12
1.566,1.57079633,1.9085072,-2.25361041e-10,-1.58826669e-09,5.46008861e-08,1.01896781e-09,0,-0,-1.49817936e-12,1.49763535e-12,1.76923718e-12,6.75786055e-21,-2.29635646e-19,-0,-3.05731036e-18,2,2.15674803e-13,3.37413153e-12,-7.38989e-12
1.568,1.57079633,1.9085072,-1.86822386e-10,-8.14380121e-10,8.50945745e-08,1.0290002e-09,0,-0,-1.90194527e-12,1.90131244e-12,1.99667945e-12,1.78836199e-21,-1.92240273e-19,-0,-1.46693416e-18,2,-1.8977654e-13,2.46334647e-12,-9.59829773e-12
1.57,1.57079633,1.9085072,-1.34093806e-10,-9.00955602e-11,1.00298561e-07,9.19989895e-10,0,-0,-2.01487715e-12,2.01416661e-12,2.03204947e-12,3.16549979e-23,-1.23364947e-19,-0,-4.810324e-20,2,-4.99041725e-13,1.4395949e-12,-1.03074592e-11
1.572,1.57079633,1.9085072,-7.57939212e-11,5.11215314e-10,1.01267591e-07,7.26262777e-10,0,-0,-1.87756477e-12,1.87694305e-12,1.87737948e-12,7.00951882e-22,-5.50463038e-20,0,7.29915272e-19,2,-6.94586342e-13,4.40230761e-13,-9.71239991e-12
1.574,1.57079633,1.9085072,-1.95898443e-11,9.43712427e-10,9.05420084e-08,4.8548306e-10,0,-0,-1.55169211e-12,1.5511481e-12,1.5775476e-12,2.37708228e-21,-9.51053755e-21,0,8.03746075e-19,2,-7.75067677e-13,-4.25416198e-13,-8.1207787e-12
1.576,1.57079633,1.9085072,2.85086932e-11,1.18919141e-09,7.14646268e-08,2.33698428e-10,0,-0,-1.10906839e-12,1.10872422e-12,1.19898017e-12,3.77422074e-21,6.6624368e-21,0,4.06976968e-19,2,-7.52483789e-13,-1.08338073e-12,-5.89714251e-12
1.578,1.57079633,1.9085072,6.45150793e-11,1.25409998e-09,4.77761833e-08,1.6070701e-12,0,-0,-6.21636076e-13,6.21336316e-13,8.24758671e-13,4.19897998e-21,1.03680255e-22,0,-1.21504241e-19,2,-6.48364933e-13,-1.49692816e-12,-3.41095451e-12
1.58,1.57079633,1.9085072,8.65506043e-11,1.16425012e-09,2.29895265e-08,-1.87973064e-10,0,-0,-1.52944324e-13,1.52933222e-13,5.71623478e-13,3.62082016e-21,-1.62691823e-20,0,-5.07272548e-19,2,-4.89559914e-13,-1.66392279e-12,-9.93638325e-13
1.582,1.57079633,1.9085072,9.46777854e-11,9.58348361e-10,1.45030486e-10,-3.21280508e-10,0,-0,2.46869192e-13,-2.46830334e-13,5.53129892e-13,2.45537237e-21,-3.0418127e-20,0,-6.28309058e-19,2,-3.04216838e-13,-1.61070653e-12,1.09220085e-12
1.584,1.57079633,1.9085072,9.05274399e-11,6.81186288e-10,-1.85102215e-08,-3.93476318e-10,0,-0,5.45030687e-13,-5.4489746e-13,6.71871748e-13,1.24245394e-21,-3.56204038e-20,0,-5.12151164e-19,2,-1.18321762e-13,-1.38383731e-12,2.67000611e-12
1.586,1.57079633,1.9085072,7.68331125e-11,3.77429865e-10,-3.16213126e-08,-4.07593512e-10,0,-0,7.26307903e-13,-7.26085858e-13,7.73026767e-13,3.83259824e-22,-3.13166782e-20,0,-2.74467755e-19,2,4.68558995e-14,-1.04110503e-12,3.65354511e-12
1.588,1.57079633,1.9085072,5.69073309e-11,8.65589915e-11,-3.87415653e-08,-3.7269576e-10,0,-0,7.91500199e-13,-7.91311461e-13,8.01943235e-13,2.17743322e-23,-2.12091209e-20,0,-4.28052322e-20,2,1.76318211e-13,-6.42848062e-13,4.0401102e-12
1.59,1.57079633,1.9085072,3.41644603e-11,-1.60660217e-10,-4.01055541e-08,-3.01765111e-10,0,-0,7.54640794e-13,-7.5436879e-13,7.54460804e-13,6.95791686e-23,-1.03096422e-20,-0,9.87424922e-20,2,2.6188562e-13,-2.44622416e-13,3.89549345e-12
1.592,1.57079633,1.9085072,1.17178748e-11,-3.4412223e-10,-3.66840103e-08,-2.09537278e-10,0,-0,6.38511466e-13,-6.38322728e-13,6.45617662e-13,3.16135227e-22,-2.45533158e-21,-0,1.29074124e-19,2,3.01895808e-13,1.08228976e-13,3.33385714e-12
1.594,1.57079633,1.9085072,-7.93859619e-12,-4.54650031e-10,-2.97001941e-08,-1.10390531e-10,0,-0,4.71045425e-13,-4.70928851e-13,5.00414115e-13,5.51647294e-22,8.76345845e-22,-0,7.76563897e-20,2,3.00167023e-13,3.83868591e-13,2.49585555e-12
1.596,1.57079633,1.9085072,-2.30745415e-11,-4.93066739e-10,-2.06291344e-08,-1.69123621e-11,0,-0,2.80753198e-13,-2.80719892e-13,3.50039909e-13,6.49015243e-22,3.90245001e-22,-0,-3.94636687e-21,2,2.64570139e-13,5.65101525e-13,1.52776369e-12
1.598,1.57079633,1.9085072,-3.27993224e-11,-4.68260087e-10,-1.08616575e-08,6.13022107e-11,0,-0,9.35251876e-14,-9.35640454e-14,2.37135726e-13,5.85648878e-22,-2.01067097e-21,-0,-6.99510391e-20,2,2.05388803e-13,6.48666881e-13,5.63768737e-13
1.6,1.57079633,1.9085072,-3.69955947e-11,-3.94695396e-10,-1.65062688e-09,1.18125232e-10,0,-0,-6.98996416e-14,6.98885394e-14,2.12162838e-13,4.16401272e-22,-4.37011322e-21,-0,-9.66733192e-20,2,1.33705482e-13,6.43001383e-13,-2.87101667e-13
1.602,1.57079633,1.9085072,-3.62103435e-11,-2.89724711e-10,6.02783027e-09,1.51058373e-10,0,-0,-1.95399252e-13,1.9528823e-13,2.54490371e-13,2.24669171e-22,-5.46987559e-21,-0,-8.4588585e-20,2,5.99866888e-14,5.65154193e-13,-9.48782581e-13
1.604,1.57079633,1.9085072,-3.14452644e-11,-1.71065795e-10,1.16321638e-08,1.60729154e-10,0,-0,-2.75468537e-13,2.75390821e-13,2.9806404e-13,7.86100158e-23,-5.05417074e-21,-0,-4.9836825e-20,2,-7.00566339e-15,4.37287159e-13,-1.38071815e-12
1.606,1.57079633,1.9085072,-2.3977321e-11,-5.47536667e-11,1.48726667e-08,1.50325171e-10,0,-0,-3.09530179e-13,3.09363646e-13,3.15376238e-13,8.31326237e-24,-3.60439486e-21,-0,-1.2608049e-20,2,-6.08771316e-14,2.83174306e-13,-1.57598486e-12
1.608,1.57079633,1.9085072,-1.51526348e-11,4.64045872e-11,1.58175594e-08,1.24718045e-10,0,-0,-3.02069481e-13,3.01925152e-13,3.02153786e-13,5.88072353e-24,-1.88980699e-21,0,1.24448695e-20,2,-9.7909742e-14,1.25185901e-13,-1.55587044e-12
1.61,1.57079633,1.9085072,-6.22516335e-12,1.23674652e-10,1.4797232e-08,8.9616929e-11,0,-0,-2.61524136e-13,2.61402011e-13,2.63288199e-13,4.08464039e-23,-5.57880022e-22,0,2.02310468e-20,2,-1.16982224e-13,-1.79841262e-14,-1.36227373e-12
1.612,1.57079633,1.9085072,1.77063452e-12,1.72648106e-10,1.22653795e-08,5.07592143e-11,0,-0,-1.98685512e-13,1.98618899e-13,2.08126816e-13,7.9546519e-23,8.98760173e-23,0,1.41194248e-20,2,-1.19224774e-13,-1.32749389e-13,-1.04914878e-12
1.614,1.57079633,1.9085072,8.09407678e-12,1.92950886e-10,8.82349501e-09,1.32678568e-11,0,-0,-1.24789068e-13,1.24678046e-13,1.48240272e-13,9.93810669e-23,1.07391051e-22,0,1.77884183e-21,2,-1.07476481e-13,-2.11280837e-13,-6.74140341e-13
1.616,1.57079633,1.9085072,1.23340393e-11,1.8753965e-10,4.98814796e-09,-1.88467087e-11,0,-0,-5.02708986e-14,5.01820807e-14,9.95188622e-14,9.39293785e-23,-2.32456046e-22,0,-9.27523188e-21,2,-8.56469757e-14,-2.51297945e-13,-2.91348192e-13
1.618,1.57079633,1.9085072,1.43867885e-11,1.61763398e-10,1.30588949e-09,-4.28951041e-11,0,-0,1.62536651e-14,-1.62925229e-14,8.23965249e-14,6.99317579e-23,-6.1712279e-22,0,-1.46568261e-20,2,-5.80776768e-14,-2.55307033e-13,5.4193563e-14
1.62,1.57079633,1.9085072,1.44221505e-11,1.22314075e-10,-1.84557324e-09,-5.76260371e-11,0,-0,6.86561918e-14,-6.86950496e-14,9.6202284e-14,4.00292571e-23,-8.31091378e-22,0,-1.37836914e-20,2,-2.89694303e-14,-2.29475007e-13,3.29993024e-13
1.622,1.57079633,1.9085072,1.28101581e-11,7.61919929e-11,-4.22518964e-09,-6.30925051e-11,0,-0,1.0369483e-13,-1.03639319e-13,1.14495114e-13,1.55771593e-23,-8.08224963e-22,0,-8.83454391e-21,2,-1.91657039e-15,-1.82248516e-13,5.17477108e-13
1.624,1.57079633,1.9085072,1.00349357e-11,2.98851285e-11,-5.66404368e-09,-6.03621184e-11,0,-0,1.20392585e-13,-1.20348176e-13,1.23597373e-13,2.43770973e-24,-6.05729979e-22,0,-2.94566297e-21,2,2.03748796e-14,-1.22924493e-13,6.11551126e-13
1.626,1.57079633,1.9085072,6.6322686e-12,-1.1315362e-11,-6.20953415e-09,-5.12860584e-11,0,-0,1.20303767e-13,-1.20292665e-13,1.20597232e-13,3.66916605e-25,-3.40142915e-22,-0,1.38828872e-21,2,3.62494309e-14,-6.04965677e-14,6.18682124e-13
1.628,1.57079633,1.9085072,3.09688829e-12,-4.36527919e-11,-5.94238781e-09,-3.80236388e-11,0,-0,1.06625819e-13,-1.06525899e-13,1.07005934e-13,5.09177473e-24,-1.17754962e-22,-0,3.09086068e-21,2,4.50783947e-14,-2.65808733e-15,5.54035676e-13
1.63,1.57079633,1.9085072,-1.43398194e-13,-6.50676867e-11,-5.04255681e-09,-2.2857168e-11,0,-0,8.32223179e-14,-8.32112157e-14,8.6178327e-14,1.12987106e-23,3.27767661e-24,-0,2.47244321e-21,2,4.7148318e-14,4.48603419e-14,4.38175653e-13
1.632,1.57079633,1.9085072,-2.76695399e-12,-7.5136741e-11,-3.73549941e-09,-7.89967592e-12,0,-0,5.46229728e-14,-5.4678484e-14,6.26390667e-14,1.50689913e-23,2.18580399e-23,-0,6.54417747e-22,2,4.34688918e-14,7.85550536e-14,2.93720371e-13
1.634,1.57079633,1.9085072,-4.59603521e-12,-7.47977417e-11,-2.25857322e-09,5.22189775e-12,0,-0,2.51354493e-14,-2.51465515e-14,4.20216218e-14,1.49398873e-23,-2.40000259e-23,-0,-1.16400101e-21,2,3.55165566e-14,9.71274883e-14,1.42371689e-13
1.636,1.57079633,1.9085072,-5.56363471e-12,-6.60001733e-11,-7.84639539e-10,1.53279399e-11,0,-0,-1.82076576e-15,1.77635684e-15,3.2453853e-14,1.16395568e-23,-8.52790585e-23,-0,-2.18505723e-21,2,2.49804672e-14,1.01243932e-13,2.64237969e-15
1.638,1.57079633,1.9085072,-5.72172165e-12,-5.12986615e-11,5.17043179e-10,2.18410558e-11,0,-0,-2.3625546e-14,2.35922393e-14,3.63971323e-14,7.03900518e-24,-1.24968442e-22,-0,-2.21701439e-21,2,1.3535105e-14,9.30932012e-14,-1.11687669e-13
1.64,1.57079633,1.9085072,-5.19604944e-12,-3.34614982e-11,1.50617246e-09,2.46529588e-11,0,-0,-3.86801702e-14,3.86912724e-14,4.38804007e-14,3.00191637e-24,-1.28097993e-22,-0,-1.53557379e-21,2,2.65457675e-15,7.58588664e-14,-1.92264788e-13
1.642,1.57079633,1.9085072,-4.17700487e-12,-1.50929273e-11,2.14327624e-09,2.41485873e-11,0,-0,-4.6629367e-14,4.6629367e-14,4.83091196e-14,6.17234831e-25,-1.00868767e-22,-0,-6.18081627e-22,2,-6.52712589e-15,5.31728578e-14,-2.36122789e-13
1.644,1.57079633,1.9085072,-2.87050347e-12,1.61695399e-12,2.43055239e-09,2.09908891e-11,0,-0,-4.77395901e-14,4.77395901e-14,4.79683904e-14,1.16318314e-26,-6.025442e-23,0,1.17309085e-22,2,-1.32767434e-14,2.86173419e-14,-2.45019188e-13
1.646,1.57079633,1.9085072,-1.47297059e-12,1.50595822e-11,2.37232846e-09,1.59992498e-11,0,-0,-4.3254289e-14,4.32431868e-14,4.33095562e-14,6.06620865e-25,-2.35664243e-23,0,4.58453748e-22,2,-1.72687937e-14,5.33131413e-15,-2.24378642e-13
1.648,1.57079633,1.9085072,-1.68629853e-13,2.43150338e-11,2.06609353e-09,1.01231255e-11,0,-0,-3.46389584e-14,3.46389584e-14,3.55419409e-14,1.57784026e-24,-1.70706117e-24,0,4.19708192e-22,2,-1.85599525e-14,-1.42608386e-14,-1.81995649e-13
1.65,1.57079633,1.9085072,9.13733384e-13,2.90962366e-11,1.5754243e-09,4.18079641e-12,0,-0,-2.37143638e-14,2.36477504e-14,2.63298121e-14,2.25957066e-24,3.82013325e-24,0,1.59212325e-22,2,-1.74989267e-14,-2.85917636e-14,-1.26700454e-13
1.652,1.57079633,1.9085072,1.69410843e-12,2.96915591e-11,9.95920585e-10,-1.14838649e-12,0,-0,-1.20792265e-14,1.20459198e-14,1.7864075e-14,2.35393372e-24,-1.94549123e-24,0,-1.32845578e-22,2,-1.46443113e-14,-3.70152547e-14,-6.71539657e-14
1.654,1.57079633,1.9085072,2.13700905e-12,2.68013919e-11,4.20373141e-10,-5.36043693e-12,0,-0,-1.19904087e-15,1.16573418e-15,1.29703834e-14,1.91910326e-24,-1.14553022e-23,0,-3.19092156e-22,2,-1.06492166e-14,-3.96468509e-14,-1.0909978e-14
1.656,1.57079633,1.9085072,2.25862877e-12,2.13845431e-11,-1.1660676e-10,-8.20642587e-12,0,-0,7.81597009e-15,-7.82707232e-15,1.37659921e-14,1.22289557e-24,-1.85352696e-23,0,-3.51657375e-22,2,-6.17343599e-15,-3.7260245e-14,3.6231837e-14
1.658,1.57079633,1.9085072,2.10013056e-12,1.45269457e-11,-5.30550845e-10,-9.59222916e-12,0,-0,1.42552636e-14,-1.42663659e-14,1.67398468e-14,5.65428002e-25,-2.01449336e-23,0,-2.62403931e-22,2,-1.81684729e-15,-3.105159e-14,7.05716346e-14
1.66,1.57079633,1.9085072,1.72822465e-12,7.27566309e-12,-8.15011311e-10,-9.61409964e-12,0,-0,1.79412041e-14,-1.79301018e-14,1.87401738e-14,1.42849889e-25,-1.66153239e-23,0,-1.216489e-22,2,1.94595283e-15,-2.24236872e-14,9.05450431e-14
1.662,1.57079633,1.9085072,1.22922064e-12,5.32445497e-13,-9.35530246e-10,-8.54273982e-12,0,-0,1.88293825e-14,-1.8901547e-14,1.90374117e-14,1.59923098e-27,-1.05009121e-23,0,6.7793067e-25,2,4.79327321e-15,-1.27975801e-14,9.65286997e-14
1.664,1.57079633,1.9085072,6.83483777e-13,-5.03443204e-12,-9.57524446e-10,-6.70357831e-12,0,-0,1.7408297e-14,-1.74305015e-14,1.74220261e-14,6.79270701e-26,-4.58178702e-24,-0,6.57239701e-23,2,6.57231885e-15,-3.47543586e-15,9.04101965e-14
1.666,1.57079633,1.9085072,1.59246811e-13,-8.99977156e-12,-8.55583685e-10,-4.43310829e-12,0,-0,1.42996726e-14,-1.4321877e-14,1.45339908e-14,2.16178943e-25,-7.05958359e-25,-0,6.9330347e-23,2,7.27374847e-15,4.55061127e-15,7.51177139e-14
1.668,1.57079633,1.9085072,-2.88615232e-13,-1.12005084e-11,-6.48401689e-10,-2.0636651e-12,0,-0,1.01696429e-14,-1.01585407e-14,1.10716695e-14,3.34815362e-25,5.95605184e-25,-0,3.34071942e-23,2,7.01348253e-15,1.06142657e-14,5.40933736e-14
1.67,1.57079633,1.9085072,-6.19574683e-13,-1.17248405e-11,-4.3202397e-10,9.54558346e-14,0,-0,5.59552404e-15,-5.5788707e-15,7.53465526e-15,3.67032918e-25,-5.91420184e-26,-0,-1.29549052e-23,2,6.00483516e-15,1.43716215e-14,3.07872851e-14
1.672,1.57079633,1.9085072,-8.18209223e-13,-1.08136078e-11,-2.02694711e-10,1.84280573e-12,0,-0,1.19904087e-15,-1.22124533e-15,5.26398303e-15,3.12371987e-25,-1.50780065e-24,-0,-4.56518637e-23,2,4.49648077e-15,1.58208041e-14,8.27923796e-15
1.674,1.57079633,1.9085072,-8.85454498e-13,-8.84582364e-12,9.04267182e-12,3.04855824e-12,0,-0,-2.44249065e-15,2.44249065e-15,5.17515789e-15,2.09203644e-25,-2.6993596e-24,-0,-5.48058043e-23,2,2.75742851e-15,1.52270173e-14,-1.10208934e-14
1.676,1.57079633,1.9085072,-8.41174423e-13,-6.23547372e-12,1.81029498e-10,3.69293659e-12,0,-0,-5.24025268e-15,5.21804822e-15,6.32785489e-15,1.04120004e-25,-3.1064038e-24,-0,-4.38645802e-23,2,1.02587106e-15,1.30364239e-14,-2.55164231e-14
1.678,1.57079633,1.9085072,-7.10217581e-13,-3.39464755e-12,3.00915916e-10,3.80327935e-12,0,-0,-6.83897383e-15,6.8278716e-15,7.24612567e-15,3.10181537e-26,-2.70115586e-24,-0,-2.29289163e-23,2,-5.043829e-16,9.78248012e-15,-3.44421695e-14
1.68,1.57079633,1.9085072,-5.20931845e-13,-6.92669581e-13,3.71447711e-10,3.45205903e-12,0,-0,-7.4162898e-15,7.38298311e-15,7.42481154e-15,1.43011797e-27,-1.79828748e-24,-0,-2.95821545e-24,2,-1.6947996e-15,6.02604339e-15,-3.78070404e-14
1.682,1.57079633,1.9085072,-3.07142834e-13,1.58544345e-12,3.88055648e-10,2.7711848e-12,0,-0,-7.06101844e-15,6.99440506e-15,6.88696444e-15,6.76488346e-27,-8.51149554e-25,0,8.80294563e-24,2,-2.47094126e-15,2.28800491e-15,-3.62613284e-14
1.684,1.57079633,1.9085072,-1.00030471e-13,3.26124189e-12,3.38024685e-10,1.91124026e-12,0,-0,-5.95079541e-15,5.93969318e-15,5.96971783e-15,2.83916998e-26,-1.91182263e-25,0,1.1115667e-23,2,-2.82217581e-15,-1.00412469e-15,-3.08960037e-14
1.686,1.57079633,1.9085072,7.97389137e-14,4.26545111e-12,2.67757197e-10,9.97267931e-13,0,-0,-4.39648318e-15,4.3298698e-15,4.67911262e-15,4.85556348e-26,7.95210615e-26,0,6.58291443e-24,2,-2.791925e-15,-3.55874093e-15,-2.30117228e-14
1.688,1.57079633,1.9085072,2.20638075e-13,4.60016682e-12,1.83591823e-10,1.21962136e-13,0,-0,-2.62012634e-15,2.55351296e-15,3.25119843e-15,5.64936116e-26,2.69094908e-26,0,-6.02113694e-25,2,-2.45030502e-15,-5.20813189e-15,-1.39599585e-14
1.69,1.57079633,1.9085072,3.08667424e-13,4.34860248e-12,8.35117708e-11,-5.97474359e-13,0,-0,-7.99360578e-16,8.32667268e-16,2.22322377e-15,5.05095382e-26,-1.84420871e-25,0,-6.1266184e-24,2,-1.89172552e-15,-5.93875093e-15,-4.99170856e-15
1.692,1.57079633,1.9085072,3.45118569e-13,3.65224705e-12,1.18884072e-11,-1.1144176e-12,0,-0,6.66133815e-16,-6.9388939e-16,1.98700119e-15,3.56550413e-26,-3.84606206e-25,0,-8.40857067e-24,2,-1.2223505e-15,-5.82783949e-15,2.89429814e-15
1.694,1.57079633,1.9085072,3.36615271e-13,2.67053946e-12,-5.42649781e-11,-1.41409541e-12,0,-0,1.86517468e-15,-1.85962357e-15,2.38768297e-15,1.90894867e-26,-4.76006111e-25,0,-7.30674438e-24,2,-5.3796188e-16,-5.05823211e-15,9.00405078e-15
1.696,1.57079633,1.9085072,2.91472649e-13,1.55929574e-12,-1.16255636e-10,-1.49989785e-12,0,-0,2.57571742e-15,-2.60902411e-15,2.7484131e-15,6.53294416e-27,-4.37179198e-25,0,-4.20890933e-24,2,8.50692034e-17,-3.84648623e-15,1.2962453e-14
1.698,1.57079633,1.9085072,2.21951295e-13,4.76917108e-13,-1.48079124e-10,-1.40112376e-12,0,-0,2.88657986e-15,-2.88657986e-15,2.90215171e-15,6.33795057e-28,-3.10981233e-25,0,-9.99488475e-25,2,5.82734566e-16,-2.41061218e-15,1.47154885e-14
1.7,1.57079633,1.9085072,1.39873592e-13,-4.61294395e-13,-1.43929507e-10,-1.16083082e-12,0,-0,2.84217094e-15,-2.85882429e-15,2.85293836e-15,5.79264272e-28,-1.62369576e-25,-0,1.14430974e-24,2,9.22925711e-16,-9.54731067e-16,1.44688445e-14
1.702,1.57079633,1.9085072,5.61015204e-14,-1.17773529e-12,-1.33518095e-10,-8.29048367e-13,0,-0,2.39808173e-15,-2.44249065e-15,2.48333464e-15,3.7038825e-27,-4.65108738e-26,-0,1.78880281e-24,2,1.09708153e-15,3.5751796e-16,1.26104671e-14
1.704,1.57079633,1.9085072,-1.92806382e-14,-1.63118796e-12,-1.10875076e-10,-4.61315638e-13,0,-0,1.77635684e-15,-1.80411242e-15,1.96891723e-15,7.1007733e-27,8.8944599e-27,-0,1.21355729e-24,2,1.11543766e-15,1.40159964e-15,9.64344773e-15
1.706,1.57079633,1.9085072,-7.86662787e-14,-1.80918207e-12,-7.79500461e-11,-1.06662528e-13,0,-0,1.11022302e-15,-1.1379786e-15,1.37139018e-15,8.73744741e-27,8.39074415e-27,-0,1.07250362e-25,2,9.99987843e-16,2.10107447e-15,6.11702768e-15
1.708,1.57079633,1.9085072,-1.1532584e-13,-1.75263466e-12,-4.46412514e-11,1.79845406e-13,0,-0,4.4408921e-16,-4.4408921e-16,9.04082224e-16,8.20348578e-27,-2.07408225e-26,-0,-8.16335956e-25,2,7.93567587e-16,2.45565065e-15,2.53701433e-15
1.71,1.57079633,1.9085072,-1.3283871e-13,-1.51914155e-12,-1.12269207e-11,3.94006675e-13,0,-0,-1.33226763e-16,1.66533454e-16,7.09328748e-16,6.16720954e-27,-5.23393383e-26,-0,-1.26282763e-24,2,5.40373745e-16,2.48560296e-15,-7.00879134e-16
1.712,1.57079633,1.9085072,-1.34742712e-13,-1.15304375e-12,1.31434918e-11,5.38608645e-13,0,-0,-7.10542736e-16,6.66133815e-16,8.97329647e-16,3.55709321e-27,-7.25735898e-26,-0,-1.22472744e-24,2,2.70209833e-16,2.24915089e-15,-3.29789462e-15
1.714,1.57079633,1.9085072,-1.21081299e-13,-7.16777667e-13,3.88961906e-11,5.9776448e-13,0,-0,-1.02140518e-15,9.99200722e-16,1.08393341e-15,1.37865941e-27,-7.23780997e-26,-0,-7.88723907e-25,2,1.52840301e-17,1.81634746e-15,-5.06407307e-15
1.716,1.57079633,1.9085072,-9.71254902e-14,-2.73432733e-13,4.98637582e-11,5.84207055e-13,0,-0,-1.15463195e-15,1.16573418e-15,1.25397467e-15,2.04586939e-28,-5.67413966e-26,-0,-2.60446524e-25,2,-1.97159209e-16,1.27147349e-15,-5.94147146e-15
1.718,1.57079633,1.9085072,-5.96234146e-14,1.15468951e-13,5.87730946e-11,4.71559638e-13,0,-0,-1.15463195e-15,1.11022302e-15,1.10617722e-15,3.76494416e-29,-2.81159958e-26,0,1.26406446e-25,2,-3.4688513e-16,6.80185031e-16,-5.98602186e-15
1.72,1.57079633,1.9085072,-2.83716494e-14,4.15640068e-13,5.77063195e-11,3.55202835e-13,0,-0,-1.02140518e-15,9.99200722e-16,9.93153294e-16,4.61582975e-28,-1.00776903e-26,0,2.72561189e-25,2,-4.26689176e-16,1.23727563e-16,-5.36665672e-15
1.722,1.57079633,1.9085072,9.48685036e-16,6.1621576e-13,4.54326596e-11,2.17811035e-13,0,-0,-7.99360578e-16,7.77156117e-16,8.23999421e-16,1.01335589e-27,2.0663407e-28,0,2.26668717e-25,2,-4.4510892e-16,-3.26597247e-16,-4.26945646e-15
1.724,1.57079633,1.9085072,2.36773542e-14,7.1797247e-13,3.57343201e-11,8.82018942e-14,0,-0,-5.32907052e-16,4.99600361e-16,6.78168173e-16,1.37585607e-27,2.08838749e-27,0,7.90170322e-26,2,-4.13177331e-16,-6.42202271e-16,-2.89543993e-15
1.726,1.57079633,1.9085072,4.15221579e-14,7.26171747e-13,2.08087511e-11,-3.61317589e-14,0,-0,-2.22044605e-16,2.77555756e-16,4.23272528e-16,1.40801622e-27,-1.5002686e-27,0,-8.62230728e-26,2,-3.42958062e-16,-8.03150176e-16,-1.43463939e-15
1.728,1.57079633,1.9085072,5.1878746e-14,6.52572125e-13,9.90256009e-12,-1.36078903e-13,0,-0,4.4408921e-17,-2.77555756e-17,3.51108032e-16,1.13773127e-27,-7.05960285e-27,0,-1.96214147e-25,2,-2.46629654e-16,-8.2677191e-16,-6.23096602e-17
1.73,1.57079633,1.9085072,5.15054925e-14,5.26326911e-13,4.98996754e-12,-1.86465347e-13,0,-0,2.66453526e-16,-2.49800181e-16,2.7339242e-16,7.40586863e-28,-9.60398951e-27,0,-2.05654945e-25,2,-1.42124232e-16,-7.29484992e-16,1.08978218e-15
1.732,1.57079633,1.9085072,4.94613692e-14,3.6469746e-13,-4.97755168e-12,-2.27127774e-13,0,-0,3.99680289e-16,-3.88578059e-16,4.2034809e-16,3.56196282e-28,-1.12340507e-26,0,-1.62249401e-25,2,-4.03581443e-17,-5.61691046e-16,1.94412015e-15
1.734,1.57079633,1.9085072,4.37016284e-14,1.8319305e-13,-1.15249083e-11,-2.44661645e-13,0,-0,4.88498131e-16,-5.27355937e-16,5.30995427e-16,9.05665285e-29,-1.06921123e-26,0,-8.11271921e-26,2,5.23070067e-17,-3.51753344e-16,2.44802103e-15
1.736,1.57079633,1.9085072,3.14549331e-14,5.586796e-15,-3.06696957e-11,-2.2073533e-13,0,-0,4.88498131e-16,-4.99600361e-16,4.5775668e-16,6.30306742e-31,-6.94321506e-27,0,3.69800789e-27,2,1.2692133e-16,-1.22955278e-16,2.58754934e-15
1.738,1.57079633,1.9085072,1.70673531e-14,-1.34904181e-13,-2.54277893e-11,-1.70757605e-13,0,-0,4.4408921e-16,-4.71844785e-16,4.47682894e-16,4.87434774e-29,-2.91438035e-27,-0,4.43580582e-26,2,1.70841679e-16,9.9506476e-17,2.41812334e-15
1.74,1.57079633,1.9085072,3.18692856e-15,-2.34506527e-13,-1.96972486e-11,-1.09688405e-13,0,-0,3.55271368e-16,-3.88578059e-16,3.72816896e-16,1.46770534e-28,-3.4956911e-28,-0,4.53635491e-26,2,1.87507524e-16,2.86764823e-16,2.01668259e-15
1.742,1.57079633,1.9085072,-6.84207586e-15,-2.91412021e-13,-1.03224281e-11,-5.61118622e-14,0,-0,2.66453526e-16,-3.05311332e-16,3.34707961e-16,2.26637678e-28,3.83921618e-28,-0,2.81848615e-26,2,1.80644483e-16,4.2983927e-16,1.47058105e-15
1.744,1.57079633,1.9085072,-1.4478291e-14,-3.1080551e-13,-1.64427573e-11,-6.22624833e-15,0,-0,1.33226763e-16,-1.38777878e-16,1.5740128e-16,2.57879441e-28,9.01454349e-29,-0,-6.69341662e-27,2,1.57235406e-16,5.05567964e-16,8.57169888e-16
1.746,1.57079633,1.9085072,-2.0155231e-14,-2.91287685e-13,-1.2814725e-11,4.08488474e-14,0,-0,0,0,1.15852517e-16,2.26620547e-28,-8.23317957e-28,-0,-3.23829343e-26,2,1.19854616e-16,5.26448001e-16,2.55446534e-16
1.748,1.57079633,1.9085072,-2.20061905e-14,-2.43681228e-13,4.59281498e-12,7.21319029e-14,0,-0,-4.4408921e-17,0,6.79869978e-17,1.5870185e-28,-1.5873484e-27,-0,-3.36990271e-26,2,7.57980996e-17,5.0746367e-16,-2.69829908e-16
1.75,1.57079633,1.9085072,-2.20497961e-14,-1.80208491e-13,2.45942666e-12,9.41481459e-14,0,-0,-1.33226763e-16,1.11022302e-16,1.39773507e-16,8.6909107e-29,-2.07594742e-27,-0,-3.33089724e-26,2,3.2201669e-17,4.62667124e-16,-6.81464556e-16
1.752,1.57079633,1.9085072,-1.97195319e-14,-1.05083626e-13,7.18427589e-12,1.03112745e-13,0,-0,-1.77635684e-16,1.66533454e-16,1.94531739e-16,2.96697971e-29,-2.03333506e-27,-0,-1.9658616e-26,2,-9.03017047e-18,3.97138234e-16,-9.48960125e-16
1.754,1.57079633,1.9085072,-1.50730528e-14,-3.037868e-14,1.2763459e-12,9.67484293e-14,0,-0,-2.22044605e-16,2.22044605e-16,2.56435083e-16,2.58391087e-30,-1.45829418e-27,-0,-4.76328714e-27,2,-4.27663308e-17,3.15851689e-16,-1.06491579e-15
1.756,1.57079633,1.9085072,-1.07183511e-14,4.23640927e-14,1.43501118e-11,8.8212307e-14,0,-0,-2.22044605e-16,1.66533454e-16,2.02297023e-16,4.85296096e-30,-9.45490479e-28,0,7.47564566e-27,2,-6.92411028e-17,2.34941782e-16,-1.03240292e-15
1.758,1.57079633,1.9085072,-4.12498226e-15,9.4877192e-14,7.78316313e-12,6.15239381e-14,0,-0,-1.77635684e-16,1.66533454e-16,2.02297023e-16,2.40337149e-29,-2.53785153e-28,0,1.11173309e-26,2,-8.17980535e-17,1.51891594e-16,-8.79381606e-16
1.76,1.57079633,1.9085072,1.65582254e-15,1.28556702e-13,9.96543557e-12,3.32776046e-14,0,-0,-1.33226763e-16,1.11022302e-16,1.39773507e-16,4.41060182e-29,5.51018077e-29,0,6.35824718e-27,2,-8.31134345e-17,6.65705269e-17,-6.43614831e-16
1.762,1.57079633,1.9085072,5.53082032e-15,1.42316125e-13,5.57343958e-12,9.68403972e-15,0,-0,-8.8817842e-17,5.55111512e-17,1.00544549e-16,5.40646429e-29,5.35606837e-29,0,1.21906484e-27,2,-7.46762827e-17,-2.0657243e-17,-3.67058753e-16
1.764,1.57079633,1.9085072,8.88678973e-15,1.38672378e-13,1.98393643e-12,-1.46269485e-14,0,-0,0,0,6.42588033e-17,5.13551144e-29,-1.29986616e-28,0,-4.78231348e-27,2,-5.96140002e-17,-8.93996098e-17,-8.37512587e-17
1.766,1.57079633,1.9085072,8.68545242e-15,1.2392548e-13,-2.52989865e-12,-2.25977031e-14,0,-0,4.4408921e-17,-2.77555756e-17,1.12264356e-16,4.10189377e-29,-1.96271275e-28,0,-5.14227767e-27,2,-4.1659118e-17,-1.29860246e-16,1.75699259e-16
1.768,1.57079633,1.9085072,9.81256471e-15,1.02380263e-13,7.32668617e-13,-3.70378503e-14,0,-0,8.8817842e-17,-1.11022302e-16,1.39773507e-16,2.80198234e-29,-3.63436303e-28,0,-7.89915681e-27,2,-2.40499464e-17,-1.21958728e-16,3.99595995e-16
1.77,1.57079633,1.9085072,1.03047969e-14,6.78974734e-14,-3.00249613e-12,-4.97036156e-14,0,-0,1.33226763e-16,-1.38777878e-16,8.77708367e-17,1.2357807e-29,-5.12185665e-28,0,-6.29791304e-27,2,-3.64073793e-18,-7.7187354e-17,5.62823055e-16
1.772,1.57079633,1.9085072,7.78026687e-15,3.20051068e-14,-5.45245604e-12,-4.594733e-14,0,-0,1.33226763e-16,-1.38777878e-16,8.58293775e-17,2.76639408e-30,-3.5748249e-28,0,-2.45508978e-27,2,1.40919912e-17,-2.75532836e-17,6.53043616e-16
1.774,1.57079633,1.9085072,5.24184366e-15,1.43460187e-15,-2.63907799e-12,-3.9243664e-14,0,-0,1.33226763e-16,-1.38777878e-16,1.00544549e-16,2.14019831e-32,-2.05709151e-28,0,7.87750049e-29,2,2.60688915e-17,2.64043899e-17,6.78280392e-16
1.776,1.57079633,1.9085072,3.39990321e-15,-2.62446366e-14,-3.51282633e-12,-3.41787675e-14,0,-0,1.33226763e-16,-1.38777878e-16,1.03851855e-16,1.84469591e-30,-1.16204501e-28,-0,1.82391274e-27,2,3.43585029e-17,6.58875595e-17,6.45833072e-16
1.778,1.57079633,1.9085072,1.52301834e-15,-4.88279397e-14,-2.76419153e-12,-2.69899904e-14,0,-0,1.33226763e-16,-1.38777878e-16,1.03851855e-16,6.36352428e-30,-4.11062504e-29,-0,2.56487951e-27,2,3.87497974e-17,9.05387768e-17,5.64295818e-16
1.78,1.57079633,1.9085072,-3.25365069e-16,-6.5881795e-14,-3.83971422e-12,-1.82481313e-14,0,-0,8.8817842e-17,-1.11022302e-16,8.4915733e-17,1.1582406e-29,5.93730452e-30,-0,2.02304647e-27,2,3.97499134e-17,1.04837512e-16,4.44139769e-16
1.782,1.57079633,1.9085072,-1.74797933e-15,-7.54446703e-14,-9.27796024e-13,-9.77337739e-15,0,-0,4.4408921e-17,-1.11022302e-16,8.38314879e-17,1.51904628e-29,1.70836616e-29,-0,1.41121566e-27,2,3.7026548e-17,1.28395006e-16,2.99660464e-16
1.784,1.57079633,1.9085072,-5.61234473e-15,-7.15325755e-14,-1.96299989e-12,1.36117036e-14,0,-0,4.4408921e-17,-2.77555756e-17,9.71445147e-18,1.36703124e-29,-7.63935728e-29,-0,-2.29654308e-27,2,2.89000402e-17,1.60342254e-16,1.50036653e-16
1.786,1.57079633,1.9085072,-6.5193545e-15,-5.61734947e-14,7.56265445e-13,2.43295382e-14,0,-0,0,0,2.94065051e-17,8.44165838e-30,-1.58612884e-28,-0,-2.67786449e-27,2,1.65344686e-17,1.90096353e-16,2.48269289e-17
1.788,1.57079633,1.9085072,-5.3803703e-15,-3.76124301e-14,3.06034763e-12,2.45679543e-14,0,-0,0,0,2.94065051e-17,3.78961486e-30,-1.32184692e-28,-0,-1.61325284e-27,2,4.66779442e-18,2.11179209e-16,-6.4120109e-17
1.79,1.57079633,1.9085072,-3.63418899e-15,-2.16291723e-14,2.80794113e-12,2.0119529e-14,0,-0,-4.4408921e-17,0,3.46944695e-17,1.25499899e-30,-7.31181709e-29,-0,-7.37295599e-28,2,-3.89716812e-18,2.22389273e-16,-1.18842119e-16
1.792,1.57079633,1.9085072,-2.17514595e-15,-8.97733902e-15,2.09316364e-12,1.55147261e-14,0,-0,-4.4408921e-17,0,3.46944695e-17,2.17448323e-31,-3.37467937e-29,-0,-2.28310949e-28,2,-9.2779928e-18,2.25296161e-16,-1.45787513e-16
1.794,1.57079633,1.9085072,-1.12212004e-15,7.84416697e-16,1.43962284e-12,1.17364916e-14,0,-0,-4.4408921e-17,0,3.46944695e-17,2.30969706e-33,-1.31697525e-29,0,2.88211552e-29,2,-1.22517828e-17,2.21801961e-16,-1.51137017e-16
1.796,1.57079633,1.9085072,-4.10890008e-16,8.26874227e-15,9.41686662e-13,8.83477659e-15,0,-0,-4.4408921e-17,0,3.46944695e-17,1.82593809e-31,-3.63012142e-30,0,1.42753741e-28,2,-1.35606531e-17,2.13529199e-16,-1.39902079e-16
1.798,1.57079633,1.9085072,4.68647623e-17,1.40113312e-14,5.86232594e-13,6.654187e-15,0,-0,-4.4408921e-17,0,3.46944695e-17,5.23952458e-31,3.11846892e-31,0,1.81468867e-28,2,-1.37770216e-17,2.017412e-16,-1.15950315e-16
1.8,1.57079633,1.9085072,3.25943719e-16,1.84330703e-14,3.40667276e-13,5.02599719e-15,0,-0,0,0,2.94065051e-17,9.06847164e-31,1.63819222e-30,0,1.83120085e-28,2,-1.33114316e-17,1.87390681e-16,-8.22216702e-17
1.802,1.57079633,1.9085072,4.8262623e-16,2.18536342e-14,1.75024412e-13,3.81093353e-15,0,-0,0,0,2.94065051e-17,1.27465369e-30,1.83925648e-30,0,1.68143138e-28,2,-1.24481294e-17,1.71186856e-16,-4.09441461e-17
1.804,1.57079633,1.9085072,5.57419346e-16,2.45133027e-14,6.60090303e-14,2.90245972e-15,0,-0,0,0,2.94065051e-17,1.60378638e-30,1.6178872e-30,0,1.47106825e-28,2,-1.13791129e-17,1.53654278e-16,6.19102864e-18
1.806,1.57079633,1.9085072,5.78856979e-16,2.65923567e-14,-3.50498845e-15,2.22116478e-15,0,-0,0,0,2.94065051e-17,1.88734064e-30,1.28573674e-30,0,1.25234883e-28,2,-1.02308994e-17,1.35179195e-16,5.7895482e-17
1.808,1.57079633,1.9085072,1.1758629e-15,2.73708399e-14,2.55873369e-12,-1.48944943e-15,0,-0,4.4408921e-17,-2.77555756e-17,1.66533454e-17,1.99995208e-30,-1.75138833e-30,0,-2.32916848e-28,2,-8.77973015e-18,1.16045509e-16,1.12755632e-16
1.81,1.57079633,1.9085072,1.82934976e-15,2.31758731e-14,-3.45670384e-13,-6.49183227e-15,0,-0,4.4408921e-17,-2.77555756e-17,1.66533454e-17,1.43505209e-30,-1.18758318e-29,0,-2.9332997e-28,2,-5.30983307e-18,9.79783337e-17,1.62582437e-16
1.812,1.57079633,1.9085072,1.47484375e-15,1.83759253e-14,-8.44428716e-13,-6.35471085e-15,0,-0,4.4408921e-17,-2.77555756e-17,1.66533454e-17,9.0221596e-31,-9.37220556e-30,0,-2.08286304e-28,2,-2.03901578e-18,8.32660011e-17,2.02868198e-16
1.814,1.57079633,1.9085072,1.00057034e-15,1.42916537e-14,-7.50357815e-13,-5.15862559e-15,0,-0,4.4408921e-17,-2.77555756e-17,1.66533454e-17,5.45572028e-31,-5.16156776e-30,0,-1.30230012e-28,2,3.11547774e-19,7.19444227e-17,2.34376622e-16
1.816,1.57079633,1.9085072,6.1178632e-16,1.10739064e-14,-5.56294935e-13,-3.96358296e-15,0,-0,4.4408921e-17,-2.77555756e-17,1.66533454e-17,3.27445409e-31,-2.42486584e-30,0,-7.85550651e-29,2,1.80930272e-18,6.3419454e-17,2.58809429e-16
1.818,1.57079633,1.9085072,9.40877171e-16,7.7422478e-15,2.22084365e-12,-6.19012879e-15,0,-0,4.4408921e-17,-5.55111512e-17,3.23682852e-17,1.60404863e-31,-5.82415087e-30,0,-1.31522106e-28,2,2.97148587e-18,5.70663621e-17,2.77331206e-16
1.82,1.57079633,1.9085072,1.43640529e-15,3.61508838e-16,-5.29038442e-13,-1.00617789e-14,0,-0,4.4408921e-17,-5.55111512e-17,3.23682852e-17,1.38726513e-33,-1.44527924e-29,0,6.3260231e-30,2,5.75950483e-18,5.3881662e-17,2.83792487e-16
1.822,1.57079633,1.9085072,1.00123471e-15,-6.91506672e-15,-9.22989742e-13,-9.07304788e-15,0,-0,4.4408921e-17,-5.55111512e-17,3.23682852e-17,1.28123166e-31,-9.08425042e-30,-0,1.2863121e-28,2,8.13374871e-18,5.55961529e-17,2.75257237e-16
1.824,1.57079633,1.9085072,-7.08859438e-16,-9.50196292e-15,-1.34899785e-12,-4.96337347e-16,0,-0,4.4408921e-17,-2.77555756e-17,1.66533454e-17,2.41767923e-31,3.51833413e-31,-0,-1.69473329e-29,2,8.08126907e-18,4.16583306e-17,2.56866861e-16
1.826,1.57079633,1.9085072,-1.96990468e-15,-5.69988245e-15,-3.45882954e-13,7.34636952e-15,0,-0,4.4408921e-17,-2.77555756e-17,5.63547556e-17,8.87019117e-32,-1.44716477e-29,-0,-7.87421484e-29,2,5.00630777e-18,2.43249503e-17,2.41587549e-16
1.828,1.57079633,1.9085072,-1.79904414e-15,5.56409702e-16,9.12131574e-13,8.42221011e-15,0,-0,4.4408921e-17,-2.77555756e-17,5.63547556e-17,2.54786799e-33,-1.51519277e-29,0,2.25826473e-29,2,1.14602118e-18,3.3920541e-17,2.38000289e-16
1.83,1.57079633,1.9085072,-4.99556557e-16,4.65157914e-15,2.04532062e-12,3.07973285e-15,0,-0,4.4408921e-17,-2.77555756e-17,1.66533454e-17,5.81119397e-32,-1.53850074e-30,0,1.06664382e-29,2,-1.16390013e-18,5.8595852e-17,2.4522265e-16
1.832,1.57079633,1.9085072,2.4119015e-16,4.63643897e-15,2.43991241e-13,-6.61674197e-16,0,-0,4.4408921e-17,-2.77555756e-17,1.66533454e-17,4.67745832e-31,-1.59589299e-31,0,-9.71340936e-29,2,-1.0885531e-18,2.95208073e-16,2.5485645e-16
1.834,1.57079633,1.9085072,1.17819228e-15,8.02180722e-16,-2.76498657e-12,-6.27391277e-15,0,-0,4.4408921e-17,-2.77555756e-17,2.37342632e-16,2.39258748e-31,-7.3918756e-30,0,-9.19482994e-29,2,7.65902713e-19,1.05211268e-15,2.60224359e-16
1.836,1.57079633,1.9085072,-2.93924987e-16,8.59168945e-16,2.97811597e-12,1.04910741e-15,0,-0,4.4408921e-17,-2.77555756e-17,3.5121772e-16,9.51019663e-32,-3.08358884e-31,0,-5.99380414e-29,2,8.41035043e-19,1.56809666e-15,2.61256036e-16
1.838,1.57079633,1.9085072,6.44494265e-16,-1.67446749e-15,3.42549056e-12,-4.07874294e-15,0,-0,4.4408921e-17,-2.77555756e-17,4.04244023e-16,2.62285102e-32,-2.62872643e-30,-0,9.41152943e-30,2,1.71254322e-18,1.83943947e-15,2.60163234e-16
1.84,1.57079633,1.9085072,1.56077679e-15,-8.75888364e-15,-3.13139834e-13,-1.00712991e-14,0,-0,4.4408921e-17,-2.77555756e-17,4.04470262e-16,2.06172101e-31,-1.57190499e-29,-0,1.99690543e-28,2,4.53483022e-18,1.89010699e-15,2.48325318e-16
1.842,1.57079633,1.9085072,1.18062438e-15,-1.62920926e-14,-4.17969484e-12,-9.52916068e-15,0,-0,4.4408921e-17,-2.77555756e-17,3.51478094e-16,7.27699454e-31,-1.12503594e-29,-0,2.03839347e-28,2,7.25207759e-18,1.75764857e-15,2.2125966e-16
1.844,1.57079633,1.9085072,-3.26354041e-16,-1.89686037e-14,-9.03313111e-13,-2.0660674e-15,0,-0,4.4408921e-17,-2.77555756e-17,3.51478094e-16,1.00799412e-30,6.74269445e-31,-0,6.17873209e-29,2,7.39567521e-18,1.49508774e-15,1.84734624e-16
1.846,1.57079633,1.9085072,-1.97113103e-15,-1.62665356e-14,-2.499557e-12,7.34667403e-15,0,-0,4.4408921e-17,-2.77555756e-17,2.48811359e-16,7.79714453e-31,-1.44812571e-29,-0,-3.16612714e-28,2,5.01796219e-18,1.14685075e-15,1.48704344e-16
1.848,1.57079633,1.9085072,1.94870906e-16,-1.31295566e-14,3.83845605e-12,-2.13298366e-15,0,-0,4.4408921e-17,-2.77555756e-17,1.11446499e-16,5.3634043e-31,-4.15656458e-31,-0,1.62321328e-28,2,2.31725826e-18,7.6618924e-16,1.22469931e-16
1.85,1.57079633,1.9085072,8.40272117e-16,-1.85064124e-14,-6.30830513e-12,-6.33442537e-15,0,-0,0,0,6.28190294e-17,9.76170062e-31,-5.32264101e-30,-0,-7.8086864e-30,2,4.26612956e-18,4.03378226e-16,8.94294825e-17
1.852,1.57079633,1.9085072,-2.13362141e-15,-1.37228333e-14,-1.17844385e-12,9.80529612e-15,0,-0,0,0,3.23682852e-17,5.4774182e-31,-2.09207897e-29,-0,-3.07359852e-28,2,1.72562183e-18,9.64155423e-17,5.67563978e-17
1.854,1.57079633,1.9085072,-3.06472144e-15,-2.0574397e-15,-2.64822549e-12,1.7258135e-14,0,-0,0,0,1.15644531e-16,4.07769556e-32,-5.28913765e-29,-0,-3.67021809e-29,2,-3.86905568e-18,-1.41818683e-16,4.29890252e-17
1.856,1.57079633,1.9085072,-1.37753759e-15,1.04952266e-14,4.5655084e-12,1.14920117e-14,0,-0,0,0,1.15644531e-16,3.03626877e-31,-1.58306781e-29,0,1.58825052e-28,2,-9.20864751e-18,-2.98082262e-16,5.65732755e-17
1.858,1.57079633,1.9085072,2.92879966e-16,1.42620613e-14,1.06649105e-12,3.29542206e-15,0,-0,0,0,1.14850747e-16,5.44363748e-31,9.65163103e-31,0,6.51790778e-29,2,-9.51964379e-18,-3.78858324e-16,8.29362422e-17
1.86,1.57079633,1.9085072,1.62587381e-15,1.35115509e-14,1.55743566e-12,-4.32828329e-15,0,-0,4.4408921e-17,-2.77555756e-17,1.24506265e-16,4.88523803e-31,-7.03724245e-30,0,-1.60581348e-28,2,-7.60217155e-18,-3.96014188e-16,1.11801464e-16
1.862,1.57079633,1.9085072,1.89604798e-15,8.22436746e-15,-6.36712431e-13,-7.58856329e-15,0,-0,4.4408921e-17,-2.77555756e-17,1.25238866e-16,1.84178447e-31,-1.43882801e-29,0,-1.07711315e-28,2,-3.78335319e-18,-3.59084097e-16,1.32399928e-16
1.864,1.57079633,1.9085072,1.43093521e-15,2.90522347e-15,-9.25290015e-13,-6.88534967e-15,0,-0,4.4408921e-17,-2.77555756e-17,1.24506265e-16,2.88786808e-32,-9.85248925e-30,0,-2.66225741e-29,2,-5.38652716e-19,-2.76585867e-16,1.42084433e-16
1.866,1.57079633,1.9085072,-2.90883828e-16,2.20906768e-16,-5.97631389e-12,9.18482803e-16,0,-0,4.4408921e-17,-2.77555756e-17,1.12264356e-16,9.11031791e-33,-2.67171794e-31,0,6.51740284e-30,2,1.07187267e-18,-1.57082211e-16,1.43098115e-16
1.868,1.57079633,1.9085072,-1.30922622e-15,6.22460341e-15,1.09738285e-12,7.41036025e-15,0,-0,4.4408921e-17,-2.77555756e-17,5.63547556e-17,1.14036087e-31,-9.70183797e-30,0,9.18538337e-29,2,-1.72845825e-18,-1.59685326e-17,1.5116729e-16
1.87,1.57079633,1.9085072,-9.30276832e-18,9.27627122e-15,1.86241954e-12,1.55623575e-15,0,-0,4.4408921e-17,-2.77555756e-17,1.66533454e-17,2.37223706e-31,-1.44773006e-32,0,-7.80399858e-30,2,-3.01944382e-18,1.15202492e-16,1.68448546e-16
1.872,1.57079633,1.9085072,5.77866496e-16,8.35153376e-15,1.22247906e-13,-1.82683612e-15,0,-0,4.4408921e-17,-2.77555756e-17,9.71445147e-18,1.91204599e-31,-1.05566739e-30,0,-3.47144811e-29,2,-2.12499273e-18,2.19758432e-16,1.86089588e-16
1.874,1.57079633,1.9085072,5.39246859e-16,6.74469111e-15,-2.50296241e-13,-2.20725162e-15,0,-0,4.4408921e-17,-2.77555756e-17,1.66533454e-17,1.24700507e-31,-1.1902535e-30,0,-2.78154871e-29,2,-9.7796534e-19,3.0317126e-16,2.00794199e-16
1.876,1.57079633,1.9085072,3.85321304e-16,5.27491104e-15,2.95956198e-12,-1.88214248e-15,0,-0,4.4408921e-17,-2.77555756e-17,5.63547556e-17,7.63564286e-32,-7.25229596e-31,0,-5.40523856e-29,2,-8.89280693e-20,3.70084044e-16,2.12404681e-16
1.878,1.57079633,1.9085072,1.21686536e-15,4.22194673e-16,-1.39239501e-13,-7.10534974e-15,0,-0,4.4408921e-17,-2.77555756e-17,5.63547556e-17,1.6385069e-33,-8.646254e-30,0,1.74539726e-30,2,2.04204584e-18,4.08131728e-16,2.17223994e-16
1.88,1.57079633,1.9085072,9.63986272e-16,-5.00560497e-15,-7.02573455e-13,-6.93059757e-15,0,-0,4.4408921e-17,-2.77555756e-17,5.63547556e-17,6.73282089e-32,-6.68100091e-30,-0,7.26061551e-29,2,4.22133241e-18,4.16011548e-16,2.11205384e-16
1.882,1.57079633,1.9085072,5.64310223e-16,-9.62824415e-15,-6.35979113e-13,-5.64458533e-15,0,-0,4.4408921e-17,-2.77555756e-17,5.63547556e-17,2.47784031e-31,-3.18529721e-30,-0,1.06082156e-28,2,5.64606844e-18,4.00447558e-16,1.95262996e-16
1.884,1.57079633,1.9085072,2.37284039e-16,-1.32936702e-14,-4.58465192e-13,-4.36143996e-15,0,-0,4.4408921e-17,-2.77555756e-17,5.63547556e-17,4.72432031e-31,-1.03490009e-30,-0,1.12111112e-28,2,6.35003954e-18,3.66174108e-16,1.7128307e-16
1.886,1.57079633,1.9085072,-8.92744679e-16,-1.35777507e-14,-7.85701993e-13,1.72841919e-15,0,-0,4.4408921e-17,-2.77555756e-17,1.66533454e-17,4.93085472e-31,-1.54303703e-30,-0,-7.09879142e-29,2,5.47060841e-18,3.26544586e-16,1.43396408e-16
1.888,1.57079633,1.9085072,-1.84239391e-15,-1.06319935e-14,4.42620943e-12,7.58261585e-15,0,-0,4.4408921e-17,-2.77555756e-17,1.24506265e-16,7.2652367e-31,-1.39701653e-29,-0,-1.83859029e-28,2,3.2587074e-18,-4.01104963e-16,1.18869621e-16
1.89,1.57079633,1.9085072,-7.14844198e-17,-7.30357244e-15,5.23139186e-12,-4.46297954e-17,0,-0,0,-2.77555756e-17,3.72752317e-16,3.44797154e-31,3.19033503e-33,-0,-1.74009546e-29,2,8.04103789e-19,-1.12985867e-15,1.02749407e-16
1.892,1.57079633,1.9085072,1.28438169e-15,-1.23410906e-14,-1.31217824e-12,-7.79594874e-15,0,-0,0,0,4.84827623e-16,4.65214584e-31,-1.00129738e-29,-0,1.28318484e-28,2,2.74808055e-18,-1.57200605e-15,8.2166454e-17
1.894,1.57079633,1.9085072,6.61297903e-16,-1.69914098e-14,-7.81952658e-13,-5.55001222e-15,0,-0,0,0,4.85016275e-16,7.72486549e-31,-3.67021144e-30,-0,1.69594001e-28,2,4.48704541e-18,-1.73179141e-15,5.14458166e-17
1.896,1.57079633,1.9085072,2.83914903e-16,-2.04459419e-14,-4.83672386e-13,-4.07438571e-15,0,-0,0,0,4.84827623e-16,1.12883099e-30,-1.15677883e-30,-0,1.74468861e-28,2,5.30962238e-18,-1.65163478e-15,1.29911081e-17
1.898,1.57079633,1.9085072,1.8701807e-16,-2.37387621e-14,-2.82733958e-12,-3.86882808e-15,0,-0,0,0,3.61206587e-16,1.55796516e-30,-7.23540762e-31,-0,6.91589841e-29,2,5.86747547e-18,-1.38450075e-15,-3.19441546e-17
1.9,1.57079633,1.9085072,-7.42261036e-16,-2.35127729e-14,2.91620475e-12,1.30050594e-15,0,-0,0,0,3.10468787e-16,1.56413898e-30,-9.65314889e-31,-0,9.27984924e-29,2,4.82159847e-18,-1.00307483e-15,-7.95272192e-17
1.902,1.57079633,1.9085072,-2.80892353e-15,-2.02274849e-14,-1.73855848e-12,1.27071283e-14,0,-0,-4.4408921e-17,0,1.71096859e-16,1.19448224e-30,-3.56933516e-29,-0,-5.88797959e-28,2,2.67497881e-18,-5.68219098e-16,-1.25634063e-16
1.904,1.57079633,1.9085072,-2.15940601e-15,-9.71069757e-15,-6.01362635e-12,1.21913826e-14,0,-0,-4.4408921e-17,0,1.17756934e-16,3.40550191e-31,-2.63261448e-29,-0,-3.49251002e-28,2,-2.78870508e-18,-1.41174453e-16,-1.52239608e-16
1.906,1.57079633,1.9085072,-1.95614182e-15,2.63617443e-15,2.67642966e-12,1.37779355e-14,0,-0,-4.4408921e-17,0,3.46944695e-17,7.98152789e-32,-2.69515958e-29,0,7.06926418e-29,2,-7.99445271e-18,2.32781578e-16,-1.55178005e-16
1.908,1.57079633,1.9085072,-2.66358085e-17,8.84951516e-15,5.62767894e-12,4.97700622e-15,0,-0,-4.4408921e-17,0,1.16317057e-16,2.42868493e-31,-1.32566585e-31,0,-2.67611284e-29,2,-9.68765436e-18,5.22376002e-16,-1.40860354e-16
1.91,1.57079633,1.9085072,1.75187991e-15,6.26701566e-15,3.8308107e-13,-5.27033994e-15,0,-0,-4.4408921e-17,0,1.17756934e-16,1.19109583e-31,-9.23300267e-30,0,-7.28214237e-29,2,-6.97811924e-18,7.10953494e-16,-1.25646305e-16
1.912,1.57079633,1.9085072,1.64283636e-15,1.58803591e-15,-7.4478967e-13,-6.46870134e-15,0,-0,-4.4408921e-17,0,1.16317057e-16,1.11596759e-32,-1.06270178e-29,0,-1.27880744e-29,2,-3.49096093e-18,8.12076514e-16,-1.18924527e-16
1.914,1.57079633,1.9085072,1.64576894e-15,-3.36195401e-15,1.17707937e-12,-7.95928639e-15,0,-0,-4.4408921e-17,0,1.71096859e-16,3.15468306e-32,-1.30991464e-29,-0,8.04393501e-29,2,-5.39116672e-19,8.42740259e-16,-1.21569885e-16
1.916,1.57079633,1.9085072,9.95973844e-16,-9.45742926e-15,-1.93453141e-12,-6.22003897e-15,0,-0,-4.4408921e-17,0,1.16317057e-16,2.40679686e-31,-6.19499612e-30,-0,9.18549988e-29,2,2.4803395e-18,8.04106e-16,-1.36656442e-16
1.918,1.57079633,1.9085072,2.3356453e-16,-1.2137331e-14,-6.34767602e-13,-2.86186787e-15,0,-0,-4.4408921e-17,0,1.17756934e-16,3.97553025e-31,-6.68430823e-31,-0,5.97723922e-29,2,3.38809043e-18,7.24587615e-16,-1.59206382e-16
1.92,1.57079633,1.9085072,-2.21987285e-17,-1.36325895e-14,-2.24636166e-13,-1.63619563e-15,0,-0,-4.4408921e-17,0,1.16317057e-16,5.0377011e-31,3.63214625e-32,-0,4.27217004e-29,2,3.49437854e-18,6.12706373e-16,-1.85460997e-16
1.922,1.57079633,1.9085072,-5.76668776e-16,-1.39763309e-14,-2.05993249e-12,1.3385345e-15,0,-0,-4.4408921e-17,0,6.79869978e-17,5.31828793e-31,-7.71891051e-31,-0,-9.99560134e-29,2,3.08961876e-18,4.76261561e-16,-2.13696459e-16
1.924,1.57079633,1.9085072,-1.13023124e-15,-1.05377764e-14,-3.04325937e-12,5.14526262e-15,0,-0,-4.4408921e-17,0,3.92523115e-17,3.07200693e-31,-5.81533654e-30,-0,-1.77307424e-28,2,1.01178714e-18,3.38127941e-16,-2.37597289e-16
1.926,1.57079633,1.9085072,-1.87522545e-15,-3.00010862e-15,5.10045389e-13,1.06508746e-14,0,-0,-4.4408921e-17,0,3.46944695e-17,3.29428191e-32,-1.9972791e-29,-0,-4.72732622e-29,2,-2.54949468e-18,2.16927683e-16,-2.49575663e-16
1.928,1.57079633,1.9085072,-1.4011858e-15,4.80105445e-15,1.07372966e-12,9.89136464e-15,0,-0,-4.4408921e-17,0,3.92523115e-17,6.75212095e-32,-1.38596397e-29,0,1.01964024e-28,2,-5.7708713e-18,1.15796343e-16,-2.45673772e-16
1.93,1.57079633,1.9085072,-8.07311404e-16,1.13218992e-14,-2.31049037e-12,7.94619305e-15,0,-0,-4.4408921e-17,0,6.54613942e-17,3.45961016e-31,-6.41505227e-30,0,2.55225091e-28,2,-7.81927207e-18,2.99362518e-17,-2.27695108e-16
1.932,1.57079633,1.9085072,-1.312611e-15,2.01301254e-14,5.80262047e-13,1.17467748e-14,0,-0,-4.4408921e-17,0,6.54613942e-17,1.08342569e-30,-1.54189458e-29,0,4.94371651e-28,2,-1.03674397e-17,-2.80007548e-17,-1.9422018e-16
1.934,1.57079633,1.9085072,-8.45079082e-16,2.86212235e-14,9.76289743e-13,1.04525765e-14,0,-0,-4.4408921e-17,0,6.79869978e-17,2.18652732e-30,-8.83325374e-30,0,5.87358813e-28,2,-1.24543621e-17,-5.63985994e-17,-1.43144898e-16
1.936,1.57079633,1.9085072,-3.16268884e-16,3.56143102e-14,7.89563636e-13,8.31565864e-15,0,-0,0,0,6.42588033e-17,3.38467868e-30,-2.62998408e-30,0,5.75198041e-28,2,-1.34686284e-17,-6.17322869e-17,-7.69137853e-17
1.938,1.57079633,1.9085072,7.97408884e-17,4.11196778e-14,5.30267229e-13,6.39259727e-15,0,-0,0,0,6.42588033e-17,4.51211893e-30,5.09751386e-31,0,5.14869811e-28,2,-1.35826034e-17,-4.85568825e-17,1.41032648e-18
1.94,1.57079633,1.9085072,3.35131636e-16,4.53997471e-14,3.16985642e-13,4.8663843e-15,0,-0,0,0,6.28190294e-17,5.50073248e-30,1.63087933e-30,0,4.40148993e-28,2,-1.3084085e-17,-2.03869645e-17,8.91691381e-17
1.942,1.57079633,1.9085072,1.67107985e-15,4.53476782e-14,8.05165803e-13,-2.94236593e-15,0,-0,4.4408921e-17,-2.77555756e-17,5.63547556e-17,5.49014546e-30,-4.91692843e-30,0,-3.57254518e-28,2,-1.08260667e-17,2.03265957e-17,1.8112785e-16
1.944,1.57079633,1.9085072,2.47871539e-15,4.04414427e-14,5.03958951e-13,-9.0657384e-15,0,-0,4.4408921e-17,-2.77555756e-17,1.66533454e-17,4.36875198e-30,-2.24713853e-29,0,-8.04298198e-28,2,-6.65567708e-18,6.88387728e-17,2.66635796e-16
1.946,1.57079633,1.9085072,5.44174863e-15,2.52098023e-14,2.39719571e-12,-2.78183294e-14,0,-0,4.4408921e-17,-1.11022302e-16,8.4915733e-17,1.71212947e-30,-1.51380356e-28,0,-1.46495709e-27,2,1.21917261e-18,1.08453421e-16,3.31768733e-16
1.948,1.57079633,1.9085072,5.28455408e-15,5.21738853e-16,-2.87449578e-12,-3.26550971e-14,0,-0,8.8817842e-17,-1.11022302e-16,8.38314879e-17,1.63056116e-32,-1.72567626e-28,0,1.2415938e-28,2,1.24646533e-17,1.48275742e-16,3.51398058e-16
1.95,1.57079633,1.9085072,3.47320501e-15,-2.18523962e-14,-3.19200345e-12,-2.77751135e-14,0,-0,4.4408921e-17,-1.11022302e-16,8.38314879e-17,1.28198421e-30,-9.64686634e-29,-0,1.23351241e-27,2,2.0818177e-17,1.93970894e-16,3.23837013e-16
1.952,1.57079633,1.9085072,5.71025387e-16,-3.8197522e-14,-1.19085547e-11,-1.53483814e-14,0,-0,4.4408921e-17,-2.77555756e-17,9.71445147e-18,3.8951483e-30,-8.76431544e-30,-0,2.77987365e-28,2,2.4986509e-17,2.45384719e-16,2.57743352e-16
1.954,1.57079633,1.9085072,-3.31044897e-15,-3.64683729e-14,-1.1991856e-12,6.46374785e-15,0,-0,4.4408921e-17,-2.77555756e-17,1.66533454e-17,3.5553144e-30,-2.13979074e-29,-0,-5.72935332e-28,2,2.0176994e-17,2.97280666e-16,1.81882289e-16
1.956,1.57079633,1.9085072,-3.30338936e-15,-2.97513721e-14,1.21820122e-12,9.86173019e-15,0,-0,4.4408921e-17,-2.77555756e-17,1.66533454e-17,2.36801766e-30,-3.25771346e-29,-0,-5.21213263e-28,2,1.33104332e-17,3.41481588e-16,1.17160708e-16
1.958,1.57079633,1.9085072,-2.75032594e-15,-2.26968043e-14,1.09391072e-12,1.00167217e-14,0,-0,0,0,6.28190294e-17,1.37852076e-30,-2.75492494e-29,-0,-4.08647968e-28,2,7.46981602e-18,3.71664263e-16,6.6373057e-17
1.96,1.57079633,1.9085072,-2.04009495e-15,-1.59355181e-14,1.29502713e-12,8.78525073e-15,0,-0,0,0,6.28190294e-17,6.79874327e-31,-1.79227457e-29,-0,-2.39634489e-28,2,2.83044808e-18,3.70596017e-16,2.96022782e-17
1.962,1.57079633,1.9085072,-1.8082792e-15,-9.78380991e-15,-9.36981074e-13,9.33719571e-15,0,-0,0,0,3.23682852e-17,2.57692475e-31,-1.68842568e-29,-0,-1.96500917e-28,2,-5.91599392e-19,3.44275928e-16,5.14008165e-18
1.964,1.57079633,1.9085072,-1.79689594e-15,-1.3491463e-15,9.56954698e-13,1.11815897e-14,0,-0,0,0,3.23682852e-17,7.01828589e-33,-2.00921531e-29,-0,-1.11595856e-29,2,-4.39421986e-18,3.15859741e-16,-3.92245748e-18
1.966,1.57079633,1.9085072,-1.18591299e-15,6.34144323e-15,1.08892443e-12,9.55122273e-15,0,-0,0,0,3.23682852e-17,1.08485559e-31,-1.13269191e-29,0,1.24689565e-28,2,-7.24331554e-18,2.88504628e-16,3.20787694e-18
1.968,1.57079633,1.9085072,-6.10148992e-16,1.25592501e-14,8.39760896e-13,7.4877736e-15,0,-0,0,0,2.94065051e-17,4.21511078e-31,-4.56865752e-30,0,1.82477758e-28,2,-8.87405729e-18,2.61629384e-16,2.38942278e-17
1.97,1.57079633,1.9085072,-1.88611248e-16,1.74106232e-14,5.69944315e-13,5.71442211e-15,0,-0,0,0,2.94065051e-17,8.09280698e-31,-1.07780429e-30,0,1.92395005e-28,2,-9.54273174e-18,2.35213473e-16,5.52704872e-17
1.972,1.57079633,1.9085072,8.94719901e-17,2.11599517e-14,3.5706969e-13,4.32892139e-15,0,-0,0,0,2.94065051e-17,1.1951305e-30,3.87317211e-31,0,1.79283033e-28,2,-9.55256267e-18,2.09326063e-16,9.49298099e-17
1.974,1.57079633,1.9085072,1.44865658e-15,2.0681464e-14,8.4621204e-13,-3.36482355e-15,0,-0,4.4408921e-17,-2.77555756e-17,9.71445147e-18,1.14263805e-30,-4.87447377e-30,0,-1.80379139e-28,2,-7.75691869e-18,1.84376952e-16,1.3786126e-16
1.976,1.57079633,1.9085072,1.53395153e-15,1.69657866e-14,-5.53682863e-13,-5.36669866e-15,0,-0,4.4408921e-17,-2.77555756e-17,9.71445147e-18,7.69402392e-31,-8.23225564e-30,0,-1.67195636e-28,2,-4.60611802e-18,1.62922999e-16,1.74688059e-16
1.978,1.57079633,1.9085072,1.15835689e-15,1.32998451e-14,-7.09788408e-13,-4.7975503e-15,0,-0,4.4408921e-17,-2.77555756e-17,9.71445147e-18,4.72772763e-31,-5.55727546e-30,0,-1.11466721e-28,2,-1.9884683e-18,1.45814912e-16,2.03951954e-16
1.98,1.57079633,1.9085072,7.74899961e-16,1.0293071e-14,-5.80420151e-13,-3.79359621e-15,0,-0,4.4408921e-17,-2.77555756e-17,9.71445147e-18,2.83072217e-31,-2.93965756e-30,0,-6.81984602e-29,2,-1.61807181e-19,1.32515707e-16,2.26682359e-16
1.982,1.57079633,1.9085072,4.77226438e-16,7.95450627e-15,-4.20483811e-13,-2.88680884e-15,0,-0,4.4408921e-17,-2.77555756e-17,9.71445147e-18,1.68993532e-31,-1.3776615e-30,0,-4.07559083e-29,2,1.0013533e-18,1.2227391e-16,2.4424926e-16
1.984,1.57079633,1.9085072,2.66121693e-16,6.16451865e-15,-2.88521115e-13,-2.17046235e-15,0,-0,4.4408921e-17,-2.77555756e-17,1.66533454e-17,1.01462392e-31,-5.77607114e-31,0,-2.42981785e-29,2,1.67970778e-18,1.14416587e-16,2.57845306e-16
1.986,1.57079633,1.9085072,1.23168158e-16,4.79857637e-15,-1.90783245e-13,-1.62791745e-15,0,-0,4.4408921e-17,-2.77555756e-17,1.66533454e-17,6.14663263e-32,-2.00507593e-31,0,-1.45659022e-29,2,2.02415332e-18,1.08400222e-16,2.68409382e-16
1.988,1.57079633,1.9085072,1.01219262e-15,1.73384841e-15,1.32500875e-12,-6.53249221e-15,0,-0,4.4408921e-17,-5.55111512e-17,3.23682852e-17,8.53747763e-33,-6.6121404e-30,0,-2.12027334e-29,2,2.94305822e-18,1.03899791e-16,2.75219735e-16
1.99,1.57079633,1.9085072,1.22640276e-15,-4.89846445e-15,-4.83553039e-12,-8.84980094e-15,0,-0,4.4408921e-17,-2.77555756e-17,1.66533454e-17,6.47916972e-32,-1.08534203e-29,-0,4.67135518e-29,2,5.4355743e-18,1.0274131e-16,2.70491697e-16
1.992,1.57079633,1.9085072,-4.84633658e-16,-6.27448255e-15,-8.53502732e-13,-2.49836534e-16,0,-0,4.4408921e-17,-2.77555756e-17,1.66533454e-17,1.08344529e-31,1.21079193e-31,-0,-8.50996235e-30,2,5.34600965e-18,6.41817202e-17,2.58297681e-16
1.994,1.57079633,1.9085072,-1.45293901e-15,-3.90366127e-15,-9.95696204e-13,5.56693197e-15,0,-0,4.4408921e-17,-2.77555756e-17,5.63547556e-17,4.30979716e-32,-8.0884126e-30,-0,-4.61841447e-29,2,3.39552613e-18,2.63680427e-18,2.47761156e-16
1.996,1.57079633,1.9085072,-1.54787756e-15,1.66605944e-15,6.64488175e-13,7.64116606e-15,0,-0,4.4408921e-17,-2.77555756e-17,5.63547556e-17,8.8018473e-33,-1.18275895e-29,0,3.53505938e-29,2,1.96443468e-19,-2.42096454e-17,2.46825232e-16
1.998,1.57079633,1.9085072,-1.10150726e-15,6.94696695e-15,8.32543898e-13,6.68885922e-15,0,-0,4.4408921e-17,-2.77555756e-17,5.63547556e-17,1.294154e-31,-7.36782698e-30,0,9.34468544e-29,2,-2.36264585e-18,-2.35378172e-17,2.56892911e-16
2,1.57079633,1.9085072,-6.55456067e-16,1.12535319e-14,4.91437829e-12,5.2742708e-15,0,-0,4.4408921e-17,-5.55111512e-17,6.28190294e-17,3.38560763e-31,-3.45705279e-30,0,8.65138998e-30,2,-3.99398094e-18,-1.18264568e-18,2.76328355e-16
