group,precision,model,exact,axis,peak,control,dt,integrator,contacts,failed,trace,step_us,closure_max_mm,closure_rms_mm,settled_closure_mm,aperture_peak_mm,aperture_pp_mm,aperture_recovery_mm,pad_peak_mm,weld_angle_max_deg,equality_work_J,equality_abs_work_J,iterations_mean,contact_count_max
baseline,double,connect,0,0,0,128,0.002,implicitfast,0,False,double_connect_e0_a0_p0_c128_h0.002_implicitfast_contact0.csv,2.494257333333333,0.004096245110159999,0.004096245109834178,0.004096244623274999,3.4625199235582826e-07,0.0,-3.4625197847804046e-07,1.8069879936981176e-07,0.0,-9.006385743010371e-16,1.7191119740602287e-13,0.8130934532733634,0
baseline,double,connect,0,0,10,128,0.002,implicitfast,0,False,double_connect_e0_a0_p10_c128_h0.002_implicitfast_contact0.csv,2.5519975555555554,0.0046740890064000005,0.0044667907950120935,0.004096244623274999,4.16051991469768e-07,4.909000012043307e-07,-3.4625197847804046e-07,0.001298526076890896,0.0,-1.2776801538127586e-05,2.4937925662286732e-05,1.0,0
baseline,double,connect,0,0,50,128,0.002,implicitfast,0,False,double_connect_e0_a0_p50_c128_h0.002_implicitfast_contact0.csv,2.449031777777778,0.0070506740204,0.006036647531941314,0.004096244623274999,9.876248006912558e-06,1.1976799996205045e-05,-3.4625197847804046e-07,0.006495988905584311,0.0,-0.0003187071842248416,0.0006221849574359863,1.0,0
baseline,double,connect,0,1,10,128,0.002,implicitfast,0,False,double_connect_e0_a1_p10_c128_h0.002_implicitfast_contact0.csv,2.534298888888889,0.00409624511011,0.00409624510982904,0.004096244623274999,3.4625199235582826e-07,0.0,-3.4625197847804046e-07,1.8069879936981176e-07,0.0,-4.803505376834355e-16,1.7751746839024183e-13,0.8180909545227386,0
baseline,double,connect,0,1,50,128,0.002,implicitfast,0,False,double_connect_e0_a1_p50_c128_h0.002_implicitfast_contact0.csv,2.514006666666667,0.004096245110130001,0.004096245109832494,0.004096244623274999,3.4625199235582826e-07,0.0,-3.4625197847804046e-07,1.8069879936981176e-07,0.0,-1.5871328708898736e-16,1.7364423880212953e-13,0.8150924537731135,0
baseline,double,connect,0,2,10,128,0.002,implicitfast,0,False,double_connect_e0_a2_p10_c128_h0.002_implicitfast_contact0.csv,2.5677386666666666,0.00427237247727,0.004098426620810382,0.004096244623274999,0.006676490151992509,0.013351893600001274,-3.446965352038589e-07,0.0034818552809219847,0.0,1.2457753572531418e-07,5.190058970785412e-05,1.0,0
baseline,double,connect,0,2,50,128,0.002,implicitfast,0,False,double_connect_e0_a2_p50_c128_h0.002_implicitfast_contact0.csv,2.6047,0.00498548791068,0.004150660746114448,0.004096244623274999,0.033390207448011355,0.06675950030000238,-3.3833814222505865e-07,0.017414508253873532,0.0,3.112713245702837e-06,0.0002594866750215293,1.0,0
baseline,double,connect,1,0,0,128,0.002,implicitfast,0,False,double_connect_e1_a0_p0_c128_h0.002_implicitfast_contact0.csv,2.745358,0.011706647728499999,0.011706647728268967,0.011706647330962,3.4629300121880036e-07,0.0,-3.4629302203548207e-07,1.804677188547761e-07,0.0,3.6090332090252344e-16,1.0989397849883182e-13,0.8070964517741129,0
baseline,double,connect,1,0,10,128,0.002,implicitfast,0,False,double_connect_e1_a0_p10_c128_h0.002_implicitfast_contact0.csv,2.867915777777778,0.0131790185645,0.012651589190958374,0.011706647330962,6.212930031557207e-07,7.089000012006075e-07,-3.4629302203548207e-07,0.0018768636563385262,0.0,-2.221213723637426e-05,4.3381474320530244e-05,1.0,0
baseline,double,connect,1,0,50,128,0.002,implicitfast,0,False,double_connect_e1_a0_p50_c128_h0.002_implicitfast_contact0.csv,2.7314404444444444,0.0190904720681,0.016560173553107696,0.011706647330962,1.0146606999050789e-05,1.7364000001740543e-05,-3.4629302203548207e-07,0.00938870681948535,0.0,-0.0005545327007852824,0.0010831914301686913,1.0,0
baseline,double,connect,1,1,10,128,0.002,implicitfast,0,False,double_connect_e1_a1_p10_c128_h0.002_implicitfast_contact0.csv,2.677553333333334,0.011706647728499999,0.011706647728256673,0.011706647330962,3.4629300121880036e-07,0.0,-3.4629302203548207e-07,1.804677188547761e-07,0.0,4.733321526943372e-16,1.2200722016279501e-13,0.8055972013993004,0
baseline,double,connect,1,1,50,128,0.002,implicitfast,0,False,double_connect_e1_a1_p50_c128_h0.002_implicitfast_contact0.csv,2.6662606666666666,0.011706647728499999,0.01170664772825887,0.011706647330962,3.4629300121880036e-07,0.0,-3.4629302203548207e-07,1.804677188547761e-07,0.0,-6.24524832770847e-17,1.0478966340192966e-13,0.8060969515242379,0
baseline,double,connect,1,2,10,128,0.002,implicitfast,0,False,double_connect_e1_a2_p10_c128_h0.002_implicitfast_contact0.csv,2.7874093333333336,0.012146544601800001,0.011710903799313752,0.011706647330962,0.006886550893002441,0.013772194599998011,-3.4469697929306875e-07,0.00360170525606787,0.0,-7.715919479679317e-07,0.00013156458387178293,1.0,0
baseline,double,connect,1,2,50,128,0.002,implicitfast,0,False,double_connect_e1_a2_p50_c128_h0.002_implicitfast_contact0.csv,2.725507111111111,0.0139088392114,0.011811806634476969,0.011706647330962,0.03444350560699583,0.06886099189999662,-3.3833657403503636e-07,0.01801559390464241,0.0,-1.9290306410642823e-05,0.0006577735639308054,1.0,0
baseline,double,shadow,0,0,0,128,0.002,implicitfast,0,False,double_shadow_e0_a0_p0_c128_h0.002_implicitfast_contact0.csv,3.6247477777777783,10.5000114517,10.500011451700002,10.500011512027001,4.263729924680604e-07,0.0,-4.263729924680604e-07,2.179459123248571e-07,24.657356458115345,5.2488733004797835e-18,1.748444391606692e-13,0.8095952023988006,0
baseline,double,shadow,0,0,10,128,0.002,implicitfast,0,False,double_shadow_e0_a0_p10_c128_h0.002_implicitfast_contact0.csv,3.723853111111111,10.5014405572,10.500920784653768,10.500011512027001,1.1610729946931464e-06,1.726000037338693e-07,-4.263729924680604e-07,0.006467107271571753,24.657960680956844,-6.442969082605736e-05,0.000129683364504552,1.0,0
baseline,double,shadow,0,0,50,128,0.002,implicitfast,0,False,double_shadow_e0_a0_p50_c128_h0.002_implicitfast_contact0.csv,3.994572222222222,10.504681299900001,10.49927530149752,10.500011512027001,0.03662544377298904,0.036471956700000197,-4.263729924680604e-07,0.05088496955995925,24.66074582696551,-0.001611194876414923,0.0038642586210289607,1.1199400299850075,0
baseline,double,shadow,0,1,10,128,0.002,implicitfast,0,False,double_shadow_e0_a1_p10_c128_h0.002_implicitfast_contact0.csv,3.696106888888889,10.5000114517,10.500011451700002,10.500011512027001,4.263729924680604e-07,0.0,-4.263729924680604e-07,2.179459123248571e-07,24.65735645817264,7.346980795615412e-16,1.6401590784934841e-13,0.8110944527736131,0
baseline,double,shadow,0,1,50,128,0.002,implicitfast,0,False,double_shadow_e0_a1_p50_c128_h0.002_implicitfast_contact0.csv,3.6279171111111106,10.5000114517,10.500011451700002,10.500011512027001,4.263729924680604e-07,0.0,-4.263729924680604e-07,2.179459123248571e-07,24.657356458115345,5.008182299691314e-16,1.475256801710322e-13,0.8110944527736131,0
baseline,double,shadow,0,2,10,128,0.002,implicitfast,0,False,double_shadow_e0_a2_p10_c128_h0.002_implicitfast_contact0.csv,5.704597777777778,10.5008445676,10.50001116744996,10.500011512027001,0.009642548772989534,0.01928501910000019,-4.247036888838096e-07,0.004928897601659462,24.65936370081525,-7.653501949962162e-06,0.00038230082661880674,1.0,0
baseline,double,shadow,0,2,50,128,0.002,implicitfast,0,False,double_shadow_e0_a2_p50_c128_h0.002_implicitfast_contact0.csv,3.7892337777777776,10.5199999738,10.360822711134551,10.500011512027001,0.6684195540729923,0.7442118980999988,-4.174858583838592e-07,0.3456690002899968,24.704784118887893,-0.00021797195452928349,0.007434523953111035,1.030984507746127,0
baseline,double,shadow,1,0,0,128,0.002,implicitfast,0,False,double_shadow_e1_a0_p0_c128_h0.002_implicitfast_contact0.csv,3.6246375555555552,0.38620063147,0.38620063147,0.38620063526042997,3.479550050866642e-07,0.0,-3.4795503284223983e-07,1.806591796206158e-07,0.4419614754193704,-7.413421653363081e-17,2.779450626280365e-14,0.8060969515242379,0
baseline,double,shadow,1,0,10,128,0.002,implicitfast,0,False,double_shadow_e1_a0_p10_c128_h0.002_implicitfast_contact0.csv,3.9026084444444447,0.444962685907,0.42297028269501835,0.38620063526042997,0.0016661247449964445,0.001378027000002724,-3.480550084256073e-07,0.030193569003646722,0.5008488028783924,-0.000735881173779282,0.002292863309981926,1.0,0
baseline,double,shadow,1,0,50,128,0.002,implicitfast,0,False,double_shadow_e1_a0_p50_c128_h0.002_implicitfast_contact0.csv,3.8840600000000003,0.658228951252,0.5425110585800031,0.38620063526042997,0.03784222324499514,0.03205939180000311,-3.4861537961949907e-07,0.1586068777704793,0.727472879033672,-0.018676559408592634,0.05201317622511462,1.0,0
baseline,double,shadow,1,1,10,128,0.002,implicitfast,0,False,double_shadow_e1_a1_p10_c128_h0.002_implicitfast_contact0.csv,3.6496977777777775,0.38620063147,0.38620063147,0.38620063526042997,3.479550050866642e-07,0.0,-3.4795503284223983e-07,1.806591796206158e-07,0.44196147541879743,5.279774863635369e-17,2.7357906402593545e-14,0.8060969515242379,0
baseline,double,shadow,1,1,50,128,0.002,implicitfast,0,False,double_shadow_e1_a1_p50_c128_h0.002_implicitfast_contact0.csv,3.7031606666666663,0.38620063147,0.38620063147,0.38620063526042997,3.479550050866642e-07,0.0,-3.4795503284223983e-07,1.8065917962061592e-07,0.44196147542051634,2.4984019766882757e-16,2.6265148610474373e-14,0.8055972013993004,0
baseline,double,shadow,1,2,10,128,0.002,implicitfast,0,False,double_shadow_e1_a2_p10_c128_h0.002_implicitfast_contact0.csv,3.729879111111111,0.400950853134,0.38625294630705864,0.38620063526042997,0.017887022044991985,0.03555522769999736,-3.464668968389262e-07,0.01056132616073561,0.45856475593328355,-4.89699328744415e-05,0.004064449358443273,1.0,0
baseline,double,shadow,1,2,50,128,0.002,implicitfast,0,False,double_shadow_e1_a2_p50_c128_h0.002_implicitfast_contact0.csv,4.02589488888889,0.45890620923500003,0.38744922571929874,0.38620063526042997,0.09145638614499463,0.17748794769999882,-3.402619228043413e-07,0.05399878946016748,0.5242756855638679,-0.0012294485859050581,0.020359080255924266,1.0,0
scale1,double,connect,0,0,0,128,0.002,implicitfast,0,False,double_connect_e0_a0_p0_c128_h0.002_implicitfast_contact0.csv,2.638168444444444,0.004096245110159999,0.004096245109834178,0.004096244623274999,3.4625199235582826e-07,0.0,-3.4625197847804046e-07,1.8069879936981176e-07,0.0,-9.006385743010371e-16,1.7191119740602287e-13,0.8130934532733634,0
scale1,double,connect,0,0,10,128,0.002,implicitfast,0,False,double_connect_e0_a0_p10_c128_h0.002_implicitfast_contact0.csv,2.6655773333333332,0.0046740890064000005,0.0044667907950120935,0.004096244623274999,4.16051991469768e-07,4.909000012043307e-07,-3.4625197847804046e-07,0.001298526076890896,0.0,-1.2776801538127586e-05,2.4937925662286732e-05,1.0,0
scale1,double,connect,0,0,50,128,0.002,implicitfast,0,False,double_connect_e0_a0_p50_c128_h0.002_implicitfast_contact0.csv,2.641339111111111,0.0070506740204,0.006036647531941314,0.004096244623274999,9.876248006912558e-06,1.1976799996205045e-05,-3.4625197847804046e-07,0.006495988905584311,0.0,-0.0003187071842248416,0.0006221849574359863,1.0,0
scale1,double,connect,0,2,10,128,0.002,implicitfast,0,False,double_connect_e0_a2_p10_c128_h0.002_implicitfast_contact0.csv,2.6267315555555553,0.00427237247727,0.004098426620810382,0.004096244623274999,0.006676490151992509,0.013351893600001274,-3.446965352038589e-07,0.0034818552809219847,0.0,1.2457753572531418e-07,5.190058970785412e-05,1.0,0
scale1,double,connect,0,2,50,128,0.002,implicitfast,0,False,double_connect_e0_a2_p50_c128_h0.002_implicitfast_contact0.csv,2.6690511111111115,0.00498548791068,0.004150660746114448,0.004096244623274999,0.033390207448011355,0.06675950030000238,-3.3833814222505865e-07,0.017414508253873532,0.0,3.112713245702837e-06,0.0002594866750215293,1.0,0
scale1,double,connect,1,0,0,128,0.002,implicitfast,0,False,double_connect_e1_a0_p0_c128_h0.002_implicitfast_contact0.csv,2.689102888888889,0.011706647728499999,0.011706647728268967,0.011706647330962,3.4629300121880036e-07,0.0,-3.4629302203548207e-07,1.804677188547761e-07,0.0,3.6090332090252344e-16,1.0989397849883182e-13,0.8070964517741129,0
scale1,double,connect,1,0,10,128,0.002,implicitfast,0,False,double_connect_e1_a0_p10_c128_h0.002_implicitfast_contact0.csv,2.8217166666666667,0.0131790185645,0.012651589190958374,0.011706647330962,6.212930031557207e-07,7.089000012006075e-07,-3.4629302203548207e-07,0.0018768636563385262,0.0,-2.221213723637426e-05,4.3381474320530244e-05,1.0,0
scale1,double,connect,1,0,50,128,0.002,implicitfast,0,False,double_connect_e1_a0_p50_c128_h0.002_implicitfast_contact0.csv,2.7264857777777776,0.0190904720681,0.016560173553107696,0.011706647330962,1.0146606999050789e-05,1.7364000001740543e-05,-3.4629302203548207e-07,0.00938870681948535,0.0,-0.0005545327007852824,0.0010831914301686913,1.0,0
scale1,double,connect,1,2,10,128,0.002,implicitfast,0,False,double_connect_e1_a2_p10_c128_h0.002_implicitfast_contact0.csv,2.5689764444444445,0.012146544601800001,0.011710903799313752,0.011706647330962,0.006886550893002441,0.013772194599998011,-3.4469697929306875e-07,0.00360170525606787,0.0,-7.715919479679317e-07,0.00013156458387178293,1.0,0
scale1,double,connect,1,2,50,128,0.002,implicitfast,0,False,double_connect_e1_a2_p50_c128_h0.002_implicitfast_contact0.csv,2.614318,0.0139088392114,0.011811806634476969,0.011706647330962,0.03444350560699583,0.06886099189999662,-3.3833657403503636e-07,0.01801559390464241,0.0,-1.9290306410642823e-05,0.0006577735639308054,1.0,0
scale1,double,shadow,0,0,0,128,0.002,implicitfast,0,False,double_shadow_e0_a0_p0_c128_h0.002_implicitfast_contact0.csv,3.257735111111111,0.0659435960392,0.0659435960389909,0.06594359655824102,3.464269912600848e-07,0.0,-3.464269912600848e-07,1.8040922051775785e-07,0.12123345902970487,6.261790198863653e-16,1.5177345282344104e-13,0.8290854572713643,0
scale1,double,shadow,0,0,10,128,0.002,implicitfast,0,False,double_shadow_e0_a0_p10_c128_h0.002_implicitfast_contact0.csv,3.428116888888889,0.074044399527,0.07110980131255772,0.06594359655824102,0.00021122182699423453,0.00020717710000339729,-3.464269912600848e-07,0.005308012779737782,0.1348364848627224,-8.681083041203219e-05,0.00030258941677048404,1.0,0
scale1,double,shadow,0,0,50,128,0.002,implicitfast,0,False,double_shadow_e0_a0_p50_c128_h0.002_implicitfast_contact0.csv,3.4911573333333337,0.106657048246,0.0922691919608346,0.06594359655824102,0.0018525417730050342,0.003050018299997903,-3.4629136363983903e-07,0.026504349003632927,0.1894514000897948,-0.00187659732516884,0.005459159329716865,1.0,0
scale1,double,shadow,0,2,10,128,0.002,implicitfast,0,False,double_shadow_e0_a2_p10_c128_h0.002_implicitfast_contact0.csv,3.4404293333333333,0.0680785486125,0.06596395580840059,0.06594359655824102,0.009357809573007358,0.01871501510000012,-3.448151209006767e-07,0.004917858460946199,0.12525840622460974,-1.0110787528122297e-05,0.0006710061402281928,1.0,0
scale1,double,shadow,0,2,50,128,0.002,implicitfast,0,False,double_shadow_e0_a2_p50_c128_h0.002_implicitfast_contact0.csv,3.557599111111111,0.07676204922209999,0.06695225014812836,0.06594359655824102,0.04674967562699056,0.09305821339999909,-3.384477975654221e-07,0.024564019745539102,0.14143760888149146,-0.00023475694075338833,0.0030949328021875624,1.0,0
scale1,double,shadow,1,0,0,128,0.002,implicitfast,0,False,double_shadow_e1_a0_p0_c128_h0.002_implicitfast_contact0.csv,4.179891111111112,0.0881488843847,0.08814888437350119,0.08814888456220599,3.471749970840321e-07,0.0,-3.471749693284565e-07,1.8086319805600018e-07,0.10099203796108304,1.5212521805390267e-15,2.8603117522300177e-12,0.9265367316341829,0
scale1,double,shadow,1,0,10,128,0.002,implicitfast,0,False,double_shadow_e1_a0_p10_c128_h0.002_implicitfast_contact0.csv,4.0516000000000005,0.0947254126317,0.09233024931950191,0.08814888456220599,0.00014402512499983589,0.0001311118000002498,-3.471749693284565e-07,0.004389407825428987,0.10580390871406765,-5.9506901209279365e-05,0.00015783198881337248,1.0,0
scale1,double,shadow,1,0,50,128,0.002,implicitfast,0,False,double_shadow_e1_a0_p50_c128_h0.002_implicitfast_contact0.csv,3.9178273333333338,0.13580725419599998,0.11744381729875666,0.08814888456220599,0.0032027714250010275,0.004135017600000179,-3.471769469132191e-07,0.0298569573915233,0.1428484478221591,-0.0023046340256475182,0.005982443569507338,1.0,0
scale1,double,shadow,1,2,10,128,0.002,implicitfast,0,False,double_shadow_e1_a2_p10_c128_h0.002_implicitfast_contact0.csv,3.999234888888889,0.0895767160264,0.0881585504737065,0.08814888456220599,0.007569384624997455,0.015121792499996067,-3.4562151057793145e-07,0.003987584220831852,0.10236562905872872,-2.771536447020597e-06,0.0004154469297462636,1.0,0
scale1,double,shadow,1,2,50,128,0.002,implicitfast,0,False,double_shadow_e1_a2_p50_c128_h0.002_implicitfast_contact0.csv,4.007472888888889,0.0957704755956,0.0884223613715984,0.08814888456220599,0.03814456922499737,0.07585298289999876,-3.392651021227877e-07,0.020077343966908114,0.10849223720030518,-7.258915110857345e-05,0.002149962604045667,1.0,0
noarmature,double,connect,0,0,0,128,0.002,implicitfast,0,False,double_connect_e0_a0_p0_c128_h0.002_implicitfast_contact0.csv,2.6600757777777777,0.0745794912453,0.07457949123134963,0.074579491154797,3.7055500334837177e-07,0.0,-3.7055499640947787e-07,1.9298873701177673e-07,0.0,-1.1750624995356593e-15,5.938874963983232e-12,0.8100949525237381,0
noarmature,double,connect,0,0,0,128,0.001,implicitfast,0,False,double_connect_e0_a0_p0_c128_h0.001_implicitfast_contact0.csv,2.788149777777778,0.0745794912385,0.07457949123454069,0.07457949122734099,3.70193500853766e-07,0.0,-3.701935077926599e-07,1.9281543605091866e-07,0.0,-3.768061077102774e-16,4.79391625272547e-12,0.8977755561109723,0
noarmature,double,connect,0,0,0,128,0.0005,implicitfast,0,False,double_connect_e0_a0_p0_c128_h0.0005_implicitfast_contact0.csv,2.6122835555555555,0.074579491234,0.07457949123274281,0.074579491263633,3.702332468380476e-07,0.0,-3.702332537769415e-07,1.928234090305432e-07,0.0,2.983376677233647e-14,4.143913477683842e-12,0.9300087489063867,0
noarmature,double,connect,0,0,50,128,0.002,implicitfast,0,False,double_connect_e0_a0_p50_c128_h0.002_implicitfast_contact0.csv,2.6097960000000002,0.127063192174,0.10914039715756838,0.074579491154797,0.0015996309449956003,0.001499729699996899,-3.7059459667698746e-07,0.08898740364613016,0.0,-0.0036098940279055023,0.006966122805531182,1.0,0
noarmature,double,connect,0,0,50,128,0.001,implicitfast,0,False,double_connect_e0_a0_p50_c128_h0.001_implicitfast_contact0.csv,2.7364845555555557,0.127268404118,0.10929017559746798,0.07457949122734099,0.0016159515065020114,0.0015287120000012644,-3.7023480115028207e-07,0.08935916252989821,0.0,-0.003479825029714333,0.006952876617400014,1.0,0
noarmature,double,connect,0,0,50,128,0.0005,implicitfast,0,False,double_connect_e0_a0_p50_c128_h0.0005_implicitfast_contact0.csv,2.577380388888889,0.12737197246999998,0.10936405906753999,0.074579491263633,0.001624913466752309,0.00154460369999887,-3.702741516176111e-07,0.089547321942892,0.0,-0.0034137686732925374,0.006946352039374871,1.0,0
noarmature,double,connect,0,2,50,128,0.002,implicitfast,0,False,double_connect_e0_a2_p50_c128_h0.002_implicitfast_contact0.csv,2.605274666666667,0.0905669853779,0.07550682917477865,0.074579491154797,0.07347511834499693,0.14626229309999683,-3.623946004394085e-07,0.03790842780361378,0.0,-0.00032198612085748224,0.004678654733100151,1.0,0
noarmature,double,connect,0,2,50,128,0.001,implicitfast,0,False,double_connect_e0_a2_p50_c128_h0.001_implicitfast_contact0.csv,2.774691888888889,0.0906479776828,0.07551643153679914,0.07457949122734099,0.07395359210649738,0.14720962369999674,-3.6205668324518214e-07,0.038154148497164454,0.0,-0.0003153808582389637,0.004701429195476708,1.0,0
noarmature,double,connect,0,2,50,128,0.0005,implicitfast,0,False,double_connect_e0_a2_p50_c128_h0.0005_implicitfast_contact0.csv,2.827214111111111,0.09068881686869999,0.07552132413172388,0.074579491263633,0.07419762246675676,0.14769277200000347,-3.621038330292592e-07,0.038279490352627024,0.0,-0.00031199799695176816,0.004712912653741043,1.0,0
noarmature,double,connect,1,0,0,128,0.002,implicitfast,0,False,double_connect_e1_a0_p0_c128_h0.002_implicitfast_contact0.csv,2.8774891111111107,0.42905854412100003,0.42905854411821537,0.4290585444902801,3.7491200421957416e-07,1.0000333894311098e-10,-3.7481201475841885e-07,1.9484767867291637e-07,0.0,7.683116723238355e-16,3.5068745699026065e-13,0.8050974512743628,0
noarmature,double,connect,1,0,0,128,0.001,implicitfast,0,False,double_connect_e1_a0_p0_c128_h0.001_implicitfast_contact0.csv,2.7732398888888894,0.42905854412699995,0.4290585441229863,0.429058544509585,3.7447300121895566e-07,0.0,-3.7447300815784956e-07,1.9469303961407873e-07,0.0,-1.7006689466125562e-15,7.741541828952461e-12,0.884028992751812,0
noarmature,double,connect,1,0,0,128,0.0005,implicitfast,0,False,double_connect_e1_a0_p0_c128_h0.0005_implicitfast_contact0.csv,2.7446372777777777,0.429058544124,0.42905854412265043,0.4290585445194575,3.745255008902326e-07,0.0,-3.745255008902326e-07,1.9471375057123465e-07,0.0,1.3434726718347709e-14,4.52669418033067e-12,0.910761154855643,0
noarmature,double,connect,1,0,50,128,0.002,implicitfast,0,False,double_connect_e1_a0_p50_c128_h0.002_implicitfast_contact0.csv,2.617779777777778,0.5367339522260001,0.5025947159789367,0.4290585444902801,0.09759297248800036,0.0956998813999993,-3.750832769378043e-07,0.2243160172375444,0.0,-0.006630593439319656,0.008492216924359197,1.0,0
noarmature,double,connect,1,0,50,128,0.001,implicitfast,0,False,double_connect_e1_a0_p50_c128_h0.001_implicitfast_contact0.csv,2.538041111111111,0.536871823631,0.5027864833215252,0.429058544509585,0.09841985262699915,0.09704858449999937,-3.74750626364051e-07,0.22538562367984757,0.0,-0.006253843119106315,0.008204496195996544,1.0,0
noarmature,double,connect,1,0,50,128,0.0005,implicitfast,0,False,double_connect_e1_a0_p50_c128_h0.0005_implicitfast_contact0.csv,2.468930722222222,0.536940725773,0.5028776303423922,0.4290585445194575,0.09880075807449512,0.09769836339999782,-3.7480255704602783e-07,0.22591345394743786,0.0,-0.006063414950506519,0.008059708443176602,1.0,0
noarmature,double,connect,1,2,50,128,0.002,implicitfast,0,False,double_connect_e1_a2_p50_c128_h0.002_implicitfast_contact0.csv,2.4264846666666666,0.467963158924,0.4277405552316708,0.4290585444902801,0.11766176768800152,0.21746457150000065,-3.6661596675147123e-07,0.06182578880284708,0.0,-0.000504174735500277,0.013045709314642077,1.0,0
noarmature,double,connect,1,2,50,128,0.001,implicitfast,0,False,double_connect_e1_a2_p50_c128_h0.001_implicitfast_contact0.csv,2.4777795555555557,0.468046600322,0.42773767697979004,0.429058544509585,0.11824881342700072,0.21846242770000301,-3.662958894534718e-07,0.06211543476289545,0.0,-0.0004764424797152891,0.013080567458792918,1.0,0
noarmature,double,connect,1,2,50,128,0.0005,implicitfast,0,False,double_connect_e1_a2_p50_c128_h0.0005_implicitfast_contact0.csv,2.397512,0.46808411073999995,0.4277362242858106,0.4290585445194575,0.118533287574496,0.21896438900000093,-3.66358915426801e-07,0.062263887510063676,0.0,-0.000462422252634398,0.013097559957924106,1.0,0
noarmature,double,shadow,0,0,0,128,0.002,implicitfast,0,False,double_shadow_e0_a0_p0_c128_h0.002_implicitfast_contact0.csv,3.0027097777777776,0.147709230493,0.1477092304688226,0.14770923090153001,3.6984800638739657e-07,0.0,-3.6984799944850266e-07,1.9250941651493038e-07,0.27061544023988804,1.3521904081648543e-14,7.546702910283802e-12,0.8175912043978011,0
noarmature,double,shadow,0,0,0,128,0.001,implicitfast,0,False,double_shadow_e0_a0_p0_c128_h0.001_implicitfast_contact0.csv,3.0755202222222224,0.14770923048,0.147709230470019,0.14770923090904,3.6949050069567946e-07,0.0,-3.6949050763457336e-07,1.923360319977563e-07,0.2706154402324396,8.64147788204031e-15,6.278342230058229e-12,0.9000249937515621,0
noarmature,double,shadow,0,0,0,128,0.0005,implicitfast,0,False,double_shadow_e0_a0_p0_c128_h0.0005_implicitfast_contact0.csv,3.0734162222222223,0.147709230474,0.14770923047153656,0.14770923091309998,3.695422579053087e-07,0.0,-3.695422648442026e-07,1.9235472584053233e-07,0.2706154402284289,3.380536500692491e-14,4.40152949346876e-12,0.933883264591926,0
noarmature,double,shadow,0,0,50,128,0.002,implicitfast,0,False,double_shadow_e0_a0_p50_c128_h0.002_implicitfast_contact0.csv,3.087847555555556,0.23164239954500002,0.20278177423313448,0.14770923090153001,0.0006839734519939467,0.0006500523999988794,-3.697984904404983e-07,0.08641133254162905,0.4082140489686325,-0.004590496815348983,0.009159401692688291,1.0,0
noarmature,double,shadow,0,0,50,128,0.001,implicitfast,0,False,double_shadow_e0_a0_p50_c128_h0.001_implicitfast_contact0.csv,3.183729222222222,0.231942014055,0.20299676323512295,0.14770923090904,0.00068466540949913,0.0006548009999982063,-3.6944025616492127e-07,0.08673846613960375,0.40869607275986775,-0.00441678925745613,0.009150804683171549,1.0,0
noarmature,double,shadow,0,0,50,128,0.0005,implicitfast,0,False,double_shadow_e0_a0_p50_c128_h0.0005_implicitfast_contact0.csv,3.0936413888888894,0.23209331257500002,0.20310353359838923,0.14770923091309998,0.0006851071577412826,0.0006573356999967084,-3.6949188153556634e-07,0.08690680853859016,0.40893948615909576,-0.0043286109859148585,0.009146273007990069,1.0,0
noarmature,double,shadow,0,2,50,128,0.002,implicitfast,0,False,double_shadow_e0_a2_p50_c128_h0.002_implicitfast_contact0.csv,3.269206222222222,0.169893282577,0.14866679558281004,0.14770923090153001,0.07223701115199876,0.1442313029000053,-3.6170148126624113e-07,0.03906739813910493,0.31151575696089145,-0.000586843076529361,0.00708884418678679,1.0,0
noarmature,double,shadow,0,2,50,128,0.001,implicitfast,0,False,double_shadow_e0_a2_p50_c128_h0.001_implicitfast_contact0.csv,3.4244838888888887,0.16998139559800002,0.1486742690548656,0.14770923090904,0.07269298660950163,0.1451415378000004,-3.6136461878388815e-07,0.0393198575535505,0.3116684790365087,-0.0005745785104157935,0.007120676289407154,1.0,0
noarmature,double,shadow,0,2,50,128,0.0005,implicitfast,0,False,double_shadow_e0_a2_p50_c128_h0.0005_implicitfast_contact0.csv,3.3793407777777777,0.170025894959,0.14867807198287258,0.14770923091309998,0.07292560505774148,0.1456058926999973,-3.614252994110778e-07,0.03944220627243207,0.3117456433193201,-0.0005682996871538746,0.007136735183943177,1.0,0
noarmature,double,shadow,1,0,0,128,0.002,implicitfast,0,False,double_shadow_e1_a0_p0_c128_h0.002_implicitfast_contact0.csv,3.473759555555556,0.172673177302,0.17267317726744727,0.17267317776688,3.703560097489955e-07,0.0,-3.7035603750457113e-07,1.9291249267445693e-07,0.21585970589704184,1.4531129801911247e-14,1.1766811700816404e-11,0.815592203898051,0
noarmature,double,shadow,1,0,0,128,0.001,implicitfast,0,False,double_shadow_e1_a0_p0_c128_h0.001_implicitfast_contact0.csv,3.462086222222222,0.172673177283,0.17267317726617948,0.17267317777904004,3.700044992616114e-07,0.0,-3.700045131393992e-07,1.9272009104850572e-07,0.21585970584834044,-2.6119909189739953e-14,6.268022630239473e-12,0.8955261184703824,0
noarmature,double,shadow,1,0,0,128,0.0005,implicitfast,0,False,double_shadow_e1_a0_p0_c128_h0.0005_implicitfast_contact0.csv,3.3567085000000003,0.17267317727800002,0.172673177268084,0.172673177785405,3.700512535287359e-07,0.0,-3.700512604676298e-07,1.9275018087677976e-07,0.2158597058363083,2.1424077645809036e-14,4.331127389062439e-12,0.9262592175978003,0
noarmature,double,shadow,1,0,50,128,0.002,implicitfast,0,False,double_shadow_e1_a0_p50_c128_h0.002_implicitfast_contact0.csv,3.3479653333333337,0.284897992197,0.24654221419040812,0.17267317776688,0.0004891289439937219,0.0004907268000009513,-3.7035603750457113e-07,0.09735476386715379,0.3262944086436765,-0.006237740847534653,0.01263680482834317,1.0,0
noarmature,double,shadow,1,0,50,128,0.001,implicitfast,0,False,double_shadow_e1_a0_p50_c128_h0.001_implicitfast_contact0.csv,3.2999891111111115,0.285314087623,0.24684054370229583,0.17267317777904004,0.0004887957954988198,0.0004926613999950424,-3.700045131393992e-07,0.09775777251768043,0.3266390892174494,-0.006002102951325193,0.012635980413657771,1.0,0
noarmature,double,shadow,1,0,50,128,0.0005,implicitfast,0,False,double_shadow_e1_a0_p50_c128_h0.0005_implicitfast_contact0.csv,3.299669722222222,0.28552425951800003,0.2469889492884268,0.172673177785405,0.0004889967487459179,0.0004940802999994776,-3.700512604676298e-07,0.09793571433062956,0.3268131328860884,-0.005882471503545555,0.01263578816473606,1.0,0
noarmature,double,shadow,1,2,50,128,0.002,implicitfast,0,False,double_shadow_e1_a2_p50_c128_h0.002_implicitfast_contact0.csv,3.3529888888888886,0.200919171189,0.17381716679893325,0.17267317776688,0.06349285364398716,0.1267346134999972,-3.621787800223153e-07,0.035941889121420656,0.24847773320790537,-0.0005177160440786421,0.008236573707219839,1.0,0
noarmature,double,shadow,1,2,50,128,0.001,implicitfast,0,False,double_shadow_e1_a2_p50_c128_h0.001_implicitfast_contact0.csv,3.2994525555555554,0.201031886252,0.17382521487498812,0.17267317777904004,0.0639196048955043,0.12758611540000103,-3.618487801060333e-07,0.03616632607018152,0.24859077980342567,-0.0005078525859320696,0.008273133426013055,1.0,0
noarmature,double,shadow,1,2,50,128,0.0005,implicitfast,0,False,double_shadow_e1_a2_p50_c128_h0.0005_implicitfast_contact0.csv,3.423942333333333,0.201088810353,0.1738293059187422,0.172673177785405,0.06414294184874797,0.1280316096999995,-3.619031255230887e-07,0.03628087572483677,0.24864789608843957,-0.0005027956227574254,0.008291581286634316,1.0,0
single,single,connect,0,0,0,128,0.002,implicitfast,0,False,single_connect_e0_a0_p0_c128_h0.002_implicitfast_contact0.csv,2.5552488888888885,0.00411258720023,0.004112256926244648,0.004112260520690601,1.3877787807814457e-14,0.0,0.0,2.797157557069881e-14,0.0,2.831269597371989e-06,2.831269597371989e-06,1.0,0
single,single,connect,0,0,0,128,0.001,implicitfast,0,False,single_connect_e0_a0_p0_c128_h0.001_implicitfast_contact0.csv,2.6316733333333335,0.00411381405763,0.00411334192321914,0.004113354144283751,2.7791874981919484e-06,4.44669999433156e-06,1.0231834129958983e-07,1.1641249977878414e-06,0.0,7.658280790717985e-06,7.658280790717985e-06,1.0,0
single,single,connect,0,0,0,128,0.0005,implicitfast,0,False,single_connect_e0_a0_p0_c128_h0.0005_implicitfast_contact0.csv,2.335336111111111,0.0041219916308700005,0.0041219916308700005,0.00412199163087,6.938893903907228e-15,0.0,6.938893903907228e-15,2.7755575615628914e-14,0.0,1.336738853829471e-05,1.336738853829471e-05,1.0,0
single,single,connect,0,0,50,128,0.002,implicitfast,0,False,single_connect_e0_a0_p50_c128_h0.002_implicitfast_contact0.csv,2.6065917777777776,0.00707459232891,0.006052976263602921,0.004112260520690601,5.9996399986994575e-05,5.570319999703699e-05,-5.054195244963422e-05,0.0064988383009538415,0.0,-0.0003187646581390541,0.0006211578995978736,1.0,0
single,single,connect,0,0,50,128,0.001,implicitfast,0,False,single_connect_e0_a0_p50_c128_h0.001_implicitfast_contact0.csv,2.599352,0.00710803448956,0.00607572482251694,0.004113354144283751,0.00011946891249892122,4.461539999944808e-05,-0.00011727981247960928,0.006560622925207386,0.0,-0.00030647057122388805,0.0006201592784562152,1.0,0
single,single,connect,0,0,50,128,0.0005,implicitfast,0,False,single_connect_e0_a0_p50_c128_h0.0005_implicitfast_contact0.csv,2.5342615,0.0071248278185599995,0.0060871406181319185,0.00412199163087,0.00032237629998821404,5.79857999949418e-05,-0.000342389899987694,0.006666992989926417,0.0,-0.0003011609248181766,0.000620242665003817,1.0,0
single,single,connect,0,2,50,128,0.002,implicitfast,0,False,single_connect_e0_a2_p50_c128_h0.002_implicitfast_contact0.csv,2.648445111111111,0.00501203857284,0.004164988829119378,0.004112260520690601,0.033431541399987774,0.06680175680000289,-1.1116600001637167e-05,0.01743634554336995,0.0,3.231922447178498e-06,0.00025976091206422237,1.0,0
single,single,connect,0,2,50,128,0.001,implicitfast,0,False,single_connect_e0_a2_p50_c128_h0.001_implicitfast_contact0.csv,2.6311231111111106,0.0049988732035100005,0.004163845243858344,0.004113354144283751,0.03387589271249686,0.06755546559999992,-1.7230612513186028e-05,0.017666468457931295,0.0,-6.8296338142256266e-06,0.00025563240246690534,1.0,0
single,single,connect,0,2,50,128,0.0005,implicitfast,0,False,single_connect_e0_a2_p50_c128_h0.0005_implicitfast_contact0.csv,2.546233833333333,0.00501203857284,0.004165016677214313,0.00412199163087,0.03426787379998825,0.06794231699999709,-0.00025568059998370973,0.017863587754451977,0.0,-1.2512743992551457e-05,0.0002603073113618489,1.0,0
single,single,connect,1,0,0,128,0.002,implicitfast,0,False,single_connect_e1_a0_p0_c128_h0.002_implicitfast_contact0.csv,22.915846,7.18039527147,2.2361863478694626,1.8608964888568902,44.65420852864,82.89309416552,2.941527114762775,29.62860707271655,0.0,-1348.8525497851235,2260.5133708330322,59.91,0
single,single,connect,1,0,0,128,0.001,implicitfast,0,False,single_connect_e1_a0_p0_c128_h0.001_implicitfast_contact0.csv,22.394800444444446,4.167329489169999,1.5242930781326325,1.237833744817955,36.9249194189845,66.142402969,2.2371711448667537,29.11737144627326,0.0,-544.1480967437944,1143.3872994094593,58.108,0
single,single,connect,1,0,0,128,0.0005,implicitfast,0,False,single_connect_e1_a0_p0_c128_h0.0005_implicitfast_contact0.csv,20.844171277777775,3.03338145404,1.1278236701991535,0.8580063706102925,33.90920669298425,40.9842797623,2.5519995183900663,24.8994586175857,0.0,-242.4771097108194,716.1434375940169,54.3235,0
single,single,connect,1,0,50,128,0.002,implicitfast,0,False,single_connect_e1_a0_p50_c128_h0.002_implicitfast_contact0.csv,24.139109333333334,5.50921702487,2.1361567440247664,1.8608964888568902,43.61281922123999,83.68739610668999,-0.3192785932312897,30.65916734476991,0.0,-1421.4107993184916,2385.0621613731705,60.8555,0
single,single,connect,1,0,50,128,0.001,implicitfast,0,False,single_connect_e1_a0_p50_c128_h0.001_implicitfast_contact0.csv,22.26382222222222,5.67547561088,1.6112527268515264,1.237833744817955,44.9641666505845,75.91820174690001,5.719815230311516,31.14448740206455,0.0,-566.4442111932519,1264.19410795043,58.72125,0
single,single,connect,1,0,50,128,0.0005,implicitfast,0,False,single_connect_e1_a0_p50_c128_h0.0005_implicitfast_contact0.csv,21.722367,3.05979231453,1.1358487567738025,0.8580063706102925,19.206991777384253,29.325753872500005,-3.1400010131291403,23.197683885743647,0.0,-253.31771926453143,739.1801725846326,54.427375,0
single,single,connect,1,2,50,128,0.002,implicitfast,0,False,single_connect_e1_a2_p50_c128_h0.002_implicitfast_contact0.csv,23.653395777777778,6.542332404300001,2.3237657216988055,1.8608964888568902,47.534381076539994,87.20146197906,-10.616957397220398,33.48554059558151,0.0,-1218.123139742153,2235.5291994037525,61.209,0
single,single,connect,1,2,50,128,0.001,implicitfast,0,False,single_connect_e1_a2_p50_c128_h0.001_implicitfast_contact0.csv,21.870599777777777,5.20137017811,1.6064975730571256,1.237833744817955,28.240778453584497,48.760754822299994,-2.7577130360317628,26.206344200071747,0.0,-570.9919119902215,1212.6301504825242,57.765,0
single,single,connect,1,2,50,128,0.0005,implicitfast,0,False,single_connect_e1_a2_p50_c128_h0.0005_implicitfast_contact0.csv,21.913540666666666,3.32935669705,1.0971707204446444,0.8580063706102925,9.73757944448425,18.051111359599997,-14.243678560882254,22.51095922489014,0.0,-238.6254605201907,678.6079547205134,54.265,0
single,single,shadow,0,0,0,128,0.002,implicitfast,0,False,single_shadow_e0_a0_p0_c128_h0.002_implicitfast_contact0.csv,3.377273111111111,0.06594924049949999,0.06594836644168528,0.06594851537046399,1.5971792007019037e-05,2.6693799996813095e-05,-1.5020601429327485e-07,8.10035362466098e-06,0.12123909943938044,5.664558370990982e-06,6.203701416592466e-06,1.0,0
single,single,shadow,0,0,0,128,0.001,implicitfast,0,False,single_shadow_e0_a0_p0_c128_h0.001_implicitfast_contact0.csv,3.2866738888888887,0.0659492404101,0.06594924041009999,0.06594924041009999,6.938893903907228e-15,0.0,-6.938893903907228e-15,4.1359030627651384e-22,0.12123396345716404,4.55645440338001e-06,4.55645440338001e-06,1.0,0
single,single,shadow,0,0,0,128,0.0005,implicitfast,0,False,single_shadow_e0_a0_p0_c128_h0.0005_implicitfast_contact0.csv,3.1431181666666665,0.0659540494328,0.0659540494328,0.0659540494328,0.0,0.0,0.0,6.938893903907228e-15,0.12125069208470904,1.4125598345065895e-05,1.4125598345065895e-05,1.0,0
single,single,shadow,0,0,50,128,0.002,implicitfast,0,False,single_shadow_e0_a0_p50_c128_h0.002_implicitfast_contact0.csv,3.3901524444444444,0.106658138257,0.09227541016484542,0.06594851537046399,0.0017836619920080787,0.003074333800000273,-9.09356149408902e-05,0.026555879554188876,0.18945227872171955,-0.001878362184576511,0.005456889070907447,1.0,0
single,single,shadow,0,0,50,128,0.001,implicitfast,0,False,single_shadow_e0_a0_p50_c128_h0.001_implicitfast_contact0.csv,3.6046514444444444,0.106905066119,0.09239539265153547,0.06594924041009999,0.0017499277999918905,0.003178901799995304,-0.0001868565000021083,0.026697858131870655,0.18986819988970005,-0.0018019861393394753,0.0055013189917551605,1.0,0
single,single,shadow,0,0,50,128,0.0005,implicitfast,0,False,single_shadow_e0_a0_p50_c128_h0.0005_implicitfast_contact0.csv,3.337581666666667,0.107013296809,0.09245314106249575,0.0659540494328,0.0016224209000020862,0.003230010400000205,-0.0002758351999726516,0.026847196628604953,0.19005677714389085,-0.001763954030714202,0.005521873576785479,1.0,0
single,single,shadow,0,2,50,128,0.002,implicitfast,0,False,single_shadow_e0_a2_p50_c128_h0.002_implicitfast_contact0.csv,3.381296,0.0767740796289,0.06695189996330014,0.06594851537046399,0.04684591750798994,0.0930884448999969,1.061136553626163e-06,0.024616801049831247,0.1414457872123042,-0.0002371147136625045,0.0030911388699927443,1.0,0
single,single,shadow,0,2,50,128,0.001,implicitfast,0,False,single_shadow_e0_a2_p50_c128_h0.001_implicitfast_contact0.csv,3.3681341111111114,0.0768883778344,0.06697012207079099,0.06594924041009999,0.0473227013000066,0.09386922929999902,-1.5571400016622938e-05,0.02486585378752855,0.1416228918827535,-0.00023993455720427734,0.003119986607815785,1.0,0
single,single,shadow,0,2,50,128,0.0005,implicitfast,0,False,single_shadow_e0_a2_p50_c128_h0.0005_implicitfast_contact0.csv,3.3104305000000003,0.0769477269064,0.06697872868005401,0.0659540494328,0.047678799099996894,0.09424519129999642,-0.00028695759997365844,0.025058437375235238,0.14170918972244648,-0.00024246157160441866,0.003135654209844736,1.0,0
single,single,shadow,1,0,0,128,0.002,implicitfast,0,True,single_shadow_e1_a0_p0_c128_h0.002_implicitfast_contact0.csv,24.465660256410256,,,,,,,,,,,,
single,single,shadow,1,0,0,128,0.001,implicitfast,0,True,single_shadow_e1_a0_p0_c128_h0.001_implicitfast_contact0.csv,22.40784749034749,,,,,,,,,,,,
single,single,shadow,1,0,0,128,0.0005,implicitfast,0,False,single_shadow_e1_a0_p0_c128_h0.0005_implicitfast_contact0.csv,19.727604000000003,24.100856541400002,7.200224330014064,8.121594202075276,50.23288262666549,94.1528406867,-6.488277261329833,32.31935373903302,59.77629248394616,-993.9662321602715,2264.28315391469,42.948,0
single,single,shadow,1,0,50,128,0.002,implicitfast,0,True,single_shadow_e1_a0_p50_c128_h0.002_implicitfast_contact0.csv,25.887035256410257,,,,,,,,,,,,
single,single,shadow,1,0,50,128,0.001,implicitfast,0,False,single_shadow_e1_a0_p50_c128_h0.001_implicitfast_contact0.csv,22.31553311111111,56.630196310100004,13.606563390541616,7.9270269274402,67.25238810748151,123.57645491844,-9.91287419737058,47.73990058866954,97.89531186437429,-3567.949232171068,6282.904854867511,48.09425,0
single,single,shadow,1,0,50,128,0.0005,implicitfast,0,False,single_shadow_e1_a0_p50_c128_h0.0005_implicitfast_contact0.csv,20.007289333333333,24.1259957068,8.332636919323374,8.121594202075276,54.22073009596549,103.74581601300001,-11.130303715696662,44.10338516327708,77.19191565949741,-1473.9601041551887,2799.5305854236008,42.85725,0
single,single,shadow,1,2,50,128,0.002,implicitfast,0,True,single_shadow_e1_a2_p50_c128_h0.002_implicitfast_contact0.csv,25.052346153846155,,,,,,,,,,,,
single,single,shadow,1,2,50,128,0.001,implicitfast,0,False,single_shadow_e1_a2_p50_c128_h0.001_implicitfast_contact0.csv,20.791304,29.5079502852,10.66901831514399,7.9270269274402,72.75106434090151,104.00227339486,-34.924454467857935,45.70971985447631,64.36507994559469,-2489.0959239227764,4282.976718986927,44.12675,0
single,single,shadow,1,2,50,128,0.0005,implicitfast,0,False,single_shadow_e1_a2_p50_c128_h0.0005_implicitfast_contact0.csv,20.62535038888889,27.602316715700002,8.72397644535139,8.121594202075276,58.26345491436549,100.0400077574,13.776854740126534,33.59352638067305,61.377562032833005,-1353.728684548012,2950.074781550852,44.6995,0
stiff,double,connect,0,0,0,128,0.002,implicitfast,0,False,double_connect_e0_a0_p0_c128_h0.002_implicitfast_contact0.csv,2.3941504444444446,0.004096245110159999,0.004096245109834178,0.004096244623274999,3.4625199235582826e-07,0.0,-3.4625197847804046e-07,1.8069879936981176e-07,0.0,-9.006385743010371e-16,1.7191119740602287e-13,0.8130934532733634,0
stiff,double,connect,0,0,0,128,0.001,implicitfast,0,False,double_connect_e0_a0_p0_c128_h0.001_implicitfast_contact0.csv,2.325360222222222,0.00409624511008,0.004096245109862942,0.0040962448805297,3.466514922334518e-07,0.0,-3.466514852945579e-07,1.809056912811671e-07,0.0,-4.759760935857359e-16,1.2244199408676674e-13,0.8587853036740815,0
stiff,double,connect,0,0,0,128,0.0005,implicitfast,0,False,double_connect_e0_a0_p0_c128_h0.0005_implicitfast_contact0.csv,2.2987526666666667,0.00409624511007,0.004096245109818772,0.004096245009596825,3.46591255695472e-07,0.0,-3.465912487565781e-07,1.808769490054273e-07,0.0,5.83373561417783e-16,7.904435344533299e-14,0.8692663417072866,0
stiff,double,connect,0,0,50,128,0.002,implicitfast,0,False,double_connect_e0_a0_p50_c128_h0.002_implicitfast_contact0.csv,2.3798137777777777,0.0070506740204,0.006036647531941314,0.004096244623274999,9.876248006912558e-06,1.1976799996205045e-05,-3.4625197847804046e-07,0.006495988905584311,0.0,-0.0003187071842248416,0.0006221849574359863,1.0,0
stiff,double,connect,0,0,50,128,0.001,implicitfast,0,False,double_connect_e0_a0_p50_c128_h0.001_implicitfast_contact0.csv,2.2819476666666665,0.00708337370856,0.006059258123643957,0.0040962448805297,9.975548512231036e-06,1.2106100004405373e-05,-3.466514852945579e-07,0.0065250106372584885,0.0,-0.00030715938301113734,0.0006215085372755355,1.0,0
stiff,double,connect,0,0,50,128,0.0005,implicitfast,0,False,double_connect_e0_a0_p50_c128_h0.0005_implicitfast_contact0.csv,2.3864252777777777,0.00709980815923,0.006070462054436044,0.004096245009596825,1.0029108744868953e-05,1.2178199997048278e-05,-3.465912487565781e-07,0.006539823865519437,0.0,-0.00030130876208295005,0.0006211900717362712,1.0,0
stiff,double,connect,0,2,50,128,0.002,implicitfast,0,False,double_connect_e0_a2_p50_c128_h0.002_implicitfast_contact0.csv,2.6780202222222225,0.00498548791068,0.004150660746114448,0.004096244623274999,0.033390207448011355,0.06675950030000238,-3.3833814222505865e-07,0.017414508253873532,0.0,3.112713245702837e-06,0.0002594866750215293,1.0,0
stiff,double,connect,0,2,50,128,0.001,implicitfast,0,False,double_connect_e0_a2_p50_c128_h0.001_implicitfast_contact0.csv,2.617455777777778,0.0049759124571299995,0.004149666771405535,0.0040962448805297,0.03377178544850673,0.06752253279999898,-3.387569669222046e-07,0.01761301105345911,0.0,-7.247942502875246e-06,0.0002562110459920652,1.0,0
stiff,double,connect,0,2,50,128,0.0005,implicitfast,0,False,double_connect_e0_a2_p50_c128_h0.0005_implicitfast_contact0.csv,2.5006165,0.0049897938191199994,0.004151144539919902,0.004096245009596825,0.03396411140874772,0.0679069203999988,-3.387049668512887e-07,0.017713680108510686,0.0,-1.2466854405322165e-05,0.00026024558434901025,1.0,0
stiff,double,connect,1,0,0,128,0.002,implicitfast,0,False,double_connect_e1_a0_p0_c128_h0.002_implicitfast_contact0.csv,2.5397037777777776,0.011706647728499999,0.011706647728268967,0.011706647330962,3.4629300121880036e-07,0.0,-3.4629302203548207e-07,1.804677188547761e-07,0.0,3.6090332090252344e-16,1.0989397849883182e-13,0.8070964517741129,0
stiff,double,connect,1,0,0,128,0.001,implicitfast,0,False,double_connect_e1_a0_p0_c128_h0.001_implicitfast_contact0.csv,2.3575616666666668,0.0117066477286,0.011706647728385878,0.0117066475826925,3.466850070910077e-07,0.0,-3.466850070910077e-07,1.8067614071761955e-07,0.0,1.3936349108258822e-15,1.0031545733409588e-13,0.8315421144713822,0
stiff,double,connect,1,0,0,128,0.0005,implicitfast,0,False,double_connect_e1_a0_p0_c128_h0.0005_implicitfast_contact0.csv,2.340935333333333,0.0117066477286,0.011706647728363766,0.0117066477089265,3.4662474279745226e-07,0.0,-3.4662474279745226e-07,1.8064760231235378e-07,0.0,8.362353780786033e-15,4.918732153121203e-14,0.8078990126234221,0
stiff,double,connect,1,0,50,128,0.002,implicitfast,0,False,double_connect_e1_a0_p50_c128_h0.002_implicitfast_contact0.csv,2.4742642222222218,0.0190904720681,0.016560173553107696,0.011706647330962,1.0146606999050789e-05,1.7364000001740543e-05,-3.4629302203548207e-07,0.00938870681948535,0.0,-0.0005545327007852824,0.0010831914301686913,1.0,0
stiff,double,connect,1,0,50,128,0.001,implicitfast,0,False,double_connect_e1_a0_p50_c128_h0.001_implicitfast_contact0.csv,2.442778666666667,0.0191438915661,0.01659716267255925,0.0117066475826925,1.0324914992421164e-05,1.7635200001697715e-05,-3.466850070910077e-07,0.009431173741470183,0.0,-0.0005350676330614679,0.0010828036350063294,1.0,0
stiff,double,connect,1,0,50,128,0.0005,implicitfast,0,False,double_connect_e1_a0_p50_c128_h0.0005_implicitfast_contact0.csv,2.709262,0.0191711554125,0.01661546153830783,0.0117066477089265,1.0413275255971577e-05,1.7767299999305042e-05,-3.4662474279745226e-07,0.009453017209909542,0.0,-0.0005251873393491518,0.0010826678179903628,1.0,0
stiff,double,connect,1,2,50,128,0.002,implicitfast,0,False,double_connect_e1_a2_p50_c128_h0.002_implicitfast_contact0.csv,2.417191555555555,0.0139088392114,0.011811806634476969,0.011706647330962,0.03444350560699583,0.06886099189999662,-3.3833657403503636e-07,0.01801559390464241,0.0,-1.9290306410642823e-05,0.0006577735639308054,1.0,0
stiff,double,connect,1,2,50,128,0.001,implicitfast,0,False,double_connect_e1_a2_p50_c128_h0.001_implicitfast_contact0.csv,2.409925,0.013953082378799999,0.011815977736418392,0.0117066475826925,0.034816939314993856,0.06960746290000236,-3.387516794850498e-07,0.018210836748602008,0.0,-2.8930760142617663e-05,0.000670798927064535,1.0,0
stiff,double,connect,1,2,50,128,0.0005,implicitfast,0,False,double_connect_e1_a2_p50_c128_h0.0005_implicitfast_contact0.csv,2.415362388888889,0.0139825283966,0.011818766824649114,0.0117066477089265,0.0350098378752578,0.06999294829999891,-3.3870329457785786e-07,0.01831105882487788,0.0,-3.37830992224453e-05,0.0006795212617335995,1.0,0
stiff,double,shadow,0,0,0,128,0.002,implicitfast,0,False,double_shadow_e0_a0_p0_c128_h0.002_implicitfast_contact0.csv,3.166507111111111,0.00660861751608,0.0066086175158630136,0.006608617165780398,3.461460007514461e-07,0.0,-3.461460146292339e-07,1.8068722250686904e-07,0.012152381077933662,9.541537184832994e-16,6.063924886936857e-14,0.9630184907546226,0
stiff,double,shadow,0,0,0,128,0.001,implicitfast,0,False,double_shadow_e0_a0_p0_c128_h0.001_implicitfast_contact0.csv,3.2127190000000003,0.00660861751596,0.006608617515865983,0.006608617389159549,3.4656699732238394e-07,0.0,-3.4656699732238394e-07,1.809051321848948e-07,0.012152381068250673,6.914551305180869e-16,6.448064387170463e-14,0.9490127468132967,0
stiff,double,shadow,0,0,0,128,0.0005,implicitfast,0,False,double_shadow_e0_a0_p0_c128_h0.0005_implicitfast_contact0.csv,3.0853877222222224,0.00660861751593,0.006608617515871378,0.0066086175011856,3.4651850139288953e-07,0.0,-3.4651850139288953e-07,1.8088190620244172e-07,0.012152381062979462,1.3325236336850032e-14,4.496079701522964e-14,0.9577552805899262,0
stiff,double,shadow,0,0,50,128,0.002,implicitfast,0,False,double_shadow_e0_a0_p50_c128_h0.002_implicitfast_contact0.csv,3.433244222222222,0.0104183798536,0.009107892831338052,0.006608617165780398,1.5413053999768778e-05,1.619969999810955e-05,-3.461460146292339e-07,0.004769252536137036,0.0184999582523498,-0.0003245064514387278,0.0006457221748573608,1.0,0
stiff,double,shadow,0,0,50,128,0.001,implicitfast,0,False,double_shadow_e0_a0_p50_c128_h0.001_implicitfast_contact0.csv,3.3454506666666664,0.0104530271713,0.009131567502637725,0.006608617389159549,1.559283300395231e-05,1.6451900002045772e-05,-3.4656699732238394e-07,0.004789630696273972,0.018547629784643735,-0.0003125621186301327,0.0006453181691537982,1.0,0
stiff,double,shadow,0,0,50,128,0.0005,implicitfast,0,False,double_shadow_e0_a0_p50_c128_h0.0005_implicitfast_contact0.csv,3.379959,0.0104704088527,0.0091434296894304,0.0066086175011856,1.568248150091156e-05,1.6577899997205492e-05,-3.4651850139288953e-07,0.004799938604676462,0.018571579551515654,-0.00030650475261097314,0.0006451096487954482,1.0,0
stiff,double,shadow,0,2,50,128,0.002,implicitfast,0,False,double_shadow_e0_a2_p50_c128_h0.002_implicitfast_contact0.csv,3.2547602222222225,0.00761269234719,0.006653303175168693,0.006608617165780398,0.03305188805400455,0.06608154729999954,-3.3823410738875737e-07,0.01728134547694954,0.014026570990331133,1.5788546866236411e-06,0.00031671655816774985,1.0,0
stiff,double,shadow,0,2,50,128,0.001,implicitfast,0,False,double_shadow_e0_a2_p50_c128_h0.001_implicitfast_contact0.csv,3.1034808888888885,0.0076269643047,0.0066543335132709545,0.006608617389159549,0.03341673733300854,0.06681090410000368,-3.3867595533587647e-07,0.017472058717837753,0.014069732954535837,-1.2020381530661604e-05,0.00032020352384774613,1.0,0
stiff,double,shadow,0,2,50,128,0.0005,implicitfast,0,False,double_shadow_e0_a2_p50_c128_h0.0005_implicitfast_contact0.csv,3.092771,0.0076472170558900005,0.006656030934474039,0.0066086175011856,0.03360391578149935,0.06718507959999759,-3.3863346154960894e-07,0.017569896879381076,0.014099356480206379,-1.8867623068472332e-05,0.00032616612923355807,1.0,0
stiff,double,shadow,1,0,0,128,0.002,implicitfast,0,False,double_shadow_e1_a0_p0_c128_h0.002_implicitfast_contact0.csv,3.3635286666666664,0.00793826408441,0.00793826408424705,0.0079382637397462,3.461879741206708e-07,0.0,-3.461879463650952e-07,1.8058970755596453e-07,0.009097617602728168,5.457847544350184e-16,3.6525770195386206e-14,0.9770114942528736,0
stiff,double,shadow,1,0,0,128,0.001,implicitfast,0,False,double_shadow_e1_a0_p0_c128_h0.001_implicitfast_contact0.csv,3.247431111111111,0.00793826408434,0.007938264084256045,0.0079382639665111,3.4661499365151727e-07,0.0,-3.4661496589594165e-07,1.8080710988176298e-07,0.009097617594248394,1.3725731019816986e-15,3.667074991203249e-14,0.9640089977505624,0
stiff,double,shadow,1,0,0,128,0.0005,implicitfast,0,False,double_shadow_e1_a0_p0_c128_h0.0005_implicitfast_contact0.csv,3.4353568333333335,0.00793826408432,0.007938264084259712,0.00793826408022225,3.465637360422491e-07,0.0,-3.465637152255674e-07,1.8078628375704354e-07,0.009097617589779323,1.616099181955639e-14,3.266974730294651e-14,0.9650043744531933,0
stiff,double,shadow,1,0,50,128,0.002,implicitfast,0,False,double_shadow_e1_a0_p50_c128_h0.002_implicitfast_contact0.csv,3.344980666666667,0.0132620005275,0.011444475230697134,0.0079382637397462,1.3608612021986932e-05,1.7572999999604377e-05,-3.461879463650952e-07,0.005242621181547785,0.013857226016961627,-0.00041225056857226833,0.000822670086780267,1.0,0
stiff,double,shadow,1,0,50,128,0.001,implicitfast,0,False,double_shadow_e1_a0_p50_c128_h0.001_implicitfast_contact0.csv,3.2626804444444444,0.0133034798866,0.011473133891760799,0.0079382639665111,1.3804385003146624e-05,1.7878600003240486e-05,-3.4661496589594165e-07,0.005265241424969331,0.01389763785084306,-0.0003971943760294376,0.0008223719844657629,1.0,0
stiff,double,shadow,1,0,50,128,0.0005,implicitfast,0,False,double_shadow_e1_a0_p50_c128_h0.0005_implicitfast_contact0.csv,3.335849833333333,0.0133243132538,0.011487485807884057,0.00793826408022225,1.3910436261199699e-05,1.8042700000719947e-05,-3.465637152255674e-07,0.005276681914431351,0.01391791816274384,-0.0003895539730889026,0.0008222115468071313,1.0,0
stiff,double,shadow,1,2,50,128,0.002,implicitfast,0,False,double_shadow_e1_a2_p50_c128_h0.002_implicitfast_contact0.csv,3.301120222222222,0.00926857738417,0.007994631150371478,0.0079382637397462,0.03266963201202511,0.06531741400000318,-3.3821669076505856e-07,0.017122891311270375,0.010498006277763074,6.950206480936666e-06,0.0003722354124204455,1.0,0
stiff,double,shadow,1,2,50,128,0.001,implicitfast,0,False,double_shadow_e1_a2_p50_c128_h0.001_implicitfast_contact0.csv,3.413028444444444,0.00929532761812,0.007996399509305412,0.0079382639665111,0.033032302485004605,0.06604242230000279,-3.386607730360147e-07,0.017312733851121302,0.010528102431735156,-6.85594731298792e-06,0.0003784395453878437,1.0,0
stiff,double,shadow,1,2,50,128,0.0005,implicitfast,0,False,double_shadow_e1_a2_p50_c128_h0.0005_implicitfast_contact0.csv,3.5338301666666667,0.009318383462120002,0.007998269141823985,0.00793826408022225,0.03322203463625856,0.06642160449999573,-3.386198543786634e-07,0.017410494169435842,0.010554137815115154,-1.380839244850077e-05,0.00038511201555000254,1.0,0
convergence,double,connect,0,0,0,0,0.002,implicitfast,0,False,double_connect_e0_a0_p0_c0_h0.002_implicitfast_contact0.csv,2.2866686666666665,0.00498285776741,0.0049828577670818245,0.0049828577646616,1.54497248328056e-09,0.0,-1.54497248328056e-09,1.348870394170133e-09,0.0,-2.0833887605596847e-17,2.4754703518820926e-13,0.8150924537731135,0
convergence,double,connect,0,0,0,0,0.001,implicitfast,0,False,double_connect_e0_a0_p0_c0_h0.001_implicitfast_contact0.csv,2.246613111111111,0.00498285776731,0.0049828577671003306,0.00498285776602785,1.5409895581797173e-09,0.0,-1.541017313755333e-09,1.3483130978087316e-09,0.0,-2.6921455963710876e-16,1.6553772213125173e-13,0.8607848037990502,0
convergence,double,connect,0,0,0,0,0.0005,implicitfast,0,False,double_connect_e0_a0_p0_c0_h0.0005_implicitfast_contact0.csv,2.2919342222222223,0.004982857767300001,0.00498285776716848,0.00498285776671425,1.5415030363286064e-09,0.0,-1.5415169141164142e-09,1.346068152224794e-09,0.0,4.0469449452999303e-16,1.0125521878483889e-13,0.8737657792775902,0
convergence,double,connect,0,0,0,128,0.002,implicitfast,0,False,double_connect_e0_a0_p0_c128_h0.002_implicitfast_contact0.csv,2.2429884444444443,0.004096245110159999,0.004096245109834178,0.004096244623274999,3.4625199235582826e-07,0.0,-3.4625197847804046e-07,1.8069879936981176e-07,0.0,-9.006385743010371e-16,1.7191119740602287e-13,0.8130934532733634,0
convergence,double,connect,0,0,0,128,0.001,implicitfast,0,False,double_connect_e0_a0_p0_c128_h0.001_implicitfast_contact0.csv,2.2331924444444446,0.00409624511008,0.004096245109862942,0.0040962448805297,3.466514922334518e-07,0.0,-3.466514852945579e-07,1.809056912811671e-07,0.0,-4.759760935857359e-16,1.2244199408676674e-13,0.8587853036740815,0
convergence,double,connect,0,0,0,128,0.0005,implicitfast,0,False,double_connect_e0_a0_p0_c128_h0.0005_implicitfast_contact0.csv,2.344032,0.00409624511007,0.004096245109818772,0.004096245009596825,3.46591255695472e-07,0.0,-3.465912487565781e-07,1.808769490054273e-07,0.0,5.83373561417783e-16,7.904435344533299e-14,0.8692663417072866,0
convergence,double,connect,0,0,0,255,0.002,implicitfast,0,False,double_connect_e0_a0_p0_c255_h0.002_implicitfast_contact0.csv,2.498623333333333,0.00320938194914,0.0032093819487771015,0.0032093819487423996,1.734723475976807e-15,0.0,-8.673617379884035e-16,2.868556243156616e-14,0.0,-2.675024752301011e-16,9.77015047071122e-14,0.8440779610194903,0
convergence,double,connect,0,0,0,255,0.001,implicitfast,0,False,double_connect_e0_a0_p0_c255_h0.001_implicitfast_contact0.csv,2.669534,0.00320938194899,0.0032093819488038166,0.00320938194880545,0.0,0.0,0.0,2.874353884368887e-14,0.0,1.4633952540830318e-15,7.020858448003465e-14,0.8630342414396401,0
convergence,double,connect,0,0,0,255,0.0005,implicitfast,0,False,double_connect_e0_a0_p0_c255_h0.0005_implicitfast_contact0.csv,2.4835641666666666,0.00320938194896,0.003209381948862115,0.003209381948894375,0.0,0.0,0.0,2.861307927261142e-14,0.0,-9.629463580164103e-15,3.635875281812455e-14,0.8686414198225222,0
convergence,double,connect,0,0,50,0,0.002,implicitfast,0,False,double_connect_e0_a0_p50_c0_h0.002_implicitfast_contact0.csv,2.41122,0.00708814759478,0.006346966566852706,0.0049828577646616,3.844544974040964e-06,5.9774999949802066e-06,-1.54497248328056e-09,0.0055599343830499215,0.0,-0.00017619347380732155,0.000343846342537878,1.0,0
convergence,double,connect,0,0,50,0,0.001,implicitfast,0,False,double_connect_e0_a0_p50_c0_h0.001_implicitfast_contact0.csv,2.2775226666666666,0.0071119181078,0.006362985400080635,0.00498285776602785,3.927440997419929e-06,6.1600999995414796e-06,-1.541017313755333e-09,0.005584865916063292,0.0,-0.00016990329443379625,0.0003436440272956906,1.0,0
convergence,double,connect,0,0,50,0,0.0005,implicitfast,0,False,double_connect_e0_a0_p50_c0_h0.0005_implicitfast_contact0.csv,2.317064111111111,0.00712389787956,0.006370909294606851,0.00498285776671425,3.975541507106328e-06,6.264799998212389e-06,-1.5415169141164142e-09,0.005597630350751743,0.0,-0.00016671393562460633,0.0003435538681688169,1.0,0
convergence,double,connect,0,0,50,128,0.002,implicitfast,0,False,double_connect_e0_a0_p50_c128_h0.002_implicitfast_contact0.csv,2.354544444444444,0.0070506740204,0.006036647531941314,0.004096244623274999,9.876248006912558e-06,1.1976799996205045e-05,-3.4625197847804046e-07,0.006495988905584311,0.0,-0.0003187071842248416,0.0006221849574359863,1.0,0
convergence,double,connect,0,0,50,128,0.001,implicitfast,0,False,double_connect_e0_a0_p50_c128_h0.001_implicitfast_contact0.csv,2.2745991111111112,0.00708337370856,0.006059258123643957,0.0040962448805297,9.975548512231036e-06,1.2106100004405373e-05,-3.466514852945579e-07,0.0065250106372584885,0.0,-0.00030715938301113734,0.0006215085372755355,1.0,0
convergence,double,connect,0,0,50,128,0.0005,implicitfast,0,False,double_connect_e0_a0_p50_c128_h0.0005_implicitfast_contact0.csv,2.279315888888889,0.00709980815923,0.006070462054436044,0.004096245009596825,1.0029108744868953e-05,1.2178199997048278e-05,-3.465912487565781e-07,0.006539823865519437,0.0,-0.00030130876208295005,0.0006211900717362712,1.0,0
convergence,double,connect,0,0,50,255,0.002,implicitfast,0,False,double_connect_e0_a0_p50_c255_h0.002_implicitfast_contact0.csv,2.582877333333333,0.00676622689969,0.005578667998879504,0.0032093819487423996,0.00010755044000179681,0.0001123708199997353,-8.673617379884035e-16,0.007898111985627492,0.0,-0.000309710146780661,0.0005998817663066376,1.0,0
convergence,double,connect,0,0,50,255,0.001,implicitfast,0,False,double_connect_e0_a0_p50_c255_h0.001_implicitfast_contact0.csv,2.6325776666666667,0.00679372883149,0.005597072122018396,0.00320938194880545,0.00010824048000002834,0.00011416377999982213,0.0,0.00794077896775093,0.0,-0.00029976399996304204,0.000600778237728946,1.0,0
convergence,double,connect,0,0,50,255,0.0005,implicitfast,0,False,double_connect_e0_a0_p50_c255_h0.0005_implicitfast_contact0.csv,2.5867940000000003,0.00680695564357,0.005606436478085589,0.003209381948894375,0.00010862963000044662,0.00011511851000060858,0.0,0.007960428671272607,0.0,-0.00029469000723354174,0.000601140323061489,1.0,0
convergence,double,connect,0,2,50,0,0.002,implicitfast,0,False,double_connect_e0_a2_p50_c0_h0.002_implicitfast_contact0.csv,2.3576006666666665,0.0068620532866599995,0.0051638915564938956,0.0049828577646616,0.04596878045502739,0.09192245540000366,9.634237851940952e-09,0.03062471224919327,0.0,3.904737302622084e-06,0.0006719474255757285,1.0,0
convergence,double,connect,0,2,50,0,0.001,implicitfast,0,False,double_connect_e0_a2_p50_c0_h0.001_implicitfast_contact0.csv,2.6002602222222224,0.00687837389791,0.005165249246486902,0.00498285776602785,0.046489111059005994,0.09296289660000456,9.610243156821241e-09,0.030971310598819694,0.0,-3.5057576285398674e-05,0.0006784300207451515,1.0,0
convergence,double,connect,0,2,50,0,0.0005,implicitfast,0,False,double_connect_e0_a2_p50_c0_h0.0005_implicitfast_contact0.csv,2.4467011111111114,0.0069107573456700004,0.005170843196942707,0.00498285776671425,0.04675600825848614,0.09349657570000003,9.596892724950123e-09,0.031145235395909913,0.0,-5.468477617986171e-05,0.0006900822573452345,1.0,0
convergence,double,connect,0,2,50,128,0.002,implicitfast,0,False,double_connect_e0_a2_p50_c128_h0.002_implicitfast_contact0.csv,2.3607464444444446,0.00498548791068,0.004150660746114448,0.004096244623274999,0.033390207448011355,0.06675950030000238,-3.3833814222505865e-07,0.017414508253873532,0.0,3.112713245702837e-06,0.0002594866750215293,1.0,0
convergence,double,connect,0,2,50,128,0.001,implicitfast,0,False,double_connect_e0_a2_p50_c128_h0.001_implicitfast_contact0.csv,2.3840997777777777,0.0049759124571299995,0.004149666771405535,0.0040962448805297,0.03377178544850673,0.06752253279999898,-3.387569669222046e-07,0.01761301105345911,0.0,-7.247942502875246e-06,0.0002562110459920652,1.0,0
convergence,double,connect,0,2,50,128,0.0005,implicitfast,0,False,double_connect_e0_a2_p50_c128_h0.0005_implicitfast_contact0.csv,2.391633555555556,0.0049897938191199994,0.004151144539919902,0.004096245009596825,0.03396411140874772,0.0679069203999988,-3.387049668512887e-07,0.017713680108510686,0.0,-1.2466854405322165e-05,0.00026024558434901025,1.0,0
convergence,double,connect,0,2,50,255,0.002,implicitfast,0,False,double_connect_e0_a2_p50_c255_h0.002_implicitfast_contact0.csv,2.665204,0.00337986768267,0.003219952373336444,0.0032093819487423996,0.001001505319998125,0.0020010797800000535,-8.673617379884035e-16,0.0005179021761785504,0.0,-2.8108322062183765e-06,3.5648437404172176e-05,1.0,0
convergence,double,connect,0,2,50,255,0.001,implicitfast,0,False,double_connect_e0_a2_p50_c255_h0.001_implicitfast_contact0.csv,2.6391771111111106,0.0033799699733600003,0.0032200356380668485,0.00320938194880545,0.0010061868600001397,0.0020103526899998073,0.0,0.0005203601670781434,0.0,-2.7091521931601993e-06,3.564056634466774e-05,1.0,0
convergence,double,connect,0,2,50,255,0.0005,implicitfast,0,False,double_connect_e0_a2_p50_c255_h0.0005_implicitfast_contact0.csv,2.4951593333333335,0.0033800175845,0.003220078094803283,0.003209381948894375,0.0010083565199995453,0.002014670159999378,0.0,0.0005214861609257872,0.0,-2.6576355438718223e-06,3.5636440008536824e-05,1.0,0
convergence,double,connect,1,0,0,0,0.002,implicitfast,0,False,double_connect_e1_a0_p0_c0_h0.002_implicitfast_contact0.csv,2.537566,0.0118050141337,0.011805014133400949,0.011805014131311997,1.5149964616156808e-09,0.0,-1.5149548282522574e-09,9.183840724248105e-10,0.0,4.1178704237281065e-16,1.409664846808376e-13,0.8070964517741129,0
convergence,double,connect,1,0,0,0,0.001,implicitfast,0,False,double_connect_e1_a0_p0_c0_h0.001_implicitfast_contact0.csv,2.3816881111111114,0.0118050141337,0.011805014133409073,0.011805014132588,1.5105139361537567e-09,0.0,-1.510500058365949e-09,9.179665870765116e-10,0.0,-3.29094009007133e-16,1.4718197563827154e-13,0.8407898025493626,0
convergence,double,connect,1,0,0,0,0.0005,implicitfast,0,False,double_connect_e1_a0_p0_c0_h0.0005_implicitfast_contact0.csv,2.3573035,0.0118050141337,0.011805014133583865,0.01180501413314675,1.5117490592686522e-09,0.0,-1.5117351814808444e-09,9.177764625820564e-10,0.0,4.0182660035269624e-16,4.318427072267164e-14,0.8303962004749407,0
convergence,double,connect,1,0,0,128,0.002,implicitfast,0,False,double_connect_e1_a0_p0_c128_h0.002_implicitfast_contact0.csv,2.370461333333333,0.011706647728499999,0.011706647728268967,0.011706647330962,3.4629300121880036e-07,0.0,-3.4629302203548207e-07,1.804677188547761e-07,0.0,3.6090332090252344e-16,1.0989397849883182e-13,0.8070964517741129,0
convergence,double,connect,1,0,0,128,0.001,implicitfast,0,False,double_connect_e1_a0_p0_c128_h0.001_implicitfast_contact0.csv,2.3310357777777777,0.0117066477286,0.011706647728385878,0.0117066475826925,3.466850070910077e-07,0.0,-3.466850070910077e-07,1.8067614071761955e-07,0.0,1.3936349108258822e-15,1.0031545733409588e-13,0.8315421144713822,0
convergence,double,connect,1,0,0,128,0.0005,implicitfast,0,False,double_connect_e1_a0_p0_c128_h0.0005_implicitfast_contact0.csv,2.3384252777777776,0.0117066477286,0.011706647728363766,0.0117066477089265,3.4662474279745226e-07,0.0,-3.4662474279745226e-07,1.8064760231235378e-07,0.0,8.362353780786033e-15,4.918732153121203e-14,0.8078990126234221,0
convergence,double,connect,1,0,0,255,0.002,implicitfast,0,False,double_connect_e1_a0_p0_c255_h0.002_implicitfast_contact0.csv,2.9102788888888886,0.007840522088060001,0.007840522087633419,0.0078405220876178,8.673617379884035e-16,0.0,0.0,9.43659631170434e-15,0.0,2.777574261875944e-17,4.9963485341951436e-14,0.8510744627686156,0
convergence,double,connect,1,0,0,255,0.001,implicitfast,0,False,double_connect_e1_a0_p0_c255_h0.001_implicitfast_contact0.csv,2.7572676666666665,0.00784052208793,0.007840522087654069,0.007840522087599599,1.734723475976807e-15,0.0,0.0,1.043678404675388e-14,0.0,-2.249654493677407e-16,4.160408785406705e-14,0.8480379905023744,0
convergence,double,connect,1,0,0,255,0.0005,implicitfast,0,False,double_connect_e1_a0_p0_c255_h0.0005_implicitfast_contact0.csv,2.7283319444444443,0.007840522087780001,0.007840522087780001,0.00784052208778,1.734723475976807e-15,0.0,0.0,4.3368086899420177e-16,0.0,9.95378844997005e-15,9.95378844997005e-15,0.8332708411448569,0
convergence,double,connect,1,0,50,0,0.002,implicitfast,0,False,double_connect_e1_a0_p50_c0_h0.002_implicitfast_contact0.csv,2.3952573333333333,0.0165521621743,0.014882397776054513,0.011805014131311997,2.745014993088546e-06,1.7017000031316343e-06,-1.5149548282522574e-09,0.00829956229863331,0.0,-0.0003090477754699084,0.000603437375087134,1.0,0
convergence,double,connect,1,0,50,0,0.001,implicitfast,0,False,double_connect_e1_a0_p50_c0_h0.001_implicitfast_contact0.csv,2.4075066666666665,0.016588347888100003,0.01490688108304491,0.011805014132588,2.9012105079440076e-06,2.008699998001795e-06,-1.510500058365949e-09,0.00833718293218067,0.0,-0.0002982950394211591,0.0006034226094229595,1.0,0
convergence,double,connect,1,0,50,0,0.0005,implicitfast,0,False,double_connect_e1_a0_p50_c0_h0.0005_implicitfast_contact0.csv,2.408593,0.016606808988,0.014918975784324863,0.01180501413314675,2.988011740812091e-06,2.1839999947426136e-06,-1.5117351814808444e-09,0.008356503377224697,0.0,-0.0002928345190117205,0.0006034251535854108,1.0,0
convergence,double,connect,1,0,50,128,0.002,implicitfast,0,False,double_connect_e1_a0_p50_c128_h0.002_implicitfast_contact0.csv,2.440970222222222,0.0190904720681,0.016560173553107696,0.011706647330962,1.0146606999050789e-05,1.7364000001740543e-05,-3.4629302203548207e-07,0.00938870681948535,0.0,-0.0005545327007852824,0.0010831914301686913,1.0,0
convergence,double,connect,1,0,50,128,0.001,implicitfast,0,False,double_connect_e1_a0_p50_c128_h0.001_implicitfast_contact0.csv,2.428165111111111,0.0191438915661,0.01659716267255925,0.0117066475826925,1.0324914992421164e-05,1.7635200001697715e-05,-3.466850070910077e-07,0.009431173741470183,0.0,-0.0005350676330614679,0.0010828036350063294,1.0,0
convergence,double,connect,1,0,50,128,0.0005,implicitfast,0,False,double_connect_e1_a0_p50_c128_h0.0005_implicitfast_contact0.csv,2.4368452222222223,0.0191711554125,0.01661546153830783,0.0117066477089265,1.0413275255971577e-05,1.7767299999305042e-05,-3.4662474279745226e-07,0.009453017209909542,0.0,-0.0005251873393491518,0.0010826678179903628,1.0,0
convergence,double,connect,1,0,50,255,0.002,implicitfast,0,False,double_connect_e1_a0_p50_c255_h0.002_implicitfast_contact0.csv,2.824628222222222,0.015349371706700001,0.012859324504070761,0.0078405220876178,0.0005150195600007318,0.0006150284499999853,0.0,0.012686342709231196,0.0,-0.0005248725816122928,0.0009852186970764737,1.0,0
convergence,double,connect,1,0,50,255,0.001,implicitfast,0,False,double_connect_e1_a0_p50_c255_h0.001_implicitfast_contact0.csv,2.741430222222222,0.015398023348299998,0.01289538211747837,0.007840522087599599,0.0005186290999983564,0.0006263414300006903,0.0,0.01275356585806881,0.0,-0.0005081546284904112,0.0009857243605610718,1.0,0
convergence,double,connect,1,0,50,255,0.0005,implicitfast,0,False,double_connect_e1_a0_p50_c255_h0.0005_implicitfast_contact0.csv,2.887166166666667,0.0154234734586,0.012913304861707072,0.00784052208778,0.0005205118699981581,0.0006321555900004952,0.0,0.012787614286404568,0.0,-0.0004996220607099582,0.0009861884119127795,1.0,0
convergence,double,connect,1,2,50,0,0.002,implicitfast,0,False,double_connect_e1_a2_p50_c0_h0.002_implicitfast_contact0.csv,2.5567915555555554,0.016224246158800002,0.012221012158133968,0.011805014131311997,0.04714010538500735,0.09426243559999825,9.637471376500173e-09,0.032004319844600844,0.0,-0.0001023214032777913,0.0015946225687232581,1.0,0
convergence,double,connect,1,2,50,0,0.001,implicitfast,0,False,double_connect_e1_a2_p50_c0_h0.001_implicitfast_contact0.csv,2.411381,0.016309169582899997,0.01223538262721525,0.011805014132588,0.047679176789494626,0.09534001930000535,9.621831109640766e-09,0.03235546218291665,0.0,-0.00013786124440935915,0.0016252511255264673,1.0,0
convergence,double,connect,1,2,50,0,0.0005,implicitfast,0,False,double_connect_e1_a2_p50_c0_h0.0005_implicitfast_contact0.csv,2.6032124999999997,0.016360843164,0.012244706340495463,0.01180501413314675,0.047946436288248684,0.09587446999999305,9.602971196009946e-09,0.03253115762488264,0.0,-0.00015574615858329267,0.0016439241962644912,1.0,0
convergence,double,connect,1,2,50,128,0.002,implicitfast,0,False,double_connect_e1_a2_p50_c128_h0.002_implicitfast_contact0.csv,2.631568666666667,0.0139088392114,0.011811806634476969,0.011706647330962,0.03444350560699583,0.06886099189999662,-3.3833657403503636e-07,0.01801559390464241,0.0,-1.9290306410642823e-05,0.0006577735639308054,1.0,0
convergence,double,connect,1,2,50,128,0.001,implicitfast,0,False,double_connect_e1_a2_p50_c128_h0.001_implicitfast_contact0.csv,2.460841888888889,0.013953082378799999,0.011815977736418392,0.0117066475826925,0.034816939314993856,0.06960746290000236,-3.387516794850498e-07,0.018210836748602008,0.0,-2.8930760142617663e-05,0.000670798927064535,1.0,0
convergence,double,connect,1,2,50,128,0.0005,implicitfast,0,False,double_connect_e1_a2_p50_c128_h0.0005_implicitfast_contact0.csv,2.4355562777777777,0.0139825283966,0.011818766824649114,0.0117066477089265,0.0350098378752578,0.06999294829999891,-3.3870329457785786e-07,0.01831105882487788,0.0,-3.37830992224453e-05,0.0006795212617335995,1.0,0
convergence,double,connect,1,2,50,255,0.002,implicitfast,0,False,double_connect_e1_a2_p50_c255_h0.002_implicitfast_contact0.csv,2.7090371111111113,0.008421375885869999,0.007853231556172641,0.0078405220876178,0.00014189390999935075,0.00028167675000020237,0.0,8.203094828705572e-05,0.0,-4.079731626398154e-06,0.00010972388452936136,1.0,0
convergence,double,connect,1,2,50,255,0.001,implicitfast,0,False,double_connect_e1_a2_p50_c255_h0.001_implicitfast_contact0.csv,2.747511,0.00842381078625,0.007853405961230974,0.007840522087599599,0.00014405072000164831,0.00028575430999992074,0.0,8.235801751296786e-05,0.0,-3.939397881413805e-06,0.00011014824024104937,1.0,0
convergence,double,connect,1,2,50,255,0.0005,implicitfast,0,False,double_connect_e1_a2_p50_c255_h0.0005_implicitfast_contact0.csv,2.7165780555555554,0.00842494254137,0.007853494831390256,0.00784052208778,0.0001451111500024027,0.00028777786000022676,0.0,8.252325304209484e-05,0.0,-3.868120871850366e-06,0.00011036474658456251,1.0,0
convergence,double,shadow,0,0,0,0,0.002,implicitfast,0,False,double_shadow_e0_a0_p0_c0_h0.002_implicitfast_contact0.csv,3.0924220000000004,0.0934411386994,0.09344113869923269,0.093441138703161,1.5090151350705128e-09,0.0,-1.5090428906461284e-09,8.419955395899868e-10,0.17364850477964983,-3.8541896334321347e-16,7.210694748656134e-14,0.8295852073963018,0
convergence,double,shadow,0,0,0,0,0.001,implicitfast,0,False,double_shadow_e0_a0_p0_c0_h0.001_implicitfast_contact0.csv,3.0675904444444444,0.0934411386993,0.09344113869920752,0.09344113870431099,1.5070028558383797e-09,0.0,-1.5070028558383797e-09,8.405413368758103e-10,0.17364850476074223,6.382481859680964e-18,2.609020025433969e-14,0.9015246188452887,0
convergence,double,shadow,0,0,0,0,0.0005,implicitfast,0,False,double_shadow_e0_a0_p0_c0_h0.0005_implicitfast_contact0.csv,3.026808388888889,0.0934411386992,0.09344113869919855,0.093441138704895,1.5072526560189203e-09,0.0,-1.5072526560189203e-09,8.414953727410235e-10,0.1736485047515749,5.985346539667246e-17,2.6773141305850573e-14,0.9363829521309837,0
convergence,double,shadow,0,0,0,128,0.002,implicitfast,0,False,double_shadow_e0_a0_p0_c128_h0.002_implicitfast_contact0.csv,3.4428893333333335,0.0659435960392,0.0659435960389909,0.06594359655824102,3.464269912600848e-07,0.0,-3.464269912600848e-07,1.8040922051775785e-07,0.12123345902970487,6.261790198863653e-16,1.5177345282344104e-13,0.8290854572713643,0
convergence,double,shadow,0,0,0,128,0.001,implicitfast,0,False,double_shadow_e0_a0_p0_c128_h0.001_implicitfast_contact0.csv,3.340261,0.065943596039,0.0659435960389685,0.06594359678002851,3.468529977124213e-07,0.0,-3.468530115902091e-07,1.806267461457509e-07,0.12123345901194318,-5.171289173457997e-15,7.841384724577095e-14,0.9015246188452887,0
convergence,double,shadow,0,0,0,128,0.0005,implicitfast,0,False,double_shadow_e0_a0_p0_c128_h0.0005_implicitfast_contact0.csv,3.1437875555555554,0.065943596039,0.06594359603891849,0.065943596890586,3.468069928458384e-07,0.0,-3.468070136625201e-07,1.8061262418813832e-07,0.12123345900334881,8.295076270994745e-15,7.168862794982993e-14,0.9363829521309837,0
convergence,double,shadow,0,0,0,255,0.002,implicitfast,0,False,double_shadow_e0_a0_p0_c255_h0.002_implicitfast_contact0.csv,3.4615413333333334,0.0407665067094,0.040766506707350575,0.040766506707372994,2.6020852139652106e-15,0.0,0.0,9.999968193347418e-12,0.07196839623725512,1.608881835980086e-16,6.42902100338626e-14,0.8500749625187406,0
convergence,double,shadow,0,0,0,255,0.001,implicitfast,0,False,double_shadow_e0_a0_p0_c255_h0.001_implicitfast_contact0.csv,3.2118338888888887,0.0407665067111,0.04076650670931667,0.0407665067061495,0.0,0.0,0.0,2.9556789426215735e-14,0.07196839622808779,-6.000863834501882e-15,7.817680866015042e-14,0.8890277430642339,0
convergence,double,shadow,0,0,0,255,0.0005,implicitfast,0,False,double_shadow_e0_a0_p0_c255_h0.0005_implicitfast_contact0.csv,3.2388897222222224,0.040766506707,0.040766506705942104,0.04076650670455225,0.0,0.0,-8.673617379884035e-16,2.9578733192495856e-14,0.07196839622579597,-9.80970497847438e-15,8.060738366188278e-14,0.9182602174728159,0
convergence,double,shadow,0,0,50,0,0.002,implicitfast,0,False,double_shadow_e0_a0_p50_c0_h0.002_implicitfast_contact0.csv,3.096853555555555,0.134359290993,0.12003347666438628,0.093441138703161,0.0001225614909838857,0.00021281810000384205,-1.5288464938478796e-09,0.03542841455743959,0.24385571628887293,-0.0018798960280596412,0.004009738752522912,1.0,0
convergence,double,shadow,0,0,50,0,0.001,implicitfast,0,False,double_shadow_e0_a0_p50_c0_h0.001_implicitfast_contact0.csv,3.0967486666666666,0.134603890319,0.12016823916289895,0.09344113870431099,0.00013165879299281702,0.00022831859999850046,-1.526417880981512e-09,0.03561523605063827,0.2442792541939159,-0.0018109633831124804,0.004023478562735407,1.0,0
convergence,double,shadow,0,0,50,0,0.0005,implicitfast,0,False,double_shadow_e0_a0_p50_c0_h0.0005_implicitfast_contact0.csv,3.202897,0.134719581533,0.12023812749067436,0.093441138704895,0.00013636619275447792,0.0002365627000122661,-1.5269591147060169e-09,0.03570651085411781,0.24447647219310242,-0.001775880368504731,0.00403139117154126,1.0,0
convergence,double,shadow,0,0,50,128,0.002,implicitfast,0,False,double_shadow_e0_a0_p50_c128_h0.002_implicitfast_contact0.csv,3.076996,0.106657048246,0.0922691919608346,0.06594359655824102,0.0018525417730050342,0.003050018299997903,-3.4629136363983903e-07,0.026504349003632927,0.1894514000897948,-0.00187659732516884,0.005459159329716865,1.0,0
convergence,double,shadow,0,0,50,128,0.001,implicitfast,0,False,double_shadow_e0_a0_p50_c128_h0.001_implicitfast_contact0.csv,3.098986555555556,0.106897398932,0.09239204414172644,0.06594359678002851,0.0019064644469976577,0.0031492992999954117,-3.4671619048021185e-07,0.026615191537340814,0.18986281446629683,-0.0018010968986027763,0.0055022669796498305,1.0,0
convergence,double,shadow,0,0,50,128,0.0005,implicitfast,0,False,double_shadow_e0_a0_p50_c128_h0.0005_implicitfast_contact0.csv,3.1430671111111113,0.107011522035,0.09245270856371776,0.065943596890586,0.001933813793007777,0.0031991214000035018,-3.466695819298593e-07,0.02667394572756352,0.19005304659735212,-0.001762821671562343,0.005521900558505566,1.0,0
convergence,double,shadow,0,0,50,255,0.002,implicitfast,0,False,double_shadow_e0_a0_p50_c255_h0.002_implicitfast_contact0.csv,3.336234,0.061564437051199995,0.052637906960636235,0.040766506707372994,0.019949264290002218,0.029052785199999535,0.0,0.053109398196639825,0.0932310673559539,-0.0007419081520727319,0.003434988611469145,1.0,0
convergence,double,shadow,0,0,50,255,0.001,implicitfast,0,False,double_shadow_e0_a0_p50_c255_h0.001_implicitfast_contact0.csv,3.3863036666666666,0.061811822946399995,0.05275060773765349,0.0407665067061495,0.020265419670000354,0.029448636200000294,0.0,0.05335707030922137,0.09367341223736687,-0.0006639731689005715,0.0034953177584129873,1.0,0
convergence,double,shadow,0,0,50,255,0.0005,implicitfast,0,False,double_shadow_e0_a0_p50_c255_h0.0005_implicitfast_contact0.csv,3.320337,0.061941416651,0.05280815210368403,0.04076650670455225,0.02042530642999956,0.02965577117999916,-8.673617379884035e-16,0.053494638935236295,0.09390252297767165,-0.0006240432424350172,0.00352494439147238,1.0,0
convergence,double,shadow,0,2,50,0,0.002,implicitfast,0,False,double_shadow_e0_a2_p50_c0_h0.002_implicitfast_contact0.csv,3.110358888888889,0.132295415301,0.097554854259911,0.093441138703161,0.05666000119099179,0.11290368940000683,9.676121015544936e-09,0.052470251481191325,0.24488132261613443,-0.001535447549765585,0.013737385612272824,1.0,0
convergence,double,shadow,0,2,50,0,0.001,implicitfast,0,False,double_shadow_e0_a2_p50_c0_h0.001_implicitfast_contact0.csv,3.0728844444444445,0.132604572832,0.09762171233044578,0.09344113870431099,0.05722475739300403,0.11399452860000325,9.650724663856636e-09,0.052871955002362775,0.2453803578726654,-0.0015260659799206282,0.013836097741912197,1.0,0
convergence,double,shadow,0,2,50,0,0.0005,implicitfast,0,False,double_shadow_e0_a2_p50_c0_h0.0005_implicitfast_contact0.csv,3.246067888888889,0.132759621288,0.09765584421469001,0.093441138704895,0.05750435579274238,0.11454165489999113,9.637901587922215e-09,0.053077313088663675,0.24563078748959905,-0.0015210187351520524,0.013886250918114058,1.0,0
convergence,double,shadow,0,2,50,128,0.002,implicitfast,0,False,double_shadow_e0_a2_p50_c128_h0.002_implicitfast_contact0.csv,3.224260666666667,0.07676204922209999,0.06695225014812836,0.06594359655824102,0.04674967562699056,0.09305821339999909,-3.384477975654221e-07,0.024564019745539102,0.14143760888149146,-0.00023475694075338833,0.0030949328021875624,1.0,0
convergence,double,shadow,0,2,50,128,0.001,implicitfast,0,False,double_shadow_e0_a2_p50_c128_h0.001_implicitfast_contact0.csv,3.115473333333333,0.07688352394049999,0.06696957125976788,0.06594359678002851,0.047145012253002605,0.09384209069999982,-3.3889280270926747e-07,0.024773364511793693,0.14161708624236308,-0.00023906802634337734,0.003122483648798217,1.0,0
convergence,double,shadow,0,2,50,128,0.0005,implicitfast,0,False,double_shadow_e0_a2_p50_c128_h0.0005_implicitfast_contact0.csv,3.1026037222222222,0.0769446953375,0.06697846357736637,0.065943596890586,0.04734341560699157,0.09423689839999777,-3.3885586697701697e-07,0.02487779385781713,0.14170719037533416,-0.0002411933610667319,0.003136742390546928,1.0,0
convergence,double,shadow,0,2,50,255,0.002,implicitfast,0,False,double_shadow_e0_a2_p50_c255_h0.002_implicitfast_contact0.csv,3.274947111111111,0.0476652240836,0.040956554656907077,0.040766506707372994,0.06640384106999711,0.09684317582999996,0.0,0.033640571038099316,0.08298674878880136,-0.0003186635656774711,0.0005642488579248293,1.0,0
convergence,double,shadow,0,2,50,255,0.001,implicitfast,0,False,double_shadow_e0_a2_p50_c255_h0.001_implicitfast_contact0.csv,3.2664725555555556,0.0475987750653,0.040967420408205446,0.0407665067061495,0.06666219183000012,0.09708077136000043,0.0,0.03377150309612266,0.0832900140262316,-0.0003061679005199466,0.0005642414327679162,1.0,0
convergence,double,shadow,0,2,50,255,0.0005,implicitfast,0,False,double_shadow_e0_a2_p50_c255_h0.0005_implicitfast_contact0.csv,3.3240376666666664,0.0475650660182,0.04097304675003118,0.04076650670455225,0.06680065094000036,0.09720989061000068,-8.673617379884035e-16,0.03384167054650275,0.08343826123500572,-0.00029981105018997135,0.0005642455300118666,1.0,0
convergence,double,shadow,1,0,0,0,0.002,implicitfast,0,False,double_shadow_e1_a0_p0_c0_h0.002_implicitfast_contact0.csv,3.494515555555556,0.10835525640600001,0.10835525640600001,0.10835525641062002,1.482966527355245e-09,0.0,-1.482966527355245e-09,9.220044519149851e-10,0.1301656981944276,-3.749896901196722e-16,1.7521496080230745e-13,0.8465767116441779,0
convergence,double,shadow,1,0,0,0,0.001,implicitfast,0,False,double_shadow_e1_a0_p0_c0_h0.001_implicitfast_contact0.csv,3.256370111111111,0.10835525640600001,0.10835525640600001,0.108355256411655,1.480496281125454e-09,0.0,-1.480496281125454e-09,9.212138292546374e-10,0.13016569819156282,-3.269827386973467e-17,8.247701548407912e-14,0.891777055736066,0
convergence,double,shadow,1,0,0,0,0.0005,implicitfast,0,False,double_shadow_e1_a0_p0_c0_h0.0005_implicitfast_contact0.csv,3.2526378333333335,0.10835525640600001,0.10835525640600001,0.1083552564121975,1.4815093596354245e-09,0.0,-1.4815093596354245e-09,9.220100210078219e-10,0.13016569817781184,-2.2325840523578662e-18,4.9031807928067033e-14,0.9255093113360829,0
convergence,double,shadow,1,0,0,128,0.002,implicitfast,0,False,double_shadow_e1_a0_p0_c128_h0.002_implicitfast_contact0.csv,3.264580444444445,0.0881488843847,0.08814888437350119,0.08814888456220599,3.471749970840321e-07,0.0,-3.471749693284565e-07,1.8086319805600018e-07,0.10099203796108304,1.5212521805390267e-15,2.8603117522300177e-12,0.9265367316341829,0
convergence,double,shadow,1,0,0,128,0.001,implicitfast,0,False,double_shadow_e1_a0_p0_c128_h0.001_implicitfast_contact0.csv,3.2343873333333333,0.0881488843826,0.08814888437379124,0.0881488846522375,3.469695017410679e-07,0.0,-3.469694878632801e-07,1.80774720125278e-07,0.10099203794618615,2.561555037251629e-15,1.8934473896414166e-12,0.8992751812046988,0
convergence,double,shadow,1,0,0,128,0.0005,implicitfast,0,False,double_shadow_e1_a0_p0_c128_h0.0005_implicitfast_contact0.csv,3.4200281111111113,0.08814888437719999,0.08814888437353392,0.08814888469734826,3.469507459108456e-07,0.0,-3.469507320330578e-07,1.8076952641708805e-07,0.10099203793873769,-1.3002634828568507e-14,1.2623029928994478e-12,0.9231346081739783,0
convergence,double,shadow,1,0,0,255,0.002,implicitfast,0,False,double_shadow_e1_a0_p0_c255_h0.002_implicitfast_contact0.csv,3.552115111111111,0.047005860801400005,0.04700586079664213,0.047005860795238004,9.998078753792328e-12,9.999813477268304e-12,3.972516759986888e-13,1.0001117024267747e-11,0.058796012387199365,-3.616445856510371e-15,2.1355863094964018e-13,0.8825587206396801,0
convergence,double,shadow,1,0,0,255,0.001,implicitfast,0,False,double_shadow_e1_a0_p0_c255_h0.001_implicitfast_contact0.csv,3.4763532222222224,0.047005860799,0.04700586079650303,0.047005860796035005,8.673617379884035e-16,0.0,8.673617379884035e-16,9.999814353222195e-12,0.0587960123677188,2.155095381624444e-15,1.5880197465000493e-13,0.8795301174706324,0
convergence,double,shadow,1,0,0,255,0.0005,implicitfast,0,False,double_shadow_e1_a0_p0_c255_h0.0005_implicitfast_contact0.csv,3.4594224444444444,0.0470058608006,0.04700586079722398,0.047005860798444,1.0000680839006293e-11,9.999813477268304e-12,0.0,9.999818794835638e-12,0.058796012366572885,7.338148313902197e-16,2.0947407877181722e-13,0.8746406699162604,0
convergence,double,shadow,1,0,50,0,0.002,implicitfast,0,False,double_shadow_e1_a0_p50_c0_h0.002_implicitfast_contact0.csv,3.3716635555555556,0.162318514153,0.14260120501266502,0.10835525641062002,0.0010060377170356682,0.0013114698999977525,-1.482966527355245e-09,0.04428770335061161,0.18611379998635086,-0.0021642362758079303,0.0072057354668833284,1.0,0
convergence,double,shadow,1,0,50,0,0.001,implicitfast,0,False,double_shadow_e1_a0_p50_c0_h0.001_implicitfast_contact0.csv,3.4093283333333333,0.16261302588899998,0.14276368032306916,0.108355256411655,0.001042437919512862,0.0013700115999992768,-1.480496281125454e-09,0.044512975315388885,0.18642249813106157,-0.002080008554265613,0.007261093693398421,1.0,0
convergence,double,shadow,1,0,50,0,0.0005,implicitfast,0,False,double_shadow_e1_a0_p50_c0_h0.0005_implicitfast_contact0.csv,3.2979791111111108,0.162762005772,0.14284495774782505,0.1083552564121975,0.0010616024185006179,0.0014008416000105273,-1.4815093596354245e-09,0.044630119502797994,0.1865846456637845,-0.002037189071272364,0.007289637322350496,1.0,0
convergence,double,shadow,1,0,50,128,0.002,implicitfast,0,False,double_shadow_e1_a0_p50_c128_h0.002_implicitfast_contact0.csv,3.3131106666666668,0.13580725419599998,0.11744381729875666,0.08814888456220599,0.0032027714250010275,0.004135017600000179,-3.471769469132191e-07,0.0298569573915233,0.1428484478221591,-0.0023046340256475182,0.005982443569507338,1.0,0
convergence,double,shadow,1,0,50,128,0.001,implicitfast,0,False,double_shadow_e1_a0_p50_c128_h0.001_implicitfast_contact0.csv,3.322695,0.136032638938,0.1175935273316156,0.0881488846522375,0.003195896530493181,0.004187971900000698,-3.469694878632801e-07,0.0299593821557213,0.1430781141602108,-0.0022010724441490007,0.006007422537969577,1.0,0
convergence,double,shadow,1,0,50,128,0.0005,implicitfast,0,False,double_shadow_e1_a0_p50_c128_h0.0005_implicitfast_contact0.csv,3.5268169444444446,0.13615308604999998,0.11766838355778175,0.08814888469734826,0.003193259349248967,0.004219328399994449,-3.469507320330578e-07,0.030008631167688246,0.14319075436249662,-0.0021484610765454886,0.006025229820776688,1.0,0
convergence,double,shadow,1,0,50,255,0.002,implicitfast,0,False,double_shadow_e1_a0_p50_c255_h0.002_implicitfast_contact0.csv,3.580308444444445,0.0941055373161,0.07908719219567754,0.047005860795238004,0.06574776695000231,0.05948331258999982,0.0,0.14501357345888877,0.09109036264724023,-0.0014642309228963606,0.004248793414187847,1.1399300349825088,0
convergence,double,shadow,1,0,50,255,0.001,implicitfast,0,False,double_shadow_e1_a0_p50_c255_h0.001_implicitfast_contact0.csv,3.593103,0.0944306606084,0.07937237218377384,0.047005860796035005,0.06557863703999992,0.05916550624000035,8.673617379884035e-16,0.14564625963445255,0.0918756912117124,-0.0013274931911506117,0.004305245998130742,1.099975006248438,0
convergence,double,shadow,1,0,50,255,0.0005,implicitfast,0,False,double_shadow_e1_a0_p50_c255_h0.0005_implicitfast_contact0.csv,3.5467094444444447,0.09459909827770001,0.07950293468522862,0.047005860798444,0.06554597907999955,0.05924620636999986,0.0,0.14597171842583864,0.09222628239403563,-0.001263479256909364,0.004333838057077133,1.044994375703037,0
convergence,double,shadow,1,2,50,0,0.002,implicitfast,0,False,double_shadow_e1_a2_p50_c0_h0.002_implicitfast_contact0.csv,3.3297584444444444,0.154736525428,0.11541449446306375,0.10835525641062002,0.044606079617037775,0.08878931410000179,9.713091442264954e-09,0.053932987691738384,0.18597614849123872,-0.001364065166546575,0.014069916583694277,1.0,0
convergence,double,shadow,1,2,50,0,0.001,implicitfast,0,False,double_shadow_e1_a2_p50_c0_h0.001_implicitfast_contact0.csv,3.4720694444444447,0.155119473181,0.11549359034117618,0.108355256411655,0.0451311373195068,0.08983302720000363,9.689651858657555e-09,0.05439904955922347,0.18642439209519254,-0.0013516733401506375,0.014191085620600098,1.0,0
convergence,double,shadow,1,2,50,0,0.0005,implicitfast,0,False,double_shadow_e1_a2_p50_c0_h0.0005_implicitfast_contact0.csv,3.310341222222222,0.155305632174,0.11553386083991854,0.1083552564121975,0.045398105718491566,0.090367661900001,9.678105539201454e-09,0.05463608708575586,0.18664212436121957,-0.0013450975496527777,0.014250378942483925,1.0,0
convergence,double,shadow,1,2,50,128,0.002,implicitfast,0,False,double_shadow_e1_a2_p50_c128_h0.002_implicitfast_contact0.csv,3.3353742222222222,0.0957704755956,0.0884223613715984,0.08814888456220599,0.03814456922499737,0.07585298289999876,-3.392651021227877e-07,0.020077343966908114,0.10849223720030518,-7.258915110857345e-05,0.002149962604045667,1.0,0
convergence,double,shadow,1,2,50,128,0.001,implicitfast,0,False,double_shadow_e1_a2_p50_c128_h0.001_implicitfast_contact0.csv,3.286221888888889,0.095827876365,0.08842887954673537,0.0881488846522375,0.03845076383049428,0.07647054820000138,-3.390794589552826e-07,0.020230672209595506,0.10854933734452503,-7.721038924860191e-05,0.0021653824451222077,1.0,0
convergence,double,shadow,1,2,50,128,0.0005,implicitfast,0,False,double_shadow_e1_a2_p50_c128_h0.0005_implicitfast_contact0.csv,3.7706287777777776,0.09585659798440001,0.08843225073775238,0.08814888469734826,0.03860835074925156,0.07678963330000343,-3.3906521340609785e-07,0.020310637607212054,0.1085780310978342,-7.951956510520358e-05,0.0021732399474824002,1.0,0
convergence,double,shadow,1,2,50,255,0.002,implicitfast,0,False,double_shadow_e1_a2_p50_c255_h0.002_implicitfast_contact0.csv,3.6027202222222217,0.059709794669800004,0.048419855820691346,0.047005860795238004,0.10682233931000232,0.1521652303600003,1.4857906571741353e-12,0.054163547490632,0.08065389396536474,-0.0007027025547511899,0.0015025093554096494,1.0304847576211893,0
convergence,double,shadow,1,2,50,255,0.001,implicitfast,0,False,double_shadow_e1_a2_p50_c255_h0.001_implicitfast_contact0.csv,3.830003111111111,0.0600098456515,0.0484663084299545,0.047005860796035005,0.10766804596999952,0.15405494782000026,8.673617379884035e-16,0.05459215145250902,0.08110139002498074,-0.0006668739659019321,0.0014979027212901727,1.0302424393901524,0
convergence,double,shadow,1,2,50,255,0.0005,implicitfast,0,False,double_shadow_e1_a2_p50_c255_h0.0005_implicitfast_contact0.csv,3.6440324999999993,0.060210733004200004,0.04847449933948516,0.047005860798444,0.10810182592999995,0.1549386385100004,1.470178145890344e-12,0.05481155740305562,0.08141655886855076,-0.0006567711768175235,0.0015167667279070644,1.020122484689414,0
aligned-single,single,connect,0,1,0,128,0.002,implicitfast,0,False,single_connect_e0_a1_p0_c128_h0.002_implicitfast_contact0.csv,2.535826888888889,0.00409858632767,0.00409744508887576,0.0040974449299,0.0,0.0,0.0,9.313500075325276e-07,0.0,4.942547135229531e-06,4.942547135229531e-06,1.0,0
aligned-single,single,connect,0,1,0,128,0.001,implicitfast,0,False,single_connect_e0_a1_p0_c128_h0.001_implicitfast_contact0.csv,2.540877333333333,0.00409858632767,0.00409858632767,0.004098586327669999,1.3877787807814457e-14,0.0,0.0,2.7755575615628914e-14,0.0,7.234068028374374e-06,7.234068028374374e-06,1.0,0
aligned-single,single,connect,0,1,0,128,0.0005,implicitfast,0,False,single_connect_e0_a1_p0_c128_h0.0005_implicitfast_contact0.csv,2.281976777777778,0.0041021316228,0.004102131622799999,0.004102131622800001,1.3877787807814457e-14,0.0,0.0,2.797157557069881e-14,0.0,8.349131211675535e-06,8.349131211675535e-06,1.0,0
aligned-single,single,connect,0,1,50,128,0.002,implicitfast,0,False,single_connect_e0_a1_p50_c128_h0.002_implicitfast_contact0.csv,2.642386888888889,0.00704777766072,0.006034373376824303,0.0040974449299,7.556750000053958e-05,5.574219999471275e-05,-6.746985049127519e-05,0.0064966823810624465,0.0,-0.0003187679463511646,0.0006222223455408641,1.0,0
aligned-single,single,connect,0,1,50,128,0.001,implicitfast,0,False,single_connect_e0_a1_p50_c128_h0.001_implicitfast_contact0.csv,2.573730777777778,0.00708771601878,0.006057105284157229,0.004098586327669999,0.00019787470001420004,5.1269800002695654e-05,-0.00018693507912448393,0.006585058446451723,0.0,-0.0003069213868489291,0.0006217852015240328,1.0,0
aligned-single,single,connect,0,1,50,128,0.0005,implicitfast,0,False,single_connect_e0_a1_p50_c128_h0.0005_implicitfast_contact0.csv,2.5114643333333335,0.00710117432001,0.006070116959024567,0.004102131622800001,0.00034889179998526254,4.6709200000882856e-05,-0.0003468358999933474,0.006688071914036885,0.0,-0.0003008561863596577,0.0006210647380710236,1.0,0
aligned-single,single,connect,1,1,0,128,0.002,implicitfast,0,False,single_connect_e1_a1_p0_c128_h0.002_implicitfast_contact0.csv,2.574850888888889,0.0117123340263,0.011712334026300002,0.0117123340263,1.3877787807814457e-14,0.0,0.0,3.469446951953614e-15,0.0,6.734338948230243e-06,6.734338948230243e-06,1.0,0
aligned-single,single,connect,1,1,0,128,0.001,implicitfast,0,False,single_connect_e1_a1_p0_c128_h0.001_implicitfast_contact0.csv,2.8151015555555556,0.011713132612700001,0.011713132612700001,0.011713132612700001,6.938893903907228e-15,0.0,0.0,2.797157557069881e-14,0.0,9.262435351242148e-06,9.262435351242148e-06,1.0,0
aligned-single,single,connect,1,1,0,128,0.0005,implicitfast,0,False,single_connect_e1_a1_p0_c128_h0.0005_implicitfast_contact0.csv,2.5565772777777775,0.011713132612700001,0.011713132612700001,0.011713132612700001,2.0816681711721685e-14,0.0,0.0,2.797157557069881e-14,0.0,1.177857336429435e-05,1.177857336429435e-05,0.999375,0
aligned-single,single,connect,1,1,50,128,0.002,implicitfast,0,False,single_connect_e1_a1_p50_c128_h0.002_implicitfast_contact0.csv,2.7064382222222223,0.019095829349,0.016559859469681318,0.0117123340263,6.213499998547478e-05,6.21899999969644e-05,-3.247414652463032e-05,0.00938996712228345,0.0,-0.0005544906717158172,0.0010831801452687883,1.0,0
aligned-single,single,connect,1,1,50,128,0.001,implicitfast,0,False,single_connect_e1_a1_p50_c128_h0.001_implicitfast_contact0.csv,2.6519473333333337,0.0191436604506,0.016595910408426853,0.011713132612700001,0.00020639999999405578,5.775309999678235e-05,-0.00018901019999129076,0.009488903049450758,0.0,-0.0005349626956595354,0.0010829410290437074,1.0,0
aligned-single,single,connect,1,1,50,128,0.0005,implicitfast,0,False,single_connect_e1_a1_p50_c128_h0.0005_implicitfast_contact0.csv,2.864161055555556,0.019171780078599997,0.016615907732398662,0.011713132612700001,0.00036239159997841774,6.497470000227379e-05,-0.00030908669997053995,0.009579309090562415,0.0,-0.0005243353136280195,0.0010823918756037569,1.0,0
aligned-single,single,shadow,0,1,0,128,0.002,implicitfast,0,False,single_shadow_e0_a1_p0_c128_h0.002_implicitfast_contact0.csv,3.277748888888889,0.0659551759642,0.06595268054697023,0.06595287889851498,1.1589553983171186e-05,2.2244800002013676e-05,-7.882569180717169e-07,1.4870391517801118e-05,0.12124400863802604,4.53645149029581e-06,5.040240417764631e-06,1.0,0
aligned-single,single,shadow,0,1,0,128,0.001,implicitfast,0,False,single_shadow_e0_a1_p0_c128_h0.001_implicitfast_contact0.csv,3.244196666666667,0.0659503661819,0.0659503661819,0.06595036618189999,0.0,0.0,0.0,3.469446951953614e-15,0.1212339501169877,2.616738234428938e-06,2.616738234428938e-06,1.0,0
aligned-single,single,shadow,0,1,0,128,0.0005,implicitfast,0,False,single_shadow_e0_a1_p0_c128_h0.0005_implicitfast_contact0.csv,3.3661498888888888,0.0659529236713,0.0659529236713,0.0659529236713,1.3877787807814457e-14,0.0,-6.938893903907228e-15,3.469446951953614e-15,0.12124777057806829,1.2321440546967792e-05,1.2321440546967792e-05,1.0,0
aligned-single,single,shadow,0,1,50,128,0.002,implicitfast,0,False,single_shadow_e0_a1_p50_c128_h0.002_implicitfast_contact0.csv,3.3647975555555556,0.10667151397,0.0922754783048019,0.06595287889851498,0.001805974053983861,0.0030810081999982364,-5.59378371123298e-05,0.02656257772750097,0.18946468512009695,-0.0018779390303293119,0.005457681986806871,1.0,0
aligned-single,single,shadow,0,1,50,128,0.001,implicitfast,0,False,single_shadow_e0_a1_p50_c128_h0.001_implicitfast_contact0.csv,3.324075,0.10689689762700001,0.09239519269603287,0.06595036618189999,0.0017788473000018845,0.003172233899999266,-0.00012012209999606727,0.026697704344213497,0.18986758623986935,-0.0018019807695125285,0.005501392455166862,1.0,0
aligned-single,single,shadow,0,1,50,128,0.0005,implicitfast,0,False,single_shadow_e0_a1_p50_c128_h0.0005_implicitfast_contact0.csv,3.3143682777777776,0.10701109840300001,0.09245262303085197,0.0659529236713,0.001652086299985811,0.0032389127000015394,-0.0002980804000157766,0.026834608394436642,0.19005988541357338,-0.0017643675138793008,0.0055216506716340066,1.0,0
aligned-single,single,shadow,1,1,0,128,0.002,implicitfast,0,False,single_shadow_e1_a1_p0_c128_h0.002_implicitfast_contact0.csv,4.0292142222222225,0.0881534976363,0.08814993494720222,0.088149615134096,1.3107521991406745e-05,2.4479200000371293e-05,9.057978048176984e-07,1.2882358575019787e-05,0.10100349008450167,4.662348091811886e-06,5.657901464535928e-06,1.0,0
aligned-single,single,shadow,1,1,0,128,0.001,implicitfast,0,False,single_shadow_e1_a1_p0_c128_h0.001_implicitfast_contact0.csv,3.5140776666666667,0.08815451177860001,0.08815451177859998,0.0881545117786,0.0,0.0,0.0,2.8609792490763985e-14,0.10099471889420478,1.4350730627899068e-05,1.4350730627899068e-05,1.0,0
aligned-single,single,shadow,1,1,0,128,0.0005,implicitfast,0,False,single_shadow_e1_a1_p0_c128_h0.0005_implicitfast_contact0.csv,3.560788777777778,0.0881601260309,0.08816012603090001,0.0881601260309,2.0816681711721685e-14,0.0,0.0,2.8609792490763985e-14,0.10100352343522902,2.5113709763879283e-05,2.5113709763879283e-05,1.0,0
aligned-single,single,shadow,1,1,50,128,0.002,implicitfast,0,False,single_shadow_e1_a1_p50_c128_h0.002_implicitfast_contact0.csv,3.537891777777778,0.135815126329,0.11745277985839941,0.088149615134096,0.0030913961780038024,0.004197377199997854,-0.0001466306220193614,0.029821859508121953,0.1428555409250713,-0.0023065287368085616,0.005980451742704123,1.0,0
aligned-single,single,shadow,1,1,50,128,0.001,implicitfast,0,False,single_shadow_e1_a1_p50_c128_h0.001_implicitfast_contact0.csv,3.516941777777778,0.136039757555,0.1175978843966958,0.0881545117786,0.003064496799994043,0.004226324799995462,-0.00014436203732426378,0.02989581587612654,0.14308579300532537,-0.0022022803584506416,0.006006846461215456,1.0,0
aligned-single,single,shadow,1,1,50,128,0.0005,implicitfast,0,False,single_shadow_e1_a1_p50_c128_h0.0005_implicitfast_contact0.csv,3.430081388888889,0.136166527454,0.11767220254875238,0.0881601260309,0.0029242973000193073,0.004251066299996997,-0.00028262329998529623,0.029894065543023655,0.14320062556071342,-0.002147628719417375,0.006025043097882207,1.0,0
aligned-double,double,connect,0,1,0,128,0.002,implicitfast,0,False,double_connect_e0_a1_p0_c128_h0.002_implicitfast_contact0.csv,2.230918222222222,0.00409624511024,0.004096245109858626,0.0040962446232888005,3.4625199235582826e-07,0.0,-3.4625197847804046e-07,1.806987993698116e-07,0.0,-3.5157053213978354e-16,1.6186016429975684e-13,0.8145927036481759,0
aligned-double,double,connect,0,1,50,128,0.002,implicitfast,0,False,double_connect_e0_a1_p50_c128_h0.002_implicitfast_contact0.csv,2.254679777777778,0.007050674020389999,0.006036647531951064,0.0040962446232888005,9.876248006912558e-06,1.1976799996205045e-05,-3.4625197847804046e-07,0.006495988905584311,0.0,-0.00031870718422479644,0.0006221849574348894,1.0,0
aligned-double,double,connect,1,1,0,128,0.002,implicitfast,0,False,double_connect_e1_a1_p0_c128_h0.002_implicitfast_contact0.csv,2.318235777777778,0.0117066477286,0.011706647728265568,0.011706647330969999,3.462920020180782e-07,0.0,-3.462920228347599e-07,1.8046771885477595e-07,0.0,1.9124447763367954e-16,1.2940453396251395e-13,0.8020989505247377,0
aligned-double,double,connect,1,1,50,128,0.002,implicitfast,0,False,double_connect_e1_a1_p50_c128_h0.002_implicitfast_contact0.csv,2.4220800000000002,0.0190904720681,0.016560173553117286,0.011706647330969999,1.0146607998251511e-05,1.7364000001740543e-05,-3.462920228347599e-07,0.00938870681948535,0.0,-0.000554532700785421,0.0010831914301687529,1.0,0
aligned-double,double,shadow,0,1,0,128,0.002,implicitfast,0,False,double_shadow_e0_a1_p0_c128_h0.002_implicitfast_contact0.csv,3.058527777777778,0.0659435960391,0.0659435960389943,0.06594359655824701,3.464269912600848e-07,0.0,-3.464269912600848e-07,1.8040922051775772e-07,0.121233459027986,4.996909398633054e-16,1.7151713515080678e-13,0.8335832083958021,0
aligned-double,double,shadow,0,1,50,128,0.002,implicitfast,0,False,double_shadow_e0_a1_p50_c128_h0.002_implicitfast_contact0.csv,2.9986655555555557,0.106657048246,0.0922691919608484,0.06594359655824701,0.0018525417730050342,0.003050018299997903,-3.4629136363983903e-07,0.026504349003632927,0.1894514000897948,-0.001876597325169164,0.00545915932971615,1.0,0
aligned-double,double,shadow,1,1,0,128,0.002,implicitfast,0,False,double_shadow_e1_a1_p0_c128_h0.002_implicitfast_contact0.csv,3.1313566666666666,0.08814888437770001,0.0881488843724801,0.08814888456218799,3.471749970840321e-07,0.0,-3.471749693284565e-07,1.808631980559999e-07,0.10099203794618615,3.373969029526021e-15,1.890606217734142e-12,0.8645677161419291,0
aligned-double,double,shadow,1,1,50,128,0.002,implicitfast,0,False,double_shadow_e1_a1_p50_c128_h0.002_implicitfast_contact0.csv,3.2584626666666665,0.13580725419599998,0.11744381729875775,0.08814888456218799,0.0032027714250010275,0.004135017600000179,-3.471749693284565e-07,0.0298569573915233,0.1428484478221591,-0.0023046340256471266,0.005982443569506737,1.0,0
stiff-single,single,connect,0,0,0,128,0.002,implicitfast,0,False,single_connect_e0_a0_p0_c128_h0.002_implicitfast_contact0.csv,2.578717111111111,0.00411258720023,0.004112256926244648,0.004112260520690601,1.3877787807814457e-14,0.0,0.0,2.797157557069881e-14,0.0,2.831269597371989e-06,2.831269597371989e-06,1.0,0
stiff-single,single,connect,0,0,0,128,0.0005,implicitfast,0,False,single_connect_e0_a0_p0_c128_h0.0005_implicitfast_contact0.csv,2.327409,0.0041219916308700005,0.0041219916308700005,0.00412199163087,6.938893903907228e-15,0.0,6.938893903907228e-15,2.7755575615628914e-14,0.0,1.336738853829471e-05,1.336738853829471e-05,1.0,0
stiff-single,single,connect,0,0,50,128,0.002,implicitfast,0,False,single_connect_e0_a0_p50_c128_h0.002_implicitfast_contact0.csv,2.5961955555555556,0.00707459232891,0.006052976263602921,0.004112260520690601,5.9996399986994575e-05,5.570319999703699e-05,-5.054195244963422e-05,0.0064988383009538415,0.0,-0.0003187646581390541,0.0006211578995978736,1.0,0
stiff-single,single,connect,0,0,50,128,0.0005,implicitfast,0,False,single_connect_e0_a0_p50_c128_h0.0005_implicitfast_contact0.csv,2.5880993888888892,0.0071248278185599995,0.0060871406181319185,0.00412199163087,0.00032237629998821404,5.79857999949418e-05,-0.000342389899987694,0.006666992989926417,0.0,-0.0003011609248181766,0.000620242665003817,1.0,0
stiff-single,single,connect,1,0,0,128,0.002,implicitfast,0,False,single_connect_e1_a0_p0_c128_h0.002_implicitfast_contact0.csv,22.88474533333333,7.18039527147,2.2361863478694626,1.8608964888568902,44.65420852864,82.89309416552,2.941527114762775,29.62860707271655,0.0,-1348.8525497851235,2260.5133708330322,59.91,0
stiff-single,single,connect,1,0,0,128,0.0005,implicitfast,0,False,single_connect_e1_a0_p0_c128_h0.0005_implicitfast_contact0.csv,20.917482999999997,3.03338145404,1.1278236701991535,0.8580063706102925,33.90920669298425,40.9842797623,2.5519995183900663,24.8994586175857,0.0,-242.4771097108194,716.1434375940169,54.3235,0
stiff-single,single,connect,1,0,50,128,0.002,implicitfast,0,False,single_connect_e1_a0_p50_c128_h0.002_implicitfast_contact0.csv,23.281324444444447,5.50921702487,2.1361567440247664,1.8608964888568902,43.61281922123999,83.68739610668999,-0.3192785932312897,30.65916734476991,0.0,-1421.4107993184916,2385.0621613731705,60.8555,0
stiff-single,single,connect,1,0,50,128,0.0005,implicitfast,0,False,single_connect_e1_a0_p50_c128_h0.0005_implicitfast_contact0.csv,20.977017,3.05979231453,1.1358487567738025,0.8580063706102925,19.206991777384253,29.325753872500005,-3.1400010131291403,23.197683885743647,0.0,-253.31771926453143,739.1801725846326,54.427375,0
stiff-single,single,shadow,0,0,0,128,0.002,implicitfast,0,False,single_shadow_e0_a0_p0_c128_h0.002_implicitfast_contact0.csv,3.4842186666666666,0.00661880935466,0.00661627607390927,0.006615635890917801,2.4254265991452417e-05,2.2231199998945517e-05,1.1311741258956953e-05,2.7939571685368178e-05,0.012162062286783333,5.54426409062547e-06,5.857273158833025e-06,1.0,0
stiff-single,single,shadow,0,0,0,128,0.0005,implicitfast,0,False,single_shadow_e0_a0_p0_c128_h0.0005_implicitfast_contact0.csv,3.281035611111111,0.00661367459316,0.00661367459316,0.006613674593160001,0.0,0.0,-6.938893903907228e-15,2.964296775167217e-14,0.01216280516988033,6.824655984904784e-06,6.824655984904784e-06,1.0,0
stiff-single,single,shadow,0,0,50,128,0.002,implicitfast,0,False,single_shadow_e0_a0_p50_c128_h0.002_implicitfast_contact0.csv,3.52863,0.0104235759445,0.009108444932739886,0.006615635890917801,9.357003400572994e-05,5.5787199998436066e-05,-9.801753399901747e-05,0.0047513967815593795,0.01850233712876825,-0.00032472639412029527,0.000645675478111149,1.0,0
stiff-single,single,shadow,0,0,50,128,0.0005,implicitfast,0,False,single_shadow_e0_a0_p50_c128_h0.0005_implicitfast_contact0.csv,3.427363333333333,0.010477074313999999,0.009143753600909781,0.006613674593160001,0.00032902100000065104,7.58603000000635e-05,-0.00031345980001928897,0.004904047558716452,0.018580865961390167,-0.0003063434971502966,0.0006442573942172284,1.0,0
stiff-single,single,shadow,1,0,0,128,0.002,implicitfast,0,True,single_shadow_e1_a0_p0_c128_h0.002_implicitfast_contact0.csv,62.609025,,,,,,,,,,,,
stiff-single,single,shadow,1,0,0,128,0.0005,implicitfast,0,False,single_shadow_e1_a0_p0_c128_h0.0005_implicitfast_contact0.csv,33.039770499999996,15.661708222300001,5.0034794274886725,6.660371813951368,77.52661226889995,101.87786047069899,63.359299519155826,49.25236923795639,38.16435476107886,-2887.219075657497,7595.809446952831,58.14175,0
stiff-single,single,shadow,1,0,50,128,0.002,implicitfast,0,True,single_shadow_e1_a0_p50_c128_h0.002_implicitfast_contact0.csv,44.978075,,,,,,,,,,,,
stiff-single,single,shadow,1,0,50,128,0.0005,implicitfast,0,False,single_shadow_e1_a0_p50_c128_h0.0005_implicitfast_contact0.csv,32.96477438888889,32.2964211493,5.562205104413726,6.660371813951368,78.97603668989996,103.35418173620201,21.241206131454316,57.50355922737887,44.18494453329116,-4628.723937340566,13441.366157508946,57.144625,0
